# Blender 5.2.2 LTS
# www.blender.org
mtllib 996.mtl
o 996
v -0.512715 1.217617 0.150962
v -0.414407 1.245517 0.156475
v 0.000000 1.270074 0.175679
v 0.000000 1.309971 -0.282940
v 0.000000 1.234340 -0.802133
v 0.000000 0.978006 -1.394667
v 0.000000 0.911542 0.671493
v 0.000000 0.848755 1.208201
v 0.000000 0.724734 1.713555
v 0.000000 0.605324 1.958844
v -0.675017 0.893106 0.463328
v -0.359787 0.919168 0.628434
v -0.584217 0.906784 0.554116
v -0.449021 1.200950 -0.801305
v -0.221432 1.224467 -0.801534
v -0.478250 1.161948 -0.853626
v -0.453147 0.968115 -1.317382
v -0.406530 0.964971 -1.359116
v -0.247357 0.973171 -1.371131
v 0.000000 0.797447 -1.767747
v 0.000000 0.665393 -1.995572
v 0.000000 0.570243 -2.054366
v 0.000000 0.480250 -2.095984
v -0.562582 1.186571 0.073820
v -0.555407 1.191497 0.015313
v -0.561654 1.145583 -0.588078
v -0.573553 1.163750 0.113667
v -0.585205 0.956044 -1.090737
v -0.569089 1.063536 -0.865607
v -0.599534 0.926893 -1.088853
v -0.638380 0.902454 -0.855460
v -0.666988 0.893696 -0.475676
v -0.678524 0.898310 0.134625
v -0.637251 0.876376 0.591104
v -0.605567 0.874135 0.714903
v 0.011113 0.868230 0.780564
v -0.272440 0.888191 0.761937
v -0.682014 0.842959 1.114192
v -0.605567 0.768803 1.690981
v -0.716319 0.862507 0.619952
v -0.731069 0.862930 0.475106
v -0.588865 0.577670 1.905047
v -0.689478 0.744872 1.716598
v -0.681503 0.600955 1.863705
v -0.722620 0.671636 1.782337
v -0.406195 0.605462 1.929293
v -0.203098 0.601474 1.949294
v -0.475321 0.550284 1.996122
v 0.000000 0.524322 2.071677
v 0.000000 0.472003 2.102223
v 0.000000 0.375383 2.064081
v -0.414984 0.571555 1.983338
v -0.630242 0.552865 1.928928
v -0.820846 0.561042 1.456095
v -0.787064 0.557360 1.681924
v -0.734430 0.555216 1.827773
v -0.779338 0.204664 1.557065
v -0.540696 0.193412 1.945871
v 0.000000 0.201831 2.020981
v -0.261772 0.199596 2.007657
v -0.753098 0.203003 1.681807
v -0.827899 0.678084 1.307906
v -0.845020 0.694340 1.094693
v -0.847195 0.616731 0.922014
v -0.834797 0.466758 0.802608
v -0.823369 0.347071 0.781793
v -0.820381 0.170901 0.770096
v -0.689700 0.897633 0.333560
v -0.536410 1.194622 0.162612
v -0.539110 0.822986 1.129302
v -0.464065 0.728663 1.627379
v -0.519712 0.742243 1.729717
v -0.484441 0.689186 1.801555
v -0.498751 0.626820 1.873390
v -0.467548 0.455302 2.040285
v -0.517963 0.455143 2.024742
v -0.660061 0.454815 1.958168
v -0.750926 0.454730 1.839225
v -0.811727 0.469779 1.522418
v -0.792776 0.788307 0.651433
v -0.804690 0.784966 0.138257
v -0.798624 0.768642 -0.494128
v -0.838859 0.163194 -0.674391
v -0.842070 0.294344 -0.677622
v -0.856131 0.477856 -0.723202
v -0.869591 0.627375 -0.840894
v -0.876713 0.697416 -1.027554
v -0.874897 0.670763 -1.223902
v -0.863881 0.582105 -1.350347
v -0.819552 0.359785 -1.450578
v -0.780048 0.193632 -1.457795
v -0.845041 0.474576 -1.418860
v 0.000000 0.207969 -1.991886
v -0.625094 0.198093 -1.823666
v -0.454119 0.207845 -1.948476
v -0.227059 0.209824 -1.982715
v -0.665608 0.193279 -1.692400
v -0.558352 1.180263 -0.275494
v -0.200019 1.304854 -0.280916
v -0.408167 1.280549 -0.278893
v -0.734268 0.164022 -0.519182
v -0.744700 0.570208 -1.723959
v -0.455504 0.571138 -2.009769
v -0.623234 0.570783 -1.915814
v -0.232965 0.570698 -2.048440
v -0.443055 0.664542 -1.951730
v -0.232545 0.665265 -1.989858
v -0.664579 0.666787 -1.767935
v -0.594262 0.664464 -1.866221
v -0.505220 0.897708 -1.433588
v 0.000000 0.928748 -1.504142
v -0.535233 1.124682 -0.838906
v -0.533403 1.203197 -0.556190
v -0.531759 1.233858 -0.276373
v -0.525995 1.014898 -1.136247
v -0.530222 1.239527 0.069178
v -0.530089 1.244877 -0.003707
v -0.560027 1.190182 0.126591
v -0.717395 0.871745 0.428366
v -0.743704 0.838947 -0.510784
v -0.806319 0.422864 -0.369867
v -0.797724 0.357511 -0.284328
v -0.797108 0.353922 -0.149598
v -0.772751 0.789560 1.112149
v -0.610589 0.852612 1.124316
v -0.802289 0.363494 0.647489
v -0.763615 0.170184 0.635776
v -0.827899 0.698952 1.316676
v -0.756297 0.833722 0.576826
v -0.273627 0.835241 1.180623
v -0.236823 0.725357 1.676331
v -0.344936 0.528141 2.046343
v -0.161534 0.472003 2.100777
v -0.177810 0.527694 2.064409
v 0.000000 0.564823 2.016329
v -0.190454 0.564584 2.006851
v -0.532805 0.759058 1.685080
v 0.000000 0.790672 1.444918
v -0.652536 0.816551 1.364072
v -0.500914 0.778804 1.362610
v -0.256387 0.783769 1.412822
v -0.577586 0.812917 1.362244
v -0.759248 0.673592 1.699261
v -0.757538 0.771480 1.338951
v 0.000000 0.658579 1.862477
v -0.434388 0.662158 1.804236
v -0.218046 0.657702 1.838589
v -0.536726 0.643643 1.873169
v -0.527602 0.683406 1.827369
v -0.550090 0.717233 1.781568
v -0.679458 0.672216 1.815117
v -0.653243 0.627152 1.866994
v -0.658328 0.718909 1.773203
v -0.594180 0.612306 1.893353
v -0.604829 0.734167 1.756871
v -0.770469 0.454782 1.752350
v -0.242332 0.840664 1.183777
v -0.241013 0.873789 0.762721
v -0.741000 0.187098 -1.492388
v -0.517957 0.390681 2.014613
v -0.542129 0.314941 1.982336
v -0.480590 0.256701 1.990340
v 0.000000 0.271641 -2.028788
v 0.000000 0.257118 2.038267
v -0.467915 0.390728 2.021749
v -0.129305 0.375017 2.057550
v -0.808072 0.381810 1.547727
v -0.661211 0.394638 1.952564
v -0.751187 0.394623 1.840165
v -0.766261 0.394049 1.755239
v -0.238604 0.256909 2.017685
v -0.712825 0.198208 1.804298
v -0.626761 0.195810 1.904302
v -0.794767 0.299798 1.552050
v -0.767230 0.296079 1.680105
v -0.733107 0.294449 1.823471
v -0.645020 0.293356 1.929526
v 0.000000 0.375383 2.004781
v -0.517220 0.373918 1.950875
v -0.542129 0.314941 1.923036
v -0.480590 0.256701 1.931039
v 0.000000 0.257118 1.978967
v -0.267158 0.374650 1.985307
v -0.129305 0.375017 1.998250
v -0.238604 0.256909 1.958385
v -0.708229 0.860323 0.752172
v -0.715437 0.870845 0.468632
v -0.676726 0.870657 0.608585
v -0.656839 0.871620 0.733302
v -0.787868 0.787139 0.855146
v 0.000909 0.902238 0.761364
v -0.800278 0.450585 0.649098
v -0.795469 0.658844 0.652945
v -0.808072 0.380783 1.574035
v -0.794767 0.299086 1.578390
v -0.823369 0.350147 0.758471
v -0.811727 0.469996 1.556112
v -0.820846 0.560519 1.489982
v -0.779338 0.204337 1.583441
v -0.847195 0.640820 0.914136
v -0.834797 0.475290 0.779263
v -0.820381 0.170771 0.747543
v -0.845020 0.719245 1.101092
v -0.204959 1.265186 0.170548
v 0.000000 1.307316 -0.035301
v -0.202756 1.302775 -0.037292
v -0.412704 1.284976 -0.026572
v -0.414450 1.282181 0.066183
v 0.000000 1.306063 0.081565
v -0.204048 1.301321 0.077680
v 0.000000 1.288290 -0.536774
v -0.211070 1.282071 -0.537919
v -0.435790 1.256595 -0.547085
v -0.745078 0.849451 0.136330
v -0.797757 0.786910 0.436878
v -0.749768 0.840314 0.431519
v -0.799350 0.786464 0.368278
v -0.748691 0.845747 0.367655
v -0.672372 0.895850 -0.187087
v -0.801657 0.776804 -0.177935
v -0.744391 0.844199 -0.187227
v -0.802217 0.357934 0.184476
v -0.804641 0.441124 0.175472
v -0.799004 0.423266 -0.154245
v -0.804780 0.629865 -0.444256
v -0.807518 0.640261 0.151351
v -0.804425 0.626068 -0.170402
v -0.802249 0.360415 0.391115
v -0.802694 0.445347 0.386847
v -0.807827 0.648555 0.376630
v -0.802260 0.361237 0.459542
v -0.802049 0.446745 0.456843
v -0.804528 0.651301 0.450380
v -0.857272 0.590811 -1.378946
v -0.813945 0.361329 -1.482843
v -0.840643 0.473320 -1.453448
v -0.481763 0.776332 -1.703781
v -0.718349 0.836154 -0.926024
v -0.241990 0.920210 -1.491448
v -0.230634 0.787746 -1.758613
v -0.513160 0.942498 -1.319943
v -0.677956 0.866931 -1.165731
v -0.599622 0.881128 -1.317736
v -0.824475 0.765038 -0.977605
v 0.000000 0.371049 -2.069366
v -0.586891 0.342110 -1.868860
v -0.493069 0.343009 -1.942331
v -0.503752 0.507406 -2.036671
v -0.627379 0.505765 -1.958880
v -0.287702 0.481616 -2.076327
v -0.284424 0.369785 -2.029268
v -0.867619 0.720176 -1.003546
v -0.842297 0.293772 -0.630182
v -0.865263 0.694810 -1.228678
v -0.855902 0.476356 -0.680219
v -0.864776 0.635156 -0.801535
v -0.670554 0.772567 -1.481794
v -0.784791 0.768803 -1.239736
v -0.452748 0.271622 -1.978330
v -0.223784 0.271676 -2.012357
v -0.684609 0.341314 -1.732531
v -0.797648 0.269381 -1.460194
v -0.783815 0.268322 -1.491045
v -0.687502 0.267629 -1.698565
v -0.622049 0.267629 -1.838374
v -0.749181 0.497195 -1.726668
v -0.706696 0.189725 -1.580487
v -0.798887 0.570081 -1.572694
v -0.760511 0.340851 -1.586733
v -0.746545 0.267629 -1.579403
v -0.790291 0.491516 -1.587638
v -0.782222 0.678267 -1.498885
v -0.462836 1.043042 -1.141122
v -0.534825 1.142220 -0.775757
v -0.566288 1.093221 -0.765026
v -0.821725 0.250125 0.775356
v -0.794627 0.257116 0.641043
v -0.821725 0.251437 0.752457
v -0.776606 0.251535 -0.482190
v -0.834722 0.163446 -0.627207
v -0.744003 0.166066 -0.136087
v -0.782149 0.253252 -0.136697
v -0.787435 0.254889 0.192805
v -0.752312 0.167811 0.190925
v -0.790798 0.255931 0.402386
v -0.757597 0.168920 0.398923
v -0.791862 0.256260 0.468700
v -0.759269 0.169272 0.464735
v -0.418515 0.561042 1.456095
v -0.377007 0.204664 1.557065
v -0.425568 0.678084 1.307906
v -0.442689 0.694340 1.094693
v -0.444864 0.616731 0.922014
v -0.432466 0.466758 0.802608
v -0.421038 0.347071 0.781793
v -0.418050 0.170901 0.770096
v -0.409396 0.469779 1.522418
v -0.436528 0.163194 -0.674391
v -0.436528 0.250819 -0.679003
v -0.451630 0.494856 -0.717865
v -0.469250 0.624935 -0.835291
v -0.476801 0.693921 -1.029185
v -0.466733 0.670652 -1.235871
v -0.463077 0.570243 -1.361553
v -0.410651 0.336758 -1.459583
v -0.377717 0.193632 -1.457795
v -0.436528 0.443489 -1.434560
v -0.405741 0.381810 1.547727
v -0.392436 0.299798 1.552050
v -0.396536 0.273645 -1.458719
v -0.419394 0.250125 0.775356
v 0.000000 1.195167 -0.892684
v 0.000000 1.011086 -1.318201
v 0.000000 1.064211 -1.195398
v -0.250134 1.184888 -0.874136
v -0.262335 1.050482 -1.179361
v -0.247861 0.987593 -1.327252
v -0.580608 1.124580 -0.256314
v -0.581162 1.100038 -0.566608
v -0.579937 1.133954 0.043168
v -0.578730 1.058349 -0.790112
v -0.180452 0.922223 0.640024
v -0.115776 0.874902 0.769869
v -0.101549 0.603399 1.954069
v -0.121166 0.844710 1.195989
v -0.118411 0.725046 1.694943
v -0.080767 0.472003 2.101500
v -0.088905 0.526008 2.068043
v -0.095227 0.564703 2.011590
v -0.109023 0.658140 1.850533
v -0.064653 0.375200 2.060816
v -0.064653 0.375200 2.001515
v -0.154143 0.890815 0.762838
v -0.128193 0.787221 1.428870
v 0.000000 0.895154 0.765005
v -0.115863 0.866926 0.772547
v 0.000000 0.875867 0.776688
v -0.309507 0.895337 0.758940
v -0.242839 0.865621 0.764529
v -0.154299 0.898787 0.760152
v -0.521228 1.226606 0.128938
v -0.415762 1.259302 0.136721
v -0.204889 1.279316 0.151041
v 0.000000 1.284189 0.156160
v -0.553180 1.193244 0.144305
v -0.592431 0.890499 0.570325
v -0.699923 0.874135 0.462631
v -0.181468 0.908054 0.659477
v -0.362936 0.904566 0.647461
v 0.000000 0.925669 0.651957
v -0.222121 1.234014 -0.782939
v -0.462600 1.209601 -0.782939
v 0.000000 1.242643 -0.782939
v -0.499314 1.161872 -0.849025
v -0.483582 1.040512 -1.141188
v -0.473614 0.963615 -1.326310
v -0.414871 0.959046 -1.378689
v -0.247951 0.966675 -1.391026
v 0.000000 0.986311 -1.375469
v -0.556628 1.203773 0.080286
v -0.548602 1.209123 0.016079
v -0.551278 1.197688 -0.276869
v -0.554498 1.162720 -0.591663
v -0.569284 1.177223 0.126591
v -0.561490 1.079574 -0.872127
v -0.578507 0.965873 -1.110231
v -0.558947 1.109812 -0.770128
v -0.604031 0.911177 -1.106584
v -0.645357 0.885026 -0.857415
v -0.673926 0.876174 -0.476137
v -0.679390 0.878359 -0.187087
v -0.685467 0.880790 0.134402
v -0.698906 0.880012 0.372155
v -0.562914 1.131343 -0.636200
v -0.662480 0.895076 -0.535522
v -0.580595 1.090318 -0.618719
v -0.579997 1.133114 0.016343
v -0.555625 1.190665 -0.006232
v -0.678024 0.898111 0.108522
v -0.625094 0.198093 -1.679566
v -0.454119 0.207845 -1.804375
v -0.586891 0.342110 -1.724759
v -0.493069 0.343009 -1.798231
v -0.452748 0.271622 -1.834229
v -0.622049 0.267629 -1.694273
v -0.130886 0.200713 2.014319
v -0.119302 0.257014 2.027976
v -0.119302 0.257014 1.968676
v -0.601953 0.674771 1.824233
v -0.495708 0.687677 1.808294
v -0.605375 0.759761 1.708182
v -0.508665 0.631211 1.873333
v -0.674125 0.607794 1.864563
v -0.681346 0.738094 1.731376
v -0.527643 0.735714 1.743253
v -0.590252 0.586712 1.901994
v -0.711352 0.671788 1.790895
v -0.311217 0.472003 2.088691
v -0.484320 0.472003 2.045389
v -0.660761 0.472003 1.959343
v -0.751511 0.471936 1.839462
v -0.789036 0.472049 1.671530
v -0.267158 0.374650 2.044608
v -0.517220 0.373918 2.010175
v -0.660761 0.377447 1.951271
v -0.750592 0.377415 1.839999
v -0.779413 0.376317 1.678638
v 0.000000 0.204664 1.557065
v 0.000000 0.170901 0.770096
v 0.000000 0.163194 -0.674391
v 0.000000 0.193632 -1.457795
v -0.434881 0.163881 -0.545658
v -0.310089 0.344339 -2.018501
v 0.000000 0.345434 -2.063122
v 0.000000 0.505846 -2.102223
v -0.314322 0.507059 -2.081629
v 0.000000 0.492633 -2.059006
v 0.000000 0.383432 -2.032388
v -0.280560 0.382168 -1.992291
v -0.283837 0.493999 -2.039350
v 0.512715 1.217617 0.150962
v 0.414407 1.245517 0.156475
v 0.675017 0.893106 0.463328
v 0.359787 0.919168 0.628434
v 0.584217 0.906784 0.554116
v 0.449021 1.200950 -0.801305
v 0.221432 1.224467 -0.801534
v 0.478250 1.161948 -0.853626
v 0.453147 0.968115 -1.317382
v 0.406530 0.964971 -1.359116
v 0.247357 0.973171 -1.371131
v 0.562582 1.186571 0.073820
v 0.555407 1.191497 0.015313
v 0.561654 1.145583 -0.588078
v 0.573553 1.163750 0.113667
v 0.585205 0.956044 -1.090737
v 0.569089 1.063536 -0.865607
v 0.599534 0.926893 -1.088853
v 0.638380 0.902454 -0.855460
v 0.666988 0.893696 -0.475676
v 0.678524 0.898310 0.134625
v 0.637251 0.876376 0.591104
v 0.605567 0.874135 0.714903
v -0.011113 0.868230 0.780564
v 0.272440 0.888191 0.761937
v 0.682014 0.842959 1.114192
v 0.605567 0.768803 1.690981
v 0.716319 0.862507 0.619952
v 0.731069 0.862930 0.475106
v 0.588865 0.577670 1.905047
v 0.689478 0.744872 1.716598
v 0.681503 0.600955 1.863705
v 0.722620 0.671636 1.782337
v 0.406195 0.605462 1.929293
v 0.203098 0.601474 1.949294
v 0.475321 0.550284 1.996122
v 0.414984 0.571555 1.983338
v 0.630242 0.552865 1.928928
v 0.820846 0.561042 1.456095
v 0.787064 0.557360 1.681924
v 0.734430 0.555216 1.827773
v 0.779338 0.204664 1.557065
v 0.540696 0.193412 1.945871
v 0.261772 0.199596 2.007657
v 0.753098 0.203003 1.681807
v 0.827899 0.678084 1.307906
v 0.845020 0.694340 1.094693
v 0.847195 0.616731 0.922014
v 0.834797 0.466758 0.802608
v 0.823369 0.347071 0.781793
v 0.820381 0.170901 0.770096
v 0.689700 0.897633 0.333560
v 0.536410 1.194622 0.162612
v 0.539110 0.822986 1.129302
v 0.464065 0.728663 1.627379
v 0.519712 0.742243 1.729717
v 0.484441 0.689186 1.801555
v 0.498751 0.626820 1.873390
v 0.467548 0.455302 2.040285
v 0.517963 0.455143 2.024742
v 0.660061 0.454815 1.958168
v 0.750926 0.454730 1.839225
v 0.811727 0.469779 1.522418
v 0.792776 0.788307 0.651433
v 0.804690 0.784966 0.138257
v 0.798624 0.768642 -0.494128
v 0.838859 0.163194 -0.674391
v 0.842070 0.294344 -0.677622
v 0.856131 0.477856 -0.723202
v 0.869591 0.627375 -0.840894
v 0.876713 0.697416 -1.027554
v 0.874897 0.670763 -1.223902
v 0.863881 0.582105 -1.350347
v 0.819552 0.359785 -1.450578
v 0.780048 0.193632 -1.457795
v 0.845041 0.474576 -1.418860
v 0.625094 0.198093 -1.823666
v 0.454119 0.207845 -1.948476
v 0.227059 0.209824 -1.982715
v 0.665608 0.193279 -1.692400
v 0.558352 1.180263 -0.275494
v 0.200019 1.304854 -0.280916
v 0.408167 1.280549 -0.278893
v 0.734268 0.164022 -0.519182
v 0.744700 0.570208 -1.723959
v 0.455504 0.571138 -2.009769
v 0.623234 0.570783 -1.915814
v 0.232965 0.570698 -2.048440
v 0.443055 0.664542 -1.951730
v 0.232545 0.665265 -1.989858
v 0.664579 0.666787 -1.767935
v 0.594262 0.664464 -1.866221
v 0.505220 0.897708 -1.433588
v 0.535233 1.124682 -0.838906
v 0.533403 1.203197 -0.556190
v 0.531759 1.233858 -0.276373
v 0.525995 1.014898 -1.136247
v 0.530222 1.239527 0.069178
v 0.530089 1.244877 -0.003707
v 0.560027 1.190182 0.126591
v 0.717395 0.871745 0.428366
v 0.743704 0.838947 -0.510784
v 0.806319 0.422864 -0.369867
v 0.797724 0.357511 -0.284328
v 0.797108 0.353922 -0.149598
v 0.772751 0.789560 1.112149
v 0.610589 0.852612 1.124316
v 0.802289 0.363494 0.647489
v 0.763615 0.170184 0.635776
v 0.827899 0.698952 1.316676
v 0.756297 0.833722 0.576826
v 0.273627 0.835241 1.180623
v 0.236823 0.725357 1.676331
v 0.344936 0.528141 2.046343
v 0.161534 0.472003 2.100777
v 0.177810 0.527694 2.064409
v 0.190454 0.564584 2.006851
v 0.532805 0.759058 1.685080
v 0.652536 0.816551 1.364072
v 0.500914 0.778804 1.362610
v 0.256387 0.783769 1.412822
v 0.577586 0.812917 1.362244
v 0.759248 0.673592 1.699261
v 0.757538 0.771480 1.338951
v 0.434388 0.662158 1.804236
v 0.218046 0.657702 1.838589
v 0.536726 0.643643 1.873169
v 0.527602 0.683406 1.827369
v 0.550090 0.717233 1.781568
v 0.679458 0.672216 1.815117
v 0.653243 0.627152 1.866994
v 0.658328 0.718909 1.773203
v 0.594180 0.612306 1.893353
v 0.604829 0.734167 1.756871
v 0.770469 0.454782 1.752350
v 0.242332 0.840664 1.183777
v 0.241013 0.873789 0.762721
v 0.741000 0.187098 -1.492388
v 0.517957 0.390681 2.014613
v 0.542129 0.314941 1.982336
v 0.480590 0.256701 1.990340
v 0.467915 0.390728 2.021749
v 0.129305 0.375017 2.057550
v 0.808072 0.381810 1.547727
v 0.661211 0.394638 1.952564
v 0.751187 0.394623 1.840165
v 0.766261 0.394049 1.755239
v 0.238604 0.256909 2.017685
v 0.712825 0.198208 1.804298
v 0.626761 0.195810 1.904302
v 0.794767 0.299798 1.552050
v 0.767230 0.296079 1.680105
v 0.733107 0.294449 1.823471
v 0.645020 0.293356 1.929526
v 0.517220 0.373918 1.950875
v 0.542129 0.314941 1.923036
v 0.480590 0.256701 1.931039
v 0.267158 0.374650 1.985307
v 0.129305 0.375017 1.998250
v 0.238604 0.256909 1.958385
v 0.708229 0.860323 0.752172
v 0.715437 0.870845 0.468632
v 0.676726 0.870657 0.608585
v 0.656839 0.871620 0.733302
v 0.787868 0.787139 0.855146
v -0.000909 0.902238 0.761364
v 0.800278 0.450585 0.649098
v 0.795469 0.658844 0.652945
v 0.808072 0.380783 1.574035
v 0.794767 0.299086 1.578390
v 0.823369 0.350147 0.758471
v 0.811727 0.469996 1.556112
v 0.820846 0.560519 1.489982
v 0.779338 0.204337 1.583441
v 0.847195 0.640820 0.914136
v 0.834797 0.475290 0.779263
v 0.820381 0.170771 0.747543
v 0.845020 0.719245 1.101092
v 0.204959 1.265186 0.170548
v 0.202756 1.302775 -0.037292
v 0.412704 1.284976 -0.026572
v 0.414450 1.282181 0.066183
v 0.204048 1.301321 0.077680
v 0.211070 1.282071 -0.537919
v 0.435790 1.256595 -0.547085
v 0.745078 0.849451 0.136330
v 0.797757 0.786910 0.436878
v 0.749768 0.840314 0.431519
v 0.799350 0.786464 0.368278
v 0.748691 0.845747 0.367655
v 0.672372 0.895850 -0.187087
v 0.801657 0.776804 -0.177935
v 0.744391 0.844199 -0.187227
v 0.802217 0.357934 0.184476
v 0.804641 0.441124 0.175472
v 0.799004 0.423266 -0.154245
v 0.804780 0.629865 -0.444256
v 0.807518 0.640261 0.151351
v 0.804425 0.626068 -0.170402
v 0.802249 0.360415 0.391115
v 0.802694 0.445347 0.386847
v 0.807827 0.648555 0.376630
v 0.802260 0.361237 0.459542
v 0.802049 0.446745 0.456843
v 0.804528 0.651301 0.450380
v 0.857272 0.590811 -1.378946
v 0.813945 0.361329 -1.482843
v 0.840643 0.473320 -1.453448
v 0.481763 0.776332 -1.703781
v 0.718349 0.836154 -0.926024
v 0.241990 0.920210 -1.491448
v 0.230634 0.787746 -1.758613
v 0.513160 0.942498 -1.319943
v 0.677956 0.866931 -1.165731
v 0.599622 0.881128 -1.317736
v 0.824475 0.765038 -0.977605
v 0.586891 0.342110 -1.868860
v 0.493069 0.343009 -1.942331
v 0.503752 0.507406 -2.036671
v 0.627379 0.505765 -1.958880
v 0.287702 0.481616 -2.076327
v 0.284424 0.369785 -2.029268
v 0.867619 0.720176 -1.003546
v 0.842297 0.293772 -0.630182
v 0.865263 0.694810 -1.228678
v 0.855902 0.476356 -0.680219
v 0.864776 0.635156 -0.801535
v 0.670554 0.772567 -1.481794
v 0.784791 0.768803 -1.239736
v 0.452748 0.271622 -1.978330
v 0.223784 0.271676 -2.012357
v 0.684609 0.341314 -1.732531
v 0.797648 0.269381 -1.460194
v 0.783815 0.268322 -1.491045
v 0.687502 0.267629 -1.698565
v 0.622049 0.267629 -1.838374
v 0.749181 0.497195 -1.726668
v 0.706696 0.189725 -1.580487
v 0.798887 0.570081 -1.572694
v 0.760511 0.340851 -1.586733
v 0.746545 0.267629 -1.579403
v 0.790291 0.491516 -1.587638
v 0.782222 0.678267 -1.498885
v 0.462836 1.043042 -1.141122
v 0.534825 1.142220 -0.775757
v 0.566288 1.093221 -0.765026
v 0.821725 0.250125 0.775356
v 0.794627 0.257116 0.641043
v 0.821725 0.251437 0.752457
v 0.776606 0.251535 -0.482190
v 0.834722 0.163446 -0.627207
v 0.744003 0.166066 -0.136087
v 0.782149 0.253252 -0.136697
v 0.787435 0.254889 0.192805
v 0.752312 0.167811 0.190925
v 0.790798 0.255931 0.402386
v 0.757597 0.168920 0.398923
v 0.791862 0.256260 0.468700
v 0.759269 0.169272 0.464735
v 0.418515 0.561042 1.456095
v 0.377007 0.204664 1.557065
v 0.425568 0.678084 1.307906
v 0.442689 0.694340 1.094693
v 0.444864 0.616731 0.922014
v 0.432466 0.466758 0.802608
v 0.421038 0.347071 0.781793
v 0.418050 0.170901 0.770096
v 0.409396 0.469779 1.522418
v 0.436528 0.163194 -0.674391
v 0.436528 0.250819 -0.679003
v 0.451630 0.494856 -0.717865
v 0.469250 0.624935 -0.835291
v 0.476801 0.693921 -1.029185
v 0.466733 0.670652 -1.235871
v 0.463077 0.570243 -1.361553
v 0.410651 0.336758 -1.459583
v 0.377717 0.193632 -1.457795
v 0.436528 0.443489 -1.434560
v 0.405741 0.381810 1.547727
v 0.392436 0.299798 1.552050
v 0.396536 0.273645 -1.458719
v 0.419394 0.250125 0.775356
v 0.250134 1.184888 -0.874136
v 0.262335 1.050482 -1.179361
v 0.247861 0.987593 -1.327252
v 0.580608 1.124580 -0.256314
v 0.581162 1.100038 -0.566608
v 0.579937 1.133954 0.043168
v 0.578730 1.058349 -0.790112
v 0.180452 0.922223 0.640024
v 0.115776 0.874902 0.769869
v 0.101549 0.603399 1.954069
v 0.121166 0.844710 1.195989
v 0.118411 0.725046 1.694943
v 0.080767 0.472003 2.101500
v 0.088905 0.526008 2.068043
v 0.095227 0.564703 2.011590
v 0.109023 0.658140 1.850533
v 0.064653 0.375200 2.060816
v 0.064653 0.375200 2.001515
v 0.154143 0.890815 0.762838
v 0.128193 0.787221 1.428870
v 0.115863 0.866926 0.772547
v 0.309507 0.895337 0.758940
v 0.242839 0.865621 0.764529
v 0.154299 0.898787 0.760152
v 0.521228 1.226606 0.128938
v 0.415762 1.259302 0.136721
v 0.204889 1.279316 0.151041
v 0.553180 1.193244 0.144305
v 0.592431 0.890499 0.570325
v 0.699923 0.874135 0.462631
v 0.181468 0.908054 0.659477
v 0.362936 0.904566 0.647461
v 0.222121 1.234014 -0.782939
v 0.462600 1.209601 -0.782939
v 0.499314 1.161872 -0.849025
v 0.483582 1.040512 -1.141188
v 0.473614 0.963615 -1.326310
v 0.414871 0.959046 -1.378689
v 0.247951 0.966675 -1.391026
v 0.556628 1.203773 0.080286
v 0.548602 1.209123 0.016079
v 0.551278 1.197688 -0.276869
v 0.554498 1.162720 -0.591663
v 0.569284 1.177223 0.126591
v 0.561490 1.079574 -0.872127
v 0.578507 0.965873 -1.110231
v 0.558947 1.109812 -0.770128
v 0.604031 0.911177 -1.106584
v 0.645357 0.885026 -0.857415
v 0.673926 0.876174 -0.476137
v 0.679390 0.878359 -0.187087
v 0.685467 0.880790 0.134402
v 0.698906 0.880012 0.372155
v 0.562914 1.131343 -0.636200
v 0.662480 0.895076 -0.535522
v 0.580595 1.090318 -0.618719
v 0.579997 1.133114 0.016343
v 0.555625 1.190665 -0.006232
v 0.678024 0.898111 0.108522
v 0.625094 0.198093 -1.679566
v 0.454119 0.207845 -1.804375
v 0.586891 0.342110 -1.724759
v 0.493069 0.343009 -1.798231
v 0.452748 0.271622 -1.834229
v 0.622049 0.267629 -1.694273
v 0.130886 0.200713 2.014319
v 0.119302 0.257014 2.027976
v 0.119302 0.257014 1.968676
v 0.601953 0.674771 1.824233
v 0.495708 0.687677 1.808294
v 0.605375 0.759761 1.708182
v 0.508665 0.631211 1.873333
v 0.674125 0.607794 1.864563
v 0.681346 0.738094 1.731376
v 0.527643 0.735714 1.743253
v 0.590252 0.586712 1.901994
v 0.711352 0.671788 1.790895
v 0.311217 0.472003 2.088691
v 0.484320 0.472003 2.045389
v 0.660761 0.472003 1.959343
v 0.751511 0.471936 1.839462
v 0.789036 0.472049 1.671530
v 0.267158 0.374650 2.044608
v 0.517220 0.373918 2.010175
v 0.660761 0.377447 1.951271
v 0.750592 0.377415 1.839999
v 0.779413 0.376317 1.678638
v 0.434881 0.163881 -0.545658
v 0.310089 0.344339 -2.018501
v 0.314322 0.507059 -2.081629
v 0.280560 0.382168 -1.992291
v 0.283837 0.493999 -2.039350
v -0.537399 0.342561 -1.931762
v -0.588972 0.321198 -1.931762
v -0.610334 0.269626 -1.931762
v -0.588972 0.218053 -1.931762
v -0.537399 0.196691 -1.931762
v -0.485826 0.218053 -1.931762
v -0.464464 0.269626 -1.931762
v -0.485826 0.321198 -1.931762
v -0.537399 0.342561 -1.753151
v -0.588972 0.321198 -1.753151
v -0.610334 0.269626 -1.753151
v -0.588972 0.218053 -1.753151
v -0.537399 0.196691 -1.753151
v -0.485826 0.218053 -1.753151
v -0.464464 0.269626 -1.753151
v -0.485826 0.321198 -1.753151
v -0.537399 0.317761 -1.931762
v -0.571436 0.303662 -1.931762
v -0.585534 0.269626 -1.931762
v -0.571436 0.235589 -1.931762
v -0.537399 0.221490 -1.931762
v -0.503362 0.235589 -1.931762
v -0.489263 0.269626 -1.931762
v -0.503362 0.303662 -1.931762
v -0.537399 0.317761 -1.897046
v -0.571436 0.303662 -1.897046
v -0.585534 0.269626 -1.897046
v -0.571436 0.235589 -1.897046
v -0.537399 0.221490 -1.897046
v -0.503362 0.235589 -1.897046
v -0.489263 0.269626 -1.897046
v -0.503362 0.303662 -1.897046
v -0.537399 0.269626 -1.897046
v 0.537398 0.342561 -1.931762
v 0.588971 0.321198 -1.931762
v 0.610333 0.269626 -1.931762
v 0.588971 0.218053 -1.931762
v 0.537398 0.196691 -1.931762
v 0.485825 0.218053 -1.931762
v 0.464463 0.269626 -1.931762
v 0.485825 0.321198 -1.931762
v 0.537398 0.342561 -1.753151
v 0.588971 0.321198 -1.753151
v 0.610333 0.269626 -1.753151
v 0.588971 0.218053 -1.753151
v 0.537398 0.196691 -1.753151
v 0.485825 0.218053 -1.753151
v 0.464463 0.269626 -1.753151
v 0.485825 0.321198 -1.753151
v 0.537398 0.317761 -1.931762
v 0.571435 0.303662 -1.931762
v 0.585534 0.269626 -1.931762
v 0.571435 0.235589 -1.931762
v 0.537398 0.221490 -1.931762
v 0.503361 0.235589 -1.931762
v 0.489263 0.269626 -1.931762
v 0.503361 0.303662 -1.931762
v 0.537398 0.317761 -1.897046
v 0.571435 0.303662 -1.897046
v 0.585534 0.269626 -1.897046
v 0.571435 0.235589 -1.897046
v 0.537398 0.221490 -1.897046
v 0.503361 0.235589 -1.897046
v 0.489263 0.269626 -1.897046
v 0.503361 0.303662 -1.897046
v 0.537398 0.269626 -1.897046
v -0.932406 0.944311 0.285956
v -0.849243 0.993167 0.298100
v -0.775054 0.989172 0.308933
v -0.911303 0.906549 0.289037
v -0.813631 0.897461 0.303300
v -0.795358 0.865671 0.305968
v -0.754137 0.882143 0.311988
v -0.907001 0.944550 0.336288
v -0.827633 0.991176 0.347878
v -0.755480 0.987291 0.358414
v -0.882978 0.901564 0.339796
v -0.793559 0.893244 0.352853
v -0.780213 0.875218 0.354802
v -0.745513 0.889084 0.359869
v -0.740826 0.835553 0.311988
v -0.782047 0.819081 0.305968
v -0.732201 0.842494 0.359869
v -0.766901 0.828628 0.354802
v -0.879199 0.939058 0.356635
v -0.823354 0.971865 0.364790
v -0.772586 0.969131 0.372203
v -0.862296 0.908812 0.359103
v -0.799379 0.902958 0.368291
v -0.789989 0.890274 0.369662
v -0.765573 0.900031 0.373227
v -0.813197 0.926018 0.366273
v -0.768606 0.925640 0.309875
v -0.748779 0.921270 0.359392
v -0.767872 0.922677 0.372892
v -0.945973 0.948033 0.283974
v -0.851690 1.003421 0.297742
v -0.765978 0.998806 0.310259
v -0.917436 0.896969 0.288142
v -0.811212 0.887085 0.303653
v -0.758018 0.920377 0.311421
v -0.850933 0.993167 0.309675
v -0.815321 0.897461 0.314875
v -0.934097 0.944311 0.297531
v -0.776744 0.989172 0.320508
v -0.912993 0.906549 0.300612
v -0.770297 0.925640 0.321450
v 0.932406 0.944311 0.285956
v 0.849243 0.993167 0.298100
v 0.775054 0.989172 0.308933
v 0.911303 0.906549 0.289037
v 0.813631 0.897461 0.303300
v 0.795358 0.865671 0.305968
v 0.754137 0.882143 0.311988
v 0.907001 0.944550 0.336288
v 0.827633 0.991176 0.347878
v 0.755480 0.987291 0.358414
v 0.882978 0.901564 0.339796
v 0.793559 0.893244 0.352853
v 0.780213 0.875218 0.354802
v 0.745513 0.889084 0.359869
v 0.740826 0.835553 0.311988
v 0.782047 0.819081 0.305968
v 0.732201 0.842494 0.359869
v 0.766901 0.828628 0.354802
v 0.879199 0.939058 0.356635
v 0.823354 0.971865 0.364790
v 0.772586 0.969131 0.372203
v 0.862296 0.908812 0.359103
v 0.799379 0.902958 0.368291
v 0.789989 0.890274 0.369662
v 0.765573 0.900031 0.373227
v 0.813197 0.926018 0.366273
v 0.768606 0.925640 0.309875
v 0.748779 0.921270 0.359392
v 0.767872 0.922677 0.372892
v 0.945973 0.948033 0.283974
v 0.851690 1.003421 0.297742
v 0.765978 0.998806 0.310259
v 0.917436 0.896969 0.288142
v 0.811212 0.887085 0.303653
v 0.758018 0.920377 0.311421
v 0.850933 0.993167 0.309675
v 0.815321 0.897461 0.314875
v 0.934097 0.944311 0.297531
v 0.776744 0.989172 0.320508
v 0.912993 0.906549 0.300612
v 0.770297 0.925640 0.321450
v -0.436616 0.886425 -1.499878
v -0.459357 0.870882 -1.604484
v -0.604896 0.873416 -1.742827
v 0.000000 0.918551 -2.015712
v -0.290848 0.912419 -2.006616
v -0.537811 0.882167 -1.929298
v 0.000000 0.896649 -2.015712
v 0.000000 0.808168 -1.770414
v 0.000000 0.906550 -1.892702
v -0.564714 0.887627 -1.757271
v -0.294023 0.906550 -1.892702
v -0.485370 0.892625 -1.856450
v -0.604896 0.853154 -1.742827
v -0.290848 0.890516 -2.006616
v -0.537811 0.860264 -1.929298
v -0.363916 0.793726 -1.758861
v -0.444786 0.822609 -1.680879
v 0.000000 0.778534 -1.770414
v -0.363916 0.764093 -1.758861
v -0.444786 0.781899 -1.680879
v 0.000000 0.918979 -1.515768
v -0.219457 0.914574 -1.507823
v -0.328037 0.902034 -1.503850
v -0.436616 0.866162 -1.499878
v 0.000000 0.882963 -1.853183
v -0.286206 0.882502 -1.852350
v -0.468875 0.867629 -1.819483
v 0.436616 0.886425 -1.499878
v 0.459357 0.870882 -1.604484
v 0.604896 0.873416 -1.742827
v 0.290848 0.912419 -2.006616
v 0.537811 0.882167 -1.929298
v 0.564714 0.887627 -1.757271
v 0.294023 0.906550 -1.892702
v 0.485370 0.892625 -1.856450
v 0.604896 0.853154 -1.742827
v 0.290848 0.890516 -2.006616
v 0.537811 0.860264 -1.929298
v 0.363916 0.793726 -1.758861
v 0.444786 0.822609 -1.680879
v 0.363916 0.764093 -1.758861
v 0.444786 0.781899 -1.680879
v 0.219457 0.914574 -1.507823
v 0.328037 0.902034 -1.503850
v 0.436616 0.866162 -1.499878
v 0.286206 0.882502 -1.852350
v 0.468875 0.867629 -1.819483
vn 0.2324 0.9686 0.0879
vn 0.1708 0.9791 0.1102
vn -0.0503 0.9712 0.2330
vn -0.0481 0.9555 0.2911
vn -0.0000 0.9555 0.2949
vn -0.0000 0.9718 0.2358
vn -0.0513 0.9034 0.4258
vn -0.0431 0.8634 0.5026
vn -0.0000 0.8596 0.5109
vn -0.0000 0.9022 0.4312
vn -0.0496 0.9916 0.1198
vn -0.0801 0.9831 0.1644
vn -0.0785 0.9883 0.1311
vn -0.0603 0.9764 0.2075
vn -0.0498 0.9609 0.2725
vn -0.0490 0.9595 0.2774
vn -0.0567 0.9749 0.2154
vn -0.0478 0.9153 0.3999
vn -0.0367 0.8808 0.4721
vn -0.0387 0.8767 0.4795
vn -0.0488 0.9122 0.4069
vn -0.0573 0.5450 0.8365
vn -0.0469 0.7102 0.7025
vn -0.1157 0.6604 0.7420
vn -0.1523 0.5367 0.8299
vn -0.0166 0.5248 0.8510
vn -0.0182 0.7008 0.7131
vn -0.0188 0.8237 0.5667
vn -0.0000 0.6932 0.7207
vn -0.0000 0.8155 0.5788
vn -0.0357 0.8273 0.5606
vn -0.0000 0.8227 0.5685
vn -0.0329 0.8434 0.5362
vn -0.0337 0.8400 0.5416
vn -0.0369 0.8217 0.5688
vn -0.0607 0.8045 0.5909
vn -0.2227 0.9641 0.1446
vn 0.2342 0.9644 0.1226
vn 0.0992 0.9912 0.0875
vn -0.3646 0.9264 0.0935
vn 0.4160 0.9038 0.1005
vn 0.2938 0.9529 0.0754
vn 0.2794 0.9514 0.1294
vn 0.4574 0.8764 0.1505
vn -0.1338 0.9783 0.1582
vn -0.1884 0.9558 0.2259
vn -0.9326 0.2357 0.2735
vn -0.8743 0.4385 0.2081
vn -0.8446 0.5079 0.1694
vn -0.9649 0.1898 0.1815
vn -0.6664 0.7435 0.0554
vn -0.5680 0.8092 0.1503
vn -0.9983 -0.0298 0.0492
vn -0.9988 -0.0135 0.0468
vn -0.5987 0.7762 0.1974
vn -0.7694 0.3390 0.5414
vn -0.7695 0.3389 0.5413
vn -0.3162 0.7242 0.6128
vn -0.3161 0.7242 0.6128
vn -0.8569 0.3044 0.4160
vn -0.1498 0.8329 0.5328
vn -0.0348 0.8499 0.5257
vn -0.1173 0.8388 0.5317
vn -0.1982 0.8221 0.5338
vn 0.4925 0.8356 0.2434
vn 0.3510 0.8576 0.3759
vn 0.3509 0.8576 0.3759
vn -0.0934 0.3056 0.9476
vn 0.2326 0.5356 0.8118
vn -0.0935 0.3056 0.9476
vn -0.2679 0.8113 0.5196
vn -0.4833 0.6126 0.6255
vn -0.2680 0.8113 0.5196
vn -0.0221 0.8848 0.4654
vn -0.0223 0.8848 0.4654
vn 0.2463 0.7728 0.5849
vn 0.1222 0.8641 0.4884
vn 0.1222 0.8641 0.4883
vn -0.4567 0.3925 0.7984
vn -0.4567 0.3924 0.7984
vn -0.5199 0.4409 0.7316
vn -0.5200 0.4409 0.7316
vn -0.3019 0.5039 0.8093
vn -0.2859 0.5305 0.7980
vn -0.8575 0.2389 0.4557
vn -0.8574 0.2390 0.4558
vn -0.9714 0.0640 0.2287
vn -0.9981 -0.0617 0.0095
vn -0.9950 -0.1002 -0.0005
vn -0.0258 0.9983 0.0522
vn -0.0369 0.9921 0.1200
vn -0.0000 0.9930 0.1179
vn -0.0255 0.9985 0.0484
vn -0.1354 -0.4200 0.8973
vn -0.1296 -0.4047 0.9052
vn -0.0601 -0.4236 0.9039
vn -0.0247 -0.3908 0.9201
vn -0.0247 -0.3907 0.9202
vn -0.3612 -0.1371 0.9223
vn -0.3613 -0.1371 0.9223
vn -0.2148 -0.2112 0.9535
vn -0.8820 -0.0193 0.4708
vn -0.9800 -0.0257 0.1975
vn -0.6067 -0.0672 0.7921
vn -0.6068 -0.0671 0.7920
vn -0.0648 -0.2226 0.9727
vn -0.1292 -0.2763 0.9524
vn -0.2003 -0.3075 0.9302
vn -0.2772 -0.2995 0.9129
vn -0.9751 -0.0498 0.2160
vn -0.9732 -0.0392 0.2267
vn -0.9670 -0.0857 0.2401
vn -0.9693 -0.1155 0.2170
vn -0.9870 -0.1606 -0.0043
vn -0.9870 -0.1606 -0.0042
vn -0.9954 -0.0954 -0.0027
vn -0.8686 -0.2463 0.4300
vn -0.9553 -0.1726 0.2401
vn -0.9507 -0.1729 0.2575
vn -0.8580 -0.2476 0.4500
vn -0.5940 -0.2911 0.7500
vn -0.5933 -0.2907 0.7507
vn -0.5960 -0.2591 0.7600
vn -0.8853 -0.2146 0.4125
vn -0.9870 -0.1606 -0.0032
vn -0.3902 -0.2797 0.8772
vn -0.3398 -0.2609 0.9036
vn 0.0027 -1.0000 -0.0000
vn 0.0028 -1.0000 -0.0000
vn -0.1039 -0.6319 0.7680
vn -0.0799 -0.5232 0.8485
vn 0.9545 0.2982 -0.0000
vn 0.1879 0.9822 -0.0000
vn 0.9545 0.2983 -0.0000
vn 0.2123 -0.9772 -0.0000
vn 0.0183 -0.7607 0.6488
vn -0.0009 1.0000 -0.0000
vn -0.0620 -0.5116 0.8570
vn -0.0000 1.0000 -0.0000
vn -0.1672 0.9853 0.0345
vn -0.2122 0.9760 0.0481
vn -0.5578 0.8282 0.0534
vn -0.5481 0.8351 0.0467
vn 0.0015 0.9986 0.0525
vn -0.4610 0.8858 0.0531
vn -0.8963 0.4431 -0.0138
vn -0.8719 0.4897 -0.0033
vn -0.4571 0.8790 0.1354
vn -0.4963 0.8681 -0.0130
vn -0.5329 0.8449 -0.0460
vn -0.8963 0.4426 -0.0263
vn -0.9351 0.3374 -0.1086
vn -0.8492 0.5195 0.0953
vn -0.7976 0.5990 -0.0703
vn -0.8237 0.5642 0.0572
vn -0.5926 0.7988 -0.1035
vn -0.8775 0.4735 -0.0761
vn -0.6980 0.6698 -0.2533
vn -0.7963 0.5687 -0.2060
vn -0.8501 0.5100 -0.1311
vn -0.6621 0.7331 -0.1554
vn -0.6413 0.7098 -0.2912
vn -0.7076 0.6731 -0.2152
vn -0.1676 0.9842 0.0579
vn -0.5312 0.7950 0.2928
vn -0.8169 0.5764 -0.0194
vn -0.9996 -0.0213 -0.0165
vn -0.0375 0.3290 0.9436
vn -0.0375 0.3289 0.9436
vn -0.0352 0.1728 0.9843
vn -0.0312 0.9785 0.2040
vn -0.0244 0.9949 0.0983
vn -0.0244 0.9946 0.1005
vn -0.0000 0.9778 0.2094
vn -0.9999 -0.0167 -0.0010
vn -0.9999 -0.0168 -0.0004
vn -0.9975 -0.0611 -0.0357
vn -0.9975 -0.0611 -0.0356
vn -0.9982 -0.0578 -0.0133
vn -0.9982 -0.0579 -0.0133
vn -0.9297 0.3681 -0.0081
vn -0.9952 0.0731 -0.0653
vn -0.9611 0.2432 -0.1311
vn -0.7249 0.6883 0.0277
vn -0.9751 0.0396 -0.2180
vn -0.9955 0.0229 -0.0917
vn -0.9991 -0.0414 -0.0006
vn -0.8048 0.5933 0.0157
vn -0.9566 -0.1414 0.2548
vn -0.9834 0.0173 0.1807
vn -0.9568 -0.1414 0.2541
vn -0.9763 -0.0313 -0.2142
vn -0.9753 -0.0251 -0.2193
vn -0.9952 -0.0341 -0.0918
vn -0.9941 -0.0650 -0.0863
vn -0.1701 0.9657 0.1960
vn -0.0860 0.9774 0.1929
vn -0.0604 0.9982 0.0057
vn -0.0000 0.9999 0.0105
vn -0.0000 0.9992 -0.0396
vn -0.0678 0.9968 -0.0424
vn -0.0603 0.9898 0.1292
vn -0.1719 0.9752 0.1392
vn -0.1763 0.9177 0.3560
vn -0.0703 0.9289 0.3635
vn -0.3856 0.8624 0.3279
vn -0.6497 0.6715 0.3564
vn -0.2108 0.9764 -0.0469
vn -0.1882 0.9821 -0.0039
vn -0.0000 0.9925 0.1219
vn -0.0000 0.9330 0.3599
vn -0.2351 0.9638 -0.1259
vn -0.0701 0.9884 -0.1350
vn -0.0000 0.9905 -0.1372
vn -0.0000 0.9785 -0.2062
vn -0.0681 0.9759 -0.2074
vn -0.2656 0.9422 -0.2040
vn -0.5805 0.8141 -0.0171
vn -0.5854 0.8103 -0.0272
vn -0.6168 0.7870 -0.0154
vn -0.6412 0.7672 -0.0171
vn -0.9602 0.2792 -0.0123
vn -0.9020 0.4309 0.0263
vn -0.7379 0.6749 0.0037
vn -0.9582 0.2856 0.0144
vn -0.6623 0.7492 0.0013
vn -0.6405 0.7679 -0.0108
vn -0.9598 0.2806 -0.0047
vn -0.9699 0.2418 0.0280
vn -0.6025 0.7979 -0.0183
vn -0.9997 -0.0219 -0.0060
vn -0.9998 -0.0212 -0.0010
vn -0.9939 -0.1098 -0.0092
vn -0.9960 -0.0889 -0.0095
vn -1.0000 -0.0007 -0.0041
vn -1.0000 0.0020 -0.0035
vn -0.9832 -0.1782 0.0408
vn -0.9954 -0.0375 0.0879
vn -0.9901 0.1118 0.0845
vn -0.9990 -0.0447 -0.0018
vn -0.9998 0.0024 0.0208
vn -0.9998 -0.0172 0.0087
vn -0.9999 0.0076 0.0124
vn -0.9994 0.0172 0.0296
vn -0.9974 -0.0724 -0.0017
vn -0.0000 0.5262 -0.8504
vn -0.0828 0.5284 -0.8449
vn -0.0829 0.5284 -0.8449
vn -0.2736 0.5305 -0.8024
vn -0.2735 0.5305 -0.8024
vn -0.5892 0.4942 -0.6392
vn -0.5893 0.4942 -0.6391
vn -0.7467 0.4428 -0.4963
vn -0.9554 -0.2077 -0.2099
vn -0.9719 -0.1843 -0.1462
vn -0.9555 -0.2076 -0.2098
vn -0.8530 -0.2710 -0.4460
vn -0.0907 -0.9950 -0.0410
vn -0.0905 -0.9951 -0.0409
vn -0.9834 -0.0429 -0.1764
vn -0.9735 0.1010 -0.2054
vn -0.0914 0.8883 -0.4500
vn -0.2871 0.8703 -0.4001
vn -0.2788 0.8615 -0.4243
vn -0.1023 0.8907 -0.4430
vn -0.0000 0.8858 -0.4641
vn -0.0000 0.8993 -0.4374
vn -0.0000 0.8746 -0.4848
vn -0.0736 0.8826 -0.4643
vn -0.1821 0.8867 -0.4249
vn -0.0000 0.9136 -0.4065
vn -0.0859 0.8944 -0.4390
vn -0.6024 0.7978 -0.0249
vn -0.5895 0.8075 -0.0178
vn -0.1886 0.8698 -0.4558
vn -0.3634 0.8541 -0.3722
vn -0.5487 0.7694 -0.3272
vn -0.6404 0.7665 -0.0494
vn -0.5936 0.7973 -0.1090
vn -0.5667 0.7729 -0.2855
vn -0.7763 0.6303 0.0096
vn -0.0934 0.5534 -0.8276
vn -0.0000 0.5523 -0.8336
vn -0.0935 0.5534 -0.8276
vn -0.6970 0.3792 -0.6086
vn -0.2839 0.5614 -0.7774
vn 0.0173 -0.9484 0.3167
vn -0.0000 -0.9485 0.3167
vn -0.2294 -0.3958 -0.8892
vn -0.2132 -0.3125 -0.9257
vn -0.3546 -0.3729 -0.8575
vn -0.3714 -0.4538 -0.8101
vn -0.9365 0.3239 -0.1347
vn -0.9533 0.3006 0.0305
vn -0.9365 0.3235 -0.1351
vn -0.9928 0.0846 0.0849
vn -0.9983 -0.0523 0.0274
vn -0.9971 -0.0758 -0.0017
vn -0.6207 0.7659 -0.1677
vn -0.5376 0.7872 -0.3022
vn -0.7447 0.6249 -0.2346
vn -0.9108 0.4071 0.0687
vn -0.1365 -0.3179 -0.9383
vn -0.1987 -0.2321 -0.9522
vn -0.0923 -0.4440 -0.8913
vn -0.1325 -0.4202 -0.8977
vn -0.0000 -0.3054 -0.9522
vn -0.0000 -0.3880 -0.9216
vn -0.0000 -0.4673 -0.8841
vn -0.8932 -0.0821 -0.4421
vn -0.8853 -0.1762 -0.4303
vn -0.8483 -0.2747 -0.4526
vn -0.7243 -0.3675 -0.5834
vn -0.8687 -0.2986 -0.3951
vn -0.8679 -0.3298 -0.3715
vn -0.9012 -0.1803 -0.3940
vn -0.8928 -0.2172 -0.3947
vn -0.8465 -0.3909 -0.3615
vn -0.8355 -0.4288 -0.3436
vn -0.9164 -0.1725 -0.3613
vn -0.8902 -0.2655 -0.3702
vn -0.6841 -0.4325 -0.5873
vn -0.8985 0.1332 -0.4182
vn -0.8758 0.2833 -0.3908
vn -0.8321 -0.3400 -0.4381
vn -0.8979 -0.2205 -0.3811
vn -0.9068 0.2665 -0.3268
vn -0.9494 0.0171 -0.3136
vn -0.9489 0.0215 -0.3148
vn -0.9245 0.2229 -0.3094
vn -0.6813 0.6609 -0.3148
vn -0.5292 0.7709 -0.3545
vn -0.3100 0.8696 -0.3842
vn -0.9065 -0.1522 -0.3937
vn -0.4507 0.8199 -0.3531
vn -0.5169 0.7933 -0.3217
vn -0.9233 -0.1570 -0.3505
vn -0.9497 -0.2750 -0.1500
vn -0.3748 -0.9255 -0.0549
vn -0.9080 0.0464 0.4163
vn -0.9983 -0.0402 0.0411
vn -0.8277 -0.2667 0.4937
vn -0.2396 -0.9596 0.1476
vn -0.4394 -0.8948 0.0795
vn -0.9121 -0.3786 0.1571
vn -0.1712 -0.9852 0.0017
vn -0.9154 -0.4021 -0.0170
vn -0.9773 0.1301 0.1671
vn -0.9900 -0.0502 0.1316
vn -0.9792 -0.1982 0.0441
vn -0.1449 -0.9894 0.0023
vn -0.9254 -0.3787 -0.0172
vn -0.9881 -0.1531 -0.0128
vn -0.3866 -0.9222 -0.0031
vn -0.9320 -0.3621 -0.0174
vn -0.3892 -0.9211 -0.0032
vn -0.9382 -0.3455 -0.0176
vn -0.9903 -0.1382 -0.0114
vn -0.9927 -0.1208 -0.0070
vn -0.9959 -0.0904 -0.0070
vn 0.0010 -0.9394 0.3428
vn 0.0034 -0.6814 0.7319
vn -0.0000 -0.7174 -0.6967
vn -0.0000 -0.9382 -0.3460
vn 0.0066 -0.3973 0.9177
vn 0.0111 -0.1694 0.9855
vn 0.0111 -0.1695 0.9855
vn -0.0003 -0.9876 0.1570
vn -0.0000 -0.9876 0.1570
vn -0.0000 -0.1248 0.9922
vn -0.0000 -0.0662 0.9978
vn 0.0030 -0.0169 0.9999
vn -0.0019 0.0209 0.9998
vn -0.0036 -0.0359 -0.9993
vn -0.0023 -0.1415 -0.9899
vn -0.0027 -0.1415 -0.9899
vn -0.0000 -0.7888 0.6146
vn 0.0095 -0.4106 -0.9118
vn -0.0000 -0.4613 0.8872
vn -0.0000 -0.0526 -0.9986
vn -0.0000 -0.1717 -0.9852
vn -0.0000 -0.4552 -0.8904
vn -0.0000 -0.1717 -0.9851
vn 0.0080 -0.8259 -0.5637
vn 0.0080 -0.8260 -0.5636
vn -0.0039 -0.9937 -0.1121
vn -0.0039 -0.9938 -0.1116
vn -0.9913 -0.1135 -0.0665
vn -0.9931 -0.1050 -0.0520
vn -0.9903 -0.1359 -0.0285
vn -0.9903 -0.1360 -0.0284
vn -0.9841 -0.1776 -0.0024
vn -0.9900 -0.1412 -0.0021
vn -0.9982 0.0286 -0.0518
vn -0.9942 -0.0957 0.0483
vn -0.9952 -0.0896 0.0401
vn -0.9966 -0.0774 0.0296
vn -0.9966 -0.0775 0.0296
vn -0.9960 -0.0841 0.0313
vn -0.9960 -0.0840 0.0313
vn -0.9963 -0.0756 0.0416
vn -0.9963 -0.0755 0.0416
vn -0.9980 -0.0319 0.0550
vn -0.0770 0.8876 -0.4541
vn -0.0893 0.9090 -0.4070
vn -0.1161 0.9040 -0.4114
vn -0.1087 0.8650 -0.4898
vn -0.0908 0.9141 -0.3952
vn -0.1122 0.9131 -0.3920
vn -0.0859 0.9214 -0.3791
vn -0.1022 0.9246 -0.3671
vn -0.0693 0.9444 -0.3214
vn -0.0874 0.9631 -0.2544
vn -0.0000 0.9042 -0.4272
vn -0.0000 0.9145 -0.4045
vn -0.0000 0.9174 -0.3980
vn -0.0000 0.9217 -0.3879
vn -0.0000 0.9333 -0.3592
vn -0.9278 0.3726 -0.0195
vn -0.9289 0.3689 -0.0317
vn -0.9288 0.3691 -0.0323
vn -0.9280 0.3720 -0.0197
vn -0.9267 0.3756 -0.0138
vn -0.9263 0.3766 -0.0070
vn -0.9271 0.3742 -0.0189
vn -0.9136 0.3914 -0.1100
vn -0.9120 0.3931 -0.1170
vn -0.9123 0.3928 -0.1159
vn -0.9215 0.3791 -0.0844
vn -0.9250 0.3731 -0.0721
vn -0.9200 0.3820 -0.0875
vn -0.9272 0.3681 -0.0696
vn -0.9245 0.3719 -0.0839
vn -0.9273 0.3682 -0.0670
vn -0.9271 0.3744 -0.0158
vn -0.9273 0.3719 -0.0413
vn -0.9304 0.3651 -0.0331
vn -0.9294 0.3657 -0.0500
vn -0.9307 0.3613 -0.0577
vn -0.9332 0.3519 -0.0729
vn -0.9291 0.3668 -0.0467
vn -0.9301 0.3631 -0.0561
vn -0.3263 0.7745 0.5419
vn -0.3282 0.7727 0.5432
vn -0.1546 0.8007 0.5787
vn -0.1548 0.8019 0.5770
vn -0.0000 0.4364 0.8998
vn -0.0000 -1.0000 -0.0000
vn -0.0000 -0.5042 0.8636
vn -0.0000 -0.3792 0.9253
vn -0.0371 0.9918 0.1222
vn -0.0261 0.9981 0.0557
vn -0.0000 0.5148 0.8573
vn -0.0642 0.8082 0.5854
vn -0.0650 0.8083 0.5851
vn -0.0000 0.8085 0.5885
vn -0.5422 0.7071 0.4538
vn -0.5434 0.7069 0.4528
vn -0.0604 0.3498 0.9349
vn -0.0604 0.3114 0.9483
vn -0.0604 0.3115 0.9483
vn -0.0522 0.2142 0.9754
vn -0.0196 0.2517 0.9676
vn -0.0173 0.3560 0.9343
vn -0.0198 0.3881 0.9214
vn 0.5045 -0.8634 -0.0000
vn -0.4652 -0.8852 -0.0000
vn -0.6407 -0.6870 -0.3428
vn 0.5047 -0.8633 -0.0000
vn 0.9990 -0.0438 -0.0000
vn 0.9666 -0.2564 -0.0000
vn -0.9609 -0.2769 -0.0000
vn -0.9998 0.0215 -0.0000
vn -0.8344 -0.1542 -0.5291
vn -0.8446 -0.2120 -0.4917
vn -0.5904 -0.2382 -0.7712
vn -0.6132 -0.1271 -0.7796
vn -0.6300 0.0071 -0.7765
vn -0.0000 -0.2610 0.9653
vn -0.0710 -0.2364 0.9690
vn -0.0000 -0.2252 0.9743
vn -0.0918 -0.2462 0.9649
vn -0.1320 -0.2326 0.9636
vn -0.1708 -0.2161 0.9613
vn -0.1156 0.7659 0.6325
vn -0.0902 0.7586 0.6453
vn -0.1009 0.7369 0.6684
vn -0.0600 0.7212 0.6901
vn -0.1055 0.7080 0.6983
vn -0.1106 0.7273 0.6773
vn -0.1385 0.7270 0.6726
vn -0.0394 0.7486 0.6618
vn -0.1396 0.7407 0.6572
vn -0.4567 0.3925 0.7983
vn 0.1221 0.8641 0.4883
vn -0.0222 0.8848 0.4654
vn -0.3472 -0.2998 0.8885
vn -0.1844 -0.4072 0.8946
vn -0.3472 -0.3000 0.8885
vn -0.6133 -0.1138 0.7816
vn -0.8994 -0.0447 0.4348
vn -0.9772 -0.0626 0.2028
vn -0.1725 -0.3794 0.9090
vn -0.2631 -0.2205 0.9392
vn -0.5931 -0.1143 0.7970
vn -0.9021 -0.0431 0.4294
vn -0.9794 -0.0632 0.1917
vn -0.0004 -0.9998 0.0214
vn -0.0000 -0.9999 0.0144
vn -0.0000 -0.9998 0.0180
vn -0.0000 -0.9998 0.0192
vn -0.0000 -1.0000 -0.0089
vn 0.0045 -0.9993 -0.0362
vn -0.0000 -0.9994 -0.0348
vn -0.0000 -1.0000 -0.0097
vn -0.0000 -1.0000 0.0053
vn -0.0000 -1.0000 0.0058
vn -0.0000 -1.0000 0.0055
vn 0.0088 -0.9999 -0.0061
vn 0.0117 -0.9999 -0.0088
vn -0.0000 -1.0000 -0.0061
vn 0.0133 -0.9999 -0.0104
vn 0.0053 -0.9998 -0.0199
vn -0.0032 -0.9995 -0.0305
vn -0.0022 -0.9997 -0.0249
vn -0.0001 -0.9999 -0.0133
vn -0.0021 -0.9995 -0.0310
vn -0.0000 -0.9997 -0.0235
vn -0.0086 -0.9997 -0.0235
vn 0.1180 -0.9930 -0.0000
vn 0.0351 -0.9984 -0.0453
vn 0.0502 -0.9978 -0.0444
vn 0.0281 -0.9996 -0.0050
vn -0.1229 -0.2919 -0.9485
vn -0.0000 -0.2535 -0.9673
vn -0.0000 -0.2531 -0.9674
vn -0.0759 -0.2927 -0.9532
vn -0.0000 -0.3176 -0.9482
vn -0.0999 -0.3160 -0.9435
vn 0.9949 -0.0128 -0.0997
vn -0.0000 0.9490 -0.3152
vn -0.0489 0.9479 -0.3149
vn -0.2324 0.9686 0.0879
vn -0.1708 0.9791 0.1102
vn 0.0503 0.9712 0.2330
vn 0.0481 0.9555 0.2911
vn 0.0513 0.9034 0.4258
vn 0.0431 0.8634 0.5026
vn 0.0496 0.9916 0.1198
vn 0.0785 0.9883 0.1311
vn 0.0801 0.9831 0.1644
vn 0.0800 0.9831 0.1645
vn 0.0603 0.9764 0.2075
vn 0.0567 0.9749 0.2154
vn 0.0490 0.9595 0.2774
vn 0.0497 0.9609 0.2723
vn 0.0479 0.9154 0.3998
vn 0.0488 0.9122 0.4069
vn 0.0387 0.8767 0.4795
vn 0.0367 0.8808 0.4721
vn 0.0573 0.5450 0.8365
vn 0.1523 0.5367 0.8299
vn 0.1157 0.6604 0.7420
vn 0.0469 0.7102 0.7025
vn 0.0166 0.5248 0.8511
vn 0.0182 0.7008 0.7131
vn 0.0188 0.8237 0.5667
vn 0.0357 0.8275 0.5604
vn 0.0337 0.8400 0.5416
vn 0.0329 0.8434 0.5362
vn 0.0607 0.8045 0.5909
vn 0.0369 0.8217 0.5688
vn 0.2227 0.9641 0.1446
vn 0.3646 0.9264 0.0935
vn -0.0992 0.9912 0.0875
vn -0.2342 0.9644 0.1226
vn -0.2938 0.9529 0.0754
vn -0.4160 0.9038 0.1005
vn -0.2794 0.9514 0.1294
vn -0.4574 0.8764 0.1505
vn 0.1338 0.9783 0.1582
vn 0.1884 0.9558 0.2259
vn 0.9326 0.2357 0.2735
vn 0.9649 0.1898 0.1815
vn 0.8446 0.5079 0.1694
vn 0.8743 0.4385 0.2081
vn 0.5680 0.8092 0.1503
vn 0.6664 0.7435 0.0554
vn 0.9983 -0.0297 0.0492
vn 0.9988 -0.0135 0.0468
vn 0.9988 -0.0135 0.0467
vn 0.5988 0.7762 0.1974
vn 0.7694 0.3390 0.5414
vn 0.3161 0.7242 0.6128
vn 0.3162 0.7242 0.6128
vn 0.7695 0.3389 0.5413
vn 0.8569 0.3044 0.4160
vn 0.1498 0.8329 0.5328
vn 0.1981 0.8221 0.5338
vn 0.1173 0.8388 0.5317
vn 0.0348 0.8499 0.5257
vn -0.4925 0.8356 0.2434
vn -0.3510 0.8576 0.3759
vn -0.3509 0.8576 0.3759
vn 0.0934 0.3056 0.9476
vn 0.0935 0.3056 0.9476
vn -0.2326 0.5356 0.8118
vn 0.2680 0.8113 0.5196
vn 0.4833 0.6126 0.6255
vn 0.0222 0.8848 0.4654
vn 0.0223 0.8848 0.4654
vn -0.2463 0.7728 0.5849
vn -0.1223 0.8642 0.4881
vn -0.1222 0.8641 0.4884
vn 0.4567 0.3925 0.7984
vn 0.4567 0.3924 0.7984
vn 0.5199 0.4409 0.7316
vn 0.2859 0.5305 0.7980
vn 0.3019 0.5039 0.8093
vn 0.5200 0.4409 0.7316
vn 0.8574 0.2389 0.4558
vn 0.8574 0.2390 0.4558
vn 0.9714 0.0640 0.2287
vn 0.9981 -0.0617 0.0095
vn 0.9950 -0.1002 -0.0005
vn 0.0258 0.9983 0.0522
vn 0.0255 0.9985 0.0484
vn 0.0369 0.9921 0.1200
vn 0.1354 -0.4200 0.8973
vn 0.0601 -0.4236 0.9039
vn 0.1295 -0.4047 0.9052
vn 0.0247 -0.3909 0.9201
vn 0.0247 -0.3908 0.9201
vn 0.3612 -0.1371 0.9223
vn 0.2148 -0.2112 0.9535
vn 0.3613 -0.1371 0.9223
vn 0.8820 -0.0193 0.4708
vn 0.9800 -0.0257 0.1975
vn 0.6067 -0.0672 0.7921
vn 0.6068 -0.0671 0.7920
vn 0.0648 -0.2226 0.9727
vn 0.1292 -0.2763 0.9524
vn 0.2772 -0.2995 0.9129
vn 0.2003 -0.3075 0.9302
vn 0.9751 -0.0498 0.2160
vn 0.9693 -0.1155 0.2170
vn 0.9670 -0.0857 0.2401
vn 0.9732 -0.0392 0.2267
vn 0.9870 -0.1606 -0.0043
vn 0.9955 -0.0952 -0.0027
vn 0.9954 -0.0954 -0.0027
vn 0.9870 -0.1606 -0.0042
vn 0.8686 -0.2463 0.4300
vn 0.8580 -0.2476 0.4500
vn 0.9507 -0.1729 0.2575
vn 0.9553 -0.1726 0.2401
vn 0.5940 -0.2911 0.7500
vn 0.5933 -0.2907 0.7507
vn 0.5960 -0.2591 0.7600
vn 0.8853 -0.2146 0.4125
vn 0.9870 -0.1606 -0.0032
vn 0.3902 -0.2797 0.8772
vn 0.3398 -0.2609 0.9036
vn -0.0027 -1.0000 -0.0000
vn 0.0798 -0.5232 0.8485
vn 0.1039 -0.6319 0.7680
vn -0.0028 -1.0000 -0.0000
vn -0.9545 0.2982 -0.0000
vn -0.9545 0.2983 -0.0000
vn -0.1879 0.9822 -0.0000
vn -0.0183 -0.7607 0.6488
vn -0.2123 -0.9772 -0.0000
vn 0.0009 1.0000 -0.0000
vn 0.0620 -0.5116 0.8570
vn 0.1672 0.9853 0.0345
vn 0.5481 0.8351 0.0467
vn 0.5578 0.8282 0.0534
vn 0.2122 0.9760 0.0481
vn -0.0015 0.9986 0.0525
vn 0.4610 0.8858 0.0531
vn 0.8963 0.4431 -0.0138
vn 0.4963 0.8681 -0.0129
vn 0.4571 0.8790 0.1354
vn 0.8719 0.4896 -0.0033
vn 0.8963 0.4426 -0.0263
vn 0.5329 0.8449 -0.0460
vn 0.8492 0.5195 0.0953
vn 0.9351 0.3374 -0.1086
vn 0.8237 0.5642 0.0571
vn 0.7976 0.5990 -0.0703
vn 0.8775 0.4735 -0.0761
vn 0.5926 0.7988 -0.1034
vn 0.6980 0.6698 -0.2533
vn 0.6621 0.7331 -0.1554
vn 0.8501 0.5100 -0.1311
vn 0.7963 0.5687 -0.2060
vn 0.7076 0.6731 -0.2152
vn 0.6413 0.7098 -0.2912
vn 0.1676 0.9842 0.0579
vn 0.5312 0.7950 0.2928
vn 0.8169 0.5764 -0.0194
vn 0.9996 -0.0213 -0.0166
vn 0.9996 -0.0213 -0.0165
vn 0.0375 0.3290 0.9436
vn 0.0352 0.1728 0.9843
vn 0.0375 0.3289 0.9436
vn 0.0311 0.9785 0.2040
vn 0.0244 0.9946 0.1005
vn 0.0244 0.9949 0.0983
vn 0.9999 -0.0167 -0.0010
vn 0.9999 -0.0168 -0.0004
vn 0.9975 -0.0611 -0.0357
vn 0.9982 -0.0579 -0.0133
vn 0.9975 -0.0611 -0.0356
vn 0.9297 0.3681 -0.0081
vn 0.9611 0.2432 -0.1311
vn 0.9952 0.0731 -0.0653
vn 0.7249 0.6883 0.0277
vn 0.9751 0.0396 -0.2180
vn 0.9955 0.0229 -0.0917
vn 0.9991 -0.0414 -0.0006
vn 0.8048 0.5933 0.0157
vn 0.9566 -0.1414 0.2548
vn 0.9834 0.0173 0.1807
vn 0.9568 -0.1414 0.2541
vn 0.9763 -0.0313 -0.2142
vn 0.9941 -0.0651 -0.0863
vn 0.9952 -0.0341 -0.0918
vn 0.9754 -0.0254 -0.2190
vn 0.1701 0.9657 0.1960
vn 0.0860 0.9774 0.1929
vn 0.0604 0.9982 0.0057
vn 0.0678 0.9968 -0.0424
vn 0.0603 0.9898 0.1292
vn 0.0703 0.9289 0.3635
vn 0.1764 0.9177 0.3560
vn 0.1719 0.9752 0.1392
vn 0.3856 0.8624 0.3280
vn 0.6497 0.6715 0.3564
vn 0.1882 0.9821 -0.0039
vn 0.2108 0.9764 -0.0470
vn 0.2351 0.9638 -0.1259
vn 0.0701 0.9884 -0.1350
vn 0.0681 0.9759 -0.2074
vn 0.2656 0.9422 -0.2040
vn 0.5805 0.8141 -0.0171
vn 0.6412 0.7672 -0.0171
vn 0.6168 0.7870 -0.0154
vn 0.5854 0.8103 -0.0272
vn 0.9602 0.2792 -0.0123
vn 0.9020 0.4309 0.0263
vn 0.7379 0.6749 0.0037
vn 0.9582 0.2856 0.0144
vn 0.9598 0.2806 -0.0046
vn 0.6405 0.7679 -0.0108
vn 0.6623 0.7492 0.0012
vn 0.9699 0.2418 0.0280
vn 0.6025 0.7979 -0.0183
vn 0.9997 -0.0219 -0.0060
vn 0.9960 -0.0889 -0.0095
vn 0.9939 -0.1098 -0.0092
vn 0.9998 -0.0212 -0.0010
vn 1.0000 -0.0007 -0.0041
vn 1.0000 0.0019 -0.0035
vn 0.9832 -0.1782 0.0408
vn 0.9954 -0.0375 0.0879
vn 0.9901 0.1118 0.0845
vn 0.9990 -0.0447 -0.0018
vn 0.9998 0.0024 0.0208
vn 0.9998 -0.0172 0.0087
vn 0.9999 0.0076 0.0124
vn 0.9994 0.0172 0.0296
vn 0.9974 -0.0724 -0.0017
vn 0.0829 0.5284 -0.8449
vn 0.0828 0.5284 -0.8449
vn 0.2736 0.5305 -0.8024
vn 0.2735 0.5305 -0.8024
vn 0.5892 0.4942 -0.6392
vn 0.5893 0.4942 -0.6391
vn 0.7467 0.4428 -0.4963
vn 0.9555 -0.2076 -0.2097
vn 0.9719 -0.1843 -0.1462
vn 0.8530 -0.2710 -0.4460
vn 0.0905 -0.9951 -0.0409
vn 0.0907 -0.9950 -0.0411
vn 0.9834 -0.0429 -0.1764
vn 0.9735 0.1010 -0.2054
vn 0.0914 0.8883 -0.4500
vn 0.1023 0.8907 -0.4430
vn 0.2788 0.8615 -0.4243
vn 0.2870 0.8704 -0.4001
vn 0.0736 0.8826 -0.4643
vn 0.1821 0.8867 -0.4249
vn 0.0859 0.8944 -0.4390
vn 0.6024 0.7978 -0.0250
vn 0.5895 0.8075 -0.0178
vn 0.1886 0.8698 -0.4558
vn 0.3635 0.8540 -0.3722
vn 0.5487 0.7694 -0.3272
vn 0.5936 0.7973 -0.1090
vn 0.6404 0.7665 -0.0494
vn 0.5667 0.7729 -0.2855
vn 0.7763 0.6303 0.0096
vn 0.0934 0.5534 -0.8276
vn 0.0935 0.5534 -0.8276
vn 0.6970 0.3792 -0.6086
vn 0.2839 0.5614 -0.7774
vn -0.0173 -0.9484 0.3167
vn 0.2294 -0.3958 -0.8892
vn 0.3714 -0.4538 -0.8101
vn 0.3546 -0.3729 -0.8575
vn 0.2132 -0.3125 -0.9257
vn 0.9365 0.3239 -0.1347
vn 0.9365 0.3235 -0.1351
vn 0.9533 0.3006 0.0305
vn 0.9928 0.0846 0.0849
vn 0.9983 -0.0523 0.0274
vn 0.9983 -0.0524 0.0273
vn 0.9971 -0.0758 -0.0017
vn 0.6207 0.7659 -0.1677
vn 0.5376 0.7872 -0.3022
vn 0.9108 0.4071 0.0687
vn 0.7447 0.6249 -0.2346
vn 0.1365 -0.3179 -0.9383
vn 0.1987 -0.2321 -0.9522
vn 0.0923 -0.4440 -0.8913
vn 0.1325 -0.4202 -0.8977
vn 0.8932 -0.0821 -0.4421
vn 0.7243 -0.3675 -0.5834
vn 0.8483 -0.2747 -0.4526
vn 0.8853 -0.1762 -0.4303
vn 0.8687 -0.2986 -0.3951
vn 0.8928 -0.2172 -0.3947
vn 0.9012 -0.1804 -0.3940
vn 0.8679 -0.3298 -0.3715
vn 0.8465 -0.3909 -0.3615
vn 0.8355 -0.4288 -0.3436
vn 0.9164 -0.1725 -0.3613
vn 0.8902 -0.2656 -0.3702
vn 0.6841 -0.4325 -0.5873
vn 0.8757 0.2834 -0.3908
vn 0.8985 0.1332 -0.4182
vn 0.8321 -0.3400 -0.4381
vn 0.8979 -0.2205 -0.3811
vn 0.9068 0.2665 -0.3268
vn 0.9245 0.2229 -0.3094
vn 0.9489 0.0215 -0.3148
vn 0.9494 0.0171 -0.3136
vn 0.6813 0.6609 -0.3148
vn 0.5292 0.7709 -0.3544
vn 0.3100 0.8696 -0.3842
vn 0.9065 -0.1522 -0.3937
vn 0.4507 0.8199 -0.3531
vn 0.5169 0.7933 -0.3217
vn 0.9233 -0.1570 -0.3505
vn 0.3748 -0.9255 -0.0549
vn 0.9497 -0.2750 -0.1500
vn 0.9080 0.0464 0.4163
vn 0.9983 -0.0402 0.0411
vn 0.8277 -0.2667 0.4937
vn 0.9121 -0.3786 0.1571
vn 0.4394 -0.8948 0.0795
vn 0.2396 -0.9596 0.1476
vn 0.1712 -0.9852 0.0017
vn 0.9154 -0.4021 -0.0170
vn 0.9773 0.1301 0.1672
vn 0.9792 -0.1982 0.0441
vn 0.9900 -0.0502 0.1316
vn 0.1449 -0.9894 0.0023
vn 0.9253 -0.3787 -0.0172
vn 0.9881 -0.1531 -0.0128
vn 0.3866 -0.9222 -0.0031
vn 0.9320 -0.3620 -0.0174
vn 0.3892 -0.9211 -0.0032
vn 0.9383 -0.3454 -0.0177
vn 0.9903 -0.1382 -0.0114
vn 0.9927 -0.1208 -0.0070
vn 0.9959 -0.0904 -0.0070
vn -0.0010 -0.9394 0.3428
vn -0.0034 -0.6814 0.7319
vn -0.0066 -0.3972 0.9177
vn -0.0066 -0.3973 0.9177
vn -0.0111 -0.1695 0.9855
vn -0.0111 -0.1696 0.9855
vn 0.0001 -0.9876 0.1570
vn -0.0030 -0.0169 0.9999
vn 0.0019 0.0209 0.9998
vn 0.0036 -0.0359 -0.9993
vn 0.0023 -0.1415 -0.9899
vn 0.0020 -0.1415 -0.9899
vn -0.0001 -0.7888 0.6146
vn -0.0095 -0.4106 -0.9117
vn -0.0080 -0.8260 -0.5636
vn -0.0080 -0.8259 -0.5637
vn 0.0039 -0.9938 -0.1116
vn 0.0039 -0.9937 -0.1116
vn 0.9913 -0.1135 -0.0665
vn 0.9931 -0.1050 -0.0520
vn 0.9903 -0.1360 -0.0284
vn 0.9841 -0.1776 -0.0024
vn 0.9900 -0.1412 -0.0021
vn 0.9982 0.0286 -0.0518
vn 0.9942 -0.0957 0.0483
vn 0.9951 -0.0899 0.0404
vn 0.9952 -0.0896 0.0401
vn 0.9966 -0.0775 0.0296
vn 0.9960 -0.0840 0.0313
vn 0.9960 -0.0841 0.0313
vn 0.9963 -0.0755 0.0416
vn 0.9963 -0.0756 0.0416
vn 0.9980 -0.0319 0.0550
vn 0.0770 0.8876 -0.4541
vn 0.1087 0.8650 -0.4898
vn 0.1161 0.9040 -0.4114
vn 0.0893 0.9091 -0.4070
vn 0.1122 0.9131 -0.3920
vn 0.0909 0.9141 -0.3952
vn 0.1022 0.9246 -0.3671
vn 0.0859 0.9214 -0.3791
vn 0.0874 0.9631 -0.2544
vn 0.0693 0.9444 -0.3214
vn 0.9278 0.3726 -0.0195
vn 0.9282 0.3715 -0.0196
vn 0.9289 0.3690 -0.0323
vn 0.9289 0.3689 -0.0317
vn 0.9271 0.3742 -0.0189
vn 0.9263 0.3767 -0.0071
vn 0.9267 0.3756 -0.0138
vn 0.9136 0.3914 -0.1100
vn 0.9215 0.3791 -0.0844
vn 0.9123 0.3928 -0.1159
vn 0.9120 0.3931 -0.1170
vn 0.9200 0.3820 -0.0875
vn 0.9250 0.3731 -0.0720
vn 0.9245 0.3719 -0.0839
vn 0.9272 0.3681 -0.0696
vn 0.9273 0.3682 -0.0670
vn 0.9271 0.3744 -0.0158
vn 0.9273 0.3719 -0.0413
vn 0.9304 0.3651 -0.0331
vn 0.9332 0.3519 -0.0730
vn 0.9307 0.3613 -0.0577
vn 0.9294 0.3657 -0.0500
vn 0.9301 0.3629 -0.0562
vn 0.9291 0.3668 -0.0467
vn 0.3263 0.7745 0.5419
vn 0.1548 0.8019 0.5770
vn 0.1546 0.8007 0.5787
vn 0.3282 0.7727 0.5433
vn 0.0371 0.9918 0.1222
vn 0.0261 0.9981 0.0557
vn 0.0642 0.8082 0.5854
vn 0.0650 0.8083 0.5851
vn 0.5422 0.7071 0.4538
vn 0.5433 0.7069 0.4528
vn 0.0604 0.3497 0.9349
vn 0.0604 0.3113 0.9484
vn 0.0522 0.2142 0.9754
vn 0.0196 0.2517 0.9676
vn 0.0173 0.3561 0.9343
vn 0.0198 0.3881 0.9214
vn -0.5045 -0.8634 -0.0000
vn -0.5047 -0.8633 -0.0000
vn 0.6407 -0.6870 -0.3428
vn 0.4652 -0.8852 -0.0000
vn -0.9990 -0.0438 -0.0000
vn -0.9666 -0.2564 -0.0000
vn 0.9609 -0.2769 -0.0000
vn 0.8445 -0.2121 -0.4917
vn 0.8344 -0.1542 -0.5291
vn 0.9998 0.0215 -0.0000
vn 0.6132 -0.1271 -0.7796
vn 0.5904 -0.2382 -0.7712
vn 0.6300 0.0071 -0.7765
vn 0.0710 -0.2364 0.9690
vn 0.0917 -0.2462 0.9649
vn 0.1320 -0.2326 0.9636
vn 0.1708 -0.2161 0.9613
vn 0.1156 0.7659 0.6325
vn 0.1009 0.7369 0.6684
vn 0.0903 0.7586 0.6452
vn 0.0601 0.7212 0.6901
vn 0.1055 0.7080 0.6983
vn 0.1105 0.7273 0.6774
vn 0.1385 0.7270 0.6726
vn 0.0394 0.7486 0.6618
vn 0.1396 0.7407 0.6572
vn 0.4567 0.3925 0.7983
vn -0.1221 0.8641 0.4883
vn 0.0939 0.3055 0.9475
vn 0.3472 -0.2998 0.8885
vn 0.3472 -0.3000 0.8885
vn 0.1844 -0.4072 0.8946
vn 0.6133 -0.1138 0.7816
vn 0.8994 -0.0447 0.4348
vn 0.9772 -0.0626 0.2028
vn 0.1725 -0.3794 0.9090
vn 0.2631 -0.2205 0.9392
vn 0.5931 -0.1143 0.7970
vn 0.9021 -0.0431 0.4294
vn 0.9794 -0.0632 0.1917
vn 0.0004 -0.9998 0.0214
vn -0.0045 -0.9993 -0.0362
vn -0.0088 -0.9999 -0.0061
vn -0.0117 -0.9999 -0.0088
vn -0.0133 -0.9999 -0.0104
vn -0.0053 -0.9998 -0.0199
vn 0.0032 -0.9995 -0.0305
vn 0.0022 -0.9997 -0.0249
vn 0.0001 -0.9999 -0.0133
vn 0.0021 -0.9995 -0.0310
vn 0.0086 -0.9997 -0.0235
vn -0.1180 -0.9930 -0.0000
vn -0.0502 -0.9978 -0.0444
vn -0.0351 -0.9984 -0.0453
vn -0.0281 -0.9996 -0.0050
vn 0.1229 -0.2919 -0.9485
vn 0.0759 -0.2927 -0.9532
vn 0.0999 -0.3160 -0.9435
vn -0.9949 -0.0128 -0.0997
vn 0.0489 0.9479 -0.3149
vn -0.9934 0.0001 -0.1145
vn -0.7025 -0.7025 -0.1145
vn -0.7071 -0.7071 -0.0000
vn -1.0000 -0.0000 -0.0000
vn 0.0001 0.9934 -0.1145
vn -0.7025 0.7025 -0.1145
vn -0.7071 0.7071 -0.0000
vn 0.7025 0.7024 -0.1145
vn 0.7071 0.7071 -0.0000
vn 0.7024 -0.7025 -0.1145
vn 0.9934 -0.0000 -0.1145
vn 1.0000 -0.0000 -0.0000
vn 0.7071 -0.7071 -0.0000
vn -0.0000 -0.9934 -0.1145
vn 0.7438 -0.0000 -0.6684
vn 0.5260 0.5260 -0.6684
vn -0.0000 -0.7438 -0.6684
vn 0.5260 -0.5260 -0.6684
vn -0.5260 -0.5260 -0.6684
vn -0.5260 0.5260 -0.6684
vn -0.7438 -0.0000 -0.6684
vn -0.0000 0.7438 -0.6684
vn -0.0000 -0.8218 -0.5698
vn 0.5811 -0.5811 -0.5698
vn -0.5811 -0.5811 -0.5698
vn -0.5811 0.5811 -0.5698
vn -0.8218 -0.0000 -0.5698
vn 0.5811 0.5811 -0.5698
vn -0.0000 0.8218 -0.5698
vn 0.8218 -0.0000 -0.5698
vn -0.0000 -0.0000 -1.0000
vn -0.0000 0.9934 -0.1145
vn -0.0001 -0.9934 -0.1145
vn 0.5259 0.5260 -0.6684
vn -0.2719 -0.9380 0.2150
vn -0.8708 -0.3556 0.3396
vn -0.8698 -0.3755 0.3200
vn -0.2758 -0.9237 0.2661
vn -0.7544 -0.3778 0.5368
vn -0.4225 -0.7914 0.4418
vn -0.6765 0.3597 0.6427
vn -0.3016 0.8827 0.3603
vn -0.5038 0.7518 0.4254
vn -0.3023 0.8209 0.4846
vn 0.0836 -0.1716 0.9816
vn -0.0517 -0.2261 0.9727
vn -0.1299 -0.0371 0.9908
vn -0.1151 -0.9797 0.1639
vn 0.0190 0.9733 0.2286
vn -0.0089 0.9169 0.3991
vn 0.9771 0.0963 -0.1900
vn -0.3749 0.1490 0.9150
vn -0.2338 0.3617 0.9025
vn -0.3148 -0.4213 0.8505
vn -0.8053 -0.5890 0.0670
vn -0.2827 -0.8563 0.4322
vn 0.5794 0.0708 0.8120
vn 0.5793 0.0708 0.8120
vn 0.0491 0.2159 0.9752
vn 0.2765 0.0423 0.9601
vn 0.0542 -0.1355 0.9893
vn 0.0222 -0.3916 0.9199
vn 0.3614 -0.9298 0.0697
vn 0.9595 0.1968 -0.2014
vn 0.9404 0.2687 -0.2083
vn -0.9070 -0.2591 0.3320
vn 0.1363 0.0209 -0.9905
vn 0.1299 0.0371 -0.9908
vn -0.1445 -0.0000 0.9895
vn 0.1445 -0.0000 -0.9895
vn -0.1299 0.9913 -0.0190
vn 0.0907 0.9958 0.0132
vn -0.5210 0.8502 -0.0761
vn 0.2687 -0.9624 0.0392
vn -0.0527 -0.9986 -0.0077
vn -0.9843 -0.1020 -0.1437
vn 0.8616 0.4918 0.1258
vn 0.4973 -0.8645 0.0726
vn 0.2719 -0.9380 0.2150
vn 0.2758 -0.9236 0.2662
vn 0.8698 -0.3755 0.3200
vn 0.8708 -0.3556 0.3396
vn 0.7544 -0.3778 0.5368
vn 0.6765 0.3597 0.6426
vn 0.4225 -0.7914 0.4418
vn 0.3016 0.8827 0.3603
vn 0.3023 0.8209 0.4846
vn 0.5038 0.7518 0.4254
vn -0.0836 -0.1716 0.9816
vn 0.1299 -0.0371 0.9908
vn 0.0517 -0.2261 0.9727
vn 0.1151 -0.9797 0.1639
vn -0.0190 0.9733 0.2286
vn 0.0089 0.9169 0.3991
vn -0.9771 0.0963 -0.1900
vn 0.2338 0.3617 0.9025
vn 0.3749 0.1490 0.9150
vn 0.3148 -0.4213 0.8505
vn 0.2827 -0.8563 0.4322
vn 0.8053 -0.5890 0.0670
vn -0.5794 0.0708 0.8120
vn -0.2765 0.0423 0.9601
vn -0.0491 0.2159 0.9752
vn -0.5793 0.0708 0.8120
vn -0.0222 -0.3916 0.9199
vn -0.0542 -0.1356 0.9893
vn -0.3614 -0.9298 0.0697
vn -0.9595 0.1968 -0.2014
vn -0.9404 0.2687 -0.2083
vn 0.9070 -0.2591 0.3320
vn -0.1363 0.0210 -0.9905
vn -0.1299 0.0371 -0.9908
vn -0.1363 0.0209 -0.9905
vn 0.1445 -0.0000 0.9895
vn -0.1445 -0.0000 -0.9895
vn 0.1299 0.9913 -0.0190
vn -0.0907 0.9958 0.0132
vn 0.5210 0.8502 -0.0761
vn -0.2687 -0.9624 0.0392
vn 0.0527 -0.9986 -0.0077
vn 0.9843 -0.1020 -0.1437
vn -0.8616 0.4918 0.1258
vn -0.4973 -0.8645 0.0726
vn -0.0444 0.9979 0.0468
vn -0.0288 0.9822 0.1857
vn -0.0000 0.9794 0.2017
vn -0.0000 0.9972 0.0751
vn -0.1345 0.9908 -0.0176
vn -0.0760 0.9965 -0.0337
vn -0.1950 0.9796 0.0477
vn -0.9410 -0.0000 -0.3385
vn -0.1587 -0.0000 -0.9873
vn -0.1586 -0.0000 -0.9873
vn -0.2988 -0.0000 -0.9543
vn -0.0000 -0.9370 -0.3494
vn -0.0270 -0.9474 -0.3188
vn -0.0271 -0.9474 -0.3188
vn -0.0317 -0.0000 -0.9995
vn -0.6941 -0.0000 -0.7198
vn 0.0130 0.8549 0.5187
vn -0.0000 0.8589 0.5122
vn -0.0437 0.9947 -0.0927
vn -0.0762 0.9959 -0.0496
vn -0.0447 0.9952 -0.0872
vn -0.0446 0.9952 -0.0872
vn -0.1842 0.9782 0.0962
vn -0.8221 -0.0000 0.5694
vn -0.1590 -0.9798 -0.1214
vn -0.1589 -0.9798 -0.1214
vn -0.2105 -0.9756 0.0630
vn -0.9990 -0.0000 0.0451
vn 0.1241 0.8572 0.4999
vn -0.0000 0.9952 -0.0983
vn 0.4161 0.8286 0.3746
vn 0.0444 0.9979 0.0468
vn 0.0288 0.9822 0.1857
vn 0.1345 0.9908 -0.0176
vn 0.0760 0.9965 -0.0337
vn 0.1950 0.9796 0.0477
vn 0.9410 -0.0000 -0.3385
vn 0.1588 -0.0000 -0.9873
vn 0.2988 -0.0000 -0.9543
vn 0.1586 -0.0000 -0.9873
vn 0.0271 -0.9474 -0.3188
vn 0.0270 -0.9474 -0.3188
vn 0.0317 -0.0000 -0.9995
vn 0.6941 -0.0000 -0.7198
vn -0.0130 0.8549 0.5187
vn 0.0437 0.9947 -0.0927
vn 0.0446 0.9952 -0.0872
vn 0.0447 0.9952 -0.0872
vn 0.0762 0.9959 -0.0496
vn 0.1842 0.9782 0.0962
vn 0.8221 -0.0000 0.5694
vn 0.1589 -0.9798 -0.1214
vn 0.1590 -0.9798 -0.1214
vn 0.2105 -0.9756 0.0630
vn 0.9990 -0.0000 0.0451
vn -0.1241 0.8572 0.4999
vn -0.4161 0.8286 0.3746
vt 0.000000 0.000000
s 1
usemtl carPaint
f 338/1/1 130/1/2 157/1/2 339/1/1
f 334/1/3 326/1/4 9/1/5 138/1/6
f 330/1/7 324/1/8 10/1/9 145/1/10
f 35/1/11 70/1/12 130/1/12 338/1/13
f 140/1/14 71/1/15 131/1/16 141/1/17
f 146/1/18 46/1/19 47/1/20 147/1/21
f 133/1/22 134/1/23 132/1/24 398/1/25
f 327/1/26 328/1/27 134/1/23 133/1/22
f 329/1/28 328/1/27 49/1/29 135/1/30
f 324/1/8 329/1/31 135/1/32 10/1/9
f 47/1/20 46/1/19 52/1/33 136/1/34
f 132/1/24 134/1/23 136/1/35 52/1/36
f 139/1/37 142/1/38 125/1/39 38/1/40
f 142/1/38 140/1/41 70/1/42 125/1/39
f 137/1/43 71/1/44 140/1/41 142/1/38
f 39/1/45 137/1/43 142/1/38 139/1/37
f 70/1/12 140/1/14 141/1/17 130/1/12
f 130/1/2 141/1/46 157/1/2
f 55/1/47 143/1/48 128/1/49 198/1/50
f 38/1/40 124/1/51 144/1/52 139/1/37
f 62/1/53 128/1/53 203/1/54 63/1/54
f 139/1/37 144/1/52 43/1/55 39/1/45
f 43/1/55 144/1/52 128/1/49 143/1/48
f 44/1/56 56/1/57 53/1/58 42/1/59
f 45/1/60 43/1/55 143/1/48 55/1/47
f 45/1/60 55/1/47 56/1/57 44/1/56
f 52/1/61 46/1/62 74/1/63 48/1/64
f 48/1/64 74/1/63 42/1/59 53/1/58
f 71/1/15 146/1/18 147/1/21 131/1/16
f 326/1/4 330/1/7 145/1/10 9/1/5
f 72/1/65 71/1/44 137/1/43 39/1/45
f 73/1/66 146/1/67 71/1/44 72/1/65
f 146/1/67 73/1/66 74/1/63 46/1/62
f 53/1/81 400/1/82 399/1/83 48/1/84
f 56/1/85 401/1/86 400/1/82 53/1/81
f 55/1/87 402/1/87 401/1/86 56/1/85
f 54/1/88 79/1/89 197/1/89 198/1/88
f 48/1/84 132/1/24 52/1/36
f 398/1/25 132/1/24 48/1/84 399/1/83
f 336/1/90 325/1/91 8/1/92 36/1/93
f 325/1/91 334/1/3 138/1/6 8/1/92
f 398/1/94 403/1/95 166/1/96 133/1/96
f 331/1/97 327/1/98 133/1/96 166/1/96
f 386/1/106 387/1/106 171/1/107 60/1/107
f 60/1/107 171/1/107 162/1/108 58/1/109
f 402/1/110 197/1/111 194/1/112 407/1/113
f 174/1/114 195/1/115 194/1/116 167/1/116
f 176/1/117 175/1/118 61/1/119 172/1/120
f 177/1/121 176/1/117 172/1/120 173/1/122
f 405/1/123 406/1/124 176/1/117 177/1/121
f 406/1/124 407/1/113 175/1/118 176/1/117
f 57/1/125 199/1/125 195/1/115 174/1/114
f 161/1/126 404/1/127 405/1/123 177/1/121
f 162/1/108 161/1/126 58/1/109
f 173/1/122 58/1/109 161/1/126 177/1/121
f 166/1/128 403/1/129 183/1/130 184/1/131
f 161/1/132 162/1/133 181/1/133 180/1/134
f 403/1/129 404/1/135 179/1/136 183/1/130
f 162/1/133 171/1/137 185/1/137 181/1/133
f 331/1/129 166/1/128 184/1/131 332/1/138
f 387/1/137 164/1/139 182/1/139 388/1/137
f 404/1/135 161/1/132 180/1/134 179/1/136
f 188/1/140 187/1/141 41/1/142 40/1/143
f 189/1/144 188/1/140 40/1/143 186/1/145
f 361/1/146 360/1/147 116/1/148 117/1/149
f 361/1/146 117/1/149 114/1/150 362/1/151
f 360/1/147 364/1/152 118/1/153 116/1/148
f 364/1/152 373/1/154 119/1/155 118/1/153
f 362/1/151 114/1/150 113/1/156 363/1/157
f 112/1/158 365/1/159 367/1/160 274/1/161
f 112/1/158 115/1/162 366/1/163 365/1/159
f 35/1/11 34/1/164 188/1/140 189/1/144
f 34/1/164 347/1/165 187/1/141 188/1/140
f 186/1/145 38/1/40 125/1/39 189/1/144
f 35/1/11 189/1/144 125/1/39 70/1/42
f 38/1/40 186/1/145 190/1/166 124/1/51
f 63/1/54 203/1/54 200/1/167 64/1/167
f 348/1/171 340/1/172 191/1/173 7/1/174
f 276/1/175 278/1/175 202/1/176 67/1/176
f 65/1/177 201/1/178 196/1/179 66/1/180
f 64/1/167 200/1/167 201/1/178 65/1/177
f 80/1/181 193/1/182 200/1/183 190/1/166
f 80/1/181 40/1/143 41/1/142 129/1/184
f 40/1/143 80/1/181 190/1/166 186/1/145
f 198/1/88 128/1/53 62/1/53 54/1/88
f 201/1/185 200/1/183 193/1/182 192/1/186
f 194/1/116 197/1/187 79/1/187 167/1/116
f 203/1/188 128/1/49 144/1/52 124/1/51
f 194/1/112 195/1/189 175/1/118 407/1/113
f 200/1/183 203/1/188 124/1/51 190/1/166
f 198/1/190 197/1/190 402/1/87 55/1/87
f 195/1/189 199/1/191 61/1/119 175/1/118
f 278/1/192 196/1/193 126/1/194 277/1/195
f 196/1/193 201/1/185 192/1/186 126/1/194
f 346/1/196 347/1/165 34/1/164 35/1/11
f 349/1/197 346/1/196 35/1/11 338/1/13
f 206/1/198 205/1/199 4/1/200 99/1/201
f 210/1/202 208/1/203 342/1/204 343/1/205
f 341/1/206 116/1/148 118/1/153 345/1/207
f 99/1/201 100/1/208 207/1/209 206/1/198
f 210/1/202 209/1/210 205/1/199 206/1/198
f 343/1/205 344/1/211 209/1/210 210/1/202
f 206/1/198 207/1/209 208/1/203 210/1/202
f 116/1/148 208/1/203 207/1/209 117/1/149
f 342/1/204 208/1/203 116/1/148 341/1/206
f 100/1/208 114/1/150 117/1/149 207/1/209
f 345/1/207 118/1/153 119/1/155 347/1/165
f 213/1/212 100/1/208 99/1/201 212/1/213
f 211/1/214 353/1/215 351/1/216 212/1/213
f 4/1/200 211/1/214 212/1/213 99/1/201
f 352/1/217 213/1/212 212/1/213 351/1/216
f 100/1/208 213/1/212 113/1/156 114/1/150
f 113/1/156 213/1/212 352/1/217 274/1/161
f 41/1/142 187/1/141 347/1/165 119/1/155
f 371/1/218 370/1/219 120/1/220 221/1/221
f 220/1/222 221/1/221 120/1/220 82/1/223
f 119/1/155 216/1/224 129/1/184 41/1/142
f 217/1/225 218/1/226 214/1/227 81/1/228
f 129/1/184 216/1/224 215/1/229 80/1/181
f 215/1/229 216/1/224 218/1/226 217/1/225
f 119/1/155 373/1/154 218/1/226 216/1/224
f 373/1/154 372/1/230 214/1/227 218/1/226
f 81/1/228 214/1/227 221/1/221 220/1/222
f 372/1/230 371/1/218 221/1/221 214/1/227
f 223/1/231 224/1/232 123/1/233 222/1/234
f 226/1/235 227/1/236 224/1/232 223/1/231
f 122/1/237 123/1/233 224/1/232 121/1/238
f 227/1/236 225/1/239 121/1/238 224/1/232
f 220/1/222 82/1/223 225/1/239 227/1/236
f 81/1/228 220/1/222 227/1/236 226/1/235
f 231/1/240 126/1/194 192/1/186 232/1/241
f 229/1/242 230/1/243 226/1/235 223/1/231
f 232/1/241 233/1/244 230/1/243 229/1/242
f 222/1/234 228/1/245 229/1/242 223/1/231
f 192/1/186 193/1/182 233/1/244 232/1/241
f 228/1/245 231/1/240 232/1/241 229/1/242
f 193/1/182 80/1/181 215/1/229 233/1/244
f 217/1/225 230/1/243 233/1/244 215/1/229
f 81/1/228 226/1/235 230/1/243 217/1/225
f 90/1/254 92/1/255 236/1/255 235/1/256
f 262/1/257 263/1/257 159/1/258 91/1/259
f 92/1/260 89/1/261 234/1/261 236/1/260
f 240/1/262 237/1/263 110/1/264 239/1/265
f 20/1/266 240/1/262 239/1/265 111/1/267
f 20/1/266 21/1/268 107/1/269 240/1/262
f 106/1/270 237/1/263 240/1/262 107/1/269
f 6/1/271 111/1/267 239/1/265 358/1/272
f 369/1/273 238/1/274 120/1/220 370/1/219
f 358/1/272 239/1/265 110/1/264 357/1/275
f 356/1/276 357/1/275 110/1/264 241/1/277
f 369/1/273 368/1/278 242/1/279 238/1/274
f 368/1/278 366/1/163 243/1/280 242/1/279
f 241/1/277 243/1/280 366/1/163 115/1/162
f 82/1/223 120/1/220 238/1/274 244/1/281
f 105/1/282 22/1/283 415/1/283 416/1/284
f 104/1/285 103/1/286 248/1/286 249/1/285
f 103/1/286 105/1/282 416/1/284 248/1/286
f 250/1/287 23/1/288 417/1/288 420/1/287
f 416/1/289 413/1/290 247/1/291 248/1/292
f 88/1/293 87/1/294 252/1/294 254/1/295
f 88/1/293 254/1/295 234/1/261 89/1/261
f 86/1/296 85/1/297 255/1/297 256/1/296
f 85/1/297 84/1/298 253/1/298 255/1/297
f 86/1/296 256/1/296 252/1/294 87/1/294
f 238/1/274 242/1/279 258/1/299 244/1/281
f 242/1/279 243/1/280 257/1/300 258/1/299
f 237/1/263 257/1/300 243/1/280 110/1/264
f 244/1/281 258/1/299 254/1/301 252/1/302
f 260/1/303 259/1/304 247/1/291 413/1/290
f 96/1/305 95/1/306 259/1/304 260/1/303
f 414/1/307 163/1/308 260/1/303 413/1/290
f 93/1/309 96/1/305 260/1/303 163/1/308
f 265/1/310 264/1/311 261/1/312 246/1/313
f 270/1/314 263/1/315 235/1/316 269/1/317
f 267/1/318 159/1/319 263/1/315 270/1/314
f 94/1/320 97/1/321 264/1/311 265/1/310
f 90/1/254 235/1/256 263/1/257 262/1/257
f 248/1/292 247/1/291 246/1/313 249/1/322
f 104/1/285 249/1/285 266/1/323 102/1/324
f 246/1/313 261/1/312 266/1/325 249/1/322
f 271/1/326 266/1/325 261/1/312 269/1/317
f 268/1/327 271/1/328 236/1/329 234/1/330
f 272/1/331 268/1/327 234/1/330 254/1/301
f 108/1/332 237/1/263 106/1/270 109/1/333
f 108/1/332 102/1/324 268/1/327 272/1/331
f 102/1/324 266/1/323 271/1/328 268/1/327
f 236/1/334 271/1/326 269/1/317 235/1/316
f 97/1/321 267/1/318 270/1/314 264/1/311
f 264/1/311 270/1/314 269/1/317 261/1/312
f 257/1/300 237/1/263 108/1/332 272/1/331
f 258/1/299 257/1/300 272/1/331 254/1/301
f 241/1/277 110/1/264 243/1/280
f 355/1/335 356/1/276 241/1/277 115/1/162
f 115/1/162 112/1/158 354/1/336 355/1/335
f 274/1/161 367/1/160 363/1/157 113/1/156
f 352/1/217 354/1/336 112/1/158 274/1/161
f 202/1/337 278/1/337 277/1/338 127/1/339
f 66/1/180 196/1/179 278/1/175 276/1/175
f 255/1/340 253/1/340 279/1/340
f 84/1/341 83/1/341 280/1/341 253/1/341
f 253/1/342 280/1/343 101/1/344 279/1/345
f 281/1/346 282/1/347 279/1/345 101/1/344
f 225/1/239 82/1/223 244/1/281 252/1/302
f 225/1/239 252/1/302 256/1/348
f 122/1/237 121/1/238 255/1/349 279/1/350
f 255/1/349 121/1/238 225/1/239 256/1/348
f 284/1/351 283/1/352 282/1/347 281/1/346
f 123/1/233 122/1/237 279/1/350 282/1/353
f 286/1/354 285/1/355 283/1/352 284/1/351
f 288/1/356 287/1/357 285/1/355 286/1/354
f 127/1/339 277/1/338 287/1/357 288/1/356
f 222/1/234 123/1/233 282/1/353 283/1/358
f 228/1/245 222/1/234 283/1/358 285/1/359
f 231/1/240 228/1/245 285/1/359 287/1/360
f 126/1/194 231/1/240 287/1/360 277/1/195
f 349/1/197 338/1/13 340/1/172 348/1/171
f 51/1/448 331/1/129 332/1/138 178/1/449
f 51/1/450 50/1/450 327/1/98 331/1/97
f 157/1/451 141/1/17 334/1/3 325/1/91
f 339/1/452 157/1/451 325/1/91 336/1/90
f 131/1/16 147/1/21 330/1/7 326/1/4
f 47/1/20 136/1/34 329/1/31 324/1/8
f 136/1/35 134/1/23 328/1/27 329/1/28
f 50/1/453 49/1/29 328/1/27 327/1/26
f 147/1/21 47/1/20 324/1/8 330/1/7
f 141/1/17 131/1/16 326/1/4 334/1/3
f 337/1/459 323/1/460 336/1/461 36/1/459
f 158/1/462 37/1/463 338/1/463 339/1/462
f 37/1/463 333/1/464 340/1/464 338/1/463
f 323/1/460 158/1/462 339/1/462 336/1/461
f 333/1/464 335/1/465 191/1/465 340/1/464
f 171/1/137 387/1/137 388/1/137 185/1/137
f 59/1/479 164/1/479 387/1/106 386/1/106
f 76/1/497 75/1/498 398/1/94 399/1/499
f 77/1/500 76/1/497 399/1/499 400/1/500
f 78/1/501 77/1/500 400/1/500 401/1/501
f 156/1/502 78/1/501 401/1/501 402/1/110
f 165/1/503 160/1/504 404/1/127 403/1/95
f 75/1/498 165/1/503 403/1/95 398/1/94
f 168/1/505 169/1/506 406/1/124 405/1/123
f 169/1/506 170/1/507 407/1/113 406/1/124
f 170/1/507 156/1/502 402/1/110 407/1/113
f 160/1/504 168/1/505 405/1/123 404/1/127
f 251/1/534 245/1/535 414/1/307 413/1/290
f 23/1/536 250/1/537 416/1/289 415/1/536
f 250/1/537 251/1/534 413/1/290 416/1/289
f 417/1/538 418/1/538 419/1/539 420/1/539
f 251/1/540 250/1/540 420/1/540 419/1/540
f 245/1/541 251/1/542 419/1/542 418/1/541
f 724/1/543 725/1/543 556/1/544 532/1/544
f 722/1/545 138/1/6 9/1/5 714/1/546
f 718/1/547 145/1/10 10/1/9 712/1/548
f 443/1/549 724/1/550 532/1/551 474/1/552
f 540/1/553 541/1/554 533/1/555 475/1/556
f 545/1/557 546/1/558 455/1/559 454/1/560
f 535/1/561 780/1/562 534/1/563 536/1/564
f 715/1/565 535/1/561 536/1/564 716/1/566
f 717/1/567 135/1/30 49/1/29 716/1/566
f 712/1/548 10/1/9 135/1/32 717/1/568
f 455/1/559 537/1/569 457/1/570 454/1/560
f 534/1/563 457/1/571 537/1/572 536/1/564
f 539/1/573 446/1/574 527/1/575 542/1/576
f 542/1/576 527/1/575 474/1/577 540/1/578
f 538/1/579 542/1/576 540/1/578 475/1/580
f 447/1/581 539/1/573 542/1/576 538/1/579
f 474/1/552 532/1/551 541/1/554 540/1/553
f 532/1/544 556/1/544 541/1/582
f 460/1/583 593/1/584 530/1/585 543/1/586
f 446/1/574 539/1/573 544/1/587 526/1/588
f 466/1/589 467/1/590 598/1/591 530/1/589
f 539/1/573 447/1/581 451/1/592 544/1/587
f 451/1/592 543/1/586 530/1/585 544/1/587
f 452/1/593 450/1/594 458/1/595 461/1/596
f 453/1/597 460/1/583 543/1/586 451/1/592
f 453/1/597 452/1/593 461/1/596 460/1/583
f 457/1/598 456/1/599 478/1/600 454/1/601
f 456/1/599 458/1/595 450/1/594 478/1/600
f 475/1/556 533/1/555 546/1/558 545/1/557
f 714/1/546 9/1/5 145/1/10 718/1/547
f 476/1/602 447/1/581 538/1/579 475/1/580
f 477/1/603 476/1/602 475/1/580 545/1/604
f 545/1/604 454/1/601 478/1/600 477/1/603
f 458/1/617 456/1/618 781/1/619 782/1/620
f 461/1/621 458/1/617 782/1/620 783/1/622
f 460/1/623 461/1/621 783/1/622 784/1/623
f 459/1/624 593/1/624 592/1/625 483/1/625
f 456/1/618 457/1/571 534/1/563
f 780/1/562 781/1/619 456/1/618 534/1/563
f 723/1/626 444/1/627 8/1/92 713/1/628
f 713/1/628 8/1/92 138/1/6 722/1/545
f 780/1/629 535/1/630 563/1/630 785/1/631
f 719/1/632 563/1/630 535/1/630 715/1/633
f 768/1/641 464/1/642 568/1/642 769/1/641
f 464/1/642 463/1/643 561/1/644 568/1/642
f 784/1/645 789/1/646 589/1/647 592/1/648
f 571/1/649 564/1/650 589/1/651 590/1/652
f 573/1/653 569/1/654 465/1/655 572/1/656
f 574/1/657 570/1/658 569/1/654 573/1/653
f 787/1/659 574/1/657 573/1/653 788/1/660
f 788/1/660 573/1/653 572/1/656 789/1/646
f 462/1/661 571/1/649 590/1/652 594/1/661
f 560/1/662 574/1/657 787/1/659 786/1/663
f 561/1/644 463/1/643 560/1/662
f 570/1/658 574/1/657 560/1/662 463/1/643
f 563/1/664 579/1/665 578/1/666 785/1/667
f 560/1/668 576/1/669 577/1/670 561/1/670
f 785/1/667 578/1/666 575/1/671 786/1/672
f 561/1/670 577/1/670 580/1/673 568/1/673
f 719/1/667 720/1/674 579/1/665 563/1/664
f 769/1/673 770/1/673 182/1/139 164/1/139
f 786/1/672 575/1/671 576/1/669 560/1/668
f 583/1/675 448/1/676 449/1/677 582/1/678
f 584/1/679 581/1/680 448/1/676 583/1/675
f 743/1/681 519/1/682 518/1/683 742/1/684
f 743/1/681 744/1/685 516/1/686 519/1/682
f 742/1/684 518/1/683 520/1/687 746/1/688
f 746/1/688 520/1/687 521/1/689 755/1/690
f 744/1/685 745/1/691 515/1/692 516/1/686
f 514/1/693 665/1/694 749/1/695 747/1/696
f 514/1/693 747/1/696 748/1/697 517/1/698
f 443/1/549 584/1/679 583/1/675 442/1/699
f 442/1/699 583/1/675 582/1/678 732/1/700
f 581/1/680 584/1/679 527/1/575 446/1/574
f 443/1/549 474/1/577 527/1/575 584/1/679
f 446/1/574 526/1/588 585/1/701 581/1/680
f 467/1/590 468/1/702 595/1/703 598/1/591
f 733/1/707 7/1/174 586/1/708 726/1/709
f 667/1/710 471/1/711 597/1/711 669/1/710
f 469/1/712 470/1/713 591/1/713 596/1/714
f 468/1/702 469/1/712 596/1/714 595/1/703
f 484/1/715 585/1/701 595/1/716 588/1/717
f 484/1/715 531/1/718 449/1/677 448/1/676
f 448/1/676 581/1/680 585/1/701 484/1/715
f 593/1/624 459/1/624 466/1/589 530/1/589
f 596/1/719 587/1/720 588/1/717 595/1/716
f 589/1/651 564/1/650 483/1/721 592/1/721
f 598/1/722 526/1/588 544/1/587 530/1/585
f 589/1/647 789/1/646 572/1/656 590/1/723
f 595/1/716 585/1/701 526/1/588 598/1/722
f 593/1/724 460/1/623 784/1/623 592/1/724
f 590/1/723 572/1/656 465/1/655 594/1/725
f 669/1/726 668/1/727 528/1/728 591/1/729
f 591/1/729 528/1/728 587/1/720 596/1/719
f 731/1/730 443/1/549 442/1/699 732/1/700
f 734/1/731 724/1/550 443/1/549 731/1/730
f 600/1/732 502/1/733 4/1/200 205/1/199
f 603/1/734 729/1/735 728/1/736 602/1/737
f 727/1/738 730/1/739 520/1/687 518/1/683
f 502/1/733 600/1/732 601/1/740 503/1/741
f 603/1/734 600/1/732 205/1/199 209/1/210
f 729/1/735 603/1/734 209/1/210 344/1/211
f 600/1/732 603/1/734 602/1/737 601/1/740
f 518/1/683 519/1/682 601/1/740 602/1/737
f 728/1/736 727/1/738 518/1/683 602/1/737
f 503/1/741 601/1/740 519/1/682 516/1/686
f 730/1/739 732/1/700 521/1/689 520/1/687
f 605/1/742 604/1/743 502/1/733 503/1/741
f 211/1/214 604/1/743 735/1/744 353/1/215
f 4/1/200 502/1/733 604/1/743 211/1/214
f 736/1/745 735/1/744 604/1/743 605/1/742
f 503/1/741 516/1/686 515/1/692 605/1/742
f 515/1/692 665/1/694 736/1/745 605/1/742
f 449/1/677 521/1/689 732/1/700 582/1/678
f 753/1/746 613/1/747 522/1/748 752/1/749
f 612/1/750 486/1/751 522/1/748 613/1/747
f 521/1/689 449/1/677 531/1/718 608/1/752
f 609/1/753 485/1/754 606/1/755 610/1/756
f 531/1/718 484/1/715 607/1/757 608/1/752
f 607/1/757 609/1/753 610/1/756 608/1/752
f 521/1/689 608/1/752 610/1/756 755/1/690
f 755/1/690 610/1/756 606/1/755 754/1/758
f 485/1/754 612/1/750 613/1/747 606/1/755
f 754/1/758 606/1/755 613/1/747 753/1/746
f 615/1/759 614/1/760 525/1/761 616/1/762
f 618/1/763 615/1/759 616/1/762 619/1/764
f 524/1/765 523/1/766 616/1/762 525/1/761
f 619/1/764 616/1/762 523/1/766 617/1/767
f 612/1/750 619/1/764 617/1/767 486/1/751
f 485/1/754 618/1/763 619/1/764 612/1/750
f 623/1/768 624/1/769 587/1/720 528/1/728
f 621/1/770 615/1/759 618/1/763 622/1/771
f 624/1/769 621/1/770 622/1/771 625/1/772
f 614/1/760 615/1/759 621/1/770 620/1/773
f 587/1/720 624/1/769 625/1/772 588/1/717
f 620/1/773 621/1/770 624/1/769 623/1/768
f 588/1/717 625/1/772 607/1/757 484/1/715
f 609/1/753 607/1/757 625/1/772 622/1/771
f 485/1/754 609/1/753 622/1/771 618/1/763
f 494/1/781 627/1/781 628/1/782 496/1/782
f 653/1/783 495/1/784 558/1/785 654/1/783
f 496/1/786 628/1/786 626/1/787 493/1/787
f 632/1/788 631/1/789 513/1/790 629/1/791
f 20/1/266 111/1/267 631/1/789 632/1/788
f 20/1/266 632/1/788 510/1/792 21/1/268
f 509/1/793 510/1/792 632/1/788 629/1/791
f 6/1/271 741/1/794 631/1/789 111/1/267
f 751/1/795 752/1/749 522/1/748 630/1/796
f 741/1/794 740/1/797 513/1/790 631/1/789
f 739/1/798 633/1/799 513/1/790 740/1/797
f 751/1/795 630/1/796 634/1/800 750/1/801
f 750/1/801 634/1/800 635/1/802 748/1/697
f 633/1/799 517/1/698 748/1/697 635/1/802
f 486/1/751 636/1/803 630/1/796 522/1/748
f 508/1/804 792/1/805 415/1/283 22/1/283
f 507/1/806 640/1/806 639/1/807 506/1/807
f 506/1/807 639/1/807 792/1/805 508/1/804
f 641/1/808 794/1/808 417/1/288 23/1/288
f 792/1/809 639/1/810 638/1/811 791/1/812
f 492/1/813 645/1/814 643/1/815 491/1/815
f 492/1/813 493/1/787 626/1/787 645/1/814
f 490/1/816 647/1/816 646/1/817 489/1/818
f 489/1/818 646/1/817 644/1/819 488/1/819
f 490/1/816 491/1/815 643/1/815 647/1/816
f 630/1/796 636/1/803 649/1/820 634/1/800
f 634/1/800 649/1/820 648/1/821 635/1/802
f 629/1/791 513/1/790 635/1/802 648/1/821
f 636/1/803 643/1/822 645/1/823 649/1/820
f 651/1/824 791/1/812 638/1/811 650/1/825
f 499/1/826 651/1/824 650/1/825 498/1/827
f 414/1/307 791/1/812 651/1/824 163/1/308
f 93/1/309 163/1/308 651/1/824 499/1/826
f 656/1/828 637/1/829 652/1/830 655/1/831
f 661/1/832 660/1/833 627/1/834 654/1/835
f 658/1/836 661/1/832 654/1/835 558/1/837
f 497/1/838 656/1/828 655/1/831 500/1/839
f 494/1/781 653/1/783 654/1/783 627/1/781
f 639/1/810 640/1/840 637/1/829 638/1/811
f 507/1/806 505/1/841 657/1/842 640/1/806
f 637/1/829 640/1/840 657/1/843 652/1/830
f 662/1/844 660/1/833 652/1/830 657/1/843
f 659/1/845 626/1/846 628/1/847 662/1/848
f 663/1/849 645/1/823 626/1/846 659/1/845
f 511/1/850 512/1/851 509/1/793 629/1/791
f 511/1/850 663/1/849 659/1/845 505/1/841
f 505/1/841 659/1/845 662/1/848 657/1/842
f 628/1/852 627/1/834 660/1/833 662/1/844
f 500/1/839 655/1/831 661/1/832 658/1/836
f 655/1/831 652/1/830 660/1/833 661/1/832
f 648/1/821 663/1/849 511/1/850 629/1/791
f 649/1/820 645/1/823 663/1/849 648/1/821
f 633/1/799 635/1/802 513/1/790
f 738/1/853 517/1/698 633/1/799 739/1/798
f 517/1/698 738/1/853 737/1/854 514/1/693
f 665/1/694 515/1/692 745/1/691 749/1/695
f 736/1/745 665/1/694 514/1/693 737/1/854
f 597/1/855 529/1/856 668/1/857 669/1/855
f 470/1/713 667/1/710 669/1/710 591/1/713
f 646/1/858 670/1/858 644/1/858
f 488/1/859 644/1/859 671/1/859 487/1/859
f 644/1/860 670/1/861 504/1/862 671/1/863
f 672/1/864 504/1/862 670/1/861 673/1/865
f 617/1/767 643/1/822 636/1/803 486/1/751
f 617/1/767 647/1/866 643/1/822
f 524/1/765 670/1/867 646/1/868 523/1/766
f 646/1/868 647/1/866 617/1/767 523/1/766
f 675/1/869 672/1/864 673/1/865 674/1/870
f 525/1/761 673/1/871 670/1/867 524/1/765
f 677/1/872 675/1/869 674/1/870 676/1/873
f 679/1/874 677/1/872 676/1/873 678/1/875
f 529/1/856 679/1/874 678/1/875 668/1/857
f 614/1/760 674/1/876 673/1/871 525/1/761
f 620/1/773 676/1/877 674/1/876 614/1/760
f 623/1/768 678/1/878 676/1/877 620/1/773
f 528/1/728 668/1/727 678/1/878 623/1/768
f 734/1/731 733/1/707 726/1/709 724/1/550
f 51/1/448 178/1/449 720/1/674 719/1/667
f 51/1/450 719/1/632 715/1/633 50/1/450
f 556/1/950 713/1/628 722/1/545 541/1/554
f 725/1/951 723/1/626 713/1/628 556/1/950
f 533/1/555 714/1/546 718/1/547 546/1/558
f 455/1/559 712/1/548 717/1/568 537/1/569
f 537/1/572 717/1/567 716/1/566 536/1/564
f 50/1/453 715/1/565 716/1/566 49/1/29
f 546/1/558 718/1/547 712/1/548 455/1/559
f 541/1/554 722/1/545 714/1/546 533/1/555
f 337/1/956 444/1/956 723/1/957 711/1/957
f 557/1/958 725/1/958 724/1/959 445/1/959
f 445/1/959 724/1/959 726/1/960 721/1/960
f 711/1/957 723/1/957 725/1/958 557/1/958
f 721/1/960 726/1/960 586/1/961 335/1/961
f 568/1/673 580/1/673 770/1/673 769/1/673
f 59/1/479 768/1/641 769/1/641 164/1/479
f 480/1/991 781/1/992 780/1/629 479/1/993
f 481/1/994 782/1/994 781/1/992 480/1/991
f 482/1/995 783/1/995 782/1/994 481/1/994
f 555/1/996 784/1/645 783/1/995 482/1/995
f 562/1/997 785/1/631 786/1/663 559/1/998
f 479/1/993 780/1/629 785/1/631 562/1/997
f 565/1/999 787/1/659 788/1/660 566/1/1000
f 566/1/1000 788/1/660 789/1/646 567/1/1001
f 567/1/1001 789/1/646 784/1/645 555/1/996
f 559/1/998 786/1/663 787/1/659 565/1/999
f 642/1/1017 791/1/812 414/1/307 245/1/535
f 23/1/536 415/1/536 792/1/809 641/1/1018
f 641/1/1018 792/1/809 791/1/812 642/1/1017
f 417/1/538 794/1/1019 793/1/1019 418/1/538
f 642/1/1020 793/1/1020 794/1/1020 641/1/1020
f 245/1/541 418/1/541 793/1/1021 642/1/1021
f 894/1/1056 866/1/1057 873/1/1058 872/1/1059
f 890/1/1060 893/1/1060 871/1/1061 868/1/1062
f 891/1/1063 890/1/1064 868/1/1062 869/1/1065
f 874/1/1066 873/1/1067 878/1/1068 877/1/1068
f 893/1/1069 894/1/1056 872/1/1059 871/1/1061
f 892/1/1070 891/1/1063 869/1/1065 870/1/1071
f 895/1/1072 892/1/1072 870/1/1072 888/1/1072
f 869/1/1065 868/1/1062 879/1/1073 880/1/1074
f 868/1/1062 871/1/1061 882/1/1075 879/1/1073
f 872/1/1059 873/1/1058 884/1/1076 883/1/1077
f 888/1/1078 870/1/1079 881/1/1080 889/1/1081
f 870/1/1071 869/1/1065 880/1/1074 881/1/1080
f 871/1/1061 872/1/1059 883/1/1077 882/1/1075
f 873/1/1067 874/1/1066 885/1/1082 884/1/1083
f 876/1/1084 875/1/1084 877/1/1084 878/1/1084
f 867/1/1085 874/1/1085 877/1/1086 875/1/1086
f 873/1/1058 866/1/1057 876/1/1087 878/1/1087
f 866/1/1088 867/1/1088 875/1/1089 876/1/1089
f 883/1/1090 884/1/1083 886/1/1090
f 879/1/1073 882/1/1075 886/1/1090
f 880/1/1074 879/1/1073 886/1/1090
f 884/1/1083 885/1/1082 886/1/1090
f 882/1/1075 883/1/1090 886/1/1090
f 881/1/1080 880/1/1074 886/1/1090
f 885/1/1082 889/1/1081 881/1/1080 886/1/1090
f 874/1/1066 888/1/1078 889/1/1081 885/1/1082
f 867/1/1085 895/1/1072 888/1/1072 874/1/1085
f 866/1/1088 894/1/1091 895/1/1091 867/1/1088
f 865/1/1092 864/1/1093 900/1/1093 897/1/1092
f 887/1/1094 865/1/1092 897/1/1092 901/1/1094
f 862/1/1091 861/1/1091 890/1/1091 891/1/1091
f 863/1/1091 862/1/1091 891/1/1091 892/1/1091
f 861/1/1091 864/1/1091 893/1/1091 890/1/1091
f 864/1/1091 865/1/1091 894/1/1091 893/1/1091
f 887/1/1091 863/1/1091 892/1/1091 895/1/1091
f 865/1/1091 887/1/1091 895/1/1091 894/1/1091
f 862/1/1095 863/1/1096 899/1/1096 896/1/1095
f 863/1/1097 887/1/1097 901/1/1097 899/1/1097
f 864/1/1098 861/1/1098 898/1/1098 900/1/1098
f 861/1/1099 862/1/1095 896/1/1095 898/1/1099
f 935/1/1100 913/1/1101 914/1/1102 907/1/1103
f 931/1/1104 909/1/1105 912/1/1106 934/1/1104
f 932/1/1107 910/1/1108 909/1/1105 931/1/1109
f 915/1/1110 918/1/1111 919/1/1111 914/1/1112
f 934/1/1113 912/1/1106 913/1/1101 935/1/1100
f 933/1/1114 911/1/1115 910/1/1108 932/1/1107
f 936/1/1116 929/1/1116 911/1/1116 933/1/1116
f 910/1/1108 921/1/1117 920/1/1118 909/1/1105
f 909/1/1105 920/1/1118 923/1/1119 912/1/1106
f 913/1/1101 924/1/1120 925/1/1121 914/1/1102
f 929/1/1122 930/1/1123 922/1/1124 911/1/1125
f 911/1/1115 922/1/1124 921/1/1117 910/1/1108
f 912/1/1106 923/1/1119 924/1/1120 913/1/1101
f 914/1/1112 925/1/1126 926/1/1127 915/1/1110
f 917/1/1128 919/1/1128 918/1/1128 916/1/1128
f 908/1/1129 916/1/1130 918/1/1130 915/1/1129
f 914/1/1102 919/1/1131 917/1/1131 907/1/1103
f 907/1/1132 917/1/1133 916/1/1133 908/1/1134
f 924/1/1135 927/1/1135 925/1/1126
f 920/1/1118 927/1/1135 923/1/1119
f 921/1/1117 927/1/1135 920/1/1118
f 925/1/1126 927/1/1135 926/1/1127
f 923/1/1119 927/1/1135 924/1/1135
f 922/1/1124 927/1/1135 921/1/1117
f 926/1/1127 927/1/1135 922/1/1124 930/1/1123
f 915/1/1110 926/1/1127 930/1/1123 929/1/1122
f 908/1/1129 915/1/1129 929/1/1116 936/1/1116
f 907/1/1132 908/1/1134 936/1/1136 935/1/1136
f 906/1/1137 938/1/1137 941/1/1138 905/1/1138
f 928/1/1139 942/1/1139 938/1/1137 906/1/1137
f 903/1/1136 932/1/1136 931/1/1136 902/1/1136
f 904/1/1136 933/1/1136 932/1/1136 903/1/1136
f 902/1/1136 931/1/1136 934/1/1136 905/1/1136
f 905/1/1136 934/1/1136 935/1/1136 906/1/1136
f 928/1/1136 936/1/1136 933/1/1136 904/1/1136
f 906/1/1136 935/1/1136 936/1/1136 928/1/1136
f 903/1/1140 937/1/1140 940/1/1141 904/1/1141
f 904/1/1142 940/1/1142 942/1/1142 928/1/1142
f 905/1/1143 941/1/1143 939/1/1143 902/1/1143
f 902/1/1144 939/1/1144 937/1/1140 903/1/1140
f 947/1/1145 953/1/1146 951/1/1147 946/1/1148
f 948/1/1149 954/1/1149 953/1/1146 947/1/1145
f 952/1/1150 954/1/1149 948/1/1149 945/1/1151
f 948/1/1152 957/1/1152 955/1/1152 945/1/1152
f 947/1/1153 956/1/1154 957/1/1155 948/1/1155
f 946/1/1052 949/1/1052 956/1/1154 947/1/1153
f 950/1/1156 958/1/1157 956/1/1158 949/1/1156
f 958/1/1159 950/1/1052 960/1/1052 961/1/1159
f 959/1/1160 958/1/1160 961/1/1160 962/1/1160
f 968/1/1161 967/1/1162 951/1/1147 953/1/1146
f 969/1/1163 965/1/1164 964/1/1165 968/1/1166
f 952/1/1150 945/1/1151 943/1/1167 965/1/1164
f 952/1/1150 965/1/1164 969/1/1163
f 943/1/1168 945/1/1168 955/1/1168 966/1/1168
f 958/1/1157 959/1/1169 957/1/1170 956/1/1158
f 957/1/1170 959/1/1169 966/1/1171 955/1/1171
f 959/1/1172 962/1/1172 966/1/1172
f 954/1/1173 969/1/1173 968/1/1161 953/1/1146
f 964/1/1165 963/1/1174 967/1/1174 968/1/1166
f 969/1/1173 954/1/1173 952/1/1175
f 973/1/1176 946/1/1148 951/1/1147 976/1/1177
f 974/1/1178 973/1/1176 976/1/1177 977/1/1178
f 975/1/1179 972/1/1180 974/1/1178 977/1/1178
f 974/1/1181 972/1/1181 978/1/1181 980/1/1181
f 973/1/1182 974/1/1183 980/1/1183 979/1/1184
f 946/1/1052 973/1/1182 979/1/1184 949/1/1052
f 950/1/1156 949/1/1156 979/1/1185 981/1/1186
f 981/1/1187 983/1/1187 960/1/1052 950/1/1052
f 982/1/1188 984/1/1188 983/1/1188 981/1/1188
f 988/1/1189 976/1/1177 951/1/1147 967/1/1162
f 989/1/1190 988/1/1191 985/1/1192 986/1/1193
f 975/1/1179 986/1/1193 970/1/1194 972/1/1180
f 975/1/1179 989/1/1190 986/1/1193
f 970/1/1195 987/1/1195 978/1/1195 972/1/1195
f 981/1/1186 979/1/1185 980/1/1196 982/1/1197
f 980/1/1196 978/1/1198 987/1/1198 982/1/1197
f 982/1/1199 987/1/1199 984/1/1199
f 977/1/1200 976/1/1177 988/1/1189 989/1/1200
f 985/1/1192 988/1/1191 967/1/1174 963/1/1174
f 989/1/1200 975/1/1201 977/1/1200
usemtl rearLights
f 102/1/253 108/1/253 109/1/252 104/1/251
f 505/1/780 507/1/778 512/1/779 511/1/780
usemtl plastic
f 21/1/246 22/1/246 105/1/247 107/1/248
f 103/1/249 106/1/250 107/1/248 105/1/247
f 88/1/361 89/1/362 304/1/362 303/1/361
f 54/1/363 62/1/364 291/1/364 289/1/363
f 92/1/365 90/1/366 305/1/367 307/1/365
f 62/1/364 63/1/368 292/1/369 291/1/364
f 66/1/370 276/1/371 311/1/371 295/1/370
f 262/1/372 91/1/373 306/1/373 310/1/372
f 83/1/374 84/1/375 299/1/376 298/1/374
f 63/1/368 64/1/377 293/1/377 292/1/369
f 89/1/362 92/1/365 307/1/365 304/1/362
f 84/1/375 85/1/378 300/1/378 299/1/376
f 64/1/377 65/1/379 294/1/379 293/1/377
f 57/1/380 174/1/380 309/1/380 290/1/380
f 167/1/381 79/1/382 297/1/382 308/1/383
f 85/1/378 86/1/384 301/1/385 300/1/378
f 65/1/379 66/1/370 295/1/370 294/1/379
f 90/1/366 262/1/372 310/1/372 305/1/367
f 86/1/384 87/1/386 302/1/387 301/1/385
f 174/1/380 167/1/381 308/1/383 309/1/380
f 276/1/371 67/1/371 296/1/371 311/1/371
f 79/1/382 54/1/363 289/1/363 297/1/382
f 87/1/386 88/1/361 303/1/361 302/1/387
f 298/1/388 299/1/389 310/1/389 306/1/388
f 299/1/389 300/1/390 305/1/391 310/1/389
f 300/1/390 301/1/392 307/1/392 305/1/391
f 301/1/392 302/1/393 304/1/393 307/1/392
f 303/1/394 304/1/393 302/1/393
f 290/1/395 309/1/396 311/1/396 296/1/395
f 309/1/396 308/1/397 295/1/398 311/1/396
f 295/1/398 308/1/397 297/1/399 294/1/400
f 294/1/400 297/1/399 289/1/401 293/1/402
f 289/1/401 291/1/403 292/1/403 293/1/402
f 1/1/443 2/1/446 342/1/204 341/1/206
f 204/1/455 3/1/456 344/1/211 343/1/205
f 69/1/457 1/1/443 341/1/206 345/1/207
f 13/1/444 11/1/458 347/1/165 346/1/196
f 322/1/454 12/1/445 349/1/197 348/1/171
f 12/1/445 13/1/444 346/1/196 349/1/197
f 11/1/458 69/1/457 345/1/207 347/1/165
f 2/1/446 204/1/455 343/1/205 342/1/204
f 350/1/456 322/1/454 348/1/171 7/1/174
f 15/1/404 14/1/407 352/1/217 351/1/216
f 5/1/414 15/1/404 351/1/216 353/1/215
f 14/1/407 16/1/406 354/1/336 352/1/217
f 273/1/409 17/1/411 356/1/276 355/1/335
f 17/1/411 18/1/413 357/1/275 356/1/276
f 18/1/413 19/1/412 358/1/272 357/1/275
f 19/1/412 359/1/418 6/1/271 358/1/272
f 16/1/406 273/1/409 355/1/335 354/1/336
f 25/1/437 24/1/440 360/1/147 361/1/146
f 26/1/436 98/1/425 362/1/151 363/1/157
f 24/1/440 27/1/439 364/1/152 360/1/147
f 28/1/427 29/1/426 365/1/159 366/1/163
f 29/1/426 275/1/431 367/1/160 365/1/159
f 30/1/428 28/1/427 366/1/163 368/1/278
f 31/1/429 30/1/428 368/1/278 369/1/273
f 32/1/421 375/1/434 31/1/429 369/1/273 370/1/219
f 33/1/441 379/1/435 219/1/422 371/1/218 372/1/230
f 27/1/439 68/1/442 373/1/154 364/1/152
f 68/1/442 33/1/441 372/1/230 373/1/154
f 98/1/425 378/1/424 25/1/437 361/1/146 362/1/151
f 219/1/422 32/1/421 370/1/219 371/1/218
f 275/1/431 374/1/433 26/1/436 363/1/157 367/1/160
f 376/1/432 375/1/434 32/1/421 319/1/420
f 374/1/433 376/1/432 319/1/420 26/1/436
f 378/1/424 377/1/423 320/1/438 25/1/437
f 377/1/423 379/1/435 33/1/441 320/1/438
f 246/1/466 247/1/467 383/1/468 382/1/469
f 94/1/470 265/1/471 385/1/471 380/1/470
f 265/1/471 246/1/466 382/1/469 385/1/471
f 259/1/472 95/1/473 381/1/474 384/1/475
f 247/1/467 259/1/472 384/1/475 383/1/468
f 384/1/475 381/1/474 380/1/476 385/1/477
f 383/1/468 384/1/475 385/1/477 382/1/478
f 74/1/69 73/1/76 390/1/76 392/1/69
f 45/1/72 44/1/494 393/1/79 397/1/72
f 72/1/495 39/1/496 391/1/74 395/1/77
f 44/1/494 42/1/70 396/1/68 393/1/79
f 73/1/76 72/1/495 395/1/77 390/1/76
f 39/1/496 43/1/73 394/1/71 391/1/74
f 43/1/73 45/1/72 397/1/72 394/1/71
f 42/1/70 74/1/69 392/1/69 396/1/68
f 290/1/508 296/1/509 409/1/510 408/1/511
f 298/1/512 306/1/513 411/1/514 410/1/515
f 296/1/509 412/1/516 298/1/512 410/1/515 409/1/510
f 280/1/343 412/1/516 101/1/344
f 284/1/351 296/1/509 286/1/354
f 412/1/516 280/1/343 83/1/516 298/1/512
f 101/1/344 412/1/516 281/1/346
f 281/1/346 412/1/516 296/1/509 284/1/351
f 296/1/509 67/1/517 202/1/518
f 286/1/354 296/1/509 288/1/356
f 288/1/356 296/1/509 127/1/339
f 127/1/339 296/1/509 202/1/518
f 386/1/519 60/1/520 408/1/511 59/1/521
f 58/1/522 173/1/523 408/1/511 60/1/520
f 172/1/524 61/1/525 290/1/508 173/1/523
f 199/1/526 57/1/526 290/1/508 61/1/525
f 408/1/511 173/1/523 290/1/508
f 411/1/514 306/1/513 381/1/527
f 93/1/528 411/1/514 381/1/527 95/1/529 96/1/529
f 94/1/530 380/1/531 97/1/532
f 91/1/259 159/1/258 267/1/533 306/1/513
f 267/1/533 97/1/532 380/1/531 306/1/513
f 380/1/531 381/1/527 306/1/513
f 21/1/246 510/1/774 508/1/775 22/1/246
f 506/1/776 508/1/775 510/1/774 509/1/777
f 492/1/879 694/1/879 695/1/880 493/1/880
f 459/1/363 680/1/363 682/1/364 466/1/364
f 496/1/881 698/1/882 696/1/883 494/1/884
f 466/1/364 682/1/364 683/1/885 467/1/369
f 470/1/370 686/1/370 702/1/371 667/1/371
f 653/1/886 701/1/886 697/1/887 495/1/887
f 487/1/888 689/1/888 690/1/889 488/1/890
f 467/1/369 683/1/885 684/1/377 468/1/891
f 493/1/880 695/1/880 698/1/882 496/1/881
f 488/1/890 690/1/889 691/1/892 489/1/892
f 468/1/891 684/1/377 685/1/379 469/1/379
f 462/1/380 681/1/380 700/1/380 571/1/380
f 564/1/381 699/1/383 688/1/382 483/1/382
f 489/1/892 691/1/892 692/1/893 490/1/894
f 469/1/379 685/1/379 686/1/370 470/1/370
f 494/1/884 696/1/883 701/1/886 653/1/886
f 490/1/894 692/1/893 693/1/895 491/1/896
f 571/1/380 700/1/380 699/1/383 564/1/381
f 667/1/371 702/1/371 687/1/371 471/1/371
f 483/1/382 688/1/382 680/1/363 459/1/363
f 491/1/896 693/1/895 694/1/879 492/1/879
f 689/1/897 697/1/897 701/1/898 690/1/898
f 690/1/898 701/1/898 696/1/899 691/1/899
f 691/1/899 696/1/899 698/1/900 692/1/900
f 692/1/900 698/1/900 695/1/901 693/1/901
f 694/1/902 693/1/901 695/1/901
f 681/1/903 687/1/903 702/1/904 700/1/905
f 700/1/905 702/1/904 686/1/906 699/1/906
f 686/1/906 685/1/907 688/1/908 699/1/906
f 685/1/907 684/1/909 680/1/910 688/1/908
f 680/1/910 684/1/909 683/1/911 682/1/911
f 421/1/946 727/1/738 728/1/736 422/1/947
f 599/1/953 729/1/735 344/1/211 3/1/456
f 473/1/954 730/1/739 727/1/738 421/1/946
f 425/1/949 731/1/730 732/1/700 423/1/955
f 710/1/952 733/1/707 734/1/731 424/1/948
f 424/1/948 734/1/731 731/1/730 425/1/949
f 423/1/955 732/1/700 730/1/739 473/1/954
f 422/1/947 728/1/736 729/1/735 599/1/953
f 350/1/456 7/1/174 733/1/707 710/1/952
f 427/1/912 735/1/744 736/1/745 426/1/913
f 5/1/414 353/1/215 735/1/744 427/1/912
f 426/1/913 736/1/745 737/1/854 428/1/914
f 664/1/916 738/1/853 739/1/798 429/1/918
f 429/1/918 739/1/798 740/1/797 430/1/920
f 430/1/920 740/1/797 741/1/794 431/1/921
f 431/1/921 741/1/794 6/1/271 359/1/418
f 428/1/914 737/1/854 738/1/853 664/1/916
f 433/1/940 743/1/681 742/1/684 432/1/941
f 434/1/939 745/1/691 744/1/685 501/1/926
f 432/1/941 742/1/684 746/1/688 435/1/942
f 436/1/932 748/1/697 747/1/696 437/1/929
f 437/1/929 747/1/696 749/1/695 666/1/933
f 438/1/931 750/1/801 748/1/697 436/1/932
f 439/1/930 751/1/795 750/1/801 438/1/931
f 440/1/924 752/1/749 751/1/795 439/1/930 757/1/937
f 441/1/945 754/1/758 753/1/746 611/1/923 761/1/938
f 435/1/942 746/1/688 755/1/690 472/1/944
f 472/1/944 755/1/690 754/1/758 441/1/945
f 501/1/926 744/1/685 743/1/681 433/1/940 760/1/927
f 611/1/923 753/1/746 752/1/749 440/1/924
f 666/1/933 749/1/695 745/1/691 434/1/939 756/1/935
f 758/1/936 707/1/925 440/1/924 757/1/937
f 756/1/935 434/1/939 707/1/925 758/1/936
f 760/1/927 433/1/940 708/1/943 759/1/928
f 759/1/928 708/1/943 441/1/945 761/1/938
f 637/1/962 764/1/963 765/1/964 638/1/965
f 497/1/966 762/1/966 767/1/967 656/1/967
f 656/1/967 767/1/967 764/1/963 637/1/962
f 650/1/968 766/1/969 763/1/970 498/1/971
f 638/1/965 765/1/964 766/1/969 650/1/968
f 766/1/969 767/1/972 762/1/973 763/1/970
f 765/1/964 764/1/974 767/1/972 766/1/969
f 478/1/607 774/1/607 772/1/612 477/1/612
f 453/1/609 779/1/609 775/1/615 452/1/988
f 476/1/989 777/1/614 773/1/610 447/1/611
f 452/1/988 775/1/615 778/1/605 450/1/990
f 477/1/612 772/1/612 777/1/614 476/1/989
f 447/1/611 773/1/610 776/1/608 451/1/608
f 451/1/608 776/1/608 779/1/609 453/1/609
f 450/1/990 778/1/605 774/1/607 478/1/607
f 681/1/1002 408/1/511 409/1/510 687/1/509
f 689/1/512 410/1/515 411/1/514 697/1/1003
f 687/1/509 409/1/510 410/1/515 689/1/512 790/1/516
f 671/1/863 504/1/862 790/1/516
f 675/1/869 677/1/872 687/1/509
f 790/1/516 689/1/512 487/1/516 671/1/863
f 504/1/862 672/1/864 790/1/516
f 672/1/864 675/1/869 687/1/509 790/1/516
f 687/1/509 597/1/518 471/1/517
f 677/1/872 679/1/874 687/1/509
f 679/1/874 529/1/856 687/1/509
f 529/1/856 597/1/518 687/1/509
f 768/1/1004 59/1/521 408/1/511 464/1/1005
f 463/1/1006 464/1/1005 408/1/511 570/1/1007
f 569/1/1008 570/1/1007 681/1/1002 465/1/1009
f 594/1/1010 465/1/1009 681/1/1002 462/1/1010
f 408/1/511 681/1/1002 570/1/1007
f 411/1/514 763/1/1011 697/1/1003
f 93/1/528 499/1/1012 498/1/1012 763/1/1011 411/1/514
f 497/1/1013 500/1/1014 762/1/1015
f 495/1/784 697/1/1003 658/1/1016 558/1/785
f 658/1/1016 697/1/1003 762/1/1015 500/1/1014
f 762/1/1015 697/1/1003 763/1/1011
usemtl blackGlass
f 15/1/404 315/1/405 16/1/406 14/1/407
f 315/1/405 316/1/408 273/1/409 16/1/406
f 316/1/408 317/1/410 17/1/411 273/1/409
f 317/1/410 19/1/412 18/1/413 17/1/411
f 5/1/414 312/1/415 315/1/405 15/1/404
f 312/1/415 314/1/416 316/1/408 315/1/405
f 314/1/416 313/1/417 317/1/410 316/1/408
f 313/1/417 359/1/418 19/1/412 317/1/410
f 318/1/419 319/1/420 32/1/421 219/1/422
f 318/1/419 377/1/423 378/1/424 98/1/425
f 29/1/426 28/1/427 30/1/428 31/1/429
f 29/1/426 31/1/429 321/1/430 275/1/431
f 321/1/430 376/1/432 374/1/433 275/1/431
f 31/1/429 375/1/434 376/1/432 321/1/430
f 219/1/422 379/1/435 377/1/423 318/1/419
f 98/1/425 26/1/436 319/1/420 318/1/419
f 25/1/437 320/1/438 27/1/439 24/1/440
f 27/1/439 320/1/438 33/1/441 68/1/442
f 1/1/443 13/1/444 12/1/445 2/1/446
f 322/1/454 204/1/455 2/1/446 12/1/445
f 204/1/455 322/1/454 350/1/456 3/1/456
f 69/1/457 11/1/458 13/1/444 1/1/443
f 427/1/912 426/1/913 428/1/914 703/1/915
f 703/1/915 428/1/914 664/1/916 704/1/917
f 704/1/917 664/1/916 429/1/918 705/1/919
f 705/1/919 429/1/918 430/1/920 431/1/921
f 5/1/414 427/1/912 703/1/915 312/1/415
f 312/1/415 703/1/915 704/1/917 314/1/416
f 314/1/416 704/1/917 705/1/919 313/1/417
f 313/1/417 705/1/919 431/1/921 359/1/418
f 706/1/922 611/1/923 440/1/924 707/1/925
f 706/1/922 501/1/926 760/1/927 759/1/928
f 437/1/929 439/1/930 438/1/931 436/1/932
f 437/1/929 666/1/933 709/1/934 439/1/930
f 709/1/934 666/1/933 756/1/935 758/1/936
f 439/1/930 709/1/934 758/1/936 757/1/937
f 611/1/923 706/1/922 759/1/928 761/1/938
f 501/1/926 706/1/922 707/1/925 434/1/939
f 433/1/940 432/1/941 435/1/942 708/1/943
f 435/1/942 472/1/944 441/1/945 708/1/943
f 421/1/946 422/1/947 424/1/948 425/1/949
f 710/1/952 424/1/948 422/1/947 599/1/953
f 599/1/953 3/1/456 350/1/456 710/1/952
f 473/1/954 421/1/946 425/1/949 423/1/955
f 899/1/1091 901/1/1091 897/1/1091 896/1/1091
f 898/1/1091 896/1/1091 897/1/1091 900/1/1091
f 940/1/1136 937/1/1136 938/1/1136 942/1/1136
f 939/1/1136 941/1/1136 938/1/1136 937/1/1136
usemtl empty
f 323/1/168 333/1/169 37/1/170 158/1/170
f 337/1/447 335/1/447 333/1/169 323/1/168
f 388/1/480 182/1/481 178/1/449 332/1/138
f 332/1/138 184/1/131 185/1/482 388/1/480
f 184/1/131 183/1/130 181/1/483 185/1/482
f 183/1/130 179/1/136 180/1/484 181/1/483
f 711/1/704 557/1/705 445/1/705 721/1/706
f 337/1/447 711/1/704 721/1/706 335/1/447
f 770/1/975 720/1/674 178/1/449 182/1/481
f 720/1/674 770/1/975 580/1/976 579/1/665
f 579/1/665 580/1/976 577/1/977 578/1/666
f 578/1/666 577/1/977 576/1/978 575/1/671
f 812/1/1039 811/1/1038 819/1/1044 820/1/1045
f 811/1/1038 818/1/1040 826/1/1046 819/1/1044
f 817/1/1042 816/1/1041 824/1/1047 825/1/1048
f 815/1/1043 814/1/1037 822/1/1049 823/1/1050
f 813/1/1036 812/1/1039 820/1/1045 821/1/1051
f 818/1/1040 817/1/1042 825/1/1048 826/1/1046
f 816/1/1041 815/1/1043 823/1/1050 824/1/1047
f 814/1/1037 813/1/1036 821/1/1051 822/1/1049
f 826/1/1046 825/1/1048 827/1/1052
f 824/1/1047 823/1/1050 827/1/1052
f 822/1/1049 821/1/1051 827/1/1052
f 820/1/1045 819/1/1044 827/1/1052
f 819/1/1044 826/1/1046 827/1/1052
f 825/1/1048 824/1/1047 827/1/1052
f 823/1/1050 822/1/1049 827/1/1052
f 821/1/1051 820/1/1045 827/1/1052
f 845/1/1040 853/1/1046 852/1/1044 844/1/1038
f 844/1/1038 852/1/1044 859/1/1045 851/1/1039
f 850/1/1036 858/1/1051 857/1/1049 849/1/1055
f 848/1/1043 856/1/1050 855/1/1047 847/1/1041
f 846/1/1042 854/1/1048 853/1/1046 845/1/1040
f 851/1/1039 859/1/1045 858/1/1051 850/1/1036
f 849/1/1055 857/1/1049 856/1/1050 848/1/1043
f 847/1/1041 855/1/1047 854/1/1048 846/1/1042
f 859/1/1045 860/1/1052 858/1/1051
f 857/1/1049 860/1/1052 856/1/1050
f 855/1/1047 860/1/1052 854/1/1048
f 853/1/1046 860/1/1052 852/1/1044
f 852/1/1044 860/1/1052 859/1/1045
f 858/1/1051 860/1/1052 857/1/1049
f 856/1/1050 860/1/1052 855/1/1047
f 854/1/1048 860/1/1052 853/1/1046
usemtl headlights
f 396/1/68 392/1/69 148/1/69 154/1/70
f 394/1/71 397/1/72 151/1/72 153/1/73
f 391/1/74 394/1/71 153/1/73 155/1/75
f 390/1/76 395/1/77 150/1/78 149/1/76
f 393/1/79 396/1/68 154/1/70 152/1/80
f 395/1/77 391/1/74 155/1/75 150/1/78
f 397/1/72 393/1/79 152/1/80 151/1/72
f 392/1/69 390/1/76 149/1/76 148/1/69
f 76/1/99 160/1/100 165/1/101 75/1/101
f 77/1/104 168/1/105 160/1/100 76/1/99
f 149/1/485 150/1/486 389/1/487
f 153/1/488 151/1/489 389/1/487
f 152/1/490 154/1/491 389/1/487
f 150/1/486 155/1/492 389/1/487
f 151/1/489 152/1/490 389/1/487
f 148/1/493 149/1/485 389/1/487
f 155/1/492 153/1/488 389/1/487
f 154/1/491 148/1/493 389/1/487
f 778/1/605 553/1/606 547/1/607 774/1/607
f 776/1/608 552/1/608 550/1/609 779/1/609
f 773/1/610 554/1/611 552/1/608 776/1/608
f 772/1/612 548/1/612 549/1/613 777/1/614
f 775/1/615 551/1/616 553/1/606 778/1/605
f 777/1/614 549/1/613 554/1/611 773/1/610
f 779/1/609 550/1/609 551/1/616 775/1/615
f 774/1/607 547/1/607 548/1/612 772/1/612
f 480/1/634 479/1/635 562/1/635 559/1/636
f 481/1/639 480/1/634 559/1/636 565/1/640
f 548/1/979 771/1/980 549/1/981
f 552/1/982 771/1/980 550/1/983
f 551/1/984 771/1/980 553/1/985
f 549/1/981 771/1/980 554/1/986
f 550/1/983 771/1/980 551/1/984
f 547/1/987 771/1/980 548/1/979
f 554/1/986 771/1/980 552/1/982
f 553/1/985 771/1/980 547/1/987
usemtl indicators
f 78/1/102 156/1/103 170/1/103 169/1/102
f 77/1/104 78/1/102 169/1/102 168/1/105
f 104/1/251 109/1/252 106/1/250 103/1/249
f 482/1/637 566/1/637 567/1/638 555/1/638
f 481/1/639 565/1/640 566/1/637 482/1/637
f 507/1/778 506/1/776 509/1/777 512/1/779
usemtl chrome
f 797/1/1022 798/1/1023 806/1/1024 805/1/1025
f 795/1/1026 796/1/1027 804/1/1028 803/1/139
f 802/1/1029 795/1/1026 803/1/139 810/1/1030
f 800/1/1031 801/1/1032 809/1/1033 808/1/1034
f 798/1/1023 799/1/1035 807/1/448 806/1/1024
f 796/1/1027 797/1/1022 805/1/1025 804/1/1028
f 801/1/1032 802/1/1029 810/1/1030 809/1/1033
f 799/1/1035 800/1/1031 808/1/1034 807/1/448
f 798/1/1023 797/1/1022 813/1/1036 814/1/1037
f 796/1/1027 795/1/1026 811/1/1038 812/1/1039
f 795/1/1026 802/1/1029 818/1/1040 811/1/1038
f 801/1/1032 800/1/1031 816/1/1041 817/1/1042
f 799/1/1035 798/1/1023 814/1/1037 815/1/1043
f 797/1/1022 796/1/1027 812/1/1039 813/1/1036
f 802/1/1029 801/1/1032 817/1/1042 818/1/1040
f 800/1/1031 799/1/1035 815/1/1043 816/1/1041
f 830/1/1032 838/1/1033 839/1/1034 831/1/1031
f 828/1/1053 836/1/139 837/1/1030 829/1/1029
f 835/1/1027 843/1/1028 836/1/139 828/1/1053
f 833/1/1023 841/1/1024 842/1/1025 834/1/1022
f 831/1/1031 839/1/1034 840/1/448 832/1/1054
f 829/1/1029 837/1/1030 838/1/1033 830/1/1032
f 834/1/1022 842/1/1025 843/1/1028 835/1/1027
f 832/1/1054 840/1/448 841/1/1024 833/1/1023
f 831/1/1031 847/1/1041 846/1/1042 830/1/1032
f 829/1/1029 845/1/1040 844/1/1038 828/1/1053
f 828/1/1053 844/1/1038 851/1/1039 835/1/1027
f 834/1/1022 850/1/1036 849/1/1055 833/1/1023
f 832/1/1054 848/1/1043 847/1/1041 831/1/1031
f 830/1/1032 846/1/1042 845/1/1040 829/1/1029
f 835/1/1027 851/1/1039 850/1/1036 834/1/1022
f 833/1/1023 849/1/1055 848/1/1043 832/1/1054
