# Blender 5.2.2 LTS
# www.blender.org
mtllib porsche996.mtl
o body_misc
g body_misc
v -0.512715 1.217617 0.150962
v -0.414407 1.245517 0.156475
v 0.000000 1.270074 0.175679
v 0.000000 1.234340 -0.802133
v 0.000000 0.978006 -1.394667
v 0.000000 0.911542 0.671493
v -0.675017 0.893106 0.463328
v -0.359787 0.919168 0.628434
v -0.584217 0.906784 0.554116
v -0.449021 1.200950 -0.801305
v -0.221432 1.224467 -0.801534
v -0.478250 1.161948 -0.853626
v -0.453147 0.968115 -1.317382
v -0.406530 0.964971 -1.359116
v -0.247357 0.973171 -1.371131
v 0.000000 0.665393 -1.995572
v 0.000000 0.570243 -2.054366
v -0.562582 1.186571 0.073820
v -0.555407 1.191497 0.015313
v -0.561654 1.145583 -0.588078
v -0.573553 1.163750 0.113667
v -0.585205 0.956044 -1.090737
v -0.569089 1.063536 -0.865607
v -0.599534 0.926893 -1.088853
v -0.638380 0.902454 -0.855460
v -0.666988 0.893696 -0.475676
v -0.678524 0.898310 0.134625
v -0.272440 0.888191 0.761937
v -0.605567 0.768803 1.690981
v -0.588865 0.577670 1.905047
v -0.689478 0.744872 1.716598
v -0.681503 0.600955 1.863705
v -0.722620 0.671636 1.782337
v -0.820846 0.561042 1.456095
v -0.779338 0.204664 1.557065
v -0.540696 0.193412 1.945871
v 0.000000 0.201831 2.020981
v -0.261772 0.199596 2.007657
v -0.753098 0.203003 1.681807
v -0.827899 0.678084 1.307906
v -0.845020 0.694340 1.094693
v -0.847195 0.616731 0.922014
v -0.834797 0.466758 0.802608
v -0.823369 0.347071 0.781793
v -0.820381 0.170901 0.770096
v -0.689700 0.897633 0.333560
v -0.536410 1.194622 0.162612
v -0.519712 0.742243 1.729717
v -0.484441 0.689186 1.801555
v -0.498751 0.626820 1.873390
v -0.467548 0.455302 2.040285
v -0.517963 0.455143 2.024742
v -0.660061 0.454815 1.958168
v -0.750926 0.454730 1.839225
v -0.811727 0.469779 1.522418
v -0.838859 0.163194 -0.674391
v -0.842070 0.294344 -0.677622
v -0.856131 0.477856 -0.723202
v -0.869591 0.627375 -0.840894
v -0.876713 0.697416 -1.027554
v -0.874897 0.670763 -1.223902
v -0.863881 0.582105 -1.350347
v -0.819552 0.359785 -1.450578
v -0.780048 0.193632 -1.457795
v -0.845041 0.474576 -1.418860
v 0.000000 0.207969 -1.991886
v -0.625094 0.198093 -1.823666
v -0.454119 0.207845 -1.948476
v -0.227059 0.209824 -1.982715
v -0.665608 0.193279 -1.692400
v -0.558352 1.180263 -0.275494
v -0.734268 0.164022 -0.519182
v -0.744700 0.570208 -1.723959
v -0.455504 0.571138 -2.009769
v -0.623234 0.570783 -1.915814
v -0.232965 0.570698 -2.048440
v -0.443055 0.664542 -1.951730
v -0.232545 0.665265 -1.989858
v -0.664579 0.666787 -1.767935
v -0.594262 0.664464 -1.866221
v -0.763615 0.170184 0.635776
v -0.536726 0.643643 1.873169
v -0.527602 0.683406 1.827369
v -0.550090 0.717233 1.781568
v -0.679458 0.672216 1.815117
v -0.653243 0.627152 1.866994
v -0.658328 0.718909 1.773203
v -0.594180 0.612306 1.893353
v -0.604829 0.734167 1.756871
v -0.770469 0.454782 1.752350
v -0.241013 0.873789 0.762721
v -0.741000 0.187098 -1.492388
v -0.517957 0.390681 2.014613
v -0.467915 0.390728 2.021749
v -0.808072 0.381810 1.547727
v -0.661211 0.394638 1.952564
v -0.751187 0.394623 1.840165
v -0.766261 0.394049 1.755239
v -0.712825 0.198208 1.804298
v -0.626761 0.195810 1.904302
v -0.794767 0.299798 1.552050
v 0.000000 0.375383 2.004781
v -0.517220 0.373918 1.950875
v -0.542129 0.314941 1.923036
v -0.480590 0.256701 1.931039
v 0.000000 0.257118 1.978967
v -0.267158 0.374650 1.985307
v -0.129305 0.375017 1.998250
v -0.238604 0.256909 1.958385
v -0.779338 0.204337 1.583441
v -0.820381 0.170771 0.747543
v -0.204959 1.265186 0.170548
v -0.672372 0.895850 -0.187087
v -0.586891 0.342110 -1.868860
v -0.493069 0.343009 -1.942331
v -0.452748 0.271622 -1.978330
v -0.797648 0.269381 -1.460194
v -0.622049 0.267629 -1.838374
v -0.706696 0.189725 -1.580487
v -0.462836 1.043042 -1.141122
v -0.566288 1.093221 -0.765026
v -0.821725 0.250125 0.775356
v -0.834722 0.163446 -0.627207
v -0.744003 0.166066 -0.136087
v -0.752312 0.167811 0.190925
v -0.757597 0.168920 0.398923
v -0.759269 0.169272 0.464735
v -0.418515 0.561042 1.456095
v -0.377007 0.204664 1.557065
v -0.425568 0.678084 1.307906
v -0.442689 0.694340 1.094693
v -0.444864 0.616731 0.922014
v -0.432466 0.466758 0.802608
v -0.421038 0.347071 0.781793
v -0.418050 0.170901 0.770096
v -0.409396 0.469779 1.522418
v -0.436528 0.163194 -0.674391
v -0.436528 0.250819 -0.679003
v -0.451630 0.494856 -0.717865
v -0.469250 0.624935 -0.835291
v -0.476801 0.693921 -1.029185
v -0.466733 0.670652 -1.235871
v -0.463077 0.570243 -1.361553
v -0.410651 0.336758 -1.459583
v -0.377717 0.193632 -1.457795
v -0.436528 0.443489 -1.434560
v -0.405741 0.381810 1.547727
v -0.392436 0.299798 1.552050
v -0.396536 0.273645 -1.458719
v -0.419394 0.250125 0.775356
v 0.000000 1.195167 -0.892684
v 0.000000 1.011086 -1.318201
v 0.000000 1.064211 -1.195398
v -0.250134 1.184888 -0.874136
v -0.262335 1.050482 -1.179361
v -0.247861 0.987593 -1.327252
v -0.580608 1.124580 -0.256314
v -0.581162 1.100038 -0.566608
v -0.579937 1.133954 0.043168
v -0.578730 1.058349 -0.790112
v -0.180452 0.922223 0.640024
v -0.115776 0.874902 0.769869
v -0.064653 0.375200 2.001515
v -0.154143 0.890815 0.762838
v 0.000000 0.895154 0.765005
v 0.000000 0.875867 0.776688
v -0.521228 1.226606 0.128938
v -0.415762 1.259302 0.136721
v -0.204889 1.279316 0.151041
v 0.000000 1.284189 0.156160
v -0.553180 1.193244 0.144305
v -0.592431 0.890499 0.570325
v -0.699923 0.874135 0.462631
v -0.181468 0.908054 0.659477
v -0.362936 0.904566 0.647461
v 0.000000 0.925669 0.651957
v -0.222121 1.234014 -0.782939
v -0.462600 1.209601 -0.782939
v 0.000000 1.242643 -0.782939
v -0.499314 1.161872 -0.849025
v -0.483582 1.040512 -1.141188
v -0.473614 0.963615 -1.326310
v -0.414871 0.959046 -1.378689
v -0.247951 0.966675 -1.391026
v 0.000000 0.986311 -1.375469
v -0.556628 1.203773 0.080286
v -0.548602 1.209123 0.016079
v -0.551278 1.197688 -0.276869
v -0.554498 1.162720 -0.591663
v -0.569284 1.177223 0.126591
v -0.561490 1.079574 -0.872127
v -0.578507 0.965873 -1.110231
v -0.558947 1.109812 -0.770128
v -0.604031 0.911177 -1.106584
v -0.645357 0.885026 -0.857415
v -0.673926 0.876174 -0.476137
v -0.679390 0.878359 -0.187087
v -0.685467 0.880790 0.134402
v -0.698906 0.880012 0.372155
v -0.562914 1.131343 -0.636200
v -0.662480 0.895076 -0.535522
v -0.580595 1.090318 -0.618719
v -0.579997 1.133114 0.016343
v -0.555625 1.190665 -0.006232
v -0.678024 0.898111 0.108522
v -0.625094 0.198093 -1.679566
v -0.454119 0.207845 -1.804375
v -0.586891 0.342110 -1.724759
v -0.493069 0.343009 -1.798231
v -0.452748 0.271622 -1.834229
v -0.622049 0.267629 -1.694273
v -0.130886 0.200713 2.014319
v -0.119302 0.257014 1.968676
v -0.601953 0.674771 1.824233
v -0.495708 0.687677 1.808294
v -0.605375 0.759761 1.708182
v -0.508665 0.631211 1.873333
v -0.674125 0.607794 1.864563
v -0.681346 0.738094 1.731376
v -0.527643 0.735714 1.743253
v -0.590252 0.586712 1.901994
v -0.711352 0.671788 1.790895
v 0.000000 0.204664 1.557065
v 0.000000 0.170901 0.770096
v 0.000000 0.163194 -0.674391
v 0.000000 0.193632 -1.457795
v -0.434881 0.163881 -0.545658
v 0.512715 1.217617 0.150962
v 0.414407 1.245517 0.156475
v 0.675017 0.893106 0.463328
v 0.359787 0.919168 0.628434
v 0.584217 0.906784 0.554116
v 0.449021 1.200950 -0.801305
v 0.221432 1.224467 -0.801534
v 0.478250 1.161948 -0.853626
v 0.453147 0.968115 -1.317382
v 0.406530 0.964971 -1.359116
v 0.247357 0.973171 -1.371131
v 0.562582 1.186571 0.073820
v 0.555407 1.191497 0.015313
v 0.561654 1.145583 -0.588078
v 0.573553 1.163750 0.113667
v 0.585205 0.956044 -1.090737
v 0.569089 1.063536 -0.865607
v 0.599534 0.926893 -1.088853
v 0.638380 0.902454 -0.855460
v 0.666988 0.893696 -0.475676
v 0.678524 0.898310 0.134625
v 0.272440 0.888191 0.761937
v 0.605567 0.768803 1.690981
v 0.588865 0.577670 1.905047
v 0.689478 0.744872 1.716598
v 0.681503 0.600955 1.863705
v 0.722620 0.671636 1.782337
v 0.820846 0.561042 1.456095
v 0.779338 0.204664 1.557065
v 0.540696 0.193412 1.945871
v 0.261772 0.199596 2.007657
v 0.753098 0.203003 1.681807
v 0.827899 0.678084 1.307906
v 0.845020 0.694340 1.094693
v 0.847195 0.616731 0.922014
v 0.834797 0.466758 0.802608
v 0.823369 0.347071 0.781793
v 0.820381 0.170901 0.770096
v 0.689700 0.897633 0.333560
v 0.536410 1.194622 0.162612
v 0.519712 0.742243 1.729717
v 0.484441 0.689186 1.801555
v 0.498751 0.626820 1.873390
v 0.467548 0.455302 2.040285
v 0.517963 0.455143 2.024742
v 0.660061 0.454815 1.958168
v 0.750926 0.454730 1.839225
v 0.811727 0.469779 1.522418
v 0.838859 0.163194 -0.674391
v 0.842070 0.294344 -0.677622
v 0.856131 0.477856 -0.723202
v 0.869591 0.627375 -0.840894
v 0.876713 0.697416 -1.027554
v 0.874897 0.670763 -1.223902
v 0.863881 0.582105 -1.350347
v 0.819552 0.359785 -1.450578
v 0.780048 0.193632 -1.457795
v 0.845041 0.474576 -1.418860
v 0.625094 0.198093 -1.823666
v 0.454119 0.207845 -1.948476
v 0.227059 0.209824 -1.982715
v 0.665608 0.193279 -1.692400
v 0.558352 1.180263 -0.275494
v 0.734268 0.164022 -0.519182
v 0.744700 0.570208 -1.723959
v 0.455504 0.571138 -2.009769
v 0.623234 0.570783 -1.915814
v 0.232965 0.570698 -2.048440
v 0.443055 0.664542 -1.951730
v 0.232545 0.665265 -1.989858
v 0.664579 0.666787 -1.767935
v 0.594262 0.664464 -1.866221
v 0.763615 0.170184 0.635776
v 0.536726 0.643643 1.873169
v 0.527602 0.683406 1.827369
v 0.550090 0.717233 1.781568
v 0.679458 0.672216 1.815117
v 0.653243 0.627152 1.866994
v 0.658328 0.718909 1.773203
v 0.594180 0.612306 1.893353
v 0.604829 0.734167 1.756871
v 0.770469 0.454782 1.752350
v 0.241013 0.873789 0.762721
v 0.741000 0.187098 -1.492388
v 0.517957 0.390681 2.014613
v 0.467915 0.390728 2.021749
v 0.808072 0.381810 1.547727
v 0.661211 0.394638 1.952564
v 0.751187 0.394623 1.840165
v 0.766261 0.394049 1.755239
v 0.712825 0.198208 1.804298
v 0.626761 0.195810 1.904302
v 0.794767 0.299798 1.552050
v 0.517220 0.373918 1.950875
v 0.542129 0.314941 1.923036
v 0.480590 0.256701 1.931039
v 0.267158 0.374650 1.985307
v 0.129305 0.375017 1.998250
v 0.238604 0.256909 1.958385
v 0.779338 0.204337 1.583441
v 0.820381 0.170771 0.747543
v 0.204959 1.265186 0.170548
v 0.672372 0.895850 -0.187087
v 0.586891 0.342110 -1.868860
v 0.493069 0.343009 -1.942331
v 0.452748 0.271622 -1.978330
v 0.797648 0.269381 -1.460194
v 0.622049 0.267629 -1.838374
v 0.706696 0.189725 -1.580487
v 0.462836 1.043042 -1.141122
v 0.566288 1.093221 -0.765026
v 0.821725 0.250125 0.775356
v 0.834722 0.163446 -0.627207
v 0.744003 0.166066 -0.136087
v 0.752312 0.167811 0.190925
v 0.757597 0.168920 0.398923
v 0.759269 0.169272 0.464735
v 0.418515 0.561042 1.456095
v 0.377007 0.204664 1.557065
v 0.425568 0.678084 1.307906
v 0.442689 0.694340 1.094693
v 0.444864 0.616731 0.922014
v 0.432466 0.466758 0.802608
v 0.421038 0.347071 0.781793
v 0.418050 0.170901 0.770096
v 0.409396 0.469779 1.522418
v 0.436528 0.163194 -0.674391
v 0.436528 0.250819 -0.679003
v 0.451630 0.494856 -0.717865
v 0.469250 0.624935 -0.835291
v 0.476801 0.693921 -1.029185
v 0.466733 0.670652 -1.235871
v 0.463077 0.570243 -1.361553
v 0.410651 0.336758 -1.459583
v 0.377717 0.193632 -1.457795
v 0.436528 0.443489 -1.434560
v 0.405741 0.381810 1.547727
v 0.392436 0.299798 1.552050
v 0.396536 0.273645 -1.458719
v 0.419394 0.250125 0.775356
v 0.250134 1.184888 -0.874136
v 0.262335 1.050482 -1.179361
v 0.247861 0.987593 -1.327252
v 0.580608 1.124580 -0.256314
v 0.581162 1.100038 -0.566608
v 0.579937 1.133954 0.043168
v 0.578730 1.058349 -0.790112
v 0.180452 0.922223 0.640024
v 0.115776 0.874902 0.769869
v 0.064653 0.375200 2.001515
v 0.154143 0.890815 0.762838
v 0.521228 1.226606 0.128938
v 0.415762 1.259302 0.136721
v 0.204889 1.279316 0.151041
v 0.553180 1.193244 0.144305
v 0.592431 0.890499 0.570325
v 0.699923 0.874135 0.462631
v 0.181468 0.908054 0.659477
v 0.362936 0.904566 0.647461
v 0.222121 1.234014 -0.782939
v 0.462600 1.209601 -0.782939
v 0.499314 1.161872 -0.849025
v 0.483582 1.040512 -1.141188
v 0.473614 0.963615 -1.326310
v 0.414871 0.959046 -1.378689
v 0.247951 0.966675 -1.391026
v 0.556628 1.203773 0.080286
v 0.548602 1.209123 0.016079
v 0.551278 1.197688 -0.276869
v 0.554498 1.162720 -0.591663
v 0.569284 1.177223 0.126591
v 0.561490 1.079574 -0.872127
v 0.578507 0.965873 -1.110231
v 0.558947 1.109812 -0.770128
v 0.604031 0.911177 -1.106584
v 0.645357 0.885026 -0.857415
v 0.673926 0.876174 -0.476137
v 0.679390 0.878359 -0.187087
v 0.685467 0.880790 0.134402
v 0.698906 0.880012 0.372155
v 0.562914 1.131343 -0.636200
v 0.662480 0.895076 -0.535522
v 0.580595 1.090318 -0.618719
v 0.579997 1.133114 0.016343
v 0.555625 1.190665 -0.006232
v 0.678024 0.898111 0.108522
v 0.625094 0.198093 -1.679566
v 0.454119 0.207845 -1.804375
v 0.586891 0.342110 -1.724759
v 0.493069 0.343009 -1.798231
v 0.452748 0.271622 -1.834229
v 0.622049 0.267629 -1.694273
v 0.130886 0.200713 2.014319
v 0.119302 0.257014 1.968676
v 0.601953 0.674771 1.824233
v 0.495708 0.687677 1.808294
v 0.605375 0.759761 1.708182
v 0.508665 0.631211 1.873333
v 0.674125 0.607794 1.864563
v 0.681346 0.738094 1.731376
v 0.527643 0.735714 1.743253
v 0.590252 0.586712 1.901994
v 0.711352 0.671788 1.790895
v 0.434881 0.163881 -0.545658
v -0.537399 0.342561 -1.931762
v -0.588972 0.321198 -1.931762
v -0.610334 0.269626 -1.931762
v -0.588972 0.218053 -1.931762
v -0.537399 0.196691 -1.931762
v -0.485826 0.218053 -1.931762
v -0.464464 0.269626 -1.931762
v -0.485826 0.321198 -1.931762
v -0.537399 0.342561 -1.753151
v -0.588972 0.321198 -1.753151
v -0.610334 0.269626 -1.753151
v -0.588972 0.218053 -1.753151
v -0.537399 0.196691 -1.753151
v -0.485826 0.218053 -1.753151
v -0.464464 0.269626 -1.753151
v -0.485826 0.321198 -1.753151
v -0.537399 0.317761 -1.931762
v -0.571436 0.303662 -1.931762
v -0.585534 0.269626 -1.931762
v -0.571436 0.235589 -1.931762
v -0.537399 0.221490 -1.931762
v -0.503362 0.235589 -1.931762
v -0.489263 0.269626 -1.931762
v -0.503362 0.303662 -1.931762
v -0.537399 0.317761 -1.897046
v -0.571436 0.303662 -1.897046
v -0.585534 0.269626 -1.897046
v -0.571436 0.235589 -1.897046
v -0.537399 0.221490 -1.897046
v -0.503362 0.235589 -1.897046
v -0.489263 0.269626 -1.897046
v -0.503362 0.303662 -1.897046
v -0.537399 0.269626 -1.897046
v 0.537398 0.342561 -1.931762
v 0.588971 0.321198 -1.931762
v 0.610333 0.269626 -1.931762
v 0.588971 0.218053 -1.931762
v 0.537398 0.196691 -1.931762
v 0.485825 0.218053 -1.931762
v 0.464463 0.269626 -1.931762
v 0.485825 0.321198 -1.931762
v 0.537398 0.342561 -1.753151
v 0.588971 0.321198 -1.753151
v 0.610333 0.269626 -1.753151
v 0.588971 0.218053 -1.753151
v 0.537398 0.196691 -1.753151
v 0.485825 0.218053 -1.753151
v 0.464463 0.269626 -1.753151
v 0.485825 0.321198 -1.753151
v 0.537398 0.317761 -1.931762
v 0.571435 0.303662 -1.931762
v 0.585534 0.269626 -1.931762
v 0.571435 0.235589 -1.931762
v 0.537398 0.221490 -1.931762
v 0.503361 0.235589 -1.931762
v 0.489263 0.269626 -1.931762
v 0.503361 0.303662 -1.931762
v 0.537398 0.317761 -1.897046
v 0.571435 0.303662 -1.897046
v 0.585534 0.269626 -1.897046
v 0.571435 0.235589 -1.897046
v 0.537398 0.221490 -1.897046
v 0.503361 0.235589 -1.897046
v 0.489263 0.269626 -1.897046
v 0.503361 0.303662 -1.897046
v 0.537398 0.269626 -1.897046
v -0.850933 0.993167 0.309675
v -0.815321 0.897461 0.314875
v -0.934097 0.944311 0.297531
v -0.776744 0.989172 0.320508
v -0.912993 0.906549 0.300612
v -0.770297 0.925640 0.321450
v 0.850933 0.993167 0.309675
v 0.815321 0.897461 0.314875
v 0.934097 0.944311 0.297531
v 0.776744 0.989172 0.320508
v 0.912993 0.906549 0.300612
v 0.770297 0.925640 0.321450
vn -0.7467 0.4428 -0.4963
vn -0.5893 0.4942 -0.6391
vn -0.5892 0.4942 -0.6392
vn 0.7467 0.4428 -0.4963
vn 0.5892 0.4942 -0.6392
vn 0.5893 0.4942 -0.6391
vn -0.0000 0.5262 -0.8504
vn -0.0828 0.5284 -0.8449
vn -0.0829 0.5284 -0.8449
vn -0.2737 0.5305 -0.8023
vn -0.2735 0.5305 -0.8024
vn 0.0010 -0.9394 0.3428
vn 0.0034 -0.6814 0.7319
vn -0.0000 -0.7174 -0.6967
vn -0.0000 -0.9382 -0.3460
vn 0.0066 -0.3973 0.9177
vn 0.0111 -0.1693 0.9855
vn 0.0111 -0.1695 0.9855
vn -0.0003 -0.9876 0.1570
vn -0.0000 -0.9876 0.1570
vn -0.0000 -0.1248 0.9922
vn -0.0000 -0.0662 0.9978
vn 0.0030 -0.0170 0.9999
vn -0.0019 0.0209 0.9998
vn 0.0030 -0.0169 0.9999
vn -0.0036 -0.0359 -0.9993
vn -0.0023 -0.1415 -0.9899
vn -0.0027 -0.1415 -0.9899
vn -0.0000 -0.7888 0.6146
vn 0.0095 -0.4106 -0.9118
vn -0.0000 -0.4613 0.8872
vn -0.0000 -0.0526 -0.9986
vn -0.0000 -0.1718 -0.9851
vn -0.0000 -0.4552 -0.8904
vn -0.0000 -0.1717 -0.9851
vn 0.0080 -0.8259 -0.5637
vn 0.0080 -0.8260 -0.5636
vn -0.0039 -0.9937 -0.1116
vn -0.0039 -0.9938 -0.1116
vn -0.9913 -0.1135 -0.0665
vn -0.9931 -0.1050 -0.0520
vn -0.9903 -0.1358 -0.0285
vn -0.9903 -0.1360 -0.0284
vn -0.9841 -0.1776 -0.0024
vn -0.9900 -0.1412 -0.0021
vn -0.9982 0.0285 -0.0518
vn -0.9942 -0.0957 0.0483
vn -0.9952 -0.0896 0.0401
vn -0.9951 -0.0898 0.0403
vn -0.9966 -0.0775 0.0296
vn -0.9965 -0.0776 0.0297
vn -0.9960 -0.0840 0.0313
vn -0.9963 -0.0756 0.0416
vn -0.9963 -0.0755 0.0416
vn -0.9980 -0.0319 0.0550
vn -0.3263 0.7745 0.5419
vn -0.1548 0.8019 0.5770
vn -0.1763 0.9177 0.3561
vn -0.3856 0.8624 0.3279
vn -0.0650 0.8083 0.5851
vn -0.0000 0.8085 0.5885
vn -0.0000 0.9330 0.3600
vn -0.0703 0.9289 0.3636
vn -0.5422 0.7071 0.4538
vn -0.6497 0.6715 0.3564
vn -0.3282 0.7728 0.5432
vn -0.5434 0.7069 0.4528
vn -0.5312 0.7950 0.2928
vn -0.1701 0.9657 0.1961
vn -0.0642 0.8082 0.5854
vn -0.1546 0.8007 0.5787
vn -0.0860 0.9774 0.1929
vn -0.0312 0.9785 0.2040
vn -0.0000 0.9778 0.2095
vn -0.0770 0.8876 -0.4541
vn -0.1087 0.8650 -0.4898
vn -0.2656 0.9422 -0.2041
vn -0.0681 0.9759 -0.2075
vn -0.0000 0.9042 -0.4272
vn -0.0000 0.9785 -0.2063
vn -0.1161 0.9040 -0.4114
vn -0.5169 0.7933 -0.3217
vn -0.1122 0.9131 -0.3920
vn -0.1022 0.9246 -0.3671
vn -0.3633 0.8541 -0.3722
vn -0.4506 0.8199 -0.3531
vn -0.0874 0.9631 -0.2544
vn -0.1886 0.8699 -0.4558
vn -0.0693 0.9444 -0.3214
vn -0.0859 0.8944 -0.4390
vn -0.0000 0.9333 -0.3591
vn -0.0000 0.9136 -0.4065
vn -0.9304 0.3651 -0.0331
vn -0.9332 0.3520 -0.0726
vn -0.8719 0.4897 -0.0033
vn -0.8964 0.4431 -0.0138
vn -0.9273 0.3719 -0.0413
vn -0.9271 0.3743 -0.0189
vn -0.8963 0.4426 -0.0263
vn -0.8775 0.4735 -0.0761
vn -0.9307 0.3613 -0.0577
vn -0.9351 0.3374 -0.1086
vn -0.9120 0.3931 -0.1170
vn -0.9136 0.3914 -0.1100
vn -0.7964 0.5687 -0.2060
vn -0.7076 0.6730 -0.2152
vn -0.9200 0.3820 -0.0875
vn -0.8501 0.5100 -0.1311
vn -0.9123 0.3928 -0.1159
vn -0.6404 0.7664 -0.0494
vn -0.9215 0.3791 -0.0844
vn -0.6024 0.7978 -0.0249
vn -0.9288 0.3691 -0.0323
vn -0.9273 0.3682 -0.0669
vn -0.5854 0.8103 -0.0272
vn -0.9291 0.3668 -0.0467
vn -0.9271 0.3744 -0.0158
vn -0.9281 0.3718 -0.0197
vn -0.5805 0.8141 -0.0171
vn -0.6025 0.7979 -0.0183
vn -0.9299 0.3635 -0.0558
vn -0.7977 0.5990 -0.0703
vn -0.9264 0.3766 -0.0070
vn -0.9245 0.3717 -0.0845
vn -0.9272 0.3681 -0.0696
vn -0.9289 0.3689 -0.0317
vn -0.9267 0.3756 -0.0138
vn -0.9294 0.3657 -0.0500
vn 0.5044 -0.8634 -0.0000
vn -0.4653 -0.8852 -0.0000
vn -0.6407 -0.6870 -0.3429
vn 0.5048 -0.8633 -0.0000
vn 0.9990 -0.0437 -0.0000
vn 0.9666 -0.2564 -0.0000
vn -0.9609 -0.2769 -0.0000
vn -0.9998 0.0215 -0.0000
vn -0.8344 -0.1542 -0.5291
vn -0.8446 -0.2120 -0.4916
vn -0.5904 -0.2382 -0.7712
vn -0.6132 -0.1271 -0.7796
vn -0.6300 0.0070 -0.7766
vn 0.2326 0.5356 0.8118
vn 0.2463 0.7728 0.5849
vn -0.4833 0.6126 0.6255
vn -0.4567 0.3925 0.7983
vn -0.4567 0.3925 0.7984
vn 0.1221 0.8641 0.4883
vn -0.0222 0.8848 0.4654
vn 0.1222 0.8640 0.4884
vn -0.0939 0.3055 0.9475
vn -0.0934 0.3056 0.9476
vn -0.2680 0.8113 0.5196
vn -0.2679 0.8113 0.5196
vn -0.0004 -0.9998 0.0214
vn -0.0000 -0.9999 0.0145
vn -0.0000 -0.9998 0.0181
vn -0.0000 -0.9998 0.0192
vn -0.0000 -1.0000 -0.0089
vn 0.0045 -0.9993 -0.0362
vn -0.0000 -0.9994 -0.0348
vn -0.0000 -1.0000 -0.0097
vn -0.0000 -1.0000 0.0053
vn -0.2396 -0.9596 0.1476
vn -0.4394 -0.8948 0.0795
vn -0.1449 -0.9894 0.0023
vn -0.3866 -0.9222 -0.0031
vn -0.1712 -0.9852 0.0017
vn -0.0000 -1.0000 0.0058
vn -0.0000 -1.0000 0.0055
vn -0.3892 -0.9211 -0.0032
vn -0.3748 -0.9255 -0.0549
vn 0.0088 -0.9999 -0.0061
vn 0.0117 -0.9999 -0.0088
vn -0.0000 -1.0000 -0.0061
vn 0.0133 -0.9999 -0.0104
vn 0.0053 -0.9998 -0.0199
vn -0.0032 -0.9995 -0.0305
vn -0.0022 -0.9997 -0.0249
vn -0.0001 -0.9999 -0.0133
vn -0.0021 -0.9995 -0.0310
vn -0.0000 -0.9997 -0.0235
vn -0.0086 -0.9997 -0.0235
vn -0.0905 -0.9951 -0.0409
vn -0.0907 -0.9950 -0.0410
vn 0.0280 -0.9996 -0.0046
vn 0.0502 -0.9978 -0.0444
vn 0.0351 -0.9984 -0.0453
vn 0.0829 0.5284 -0.8449
vn 0.0828 0.5284 -0.8449
vn 0.2736 0.5305 -0.8023
vn 0.2735 0.5305 -0.8024
vn -0.0010 -0.9394 0.3428
vn -0.0034 -0.6814 0.7319
vn -0.0066 -0.3972 0.9177
vn -0.0066 -0.3973 0.9177
vn -0.0111 -0.1695 0.9855
vn -0.0111 -0.1696 0.9854
vn 0.0001 -0.9876 0.1570
vn -0.0030 -0.0170 0.9999
vn -0.0030 -0.0169 0.9999
vn 0.0019 0.0209 0.9998
vn 0.0036 -0.0359 -0.9993
vn 0.0023 -0.1415 -0.9899
vn 0.0020 -0.1415 -0.9899
vn -0.0001 -0.7888 0.6146
vn -0.0095 -0.4106 -0.9118
vn -0.0080 -0.8260 -0.5636
vn -0.0080 -0.8259 -0.5638
vn 0.0039 -0.9938 -0.1116
vn 0.0039 -0.9937 -0.1116
vn 0.9913 -0.1135 -0.0665
vn 0.9931 -0.1050 -0.0520
vn 0.9903 -0.1360 -0.0284
vn 0.9841 -0.1776 -0.0024
vn 0.9900 -0.1412 -0.0021
vn 0.9982 0.0285 -0.0518
vn 0.9942 -0.0957 0.0483
vn 0.9951 -0.0900 0.0405
vn 0.9952 -0.0896 0.0401
vn 0.9965 -0.0776 0.0297
vn 0.9966 -0.0775 0.0296
vn 0.9960 -0.0840 0.0313
vn 0.9960 -0.0841 0.0313
vn 0.9963 -0.0755 0.0416
vn 0.9963 -0.0756 0.0416
vn 0.9980 -0.0319 0.0550
vn 0.3263 0.7745 0.5419
vn 0.3856 0.8624 0.3280
vn 0.1764 0.9176 0.3561
vn 0.1548 0.8019 0.5770
vn 0.0650 0.8083 0.5851
vn 0.0703 0.9289 0.3636
vn 0.5422 0.7071 0.4538
vn 0.6497 0.6715 0.3564
vn 0.3282 0.7727 0.5433
vn 0.1701 0.9657 0.1961
vn 0.5312 0.7950 0.2928
vn 0.5433 0.7069 0.4528
vn 0.0642 0.8082 0.5854
vn 0.0311 0.9785 0.2040
vn 0.0860 0.9774 0.1930
vn 0.1546 0.8007 0.5787
vn 0.0770 0.8876 -0.4541
vn 0.0681 0.9759 -0.2075
vn 0.2656 0.9422 -0.2041
vn 0.1087 0.8650 -0.4898
vn 0.5169 0.7933 -0.3217
vn 0.1161 0.9040 -0.4114
vn 0.1122 0.9131 -0.3920
vn 0.4506 0.8199 -0.3531
vn 0.3635 0.8540 -0.3722
vn 0.1022 0.9246 -0.3671
vn 0.1886 0.8699 -0.4558
vn 0.0874 0.9631 -0.2544
vn 0.0859 0.8944 -0.4390
vn 0.0693 0.9444 -0.3214
vn 0.9304 0.3651 -0.0331
vn 0.8964 0.4431 -0.0138
vn 0.8720 0.4896 -0.0033
vn 0.9332 0.3519 -0.0730
vn 0.9273 0.3719 -0.0413
vn 0.8775 0.4735 -0.0761
vn 0.8963 0.4426 -0.0263
vn 0.9271 0.3742 -0.0189
vn 0.9351 0.3374 -0.1086
vn 0.9307 0.3613 -0.0577
vn 0.9120 0.3931 -0.1170
vn 0.7076 0.6730 -0.2152
vn 0.7964 0.5687 -0.2060
vn 0.9136 0.3914 -0.1100
vn 0.8501 0.5100 -0.1311
vn 0.9200 0.3819 -0.0875
vn 0.9123 0.3928 -0.1159
vn 0.6404 0.7664 -0.0494
vn 0.9215 0.3791 -0.0845
vn 0.6024 0.7978 -0.0250
vn 0.9289 0.3690 -0.0323
vn 0.5854 0.8103 -0.0272
vn 0.9273 0.3682 -0.0669
vn 0.9291 0.3668 -0.0467
vn 0.6025 0.7979 -0.0183
vn 0.5805 0.8141 -0.0171
vn 0.9282 0.3715 -0.0196
vn 0.9271 0.3744 -0.0158
vn 0.7977 0.5990 -0.0703
vn 0.9301 0.3631 -0.0561
vn 0.9263 0.3767 -0.0071
vn 0.9245 0.3717 -0.0845
vn 0.9272 0.3681 -0.0696
vn 0.9289 0.3689 -0.0317
vn 0.9294 0.3657 -0.0500
vn 0.9267 0.3756 -0.0138
vn -0.5044 -0.8634 -0.0000
vn -0.5048 -0.8633 -0.0000
vn 0.6407 -0.6870 -0.3429
vn 0.4653 -0.8852 -0.0000
vn -0.9990 -0.0437 -0.0000
vn -0.9666 -0.2564 -0.0000
vn 0.9609 -0.2769 -0.0000
vn 0.8446 -0.2121 -0.4917
vn 0.8344 -0.1542 -0.5291
vn 0.9998 0.0215 -0.0000
vn 0.6132 -0.1271 -0.7796
vn 0.5904 -0.2382 -0.7712
vn 0.6300 0.0070 -0.7766
vn -0.2326 0.5356 0.8118
vn -0.2463 0.7728 0.5849
vn 0.4833 0.6126 0.6255
vn 0.4567 0.3925 0.7984
vn 0.4567 0.3925 0.7983
vn -0.1221 0.8641 0.4883
vn -0.1223 0.8641 0.4883
vn 0.0227 0.8848 0.4654
vn 0.0223 0.8848 0.4654
vn 0.0934 0.3056 0.9476
vn 0.0939 0.3055 0.9475
vn 0.2680 0.8113 0.5196
vn 0.0004 -0.9998 0.0214
vn -0.0046 -0.9993 -0.0362
vn 0.2396 -0.9596 0.1476
vn 0.4394 -0.8948 0.0795
vn 0.1449 -0.9894 0.0023
vn 0.3866 -0.9222 -0.0031
vn 0.1712 -0.9852 0.0017
vn 0.3892 -0.9211 -0.0032
vn 0.3748 -0.9255 -0.0549
vn -0.0088 -0.9999 -0.0061
vn -0.0117 -0.9999 -0.0088
vn -0.0133 -0.9999 -0.0104
vn -0.0053 -0.9998 -0.0199
vn 0.0032 -0.9995 -0.0305
vn 0.0022 -0.9997 -0.0249
vn 0.0001 -0.9999 -0.0133
vn 0.0021 -0.9995 -0.0310
vn 0.0086 -0.9997 -0.0235
vn 0.0905 -0.9951 -0.0408
vn -0.0280 -0.9996 -0.0046
vn 0.0907 -0.9950 -0.0411
vn -0.0351 -0.9984 -0.0453
vn -0.0502 -0.9978 -0.0444
vn -0.0893 0.9090 -0.4070
vn -0.0908 0.9141 -0.3952
vn -0.0859 0.9214 -0.3791
vn -0.0000 0.9145 -0.4045
vn -0.0000 0.9174 -0.3980
vn -0.0000 0.9217 -0.3879
vn -0.9278 0.3727 -0.0194
vn -0.9250 0.3731 -0.0721
vn 0.0893 0.9091 -0.4070
vn 0.0910 0.9141 -0.3952
vn 0.0859 0.9214 -0.3791
vn 0.9277 0.3727 -0.0194
vn 0.9250 0.3731 -0.0720
vn 0.1445 -0.0000 -0.9895
vn -0.1445 -0.0000 -0.9895
vn -0.0375 0.3290 0.9436
vn -0.0375 0.3288 0.9436
vn -0.0352 0.1728 0.9843
vn -0.0000 0.4364 0.8998
vn -0.0710 -0.2364 0.9691
vn -0.0000 -0.2252 0.9743
vn -0.0000 -0.5042 0.8636
vn -0.0620 -0.5116 0.8570
vn -0.0799 -0.5232 0.8485
vn -0.0919 -0.2462 0.9649
vn -0.1039 -0.6319 0.7680
vn -0.1320 -0.2326 0.9636
vn 0.0184 -0.7608 0.6487
vn -0.1708 -0.2161 0.9613
vn 0.0375 0.3290 0.9436
vn 0.0352 0.1728 0.9843
vn 0.0375 0.3288 0.9436
vn 0.0710 -0.2364 0.9691
vn 0.0619 -0.5116 0.8570
vn 0.0917 -0.2462 0.9649
vn 0.0798 -0.5232 0.8485
vn 0.1320 -0.2326 0.9636
vn 0.1039 -0.6319 0.7680
vn 0.1708 -0.2161 0.9613
vn -0.0183 -0.7608 0.6487
vn 0.5259 -0.5259 -0.6684
vn -0.0000 -0.7437 -0.6685
vn -0.0000 -0.8218 -0.5698
vn 0.5811 -0.5811 -0.5698
vn -0.5259 -0.5259 -0.6684
vn -0.5811 -0.5811 -0.5698
vn -0.7437 -0.0000 -0.6685
vn -0.5259 0.5259 -0.6684
vn -0.5811 0.5811 -0.5698
vn -0.8218 -0.0000 -0.5698
vn -0.0000 0.7437 -0.6685
vn 0.5259 0.5259 -0.6684
vn 0.5811 0.5811 -0.5698
vn -0.0000 0.8218 -0.5698
vn 0.7437 -0.0000 -0.6685
vn 0.8218 -0.0000 -0.5698
vn -0.0000 -0.0000 -1.0000
vn 0.5259 0.5259 -0.6685
vn -0.0935 0.3056 0.9476
vn 0.1222 0.8641 0.4883
vn -0.4567 0.3924 0.7984
vn -0.3612 -0.1371 0.9224
vn -0.3613 -0.1371 0.9223
vn -0.2148 -0.2112 0.9535
vn -0.6067 -0.0672 0.7921
vn -0.6068 -0.0671 0.7920
vn -0.1156 0.7659 0.6325
vn -0.0901 0.7585 0.6454
vn -0.1009 0.7369 0.6684
vn -0.0600 0.7212 0.6901
vn -0.1055 0.7080 0.6982
vn -0.1107 0.7274 0.6772
vn -0.1385 0.7270 0.6726
vn -0.0394 0.7486 0.6618
vn -0.1396 0.7407 0.6572
vn 0.0935 0.3056 0.9476
vn 0.0222 0.8848 0.4654
vn -0.1223 0.8642 0.4881
vn 0.4567 0.3924 0.7984
vn 0.3612 -0.1371 0.9224
vn 0.2148 -0.2112 0.9535
vn 0.3613 -0.1371 0.9223
vn 0.6067 -0.0672 0.7921
vn 0.6068 -0.0671 0.7920
vn 0.1156 0.7659 0.6325
vn 0.1009 0.7369 0.6684
vn 0.0903 0.7586 0.6452
vn 0.0601 0.7212 0.6901
vn 0.1055 0.7080 0.6983
vn 0.1106 0.7273 0.6773
vn 0.1385 0.7270 0.6726
vn 0.0394 0.7486 0.6618
vn 0.1396 0.7407 0.6572
vn -0.8820 -0.0193 0.4708
vn -0.9800 -0.0257 0.1975
vn 0.8820 -0.0193 0.4708
vn 0.9800 -0.0257 0.1975
vn -0.9934 0.0001 -0.1145
vn -0.7025 -0.7025 -0.1145
vn -0.7071 -0.7071 -0.0000
vn -1.0000 -0.0000 -0.0000
vn 0.0002 0.9934 -0.1145
vn -0.7025 0.7025 -0.1145
vn -0.7071 0.7071 -0.0000
vn -0.0000 1.0000 -0.0000
vn 0.7025 0.7024 -0.1145
vn 0.7071 0.7071 -0.0000
vn 0.7024 -0.7025 -0.1145
vn 0.9934 -0.0000 -0.1145
vn 1.0000 -0.0000 -0.0000
vn 0.7071 -0.7071 -0.0000
vn -0.0000 -0.9934 -0.1145
vn -0.0000 -1.0000 -0.0000
vn -0.0000 0.9934 -0.1145
vn -0.0002 -0.9934 -0.1145
vt 0.000000 0.000000
s 1
usemtl rearLights
f 73/1/1 79/1/1 80/1/2 75/1/3
f 292/1/4 294/1/5 299/1/6 298/1/4
usemtl plastic
f 16/1/7 17/1/7 76/1/8 78/1/9
f 74/1/10 77/1/11 78/1/9 76/1/8
f 61/1/12 62/1/13 143/1/13 142/1/12
f 34/1/14 40/1/15 130/1/15 128/1/14
f 65/1/16 63/1/17 144/1/18 146/1/16
f 40/1/15 41/1/19 131/1/20 130/1/15
f 44/1/21 122/1/22 150/1/22 134/1/21
f 117/1/23 64/1/24 145/1/24 149/1/25
f 56/1/26 57/1/27 138/1/28 137/1/26
f 41/1/19 42/1/29 132/1/29 131/1/20
f 62/1/13 65/1/16 146/1/16 143/1/13
f 57/1/27 58/1/30 139/1/30 138/1/28
f 42/1/29 43/1/31 133/1/31 132/1/29
f 35/1/32 101/1/32 148/1/32 129/1/32
f 95/1/33 55/1/34 136/1/34 147/1/35
f 58/1/30 59/1/36 140/1/37 139/1/30
f 43/1/31 44/1/21 134/1/21 133/1/31
f 63/1/17 117/1/23 149/1/25 144/1/18
f 59/1/36 60/1/38 141/1/39 140/1/37
f 101/1/32 95/1/33 147/1/35 148/1/32
f 122/1/22 45/1/22 135/1/22 150/1/22
f 55/1/34 34/1/14 128/1/14 136/1/34
f 60/1/38 61/1/12 142/1/12 141/1/39
f 137/1/40 138/1/41 149/1/41 145/1/40
f 138/1/41 139/1/42 144/1/43 149/1/41
f 139/1/42 140/1/44 146/1/44 144/1/43
f 140/1/44 141/1/45 143/1/45 146/1/44
f 142/1/46 143/1/45 141/1/45
f 129/1/47 148/1/48 150/1/49 135/1/47
f 148/1/48 147/1/50 134/1/51 150/1/49
f 134/1/51 147/1/50 136/1/52 133/1/52
f 133/1/52 136/1/52 128/1/53 132/1/54
f 128/1/53 130/1/55 131/1/55 132/1/54
f 1/1/56 2/1/57 168/1/58 167/1/59
f 112/1/60 3/1/61 170/1/62 169/1/63
f 47/1/64 1/1/56 167/1/59 171/1/65
f 9/1/66 7/1/67 173/1/68 172/1/69
f 161/1/70 8/1/71 175/1/72 174/1/73
f 8/1/71 9/1/66 172/1/69 175/1/72
f 7/1/67 47/1/64 171/1/65 173/1/68
f 2/1/57 112/1/60 169/1/63 168/1/58
f 176/1/61 161/1/70 174/1/73 6/1/74
f 11/1/75 10/1/76 178/1/77 177/1/78
f 4/1/79 11/1/75 177/1/78 179/1/80
f 10/1/76 12/1/81 180/1/82 178/1/77
f 120/1/83 13/1/84 182/1/85 181/1/86
f 13/1/84 14/1/87 183/1/88 182/1/85
f 14/1/87 15/1/89 184/1/90 183/1/88
f 15/1/89 185/1/91 5/1/92 184/1/90
f 12/1/81 120/1/83 181/1/86 180/1/82
f 19/1/93 18/1/94 186/1/95 187/1/96
f 20/1/97 71/1/98 188/1/99 189/1/100
f 18/1/94 21/1/101 190/1/102 186/1/95
f 22/1/103 23/1/104 191/1/105 192/1/106
f 23/1/104 121/1/107 193/1/108 191/1/105
f 24/1/109 22/1/103 192/1/106 194/1/110
f 25/1/111 24/1/109 194/1/110 195/1/112
f 26/1/113 201/1/114 25/1/111 195/1/112 196/1/115
f 27/1/116 205/1/117 113/1/118 197/1/119 198/1/120
f 21/1/101 46/1/121 199/1/122 190/1/102
f 46/1/121 27/1/116 198/1/120 199/1/122
f 71/1/98 204/1/123 19/1/93 187/1/96 188/1/99
f 113/1/118 26/1/113 196/1/115 197/1/119
f 121/1/107 200/1/124 20/1/97 189/1/100 193/1/108
f 202/1/125 201/1/114 26/1/113 158/1/126
f 200/1/124 202/1/125 158/1/126 20/1/97
f 204/1/123 203/1/127 159/1/128 19/1/93
f 203/1/127 205/1/117 27/1/116 159/1/128
f 114/1/129 115/1/130 209/1/131 208/1/132
f 67/1/133 118/1/134 211/1/134 206/1/133
f 118/1/134 114/1/129 208/1/132 211/1/134
f 116/1/135 68/1/136 207/1/137 210/1/138
f 115/1/130 116/1/135 210/1/138 209/1/131
f 210/1/138 207/1/137 206/1/139 211/1/140
f 209/1/131 210/1/138 211/1/140 208/1/141
f 50/1/142 49/1/143 215/1/143 217/1/142
f 33/1/144 32/1/145 218/1/146 222/1/144
f 48/1/147 29/1/148 216/1/148 220/1/149
f 32/1/145 30/1/150 221/1/151 218/1/146
f 49/1/143 48/1/147 220/1/149 215/1/143
f 29/1/148 31/1/152 219/1/153 216/1/148
f 31/1/152 33/1/144 222/1/144 219/1/153
f 30/1/150 50/1/142 217/1/142 221/1/151
f 129/1/154 135/1/155 224/1/156 223/1/157
f 137/1/158 145/1/159 226/1/160 225/1/161
f 135/1/155 227/1/162 137/1/158 225/1/161 224/1/156
f 123/1/163 227/1/162 72/1/164
f 125/1/165 135/1/155 126/1/166
f 227/1/162 123/1/163 56/1/162 137/1/158
f 72/1/164 227/1/162 124/1/167
f 124/1/167 227/1/162 135/1/155 125/1/165
f 135/1/155 45/1/168 111/1/169
f 126/1/166 135/1/155 127/1/170
f 127/1/170 135/1/155 81/1/171
f 81/1/171 135/1/155 111/1/169
f 212/1/172 38/1/173 223/1/157 37/1/174
f 36/1/175 100/1/176 223/1/157 38/1/173
f 99/1/177 39/1/178 129/1/154 100/1/176
f 110/1/179 35/1/179 129/1/154 39/1/178
f 223/1/157 100/1/176 129/1/154
f 226/1/160 145/1/159 207/1/180
f 66/1/181 226/1/160 207/1/180 68/1/182 69/1/182
f 64/1/183 92/1/184 119/1/185 145/1/159
f 119/1/185 70/1/186 206/1/187 145/1/159
f 206/1/187 207/1/180 145/1/159
f 16/1/7 297/1/188 295/1/189 17/1/7
f 293/1/190 295/1/189 297/1/188 296/1/191
f 281/1/192 359/1/192 360/1/193 282/1/193
f 255/1/14 345/1/14 347/1/15 260/1/15
f 285/1/194 363/1/195 361/1/196 283/1/197
f 260/1/15 347/1/15 348/1/198 261/1/20
f 264/1/21 351/1/21 367/1/22 339/1/22
f 334/1/199 366/1/200 362/1/201 284/1/201
f 276/1/202 354/1/202 355/1/203 277/1/204
f 261/1/20 348/1/198 349/1/29 262/1/205
f 282/1/193 360/1/193 363/1/195 285/1/194
f 277/1/204 355/1/203 356/1/206 278/1/206
f 262/1/205 349/1/29 350/1/31 263/1/31
f 256/1/32 346/1/32 365/1/32 320/1/32
f 314/1/33 364/1/35 353/1/34 275/1/34
f 278/1/206 356/1/206 357/1/207 279/1/208
f 263/1/31 350/1/31 351/1/21 264/1/21
f 283/1/197 361/1/196 366/1/200 334/1/199
f 279/1/208 357/1/207 358/1/209 280/1/210
f 320/1/32 365/1/32 364/1/35 314/1/33
f 339/1/22 367/1/22 352/1/22 265/1/22
f 275/1/34 353/1/34 345/1/14 255/1/14
f 280/1/210 358/1/209 359/1/192 281/1/192
f 354/1/211 362/1/211 366/1/212 355/1/212
f 355/1/212 366/1/212 361/1/213 356/1/213
f 356/1/213 361/1/213 363/1/214 357/1/214
f 357/1/214 363/1/214 360/1/215 358/1/215
f 359/1/216 358/1/215 360/1/215
f 346/1/217 352/1/217 367/1/218 365/1/219
f 365/1/219 367/1/218 351/1/220 364/1/221
f 351/1/220 350/1/222 353/1/223 364/1/221
f 350/1/222 349/1/224 345/1/225 353/1/223
f 345/1/225 349/1/224 348/1/226 347/1/226
f 228/1/227 379/1/228 380/1/229 229/1/230
f 329/1/231 381/1/232 170/1/62 3/1/61
f 267/1/233 382/1/234 379/1/228 228/1/227
f 232/1/235 383/1/236 384/1/237 230/1/238
f 375/1/239 385/1/240 386/1/241 231/1/242
f 231/1/242 386/1/241 383/1/236 232/1/235
f 230/1/238 384/1/237 382/1/234 267/1/233
f 229/1/230 380/1/229 381/1/232 329/1/231
f 176/1/61 6/1/74 385/1/240 375/1/239
f 234/1/243 387/1/244 388/1/245 233/1/246
f 4/1/79 179/1/80 387/1/244 234/1/243
f 233/1/246 388/1/245 389/1/247 235/1/248
f 337/1/249 390/1/250 391/1/251 236/1/252
f 236/1/252 391/1/251 392/1/253 237/1/254
f 237/1/254 392/1/253 393/1/255 238/1/256
f 238/1/256 393/1/255 5/1/92 185/1/91
f 235/1/248 389/1/247 390/1/250 337/1/249
f 240/1/257 395/1/258 394/1/259 239/1/260
f 241/1/261 397/1/262 396/1/263 290/1/264
f 239/1/260 394/1/259 398/1/265 242/1/266
f 243/1/267 400/1/268 399/1/269 244/1/270
f 244/1/270 399/1/269 401/1/271 338/1/272
f 245/1/273 402/1/274 400/1/268 243/1/267
f 246/1/275 403/1/276 402/1/274 245/1/273
f 247/1/277 404/1/278 403/1/276 246/1/275 409/1/279
f 248/1/280 406/1/281 405/1/282 330/1/283 413/1/284
f 242/1/266 398/1/265 407/1/285 266/1/286
f 266/1/286 407/1/285 406/1/281 248/1/280
f 290/1/264 396/1/263 395/1/258 240/1/257 412/1/287
f 330/1/283 405/1/282 404/1/278 247/1/277
f 338/1/272 401/1/271 397/1/262 241/1/261 408/1/288
f 410/1/289 372/1/290 247/1/277 409/1/279
f 408/1/288 241/1/261 372/1/290 410/1/289
f 412/1/287 240/1/257 373/1/291 411/1/292
f 411/1/292 373/1/291 248/1/280 413/1/284
f 331/1/293 416/1/294 417/1/295 332/1/296
f 286/1/297 414/1/297 419/1/298 335/1/298
f 335/1/298 419/1/298 416/1/294 331/1/293
f 333/1/299 418/1/300 415/1/301 287/1/302
f 332/1/296 417/1/295 418/1/300 333/1/299
f 418/1/300 419/1/303 414/1/304 415/1/301
f 417/1/295 416/1/305 419/1/303 418/1/300
f 270/1/306 425/1/306 423/1/307 269/1/307
f 254/1/308 430/1/308 426/1/309 253/1/310
f 268/1/311 428/1/312 424/1/313 250/1/314
f 253/1/310 426/1/309 429/1/315 251/1/316
f 269/1/307 423/1/307 428/1/312 268/1/311
f 250/1/314 424/1/313 427/1/317 252/1/317
f 252/1/317 427/1/317 430/1/308 254/1/308
f 251/1/316 429/1/315 425/1/306 270/1/306
f 346/1/318 223/1/157 224/1/156 352/1/155
f 354/1/158 225/1/161 226/1/160 362/1/319
f 352/1/155 224/1/156 225/1/161 354/1/158 431/1/162
f 340/1/320 291/1/321 431/1/162
f 342/1/322 343/1/323 352/1/155
f 431/1/162 354/1/158 276/1/162 340/1/320
f 291/1/321 341/1/324 431/1/162
f 341/1/324 342/1/322 352/1/155 431/1/162
f 352/1/155 328/1/169 265/1/168
f 343/1/323 344/1/325 352/1/155
f 344/1/325 300/1/326 352/1/155
f 300/1/326 328/1/169 352/1/155
f 420/1/327 37/1/174 223/1/157 258/1/328
f 257/1/329 258/1/328 223/1/157 319/1/330
f 318/1/331 319/1/330 346/1/318 259/1/332
f 327/1/333 259/1/332 346/1/318 256/1/333
f 223/1/157 346/1/318 319/1/330
f 226/1/160 415/1/334 362/1/319
f 66/1/181 288/1/335 287/1/335 415/1/334 226/1/160
f 284/1/336 362/1/319 336/1/337 311/1/338
f 336/1/337 362/1/319 414/1/339 289/1/340
f 414/1/339 362/1/319 415/1/334
usemtl blackGlass
f 11/1/75 154/1/341 12/1/81 10/1/76
f 154/1/341 155/1/342 120/1/83 12/1/81
f 155/1/342 156/1/343 13/1/84 120/1/83
f 156/1/343 15/1/89 14/1/87 13/1/84
f 4/1/79 151/1/344 154/1/341 11/1/75
f 151/1/344 153/1/345 155/1/342 154/1/341
f 153/1/345 152/1/346 156/1/343 155/1/342
f 152/1/346 185/1/91 15/1/89 156/1/343
f 157/1/347 158/1/126 26/1/113 113/1/118
f 157/1/347 203/1/127 204/1/123 71/1/98
f 23/1/104 22/1/103 24/1/109 25/1/111
f 23/1/104 25/1/111 160/1/348 121/1/107
f 160/1/348 202/1/125 200/1/124 121/1/107
f 25/1/111 201/1/114 202/1/125 160/1/348
f 113/1/118 205/1/117 203/1/127 157/1/347
f 71/1/98 20/1/97 158/1/126 157/1/347
f 19/1/93 159/1/128 21/1/101 18/1/94
f 21/1/101 159/1/128 27/1/116 46/1/121
f 1/1/56 9/1/66 8/1/71 2/1/57
f 161/1/70 112/1/60 2/1/57 8/1/71
f 112/1/60 161/1/70 176/1/61 3/1/61
f 47/1/64 7/1/67 9/1/66 1/1/56
f 234/1/243 233/1/246 235/1/248 368/1/349
f 368/1/349 235/1/248 337/1/249 369/1/350
f 369/1/350 337/1/249 236/1/252 370/1/351
f 370/1/351 236/1/252 237/1/254 238/1/256
f 4/1/79 234/1/243 368/1/349 151/1/344
f 151/1/344 368/1/349 369/1/350 153/1/345
f 153/1/345 369/1/350 370/1/351 152/1/346
f 152/1/346 370/1/351 238/1/256 185/1/91
f 371/1/352 330/1/283 247/1/277 372/1/290
f 371/1/352 290/1/264 412/1/287 411/1/292
f 244/1/270 246/1/275 245/1/273 243/1/267
f 244/1/270 338/1/272 374/1/353 246/1/275
f 374/1/353 338/1/272 408/1/288 410/1/289
f 246/1/275 374/1/353 410/1/289 409/1/279
f 330/1/283 371/1/352 411/1/292 413/1/284
f 290/1/264 371/1/352 372/1/290 241/1/261
f 240/1/257 239/1/260 242/1/266 373/1/291
f 242/1/266 266/1/286 248/1/280 373/1/291
f 228/1/227 229/1/230 231/1/242 232/1/235
f 375/1/239 231/1/242 229/1/230 329/1/231
f 329/1/231 3/1/61 176/1/61 375/1/239
f 267/1/233 228/1/227 232/1/235 230/1/238
f 501/1/354 503/1/354 499/1/354 498/1/354
f 500/1/354 498/1/354 499/1/354 502/1/354
f 507/1/355 504/1/355 505/1/355 509/1/355
f 506/1/355 508/1/355 505/1/355 504/1/355
usemtl empty
f 162/1/356 164/1/357 28/1/358 91/1/358
f 166/1/359 165/1/359 164/1/357 162/1/356
f 213/1/360 106/1/361 102/1/362 163/1/363
f 163/1/363 108/1/364 109/1/365 213/1/360
f 108/1/364 107/1/366 105/1/367 109/1/365
f 107/1/366 103/1/368 104/1/369 105/1/367
f 376/1/370 310/1/371 249/1/371 378/1/372
f 166/1/359 376/1/370 378/1/372 165/1/359
f 421/1/373 377/1/374 102/1/362 106/1/361
f 377/1/374 421/1/373 326/1/375 325/1/376
f 325/1/376 326/1/375 323/1/377 324/1/378
f 324/1/378 323/1/377 322/1/379 321/1/380
f 449/1/381 448/1/382 456/1/383 457/1/384
f 448/1/382 455/1/385 463/1/386 456/1/383
f 454/1/387 453/1/388 461/1/389 462/1/390
f 452/1/391 451/1/392 459/1/393 460/1/394
f 450/1/395 449/1/381 457/1/384 458/1/396
f 455/1/385 454/1/387 462/1/390 463/1/386
f 453/1/388 452/1/391 460/1/394 461/1/389
f 451/1/392 450/1/395 458/1/396 459/1/393
f 463/1/386 462/1/390 464/1/397
f 461/1/389 460/1/394 464/1/397
f 459/1/393 458/1/396 464/1/397
f 457/1/384 456/1/383 464/1/397
f 456/1/383 463/1/386 464/1/397
f 462/1/390 461/1/389 464/1/397
f 460/1/394 459/1/393 464/1/397
f 458/1/396 457/1/384 464/1/397
f 482/1/385 490/1/386 489/1/383 481/1/382
f 481/1/382 489/1/383 496/1/384 488/1/381
f 487/1/395 495/1/396 494/1/393 486/1/398
f 485/1/391 493/1/394 492/1/389 484/1/388
f 483/1/387 491/1/390 490/1/386 482/1/385
f 488/1/381 496/1/384 495/1/396 487/1/395
f 486/1/398 494/1/393 493/1/394 485/1/391
f 484/1/388 492/1/389 491/1/390 483/1/387
f 496/1/384 497/1/397 495/1/396
f 494/1/393 497/1/397 493/1/394
f 492/1/389 497/1/397 491/1/390
f 490/1/386 497/1/397 489/1/383
f 489/1/383 497/1/397 496/1/384
f 495/1/396 497/1/397 494/1/393
f 493/1/394 497/1/397 492/1/389
f 491/1/390 497/1/397 490/1/386
usemtl headlights
f 221/1/151 217/1/142 82/1/142 88/1/399
f 219/1/153 222/1/144 85/1/144 87/1/152
f 216/1/148 219/1/153 87/1/152 89/1/148
f 215/1/143 220/1/149 84/1/400 83/1/143
f 218/1/146 221/1/151 88/1/399 86/1/401
f 220/1/149 216/1/148 89/1/148 84/1/400
f 222/1/144 218/1/146 86/1/401 85/1/144
f 217/1/142 215/1/143 83/1/143 82/1/142
f 52/1/402 93/1/403 94/1/404 51/1/404
f 53/1/405 96/1/406 93/1/403 52/1/402
f 83/1/407 84/1/408 214/1/409
f 87/1/410 85/1/411 214/1/409
f 86/1/412 88/1/413 214/1/409
f 84/1/408 89/1/414 214/1/409
f 85/1/411 86/1/412 214/1/409
f 82/1/415 83/1/407 214/1/409
f 89/1/414 87/1/410 214/1/409
f 88/1/413 82/1/415 214/1/409
f 429/1/315 307/1/416 301/1/306 425/1/306
f 427/1/317 306/1/317 304/1/308 430/1/308
f 424/1/313 308/1/417 306/1/317 427/1/317
f 423/1/307 302/1/307 303/1/418 428/1/312
f 426/1/309 305/1/419 307/1/416 429/1/315
f 428/1/312 303/1/418 308/1/417 424/1/313
f 430/1/308 304/1/308 305/1/419 426/1/309
f 425/1/306 301/1/306 302/1/307 423/1/307
f 272/1/420 271/1/421 313/1/421 312/1/422
f 273/1/423 272/1/420 312/1/422 315/1/424
f 302/1/425 422/1/426 303/1/427
f 306/1/428 422/1/426 304/1/429
f 305/1/430 422/1/426 307/1/431
f 303/1/427 422/1/426 308/1/432
f 304/1/429 422/1/426 305/1/430
f 301/1/433 422/1/426 302/1/425
f 308/1/432 422/1/426 306/1/428
f 307/1/431 422/1/426 301/1/433
usemtl indicators
f 54/1/434 90/1/435 98/1/435 97/1/434
f 53/1/405 54/1/434 97/1/434 96/1/406
f 75/1/3 80/1/2 77/1/11 74/1/10
f 274/1/436 316/1/436 317/1/437 309/1/437
f 273/1/423 315/1/424 316/1/436 274/1/436
f 294/1/5 293/1/190 296/1/191 299/1/6
usemtl chrome
f 434/1/438 435/1/439 443/1/440 442/1/441
f 432/1/442 433/1/443 441/1/444 440/1/445
f 439/1/446 432/1/442 440/1/445 447/1/447
f 437/1/448 438/1/449 446/1/450 445/1/451
f 435/1/439 436/1/452 444/1/453 443/1/440
f 433/1/443 434/1/438 442/1/441 441/1/444
f 438/1/449 439/1/446 447/1/447 446/1/450
f 436/1/452 437/1/448 445/1/451 444/1/453
f 435/1/439 434/1/438 450/1/395 451/1/392
f 433/1/443 432/1/442 448/1/382 449/1/381
f 432/1/442 439/1/446 455/1/385 448/1/382
f 438/1/449 437/1/448 453/1/388 454/1/387
f 436/1/452 435/1/439 451/1/392 452/1/391
f 434/1/438 433/1/443 449/1/381 450/1/395
f 439/1/446 438/1/449 454/1/387 455/1/385
f 437/1/448 436/1/452 452/1/391 453/1/388
f 467/1/449 475/1/450 476/1/451 468/1/448
f 465/1/454 473/1/445 474/1/447 466/1/446
f 472/1/443 480/1/444 473/1/445 465/1/454
f 470/1/439 478/1/440 479/1/441 471/1/438
f 468/1/448 476/1/451 477/1/453 469/1/455
f 466/1/446 474/1/447 475/1/450 467/1/449
f 471/1/438 479/1/441 480/1/444 472/1/443
f 469/1/455 477/1/453 478/1/440 470/1/439
f 468/1/448 484/1/388 483/1/387 467/1/449
f 466/1/446 482/1/385 481/1/382 465/1/454
f 465/1/454 481/1/382 488/1/381 472/1/443
f 471/1/438 487/1/395 486/1/398 470/1/439
f 469/1/455 485/1/391 484/1/388 468/1/448
f 467/1/449 483/1/387 482/1/385 466/1/446
f 472/1/443 488/1/381 487/1/395 471/1/438
f 470/1/439 486/1/398 485/1/391 469/1/455
o body
g body
v 0.000000 1.309971 -0.282940
v 0.000000 0.978006 -1.394667
v 0.000000 0.911542 0.671493
v 0.000000 0.848755 1.208201
v 0.000000 0.724734 1.713555
v 0.000000 0.605324 1.958844
v 0.000000 0.797447 -1.767747
v 0.000000 0.665393 -1.995572
v 0.000000 0.570243 -2.054366
v 0.000000 0.480250 -2.095984
v -0.637251 0.876376 0.591104
v -0.605567 0.874135 0.714903
v 0.011113 0.868230 0.780564
v -0.272440 0.888191 0.761937
v -0.682014 0.842959 1.114192
v -0.605567 0.768803 1.690981
v -0.716319 0.862507 0.619952
v -0.731069 0.862930 0.475106
v -0.588865 0.577670 1.905047
v -0.689478 0.744872 1.716598
v -0.681503 0.600955 1.863705
v -0.722620 0.671636 1.782337
v -0.406195 0.605462 1.929293
v -0.203098 0.601474 1.949294
v -0.475321 0.550284 1.996122
v 0.000000 0.524322 2.071677
v 0.000000 0.472003 2.102223
v 0.000000 0.375383 2.064081
v -0.414984 0.571555 1.983338
v -0.630242 0.552865 1.928928
v -0.820846 0.561042 1.456095
v -0.787064 0.557360 1.681924
v -0.734430 0.555216 1.827773
v -0.779338 0.204664 1.557065
v -0.540696 0.193412 1.945871
v 0.000000 0.201831 2.020981
v -0.261772 0.199596 2.007657
v -0.753098 0.203003 1.681807
v -0.827899 0.678084 1.307906
v -0.845020 0.694340 1.094693
v -0.847195 0.616731 0.922014
v -0.834797 0.466758 0.802608
v -0.823369 0.347071 0.781793
v -0.820381 0.170901 0.770096
v -0.539110 0.822986 1.129302
v -0.464065 0.728663 1.627379
v -0.519712 0.742243 1.729717
v -0.484441 0.689186 1.801555
v -0.498751 0.626820 1.873390
v -0.467548 0.455302 2.040285
v -0.517963 0.455143 2.024742
v -0.660061 0.454815 1.958168
v -0.750926 0.454730 1.839225
v -0.811727 0.469779 1.522418
v -0.792776 0.788307 0.651433
v -0.804690 0.784966 0.138257
v -0.798624 0.768642 -0.494128
v -0.838859 0.163194 -0.674391
v -0.842070 0.294344 -0.677622
v -0.856131 0.477856 -0.723202
v -0.869591 0.627375 -0.840894
v -0.876713 0.697416 -1.027554
v -0.874897 0.670763 -1.223902
v -0.863881 0.582105 -1.350347
v -0.819552 0.359785 -1.450578
v -0.780048 0.193632 -1.457795
v -0.845041 0.474576 -1.418860
v 0.000000 0.207969 -1.991886
v -0.625094 0.198093 -1.823666
v -0.454119 0.207845 -1.948476
v -0.227059 0.209824 -1.982715
v -0.665608 0.193279 -1.692400
v -0.200019 1.304854 -0.280916
v -0.408167 1.280549 -0.278893
v -0.734268 0.164022 -0.519182
v -0.744700 0.570208 -1.723959
v -0.455504 0.571138 -2.009769
v -0.623234 0.570783 -1.915814
v -0.232965 0.570698 -2.048440
v -0.443055 0.664542 -1.951730
v -0.232545 0.665265 -1.989858
v -0.664579 0.666787 -1.767935
v -0.594262 0.664464 -1.866221
v -0.505220 0.897708 -1.433588
v 0.000000 0.928748 -1.504142
v -0.535233 1.124682 -0.838906
v -0.533403 1.203197 -0.556190
v -0.531759 1.233858 -0.276373
v -0.525995 1.014898 -1.136247
v -0.530222 1.239527 0.069178
v -0.530089 1.244877 -0.003707
v -0.560027 1.190182 0.126591
v -0.717395 0.871745 0.428366
v -0.743704 0.838947 -0.510784
v -0.806319 0.422864 -0.369867
v -0.797724 0.357511 -0.284328
v -0.797108 0.353922 -0.149598
v -0.772751 0.789560 1.112149
v -0.610589 0.852612 1.124316
v -0.802289 0.363494 0.647489
v -0.763615 0.170184 0.635776
v -0.827899 0.698952 1.316676
v -0.756297 0.833722 0.576826
v -0.273627 0.835241 1.180623
v -0.236823 0.725357 1.676331
v -0.344936 0.528141 2.046343
v -0.161534 0.472003 2.100777
v -0.177810 0.527694 2.064409
v 0.000000 0.564823 2.016329
v -0.190454 0.564584 2.006851
v -0.532805 0.759058 1.685080
v 0.000000 0.790672 1.444918
v -0.652536 0.816551 1.364072
v -0.500914 0.778804 1.362610
v -0.256387 0.783769 1.412822
v -0.577586 0.812917 1.362244
v -0.759248 0.673592 1.699261
v -0.757538 0.771480 1.338951
v 0.000000 0.658579 1.862477
v -0.434388 0.662158 1.804236
v -0.218046 0.657702 1.838589
v -0.770469 0.454782 1.752350
v -0.242332 0.840664 1.183777
v -0.241013 0.873789 0.762721
v -0.741000 0.187098 -1.492388
v -0.517957 0.390681 2.014613
v -0.542129 0.314941 1.982336
v -0.480590 0.256701 1.990340
v 0.000000 0.271641 -2.028788
v 0.000000 0.257118 2.038267
v -0.467915 0.390728 2.021749
v -0.129305 0.375017 2.057550
v -0.808072 0.381810 1.547727
v -0.661211 0.394638 1.952564
v -0.751187 0.394623 1.840165
v -0.766261 0.394049 1.755239
v -0.238604 0.256909 2.017685
v -0.712825 0.198208 1.804298
v -0.626761 0.195810 1.904302
v -0.794767 0.299798 1.552050
v -0.767230 0.296079 1.680105
v -0.733107 0.294449 1.823471
v -0.645020 0.293356 1.929526
v 0.000000 0.375383 2.004781
v -0.517220 0.373918 1.950875
v -0.542129 0.314941 1.923036
v -0.480590 0.256701 1.931039
v 0.000000 0.257118 1.978967
v -0.267158 0.374650 1.985307
v -0.129305 0.375017 1.998250
v -0.238604 0.256909 1.958385
v -0.708229 0.860323 0.752172
v -0.715437 0.870845 0.468632
v -0.676726 0.870657 0.608585
v -0.656839 0.871620 0.733302
v -0.787868 0.787139 0.855146
v 0.000909 0.902238 0.761364
v -0.800278 0.450585 0.649098
v -0.795469 0.658844 0.652945
v -0.808072 0.380783 1.574035
v -0.794767 0.299086 1.578390
v -0.823369 0.350147 0.758471
v -0.811727 0.469996 1.556112
v -0.820846 0.560519 1.489982
v -0.779338 0.204337 1.583441
v -0.847195 0.640820 0.914136
v -0.834797 0.475290 0.779263
v -0.820381 0.170771 0.747543
v -0.845020 0.719245 1.101092
v 0.000000 1.307316 -0.035301
v -0.202756 1.302775 -0.037292
v -0.412704 1.284976 -0.026572
v -0.414450 1.282181 0.066183
v 0.000000 1.306063 0.081565
v -0.204048 1.301321 0.077680
v 0.000000 1.288290 -0.536774
v -0.211070 1.282071 -0.537919
v -0.435790 1.256595 -0.547085
v -0.745078 0.849451 0.136330
v -0.797757 0.786910 0.436878
v -0.749768 0.840314 0.431519
v -0.799350 0.786464 0.368278
v -0.748691 0.845747 0.367655
v -0.801657 0.776804 -0.177935
v -0.744391 0.844199 -0.187227
v -0.802217 0.357934 0.184476
v -0.804641 0.441124 0.175472
v -0.799004 0.423266 -0.154245
v -0.804780 0.629865 -0.444256
v -0.807518 0.640261 0.151351
v -0.804425 0.626068 -0.170402
v -0.802249 0.360415 0.391115
v -0.802694 0.445347 0.386847
v -0.807827 0.648555 0.376630
v -0.802260 0.361237 0.459542
v -0.802049 0.446745 0.456843
v -0.804528 0.651301 0.450380
v -0.857272 0.590811 -1.378946
v -0.813945 0.361329 -1.482843
v -0.840643 0.473320 -1.453448
v -0.481763 0.776332 -1.703781
v -0.718349 0.836154 -0.926024
v -0.241990 0.920210 -1.491448
v -0.230634 0.787746 -1.758613
v -0.513160 0.942498 -1.319943
v -0.677956 0.866931 -1.165731
v -0.599622 0.881128 -1.317736
v -0.824475 0.765038 -0.977605
v 0.000000 0.371049 -2.069366
v -0.586891 0.342110 -1.868860
v -0.493069 0.343009 -1.942331
v -0.503752 0.507406 -2.036671
v -0.627379 0.505765 -1.958880
v -0.287702 0.481616 -2.076327
v -0.284424 0.369785 -2.029268
v -0.867619 0.720176 -1.003546
v -0.842297 0.293772 -0.630182
v -0.865263 0.694810 -1.228678
v -0.855902 0.476356 -0.680219
v -0.864776 0.635156 -0.801535
v -0.670554 0.772567 -1.481794
v -0.784791 0.768803 -1.239736
v -0.452748 0.271622 -1.978330
v -0.223784 0.271676 -2.012357
v -0.684609 0.341314 -1.732531
v -0.797648 0.269381 -1.460194
v -0.783815 0.268322 -1.491045
v -0.687502 0.267629 -1.698565
v -0.622049 0.267629 -1.838374
v -0.749181 0.497195 -1.726668
v -0.706696 0.189725 -1.580487
v -0.798887 0.570081 -1.572694
v -0.760511 0.340851 -1.586733
v -0.746545 0.267629 -1.579403
v -0.790291 0.491516 -1.587638
v -0.782222 0.678267 -1.498885
v -0.534825 1.142220 -0.775757
v -0.821725 0.250125 0.775356
v -0.794627 0.257116 0.641043
v -0.821725 0.251437 0.752457
v -0.776606 0.251535 -0.482190
v -0.834722 0.163446 -0.627207
v -0.744003 0.166066 -0.136087
v -0.782149 0.253252 -0.136697
v -0.787435 0.254889 0.192805
v -0.752312 0.167811 0.190925
v -0.790798 0.255931 0.402386
v -0.757597 0.168920 0.398923
v -0.791862 0.256260 0.468700
v -0.759269 0.169272 0.464735
v -0.115776 0.874902 0.769869
v -0.101549 0.603399 1.954069
v -0.121166 0.844710 1.195989
v -0.118411 0.725046 1.694943
v -0.080767 0.472003 2.101500
v -0.088905 0.526008 2.068043
v -0.095227 0.564703 2.011590
v -0.109023 0.658140 1.850533
v -0.064653 0.375200 2.060816
v -0.064653 0.375200 2.001515
v -0.154143 0.890815 0.762838
v -0.128193 0.787221 1.428870
v 0.000000 0.895154 0.765005
v -0.115863 0.866926 0.772547
v 0.000000 0.875867 0.776688
v -0.309507 0.895337 0.758940
v -0.242839 0.865621 0.764529
v -0.154299 0.898787 0.760152
v -0.521228 1.226606 0.128938
v -0.415762 1.259302 0.136721
v -0.204889 1.279316 0.151041
v 0.000000 1.284189 0.156160
v -0.553180 1.193244 0.144305
v -0.592431 0.890499 0.570325
v -0.699923 0.874135 0.462631
v -0.181468 0.908054 0.659477
v -0.362936 0.904566 0.647461
v -0.222121 1.234014 -0.782939
v -0.462600 1.209601 -0.782939
v 0.000000 1.242643 -0.782939
v -0.499314 1.161872 -0.849025
v -0.483582 1.040512 -1.141188
v -0.473614 0.963615 -1.326310
v -0.414871 0.959046 -1.378689
v -0.247951 0.966675 -1.391026
v -0.556628 1.203773 0.080286
v -0.548602 1.209123 0.016079
v -0.551278 1.197688 -0.276869
v -0.554498 1.162720 -0.591663
v -0.569284 1.177223 0.126591
v -0.561490 1.079574 -0.872127
v -0.578507 0.965873 -1.110231
v -0.558947 1.109812 -0.770128
v -0.604031 0.911177 -1.106584
v -0.645357 0.885026 -0.857415
v -0.673926 0.876174 -0.476137
v -0.679390 0.878359 -0.187087
v -0.685467 0.880790 0.134402
v -0.698906 0.880012 0.372155
v -0.625094 0.198093 -1.679566
v -0.130886 0.200713 2.014319
v -0.119302 0.257014 2.027976
v -0.119302 0.257014 1.968676
v -0.311217 0.472003 2.088691
v -0.484320 0.472003 2.045389
v -0.660761 0.472003 1.959343
v -0.751511 0.471936 1.839462
v -0.789036 0.472049 1.671530
v -0.267158 0.374650 2.044608
v -0.517220 0.373918 2.010175
v -0.660761 0.377447 1.951271
v -0.750592 0.377415 1.839999
v -0.779413 0.376317 1.678638
v -0.310089 0.344339 -2.018501
v 0.000000 0.345434 -2.063122
v 0.000000 0.505846 -2.102223
v -0.314322 0.507059 -2.081629
v 0.000000 0.492633 -2.059006
v 0.000000 0.383432 -2.032388
v -0.280560 0.382168 -1.992291
v -0.283837 0.493999 -2.039350
v 0.637251 0.876376 0.591104
v 0.605567 0.874135 0.714903
v -0.011113 0.868230 0.780564
v 0.272440 0.888191 0.761937
v 0.682014 0.842959 1.114192
v 0.605567 0.768803 1.690981
v 0.716319 0.862507 0.619952
v 0.731069 0.862930 0.475106
v 0.588865 0.577670 1.905047
v 0.689478 0.744872 1.716598
v 0.681503 0.600955 1.863705
v 0.722620 0.671636 1.782337
v 0.406195 0.605462 1.929293
v 0.203098 0.601474 1.949294
v 0.475321 0.550284 1.996122
v 0.414984 0.571555 1.983338
v 0.630242 0.552865 1.928928
v 0.820846 0.561042 1.456095
v 0.787064 0.557360 1.681924
v 0.734430 0.555216 1.827773
v 0.779338 0.204664 1.557065
v 0.540696 0.193412 1.945871
v 0.261772 0.199596 2.007657
v 0.753098 0.203003 1.681807
v 0.827899 0.678084 1.307906
v 0.845020 0.694340 1.094693
v 0.847195 0.616731 0.922014
v 0.834797 0.466758 0.802608
v 0.823369 0.347071 0.781793
v 0.820381 0.170901 0.770096
v 0.539110 0.822986 1.129302
v 0.464065 0.728663 1.627379
v 0.519712 0.742243 1.729717
v 0.484441 0.689186 1.801555
v 0.498751 0.626820 1.873390
v 0.467548 0.455302 2.040285
v 0.517963 0.455143 2.024742
v 0.660061 0.454815 1.958168
v 0.750926 0.454730 1.839225
v 0.811727 0.469779 1.522418
v 0.792776 0.788307 0.651433
v 0.804690 0.784966 0.138257
v 0.798624 0.768642 -0.494128
v 0.838859 0.163194 -0.674391
v 0.842070 0.294344 -0.677622
v 0.856131 0.477856 -0.723202
v 0.869591 0.627375 -0.840894
v 0.876713 0.697416 -1.027554
v 0.874897 0.670763 -1.223902
v 0.863881 0.582105 -1.350347
v 0.819552 0.359785 -1.450578
v 0.780048 0.193632 -1.457795
v 0.845041 0.474576 -1.418860
v 0.625094 0.198093 -1.823666
v 0.454119 0.207845 -1.948476
v 0.227059 0.209824 -1.982715
v 0.665608 0.193279 -1.692400
v 0.200019 1.304854 -0.280916
v 0.408167 1.280549 -0.278893
v 0.734268 0.164022 -0.519182
v 0.744700 0.570208 -1.723959
v 0.455504 0.571138 -2.009769
v 0.623234 0.570783 -1.915814
v 0.232965 0.570698 -2.048440
v 0.443055 0.664542 -1.951730
v 0.232545 0.665265 -1.989858
v 0.664579 0.666787 -1.767935
v 0.594262 0.664464 -1.866221
v 0.505220 0.897708 -1.433588
v 0.535233 1.124682 -0.838906
v 0.533403 1.203197 -0.556190
v 0.531759 1.233858 -0.276373
v 0.525995 1.014898 -1.136247
v 0.530222 1.239527 0.069178
v 0.530089 1.244877 -0.003707
v 0.560027 1.190182 0.126591
v 0.717395 0.871745 0.428366
v 0.743704 0.838947 -0.510784
v 0.806319 0.422864 -0.369867
v 0.797724 0.357511 -0.284328
v 0.797108 0.353922 -0.149598
v 0.772751 0.789560 1.112149
v 0.610589 0.852612 1.124316
v 0.802289 0.363494 0.647489
v 0.763615 0.170184 0.635776
v 0.827899 0.698952 1.316676
v 0.756297 0.833722 0.576826
v 0.273627 0.835241 1.180623
v 0.236823 0.725357 1.676331
v 0.344936 0.528141 2.046343
v 0.161534 0.472003 2.100777
v 0.177810 0.527694 2.064409
v 0.190454 0.564584 2.006851
v 0.532805 0.759058 1.685080
v 0.652536 0.816551 1.364072
v 0.500914 0.778804 1.362610
v 0.256387 0.783769 1.412822
v 0.577586 0.812917 1.362244
v 0.759248 0.673592 1.699261
v 0.757538 0.771480 1.338951
v 0.434388 0.662158 1.804236
v 0.218046 0.657702 1.838589
v 0.770469 0.454782 1.752350
v 0.242332 0.840664 1.183777
v 0.241013 0.873789 0.762721
v 0.741000 0.187098 -1.492388
v 0.517957 0.390681 2.014613
v 0.542129 0.314941 1.982336
v 0.480590 0.256701 1.990340
v 0.467915 0.390728 2.021749
v 0.129305 0.375017 2.057550
v 0.808072 0.381810 1.547727
v 0.661211 0.394638 1.952564
v 0.751187 0.394623 1.840165
v 0.766261 0.394049 1.755239
v 0.238604 0.256909 2.017685
v 0.712825 0.198208 1.804298
v 0.626761 0.195810 1.904302
v 0.794767 0.299798 1.552050
v 0.767230 0.296079 1.680105
v 0.733107 0.294449 1.823471
v 0.645020 0.293356 1.929526
v 0.517220 0.373918 1.950875
v 0.542129 0.314941 1.923036
v 0.480590 0.256701 1.931039
v 0.267158 0.374650 1.985307
v 0.129305 0.375017 1.998250
v 0.238604 0.256909 1.958385
v 0.708229 0.860323 0.752172
v 0.715437 0.870845 0.468632
v 0.676726 0.870657 0.608585
v 0.656839 0.871620 0.733302
v 0.787868 0.787139 0.855146
v -0.000909 0.902238 0.761364
v 0.800278 0.450585 0.649098
v 0.795469 0.658844 0.652945
v 0.808072 0.380783 1.574035
v 0.794767 0.299086 1.578390
v 0.823369 0.350147 0.758471
v 0.811727 0.469996 1.556112
v 0.820846 0.560519 1.489982
v 0.779338 0.204337 1.583441
v 0.847195 0.640820 0.914136
v 0.834797 0.475290 0.779263
v 0.820381 0.170771 0.747543
v 0.845020 0.719245 1.101092
v 0.202756 1.302775 -0.037292
v 0.412704 1.284976 -0.026572
v 0.414450 1.282181 0.066183
v 0.204048 1.301321 0.077680
v 0.211070 1.282071 -0.537919
v 0.435790 1.256595 -0.547085
v 0.745078 0.849451 0.136330
v 0.797757 0.786910 0.436878
v 0.749768 0.840314 0.431519
v 0.799350 0.786464 0.368278
v 0.748691 0.845747 0.367655
v 0.801657 0.776804 -0.177935
v 0.744391 0.844199 -0.187227
v 0.802217 0.357934 0.184476
v 0.804641 0.441124 0.175472
v 0.799004 0.423266 -0.154245
v 0.804780 0.629865 -0.444256
v 0.807518 0.640261 0.151351
v 0.804425 0.626068 -0.170402
v 0.802249 0.360415 0.391115
v 0.802694 0.445347 0.386847
v 0.807827 0.648555 0.376630
v 0.802260 0.361237 0.459542
v 0.802049 0.446745 0.456843
v 0.804528 0.651301 0.450380
v 0.857272 0.590811 -1.378946
v 0.813945 0.361329 -1.482843
v 0.840643 0.473320 -1.453448
v 0.481763 0.776332 -1.703781
v 0.718349 0.836154 -0.926024
v 0.241990 0.920210 -1.491448
v 0.230634 0.787746 -1.758613
v 0.513160 0.942498 -1.319943
v 0.677956 0.866931 -1.165731
v 0.599622 0.881128 -1.317736
v 0.824475 0.765038 -0.977605
v 0.586891 0.342110 -1.868860
v 0.493069 0.343009 -1.942331
v 0.503752 0.507406 -2.036671
v 0.627379 0.505765 -1.958880
v 0.287702 0.481616 -2.076327
v 0.284424 0.369785 -2.029268
v 0.867619 0.720176 -1.003546
v 0.842297 0.293772 -0.630182
v 0.865263 0.694810 -1.228678
v 0.855902 0.476356 -0.680219
v 0.864776 0.635156 -0.801535
v 0.670554 0.772567 -1.481794
v 0.784791 0.768803 -1.239736
v 0.452748 0.271622 -1.978330
v 0.223784 0.271676 -2.012357
v 0.684609 0.341314 -1.732531
v 0.797648 0.269381 -1.460194
v 0.783815 0.268322 -1.491045
v 0.687502 0.267629 -1.698565
v 0.622049 0.267629 -1.838374
v 0.749181 0.497195 -1.726668
v 0.706696 0.189725 -1.580487
v 0.798887 0.570081 -1.572694
v 0.760511 0.340851 -1.586733
v 0.746545 0.267629 -1.579403
v 0.790291 0.491516 -1.587638
v 0.782222 0.678267 -1.498885
v 0.534825 1.142220 -0.775757
v 0.821725 0.250125 0.775356
v 0.794627 0.257116 0.641043
v 0.821725 0.251437 0.752457
v 0.776606 0.251535 -0.482190
v 0.834722 0.163446 -0.627207
v 0.744003 0.166066 -0.136087
v 0.782149 0.253252 -0.136697
v 0.787435 0.254889 0.192805
v 0.752312 0.167811 0.190925
v 0.790798 0.255931 0.402386
v 0.757597 0.168920 0.398923
v 0.791862 0.256260 0.468700
v 0.759269 0.169272 0.464735
v 0.115776 0.874902 0.769869
v 0.101549 0.603399 1.954069
v 0.121166 0.844710 1.195989
v 0.118411 0.725046 1.694943
v 0.080767 0.472003 2.101500
v 0.088905 0.526008 2.068043
v 0.095227 0.564703 2.011590
v 0.109023 0.658140 1.850533
v 0.064653 0.375200 2.060816
v 0.064653 0.375200 2.001515
v 0.154143 0.890815 0.762838
v 0.128193 0.787221 1.428870
v 0.115863 0.866926 0.772547
v 0.309507 0.895337 0.758940
v 0.242839 0.865621 0.764529
v 0.154299 0.898787 0.760152
v 0.521228 1.226606 0.128938
v 0.415762 1.259302 0.136721
v 0.204889 1.279316 0.151041
v 0.553180 1.193244 0.144305
v 0.592431 0.890499 0.570325
v 0.699923 0.874135 0.462631
v 0.181468 0.908054 0.659477
v 0.362936 0.904566 0.647461
v 0.222121 1.234014 -0.782939
v 0.462600 1.209601 -0.782939
v 0.499314 1.161872 -0.849025
v 0.483582 1.040512 -1.141188
v 0.473614 0.963615 -1.326310
v 0.414871 0.959046 -1.378689
v 0.247951 0.966675 -1.391026
v 0.556628 1.203773 0.080286
v 0.548602 1.209123 0.016079
v 0.551278 1.197688 -0.276869
v 0.554498 1.162720 -0.591663
v 0.569284 1.177223 0.126591
v 0.561490 1.079574 -0.872127
v 0.578507 0.965873 -1.110231
v 0.558947 1.109812 -0.770128
v 0.604031 0.911177 -1.106584
v 0.645357 0.885026 -0.857415
v 0.673926 0.876174 -0.476137
v 0.679390 0.878359 -0.187087
v 0.685467 0.880790 0.134402
v 0.698906 0.880012 0.372155
v 0.625094 0.198093 -1.679566
v 0.130886 0.200713 2.014319
v 0.119302 0.257014 2.027976
v 0.119302 0.257014 1.968676
v 0.311217 0.472003 2.088691
v 0.484320 0.472003 2.045389
v 0.660761 0.472003 1.959343
v 0.751511 0.471936 1.839462
v 0.789036 0.472049 1.671530
v 0.267158 0.374650 2.044608
v 0.517220 0.373918 2.010175
v 0.660761 0.377447 1.951271
v 0.750592 0.377415 1.839999
v 0.779413 0.376317 1.678638
v 0.310089 0.344339 -2.018501
v 0.314322 0.507059 -2.081629
v 0.280560 0.382168 -1.992291
v 0.283837 0.493999 -2.039350
v -0.932406 0.944311 0.285956
v -0.849243 0.993167 0.298100
v -0.775054 0.989172 0.308933
v -0.911303 0.906549 0.289037
v -0.813631 0.897461 0.303300
v -0.795358 0.865671 0.305968
v -0.754137 0.882143 0.311988
v -0.907001 0.944550 0.336288
v -0.827633 0.991176 0.347878
v -0.755480 0.987291 0.358414
v -0.882978 0.901564 0.339796
v -0.793559 0.893244 0.352853
v -0.780213 0.875218 0.354802
v -0.745513 0.889084 0.359869
v -0.740826 0.835553 0.311988
v -0.782047 0.819081 0.305968
v -0.732201 0.842494 0.359869
v -0.766901 0.828628 0.354802
v -0.879199 0.939058 0.356635
v -0.823354 0.971865 0.364790
v -0.772586 0.969131 0.372203
v -0.862296 0.908812 0.359103
v -0.799379 0.902958 0.368291
v -0.789989 0.890274 0.369662
v -0.765573 0.900031 0.373227
v -0.813197 0.926018 0.366273
v -0.768606 0.925640 0.309875
v -0.748779 0.921270 0.359392
v -0.767872 0.922677 0.372892
v -0.945973 0.948033 0.283974
v -0.851690 1.003421 0.297742
v -0.765978 0.998806 0.310259
v -0.917436 0.896969 0.288142
v -0.811212 0.887085 0.303653
v -0.758018 0.920377 0.311421
v -0.850933 0.993167 0.309675
v -0.815321 0.897461 0.314875
v -0.934097 0.944311 0.297531
v -0.776744 0.989172 0.320508
v -0.912993 0.906549 0.300612
v -0.770297 0.925640 0.321450
v 0.932406 0.944311 0.285956
v 0.849243 0.993167 0.298100
v 0.775054 0.989172 0.308933
v 0.911303 0.906549 0.289037
v 0.813631 0.897461 0.303300
v 0.795358 0.865671 0.305968
v 0.754137 0.882143 0.311988
v 0.907001 0.944550 0.336288
v 0.827633 0.991176 0.347878
v 0.755480 0.987291 0.358414
v 0.882978 0.901564 0.339796
v 0.793559 0.893244 0.352853
v 0.780213 0.875218 0.354802
v 0.745513 0.889084 0.359869
v 0.740826 0.835553 0.311988
v 0.782047 0.819081 0.305968
v 0.732201 0.842494 0.359869
v 0.766901 0.828628 0.354802
v 0.879199 0.939058 0.356635
v 0.823354 0.971865 0.364790
v 0.772586 0.969131 0.372203
v 0.862296 0.908812 0.359103
v 0.799379 0.902958 0.368291
v 0.789989 0.890274 0.369662
v 0.765573 0.900031 0.373227
v 0.813197 0.926018 0.366273
v 0.768606 0.925640 0.309875
v 0.748779 0.921270 0.359392
v 0.767872 0.922677 0.372892
v 0.945973 0.948033 0.283974
v 0.851690 1.003421 0.297742
v 0.765978 0.998806 0.310259
v 0.917436 0.896969 0.288142
v 0.811212 0.887085 0.303653
v 0.758018 0.920377 0.311421
v 0.850933 0.993167 0.309675
v 0.815321 0.897461 0.314875
v 0.934097 0.944311 0.297531
v 0.776744 0.989172 0.320508
v 0.912993 0.906549 0.300612
v 0.770297 0.925640 0.321450
v -0.436616 0.886425 -1.499878
v -0.604896 0.873416 -1.742827
v 0.000000 0.918551 -2.015712
v -0.290848 0.912419 -2.006616
v -0.537811 0.882167 -1.929298
v 0.000000 0.896649 -2.015712
v 0.000000 0.808168 -1.770414
v 0.000000 0.906550 -1.892702
v -0.564714 0.887627 -1.757271
v -0.294023 0.906550 -1.892702
v -0.485370 0.892625 -1.856450
v -0.604896 0.853154 -1.742827
v -0.290848 0.890516 -2.006616
v -0.537811 0.860264 -1.929298
v -0.363916 0.793726 -1.758861
v -0.444786 0.822609 -1.680879
v 0.000000 0.778534 -1.770414
v -0.363916 0.764093 -1.758861
v -0.444786 0.781899 -1.680879
v 0.000000 0.918979 -1.515768
v -0.219457 0.914574 -1.507823
v -0.328037 0.902034 -1.503850
v -0.436616 0.866162 -1.499878
v 0.000000 0.882963 -1.853183
v -0.286206 0.882502 -1.852350
v -0.468875 0.867629 -1.819483
v 0.436616 0.886425 -1.499878
v 0.604896 0.873416 -1.742827
v 0.290848 0.912419 -2.006616
v 0.537811 0.882167 -1.929298
v 0.564714 0.887627 -1.757271
v 0.294023 0.906550 -1.892702
v 0.485370 0.892625 -1.856450
v 0.604896 0.853154 -1.742827
v 0.290848 0.890516 -2.006616
v 0.537811 0.860264 -1.929298
v 0.363916 0.793726 -1.758861
v 0.444786 0.822609 -1.680879
v 0.363916 0.764093 -1.758861
v 0.444786 0.781899 -1.680879
v 0.219457 0.914574 -1.507823
v 0.328037 0.902034 -1.503850
v 0.436616 0.866162 -1.499878
v 0.286206 0.882502 -1.852350
v 0.468875 0.867629 -1.819483
vn 0.2324 0.9686 0.0879
vn 0.1707 0.9791 0.1102
vn -0.0503 0.9712 0.2330
vn -0.0481 0.9555 0.2911
vn -0.0000 0.9555 0.2949
vn -0.0000 0.9718 0.2358
vn -0.0513 0.9034 0.4258
vn -0.0431 0.8634 0.5026
vn -0.0000 0.8596 0.5109
vn -0.0000 0.9022 0.4312
vn -0.0496 0.9916 0.1198
vn -0.0801 0.9831 0.1645
vn -0.0801 0.9831 0.1644
vn -0.0785 0.9883 0.1311
vn -0.0603 0.9764 0.2075
vn -0.0498 0.9609 0.2724
vn -0.0490 0.9595 0.2774
vn -0.0567 0.9749 0.2154
vn -0.0478 0.9153 0.3999
vn -0.0367 0.8808 0.4721
vn -0.0387 0.8767 0.4795
vn -0.0488 0.9122 0.4069
vn -0.0573 0.5450 0.8365
vn -0.0469 0.7102 0.7025
vn -0.1157 0.6604 0.7420
vn -0.1523 0.5367 0.8299
vn -0.0166 0.5248 0.8511
vn -0.0182 0.7008 0.7131
vn -0.0188 0.8238 0.5666
vn -0.0000 0.6932 0.7207
vn -0.0000 0.8155 0.5788
vn -0.0357 0.8272 0.5608
vn -0.0000 0.8227 0.5685
vn -0.0329 0.8434 0.5362
vn -0.0337 0.8400 0.5416
vn -0.0369 0.8217 0.5688
vn -0.0607 0.8045 0.5909
vn -0.2227 0.9641 0.1446
vn 0.2342 0.9644 0.1226
vn 0.0992 0.9912 0.0875
vn -0.3646 0.9265 0.0935
vn 0.4160 0.9038 0.1005
vn 0.2938 0.9529 0.0754
vn 0.2794 0.9514 0.1294
vn 0.4574 0.8764 0.1505
vn -0.1338 0.9783 0.1582
vn -0.1884 0.9558 0.2259
vn -0.9325 0.2357 0.2735
vn -0.8743 0.4385 0.2081
vn -0.8446 0.5080 0.1694
vn -0.9649 0.1898 0.1815
vn -0.6664 0.7435 0.0554
vn -0.5680 0.8092 0.1503
vn -0.9983 -0.0298 0.0491
vn -0.9983 -0.0298 0.0492
vn -0.9988 -0.0135 0.0468
vn -0.5987 0.7762 0.1974
vn -0.7693 0.3391 0.5415
vn -0.7695 0.3389 0.5413
vn -0.3163 0.7241 0.6129
vn -0.3161 0.7242 0.6128
vn -0.8569 0.3044 0.4160
vn -0.1498 0.8329 0.5328
vn -0.0348 0.8499 0.5257
vn -0.1173 0.8388 0.5317
vn -0.1982 0.8221 0.5338
vn 0.4925 0.8356 0.2434
vn 0.3510 0.8576 0.3759
vn 0.3509 0.8576 0.3759
vn -0.5199 0.4409 0.7316
vn -0.5200 0.4409 0.7316
vn -0.3019 0.5039 0.8093
vn -0.2859 0.5305 0.7980
vn -0.8575 0.2389 0.4557
vn -0.8574 0.2390 0.4558
vn -0.9714 0.0641 0.2288
vn -0.9714 0.0640 0.2287
vn -0.9980 -0.0617 0.0095
vn -0.9950 -0.1002 -0.0005
vn -0.9981 -0.0617 0.0095
vn -0.0258 0.9983 0.0522
vn -0.0369 0.9921 0.1200
vn -0.0000 0.9930 0.1179
vn -0.0255 0.9985 0.0484
vn -0.1355 -0.4200 0.8974
vn -0.1296 -0.4047 0.9052
vn -0.0601 -0.4236 0.9039
vn -0.0247 -0.3908 0.9201
vn -0.0247 -0.3908 0.9202
vn -0.0648 -0.2226 0.9728
vn -0.1292 -0.2763 0.9524
vn -0.2003 -0.3075 0.9302
vn -0.2772 -0.2995 0.9129
vn -0.9751 -0.0499 0.2160
vn -0.9732 -0.0392 0.2267
vn -0.9670 -0.0856 0.2401
vn -0.9693 -0.1155 0.2170
vn -0.9870 -0.1606 -0.0043
vn -0.9870 -0.1606 -0.0042
vn -0.9954 -0.0954 -0.0027
vn -0.8685 -0.2466 0.4299
vn -0.9553 -0.1726 0.2401
vn -0.9507 -0.1729 0.2575
vn -0.8580 -0.2476 0.4500
vn -0.5940 -0.2911 0.7500
vn -0.5933 -0.2907 0.7507
vn -0.5960 -0.2591 0.7600
vn -0.8853 -0.2146 0.4125
vn -0.9870 -0.1606 -0.0032
vn -0.3902 -0.2797 0.8772
vn -0.3398 -0.2609 0.9036
vn 0.0028 -1.0000 -0.0000
vn -0.1038 -0.6320 0.7680
vn -0.0798 -0.5232 0.8485
vn 0.9545 0.2981 -0.0000
vn 0.1880 0.9822 -0.0000
vn 0.9545 0.2983 -0.0000
vn 0.2124 -0.9772 -0.0000
vn 0.0183 -0.7608 0.6488
vn -0.0009 1.0000 -0.0000
vn -0.0619 -0.5117 0.8570
vn -0.0000 1.0000 -0.0000
vn -0.1672 0.9853 0.0345
vn -0.2122 0.9760 0.0481
vn -0.5578 0.8282 0.0534
vn -0.5480 0.8352 0.0467
vn 0.0015 0.9986 0.0525
vn -0.4610 0.8858 0.0531
vn -0.8963 0.4431 -0.0138
vn -0.8719 0.4897 -0.0033
vn -0.4572 0.8790 0.1354
vn -0.4964 0.8680 -0.0130
vn -0.5330 0.8449 -0.0460
vn -0.8963 0.4426 -0.0263
vn -0.9351 0.3374 -0.1086
vn -0.8491 0.5195 0.0953
vn -0.7976 0.5990 -0.0703
vn -0.8236 0.5642 0.0572
vn -0.5927 0.7988 -0.1035
vn -0.8775 0.4735 -0.0761
vn -0.6980 0.6698 -0.2533
vn -0.7963 0.5687 -0.2060
vn -0.8501 0.5100 -0.1311
vn -0.6621 0.7331 -0.1554
vn -0.6413 0.7098 -0.2912
vn -0.7076 0.6731 -0.2152
vn -0.1676 0.9842 0.0579
vn -0.5312 0.7951 0.2928
vn -0.8169 0.5764 -0.0194
vn -0.9996 -0.0213 -0.0165
vn -0.9996 -0.0213 -0.0166
vn -0.0312 0.9785 0.2040
vn -0.0244 0.9948 0.0986
vn -0.0244 0.9946 0.1005
vn -0.0000 0.9778 0.2094
vn -0.9999 -0.0167 -0.0010
vn -0.9999 -0.0168 -0.0004
vn -0.9975 -0.0611 -0.0357
vn -0.9975 -0.0611 -0.0356
vn -0.9982 -0.0578 -0.0133
vn -0.9982 -0.0579 -0.0133
vn -0.9297 0.3681 -0.0081
vn -0.9952 0.0731 -0.0653
vn -0.9611 0.2432 -0.1311
vn -0.7249 0.6883 0.0277
vn -0.9751 0.0395 -0.2180
vn -0.9955 0.0229 -0.0917
vn -0.9991 -0.0414 -0.0006
vn -0.8049 0.5933 0.0157
vn -0.9566 -0.1414 0.2548
vn -0.9834 0.0173 0.1807
vn -0.9568 -0.1414 0.2541
vn -0.9763 -0.0313 -0.2142
vn -0.9753 -0.0250 -0.2194
vn -0.9952 -0.0341 -0.0918
vn -0.9941 -0.0650 -0.0863
vn -0.1701 0.9657 0.1960
vn -0.0860 0.9774 0.1929
vn -0.0604 0.9982 0.0057
vn -0.0000 0.9999 0.0105
vn -0.0000 0.9992 -0.0396
vn -0.0677 0.9968 -0.0424
vn -0.0603 0.9898 0.1292
vn -0.1719 0.9752 0.1392
vn -0.1763 0.9177 0.3560
vn -0.0703 0.9289 0.3635
vn -0.3857 0.8624 0.3279
vn -0.6497 0.6715 0.3564
vn -0.2108 0.9764 -0.0469
vn -0.1882 0.9821 -0.0039
vn -0.0000 0.9925 0.1219
vn -0.0000 0.9330 0.3599
vn -0.2351 0.9638 -0.1259
vn -0.0700 0.9884 -0.1349
vn -0.0000 0.9906 -0.1371
vn -0.0000 0.9785 -0.2062
vn -0.0681 0.9759 -0.2074
vn -0.2656 0.9422 -0.2040
vn -0.5805 0.8141 -0.0171
vn -0.5854 0.8103 -0.0272
vn -0.6168 0.7870 -0.0154
vn -0.6412 0.7672 -0.0171
vn -0.9601 0.2792 -0.0123
vn -0.9020 0.4309 0.0263
vn -0.7379 0.6749 0.0037
vn -0.9582 0.2856 0.0144
vn -0.6624 0.7492 0.0014
vn -0.6405 0.7679 -0.0108
vn -0.9598 0.2806 -0.0047
vn -0.9699 0.2419 0.0280
vn -0.6025 0.7979 -0.0183
vn -0.9997 -0.0219 -0.0060
vn -0.9998 -0.0212 -0.0010
vn -0.9939 -0.1098 -0.0092
vn -0.9960 -0.0889 -0.0095
vn -1.0000 -0.0007 -0.0041
vn -1.0000 0.0020 -0.0035
vn -0.9832 -0.1782 0.0408
vn -0.9954 -0.0375 0.0879
vn -0.9901 0.1118 0.0845
vn -0.9990 -0.0447 -0.0018
vn -0.9998 0.0024 0.0208
vn -0.9998 -0.0172 0.0087
vn -0.9999 0.0076 0.0124
vn -0.9994 0.0172 0.0296
vn -0.9974 -0.0724 -0.0017
vn -0.9554 -0.2077 -0.2098
vn -0.9719 -0.1843 -0.1462
vn -0.9554 -0.2076 -0.2098
vn -0.8530 -0.2710 -0.4460
vn -0.0908 -0.9950 -0.0411
vn -0.0905 -0.9951 -0.0410
vn -0.9834 -0.0429 -0.1764
vn -0.9735 0.1010 -0.2054
vn -0.0914 0.8883 -0.4500
vn -0.2871 0.8703 -0.4001
vn -0.2789 0.8615 -0.4243
vn -0.1023 0.8907 -0.4430
vn -0.0000 0.8858 -0.4641
vn -0.0000 0.8993 -0.4374
vn -0.0000 0.8746 -0.4848
vn -0.0736 0.8826 -0.4643
vn -0.1819 0.8867 -0.4250
vn -0.0000 0.9136 -0.4065
vn -0.0859 0.8944 -0.4390
vn -0.6024 0.7978 -0.0249
vn -0.5895 0.8075 -0.0178
vn -0.1886 0.8698 -0.4558
vn -0.3634 0.8541 -0.3722
vn -0.5487 0.7694 -0.3272
vn -0.6404 0.7665 -0.0494
vn -0.5936 0.7973 -0.1090
vn -0.5667 0.7729 -0.2855
vn -0.7763 0.6303 0.0096
vn -0.0934 0.5534 -0.8276
vn -0.0000 0.5523 -0.8336
vn -0.0935 0.5534 -0.8276
vn -0.6970 0.3792 -0.6086
vn -0.2839 0.5614 -0.7774
vn -0.6969 0.3793 -0.6086
vn 0.0173 -0.9484 0.3167
vn -0.0000 -0.9485 0.3167
vn -0.2294 -0.3958 -0.8892
vn -0.2132 -0.3125 -0.9257
vn -0.3546 -0.3729 -0.8575
vn -0.3714 -0.4538 -0.8100
vn -0.9365 0.3239 -0.1347
vn -0.9533 0.3006 0.0305
vn -0.9365 0.3235 -0.1351
vn -0.9928 0.0846 0.0849
vn -0.9983 -0.0523 0.0274
vn -0.9971 -0.0758 -0.0017
vn -0.6207 0.7659 -0.1677
vn -0.5376 0.7872 -0.3022
vn -0.7447 0.6249 -0.2346
vn -0.9108 0.4072 0.0687
vn -0.1365 -0.3179 -0.9382
vn -0.1987 -0.2321 -0.9522
vn -0.0923 -0.4440 -0.8913
vn -0.1325 -0.4202 -0.8977
vn -0.0000 -0.3054 -0.9522
vn -0.0000 -0.3880 -0.9217
vn -0.0000 -0.4673 -0.8841
vn -0.8932 -0.0821 -0.4421
vn -0.8853 -0.1762 -0.4303
vn -0.8483 -0.2747 -0.4526
vn -0.7243 -0.3675 -0.5834
vn -0.8687 -0.2986 -0.3951
vn -0.8679 -0.3298 -0.3715
vn -0.9012 -0.1803 -0.3940
vn -0.8928 -0.2172 -0.3947
vn -0.8465 -0.3909 -0.3615
vn -0.8355 -0.4288 -0.3436
vn -0.9164 -0.1725 -0.3613
vn -0.8902 -0.2655 -0.3702
vn -0.6841 -0.4325 -0.5873
vn -0.8985 0.1332 -0.4182
vn -0.8758 0.2833 -0.3908
vn -0.8321 -0.3400 -0.4381
vn -0.8979 -0.2205 -0.3811
vn -0.9068 0.2665 -0.3268
vn -0.9494 0.0170 -0.3136
vn -0.9489 0.0215 -0.3148
vn -0.9244 0.2229 -0.3094
vn -0.6813 0.6609 -0.3148
vn -0.5292 0.7709 -0.3545
vn -0.3100 0.8696 -0.3842
vn -0.9065 -0.1522 -0.3937
vn -0.4507 0.8199 -0.3531
vn -0.5169 0.7933 -0.3217
vn -0.9233 -0.1570 -0.3505
vn -0.9497 -0.2750 -0.1500
vn -0.3749 -0.9255 -0.0548
vn -0.9080 0.0464 0.4163
vn -0.9983 -0.0402 0.0411
vn -0.8277 -0.2667 0.4937
vn -0.2397 -0.9596 0.1476
vn -0.4393 -0.8948 0.0795
vn -0.9121 -0.3786 0.1571
vn -0.1712 -0.9852 0.0017
vn -0.9156 -0.4018 -0.0170
vn -0.9773 0.1302 0.1671
vn -0.9900 -0.0502 0.1316
vn -0.9792 -0.1982 0.0441
vn -0.1450 -0.9894 0.0023
vn -0.9254 -0.3787 -0.0172
vn -0.9881 -0.1531 -0.0128
vn -0.3866 -0.9222 -0.0031
vn -0.9320 -0.3621 -0.0174
vn -0.3892 -0.9211 -0.0032
vn -0.9382 -0.3455 -0.0176
vn -0.9903 -0.1382 -0.0114
vn -0.9927 -0.1208 -0.0070
vn -0.9959 -0.0904 -0.0070
vn -0.0000 -1.0000 -0.0000
vn 0.0001 -0.5043 0.8636
vn -0.0000 -0.3792 0.9253
vn -0.0371 0.9918 0.1222
vn -0.0261 0.9981 0.0557
vn -0.0000 0.5148 0.8573
vn -0.0604 0.3498 0.9349
vn -0.0604 0.3114 0.9483
vn -0.0604 0.3116 0.9483
vn -0.0522 0.2142 0.9754
vn -0.0196 0.2517 0.9676
vn -0.0173 0.3560 0.9343
vn -0.0198 0.3882 0.9214
vn -0.0000 -0.2610 0.9653
vn -0.3473 -0.2997 0.8886
vn -0.1844 -0.4072 0.8945
vn -0.3472 -0.3001 0.8885
vn -0.6133 -0.1138 0.7816
vn -0.8994 -0.0447 0.4348
vn -0.9772 -0.0626 0.2028
vn -0.1725 -0.3794 0.9090
vn -0.2631 -0.2205 0.9392
vn -0.5931 -0.1143 0.7970
vn -0.9021 -0.0431 0.4294
vn -0.9794 -0.0632 0.1917
vn -0.1229 -0.2919 -0.9485
vn -0.0000 -0.2535 -0.9673
vn -0.0000 -0.2531 -0.9675
vn -0.0759 -0.2927 -0.9532
vn -0.0000 -0.3176 -0.9482
vn -0.0999 -0.3160 -0.9435
vn 0.9949 -0.0128 -0.0997
vn -0.0000 0.9490 -0.3152
vn -0.0489 0.9479 -0.3149
vn -0.2324 0.9686 0.0879
vn -0.1707 0.9791 0.1102
vn 0.0503 0.9712 0.2330
vn 0.0481 0.9555 0.2911
vn 0.0513 0.9034 0.4258
vn 0.0431 0.8634 0.5026
vn 0.0496 0.9916 0.1198
vn 0.0785 0.9883 0.1311
vn 0.0801 0.9831 0.1644
vn 0.0800 0.9831 0.1645
vn 0.0603 0.9764 0.2075
vn 0.0567 0.9749 0.2154
vn 0.0490 0.9595 0.2774
vn 0.0497 0.9610 0.2720
vn 0.0479 0.9154 0.3996
vn 0.0488 0.9122 0.4069
vn 0.0387 0.8767 0.4795
vn 0.0367 0.8808 0.4721
vn 0.0573 0.5450 0.8365
vn 0.1523 0.5367 0.8299
vn 0.1157 0.6604 0.7420
vn 0.0469 0.7102 0.7025
vn 0.0166 0.5248 0.8511
vn 0.0182 0.7008 0.7131
vn 0.0188 0.8238 0.5666
vn 0.0357 0.8275 0.5603
vn 0.0337 0.8400 0.5416
vn 0.0329 0.8434 0.5362
vn 0.0607 0.8045 0.5909
vn 0.0369 0.8217 0.5688
vn 0.2227 0.9641 0.1446
vn 0.3646 0.9265 0.0935
vn -0.0992 0.9912 0.0875
vn -0.2342 0.9644 0.1226
vn -0.2938 0.9529 0.0754
vn -0.4160 0.9038 0.1005
vn -0.2794 0.9514 0.1294
vn -0.4574 0.8764 0.1505
vn 0.1338 0.9783 0.1582
vn 0.1884 0.9558 0.2259
vn 0.9325 0.2357 0.2735
vn 0.9649 0.1898 0.1815
vn 0.8445 0.5080 0.1694
vn 0.8743 0.4385 0.2081
vn 0.5680 0.8092 0.1503
vn 0.6664 0.7435 0.0554
vn 0.9984 -0.0297 0.0491
vn 0.9988 -0.0135 0.0468
vn 0.9988 -0.0135 0.0467
vn 0.9983 -0.0297 0.0492
vn 0.5988 0.7762 0.1974
vn 0.7693 0.3390 0.5415
vn 0.3161 0.7242 0.6128
vn 0.3163 0.7241 0.6129
vn 0.7695 0.3389 0.5413
vn 0.8569 0.3044 0.4160
vn 0.1498 0.8329 0.5328
vn 0.1981 0.8221 0.5338
vn 0.1173 0.8388 0.5317
vn 0.0348 0.8499 0.5257
vn -0.4925 0.8356 0.2434
vn -0.3510 0.8576 0.3759
vn -0.3509 0.8576 0.3759
vn 0.5199 0.4409 0.7316
vn 0.2859 0.5305 0.7980
vn 0.3019 0.5039 0.8093
vn 0.5200 0.4409 0.7316
vn 0.8574 0.2389 0.4558
vn 0.8574 0.2390 0.4558
vn 0.9714 0.0640 0.2287
vn 0.9980 -0.0617 0.0095
vn 0.9950 -0.1002 -0.0005
vn 0.0258 0.9983 0.0522
vn 0.0255 0.9985 0.0484
vn 0.0369 0.9921 0.1200
vn 0.1355 -0.4200 0.8974
vn 0.0601 -0.4236 0.9039
vn 0.1295 -0.4047 0.9052
vn 0.0247 -0.3908 0.9201
vn 0.0247 -0.3910 0.9201
vn 0.0648 -0.2226 0.9728
vn 0.1292 -0.2763 0.9524
vn 0.2772 -0.2995 0.9129
vn 0.2003 -0.3075 0.9302
vn 0.9751 -0.0499 0.2160
vn 0.9693 -0.1155 0.2170
vn 0.9670 -0.0857 0.2401
vn 0.9732 -0.0392 0.2267
vn 0.9870 -0.1606 -0.0043
vn 0.9955 -0.0950 -0.0027
vn 0.9954 -0.0954 -0.0027
vn 0.9870 -0.1606 -0.0042
vn 0.8685 -0.2466 0.4299
vn 0.8580 -0.2476 0.4500
vn 0.9507 -0.1729 0.2575
vn 0.9553 -0.1726 0.2401
vn 0.5940 -0.2911 0.7500
vn 0.5933 -0.2907 0.7507
vn 0.5960 -0.2591 0.7600
vn 0.8853 -0.2146 0.4125
vn 0.9870 -0.1606 -0.0032
vn 0.3901 -0.2797 0.8772
vn 0.3398 -0.2609 0.9036
vn -0.0028 -1.0000 -0.0000
vn 0.0799 -0.5232 0.8485
vn 0.1039 -0.6320 0.7680
vn -0.9545 0.2981 -0.0000
vn -0.9545 0.2983 -0.0000
vn -0.1880 0.9822 -0.0000
vn -0.0183 -0.7607 0.6488
vn -0.2124 -0.9772 -0.0000
vn 0.0009 1.0000 -0.0000
vn 0.0619 -0.5117 0.8570
vn 0.1672 0.9853 0.0345
vn 0.5480 0.8352 0.0467
vn 0.5578 0.8282 0.0534
vn 0.2122 0.9760 0.0481
vn -0.0015 0.9986 0.0525
vn 0.4610 0.8858 0.0531
vn 0.8963 0.4431 -0.0138
vn 0.4963 0.8680 -0.0129
vn 0.4572 0.8790 0.1354
vn 0.8719 0.4896 -0.0033
vn 0.8963 0.4426 -0.0263
vn 0.5330 0.8449 -0.0460
vn 0.8491 0.5195 0.0953
vn 0.9351 0.3374 -0.1086
vn 0.8236 0.5642 0.0571
vn 0.7976 0.5990 -0.0703
vn 0.8775 0.4735 -0.0761
vn 0.5927 0.7988 -0.1034
vn 0.6980 0.6698 -0.2533
vn 0.6621 0.7331 -0.1554
vn 0.8501 0.5100 -0.1311
vn 0.7963 0.5687 -0.2060
vn 0.7076 0.6731 -0.2152
vn 0.6413 0.7098 -0.2912
vn 0.1676 0.9842 0.0579
vn 0.5312 0.7951 0.2928
vn 0.8169 0.5764 -0.0194
vn 0.9996 -0.0213 -0.0166
vn 0.9996 -0.0213 -0.0165
vn 0.0311 0.9785 0.2040
vn 0.0244 0.9946 0.1005
vn 0.0244 0.9948 0.0986
vn 0.9999 -0.0167 -0.0010
vn 0.9999 -0.0168 -0.0004
vn 0.9975 -0.0611 -0.0357
vn 0.9982 -0.0579 -0.0133
vn 0.9975 -0.0611 -0.0356
vn 0.9297 0.3681 -0.0081
vn 0.9611 0.2432 -0.1311
vn 0.9952 0.0731 -0.0653
vn 0.7249 0.6883 0.0277
vn 0.9751 0.0395 -0.2180
vn 0.9955 0.0229 -0.0917
vn 0.9991 -0.0414 -0.0006
vn 0.8049 0.5933 0.0157
vn 0.9566 -0.1414 0.2548
vn 0.9834 0.0173 0.1807
vn 0.9568 -0.1414 0.2541
vn 0.9763 -0.0313 -0.2142
vn 0.9941 -0.0651 -0.0863
vn 0.9952 -0.0341 -0.0918
vn 0.9754 -0.0254 -0.2190
vn 0.1701 0.9657 0.1960
vn 0.0860 0.9774 0.1929
vn 0.0603 0.9982 0.0058
vn 0.0678 0.9968 -0.0424
vn 0.0603 0.9898 0.1292
vn 0.0703 0.9289 0.3635
vn 0.1764 0.9177 0.3560
vn 0.1719 0.9752 0.1392
vn 0.3857 0.8624 0.3280
vn 0.6497 0.6715 0.3564
vn 0.1882 0.9821 -0.0039
vn 0.2108 0.9764 -0.0470
vn 0.2351 0.9638 -0.1259
vn 0.0701 0.9884 -0.1350
vn 0.0681 0.9759 -0.2074
vn 0.2656 0.9422 -0.2040
vn 0.5805 0.8141 -0.0171
vn 0.6412 0.7672 -0.0171
vn 0.6168 0.7870 -0.0154
vn 0.5854 0.8103 -0.0272
vn 0.9601 0.2792 -0.0123
vn 0.9020 0.4309 0.0263
vn 0.7379 0.6749 0.0037
vn 0.9582 0.2856 0.0144
vn 0.9598 0.2806 -0.0046
vn 0.6405 0.7679 -0.0108
vn 0.6624 0.7492 0.0013
vn 0.9699 0.2419 0.0280
vn 0.6025 0.7979 -0.0183
vn 0.9997 -0.0219 -0.0059
vn 0.9960 -0.0889 -0.0095
vn 0.9939 -0.1098 -0.0092
vn 0.9998 -0.0212 -0.0010
vn 1.0000 -0.0007 -0.0041
vn 1.0000 0.0019 -0.0035
vn 0.9832 -0.1782 0.0408
vn 0.9954 -0.0375 0.0879
vn 0.9901 0.1118 0.0845
vn 0.9990 -0.0447 -0.0018
vn 0.9998 0.0024 0.0208
vn 0.9998 -0.0172 0.0087
vn 0.9999 0.0076 0.0124
vn 0.9994 0.0172 0.0296
vn 0.9974 -0.0724 -0.0017
vn 0.9555 -0.2076 -0.2098
vn 0.9555 -0.2076 -0.2097
vn 0.9719 -0.1843 -0.1463
vn 0.8530 -0.2710 -0.4460
vn 0.0905 -0.9951 -0.0409
vn 0.0907 -0.9950 -0.0412
vn 0.9834 -0.0429 -0.1764
vn 0.9735 0.1010 -0.2054
vn 0.0914 0.8883 -0.4500
vn 0.1023 0.8907 -0.4430
vn 0.2789 0.8615 -0.4243
vn 0.2870 0.8704 -0.4001
vn 0.0736 0.8826 -0.4643
vn 0.1820 0.8867 -0.4250
vn 0.0859 0.8944 -0.4390
vn 0.6024 0.7978 -0.0250
vn 0.5895 0.8076 -0.0178
vn 0.1886 0.8698 -0.4558
vn 0.3635 0.8540 -0.3722
vn 0.5486 0.7694 -0.3272
vn 0.5936 0.7973 -0.1090
vn 0.6404 0.7665 -0.0494
vn 0.5667 0.7729 -0.2855
vn 0.7763 0.6303 0.0096
vn 0.0934 0.5534 -0.8276
vn 0.0935 0.5534 -0.8276
vn 0.6970 0.3792 -0.6086
vn 0.6969 0.3793 -0.6086
vn 0.2839 0.5614 -0.7774
vn -0.0173 -0.9484 0.3167
vn 0.2294 -0.3958 -0.8892
vn 0.3714 -0.4538 -0.8100
vn 0.3546 -0.3729 -0.8575
vn 0.2132 -0.3125 -0.9257
vn 0.9365 0.3239 -0.1347
vn 0.9365 0.3235 -0.1351
vn 0.9533 0.3006 0.0305
vn 0.9928 0.0846 0.0849
vn 0.9983 -0.0523 0.0274
vn 0.9983 -0.0524 0.0273
vn 0.9971 -0.0758 -0.0017
vn 0.6207 0.7659 -0.1677
vn 0.5376 0.7872 -0.3022
vn 0.9108 0.4072 0.0687
vn 0.7446 0.6249 -0.2346
vn 0.1365 -0.3179 -0.9382
vn 0.1987 -0.2321 -0.9522
vn 0.0923 -0.4440 -0.8913
vn 0.1325 -0.4202 -0.8977
vn 0.8932 -0.0821 -0.4421
vn 0.7243 -0.3675 -0.5834
vn 0.8483 -0.2747 -0.4526
vn 0.8853 -0.1762 -0.4303
vn 0.8687 -0.2986 -0.3951
vn 0.8928 -0.2172 -0.3947
vn 0.9012 -0.1804 -0.3940
vn 0.8679 -0.3298 -0.3715
vn 0.8465 -0.3909 -0.3615
vn 0.8355 -0.4288 -0.3436
vn 0.9164 -0.1725 -0.3613
vn 0.8902 -0.2656 -0.3702
vn 0.6841 -0.4325 -0.5873
vn 0.8758 0.2834 -0.3908
vn 0.8985 0.1332 -0.4182
vn 0.8321 -0.3400 -0.4381
vn 0.8979 -0.2205 -0.3811
vn 0.9068 0.2665 -0.3268
vn 0.9244 0.2229 -0.3094
vn 0.9489 0.0215 -0.3148
vn 0.9494 0.0170 -0.3136
vn 0.6813 0.6609 -0.3148
vn 0.5292 0.7709 -0.3544
vn 0.3100 0.8696 -0.3842
vn 0.9065 -0.1522 -0.3937
vn 0.4507 0.8199 -0.3531
vn 0.5169 0.7933 -0.3217
vn 0.9233 -0.1570 -0.3505
vn 0.3748 -0.9255 -0.0549
vn 0.9497 -0.2750 -0.1500
vn 0.9080 0.0464 0.4163
vn 0.9983 -0.0402 0.0411
vn 0.8277 -0.2667 0.4937
vn 0.9121 -0.3786 0.1571
vn 0.4394 -0.8948 0.0795
vn 0.2396 -0.9596 0.1477
vn 0.1712 -0.9852 0.0017
vn 0.9155 -0.4019 -0.0170
vn 0.9773 0.1302 0.1672
vn 0.9792 -0.1982 0.0441
vn 0.9900 -0.0502 0.1316
vn 0.1450 -0.9894 0.0023
vn 0.9254 -0.3787 -0.0172
vn 0.9881 -0.1531 -0.0128
vn 0.3866 -0.9222 -0.0031
vn 0.9320 -0.3619 -0.0174
vn 0.3892 -0.9211 -0.0032
vn 0.9383 -0.3454 -0.0177
vn 0.9903 -0.1382 -0.0114
vn 0.9927 -0.1208 -0.0070
vn 0.9959 -0.0904 -0.0070
vn 0.0371 0.9918 0.1222
vn 0.0261 0.9981 0.0557
vn 0.0604 0.3498 0.9349
vn 0.0604 0.3118 0.9482
vn 0.0604 0.3113 0.9484
vn 0.0522 0.2142 0.9754
vn 0.0196 0.2517 0.9676
vn 0.0173 0.3560 0.9343
vn 0.0173 0.3561 0.9343
vn 0.0198 0.3882 0.9214
vn 0.3473 -0.2997 0.8886
vn 0.3472 -0.3001 0.8885
vn 0.1844 -0.4072 0.8945
vn 0.6133 -0.1138 0.7816
vn 0.8994 -0.0447 0.4348
vn 0.9772 -0.0626 0.2028
vn 0.1725 -0.3794 0.9090
vn 0.2631 -0.2205 0.9392
vn 0.5931 -0.1143 0.7970
vn 0.9021 -0.0431 0.4294
vn 0.9794 -0.0632 0.1917
vn 0.1229 -0.2919 -0.9485
vn 0.0759 -0.2927 -0.9532
vn 0.0999 -0.3160 -0.9435
vn -0.9949 -0.0128 -0.0997
vn 0.0489 0.9479 -0.3149
vn -0.2720 -0.9380 0.2150
vn -0.8708 -0.3556 0.3396
vn -0.8698 -0.3756 0.3200
vn -0.2759 -0.9236 0.2661
vn -0.7544 -0.3778 0.5368
vn -0.4225 -0.7914 0.4418
vn -0.6765 0.3596 0.6427
vn -0.3016 0.8827 0.3603
vn -0.5038 0.7518 0.4254
vn -0.3023 0.8209 0.4846
vn 0.0837 -0.1716 0.9816
vn -0.0517 -0.2262 0.9727
vn -0.1299 -0.0371 0.9908
vn -0.1151 -0.9797 0.1639
vn 0.0190 0.9733 0.2286
vn -0.0089 0.9168 0.3992
vn 0.9771 0.0963 -0.1900
vn 0.9771 0.0964 -0.1900
vn -0.3749 0.1490 0.9150
vn -0.2338 0.3617 0.9025
vn -0.3148 -0.4213 0.8505
vn -0.8054 -0.5890 0.0670
vn -0.2828 -0.8563 0.4322
vn 0.5794 0.0708 0.8120
vn 0.5793 0.0708 0.8120
vn 0.0492 0.2159 0.9752
vn 0.2765 0.0423 0.9601
vn 0.0543 -0.1356 0.9893
vn 0.0222 -0.3916 0.9199
vn 0.3614 -0.9298 0.0697
vn 0.9595 0.1968 -0.2014
vn 0.9404 0.2687 -0.2083
vn -0.9070 -0.2591 0.3320
vn 0.1363 0.0209 -0.9904
vn 0.1299 0.0371 -0.9908
vn -0.1443 0.0001 0.9895
vn -0.1445 -0.0000 0.9895
vn 0.1445 -0.0000 -0.9895
vn -0.1300 0.9913 -0.0190
vn 0.0907 0.9958 0.0132
vn -0.5210 0.8502 -0.0761
vn 0.2687 -0.9624 0.0392
vn -0.0527 -0.9986 -0.0077
vn -0.9843 -0.1020 -0.1438
vn 0.8616 0.4918 0.1258
vn 0.4973 -0.8645 0.0726
vn 0.2720 -0.9380 0.2150
vn 0.2759 -0.9236 0.2662
vn 0.8698 -0.3755 0.3200
vn 0.8708 -0.3556 0.3396
vn 0.7544 -0.3778 0.5368
vn 0.6765 0.3596 0.6426
vn 0.4225 -0.7914 0.4418
vn 0.3016 0.8827 0.3603
vn 0.3023 0.8209 0.4846
vn 0.5038 0.7518 0.4254
vn -0.0837 -0.1716 0.9816
vn 0.1299 -0.0371 0.9908
vn 0.0517 -0.2262 0.9727
vn 0.1151 -0.9797 0.1639
vn -0.0190 0.9733 0.2286
vn 0.0089 0.9168 0.3992
vn -0.9771 0.0963 -0.1900
vn -0.9771 0.0964 -0.1900
vn 0.2338 0.3617 0.9025
vn 0.3749 0.1490 0.9150
vn 0.3148 -0.4213 0.8505
vn 0.2828 -0.8563 0.4322
vn 0.8054 -0.5890 0.0670
vn -0.5794 0.0708 0.8120
vn -0.2765 0.0423 0.9601
vn -0.0492 0.2159 0.9752
vn -0.5793 0.0708 0.8120
vn -0.0222 -0.3916 0.9199
vn -0.0543 -0.1356 0.9893
vn -0.3614 -0.9298 0.0697
vn -0.9595 0.1968 -0.2014
vn -0.9404 0.2687 -0.2083
vn 0.9070 -0.2591 0.3320
vn -0.1363 0.0210 -0.9904
vn -0.1299 0.0371 -0.9908
vn -0.1363 0.0209 -0.9904
vn 0.1443 0.0001 0.9895
vn 0.1445 -0.0000 0.9895
vn -0.1445 -0.0000 -0.9895
vn 0.1300 0.9913 -0.0190
vn -0.0907 0.9958 0.0132
vn 0.5210 0.8502 -0.0761
vn -0.2687 -0.9624 0.0392
vn 0.0527 -0.9986 -0.0077
vn 0.9843 -0.1020 -0.1438
vn -0.8616 0.4918 0.1258
vn -0.4973 -0.8645 0.0726
vn -0.0444 0.9979 0.0468
vn -0.0288 0.9822 0.1857
vn -0.0000 0.9794 0.2018
vn -0.0000 0.9972 0.0751
vn -0.1345 0.9908 -0.0176
vn -0.0760 0.9965 -0.0337
vn -0.1950 0.9796 0.0477
vn -0.9410 -0.0000 -0.3385
vn -0.1588 -0.0000 -0.9873
vn -0.1586 -0.0000 -0.9873
vn -0.2988 -0.0000 -0.9543
vn -0.0000 -0.0000 -1.0000
vn -0.0000 -0.9370 -0.3494
vn -0.0270 -0.9474 -0.3188
vn -0.0271 -0.9474 -0.3188
vn -0.0317 -0.0000 -0.9995
vn -0.6941 -0.0000 -0.7198
vn 0.0130 0.8549 0.5187
vn -0.0000 0.8589 0.5122
vn -0.0437 0.9947 -0.0927
vn -0.0762 0.9959 -0.0496
vn -0.0447 0.9952 -0.0872
vn -0.0446 0.9952 -0.0872
vn -0.1842 0.9782 0.0962
vn -0.8221 -0.0000 0.5694
vn -0.1590 -0.9798 -0.1214
vn -0.1589 -0.9798 -0.1214
vn -0.2105 -0.9756 0.0630
vn -0.9990 -0.0000 0.0451
vn 0.1241 0.8572 0.4999
vn -0.0000 0.9952 -0.0983
vn 0.4161 0.8286 0.3746
vn 0.0444 0.9979 0.0468
vn 0.0288 0.9822 0.1857
vn 0.1345 0.9908 -0.0176
vn 0.0760 0.9965 -0.0337
vn 0.1950 0.9796 0.0477
vn 0.9410 -0.0000 -0.3385
vn 0.1589 -0.0000 -0.9873
vn 0.2988 -0.0000 -0.9543
vn 0.1586 -0.0000 -0.9873
vn 0.0272 -0.9474 -0.3188
vn 0.0270 -0.9474 -0.3188
vn 0.0317 -0.0000 -0.9995
vn 0.6941 -0.0000 -0.7198
vn -0.0130 0.8549 0.5187
vn 0.0437 0.9947 -0.0927
vn 0.0446 0.9952 -0.0872
vn 0.0447 0.9952 -0.0872
vn 0.0762 0.9959 -0.0496
vn 0.1842 0.9782 0.0962
vn 0.8221 -0.0000 0.5694
vn 0.1589 -0.9798 -0.1214
vn 0.1590 -0.9798 -0.1214
vn 0.2105 -0.9756 0.0630
vn 0.9990 -0.0000 0.0451
vn -0.1241 0.8572 0.4999
vn -0.4161 0.8286 0.3746
vn 0.1180 -0.9930 -0.0000
vn 0.0351 -0.9984 -0.0453
vn 0.0502 -0.9978 -0.0444
vn -0.1180 -0.9930 -0.0000
vn -0.0502 -0.9978 -0.0444
vn -0.0351 -0.9984 -0.0453
vt 0.000000 0.000000
s 1
usemtl carPaint
f 775/2/456 613/2/457 632/2/457 776/2/456
f 771/2/458 763/2/459 514/2/460 621/2/461
f 767/2/462 761/2/463 515/2/464 628/2/465
f 521/2/466 554/2/467 613/2/468 775/2/469
f 623/2/470 555/2/471 614/2/472 624/2/473
f 629/2/474 532/2/475 533/2/476 630/2/477
f 616/2/478 617/2/479 615/2/480 813/2/481
f 764/2/482 765/2/483 617/2/479 616/2/478
f 766/2/484 765/2/483 535/2/485 618/2/486
f 761/2/463 766/2/487 618/2/488 515/2/464
f 533/2/476 532/2/475 538/2/489 619/2/490
f 615/2/480 617/2/479 619/2/491 538/2/492
f 622/2/493 625/2/494 608/2/495 524/2/496
f 625/2/494 623/2/497 554/2/498 608/2/495
f 620/2/499 555/2/500 623/2/497 625/2/494
f 525/2/501 620/2/499 625/2/494 622/2/493
f 554/2/467 623/2/470 624/2/473 613/2/468
f 613/2/457 624/2/502 632/2/457
f 541/2/503 626/2/504 611/2/505 673/2/506
f 524/2/496 607/2/507 627/2/508 622/2/493
f 548/2/509 611/2/510 678/2/511 549/2/511
f 622/2/493 627/2/508 529/2/512 525/2/501
f 529/2/512 627/2/508 611/2/505 626/2/504
f 530/2/513 542/2/514 539/2/515 528/2/516
f 531/2/517 529/2/512 626/2/504 541/2/503
f 531/2/517 541/2/503 542/2/514 530/2/513
f 538/2/518 532/2/519 558/2/520 534/2/521
f 534/2/521 558/2/520 528/2/516 539/2/515
f 555/2/471 629/2/474 630/2/477 614/2/472
f 763/2/459 767/2/462 628/2/465 514/2/460
f 556/2/522 555/2/500 620/2/499 525/2/501
f 557/2/523 629/2/524 555/2/500 556/2/522
f 629/2/524 557/2/523 558/2/520 532/2/519
f 539/2/525 815/2/526 814/2/527 534/2/528
f 542/2/529 816/2/530 815/2/526 539/2/525
f 541/2/531 817/2/532 816/2/530 542/2/529
f 540/2/533 563/2/534 672/2/534 673/2/535
f 534/2/528 615/2/480 538/2/492
f 813/2/481 615/2/480 534/2/528 814/2/527
f 773/2/536 762/2/537 513/2/538 522/2/539
f 762/2/537 771/2/458 621/2/461 513/2/538
f 813/2/540 818/2/541 641/2/542 616/2/542
f 768/2/543 764/2/544 616/2/542 641/2/542
f 810/2/545 811/2/545 646/2/546 546/2/546
f 546/2/546 646/2/546 637/2/547 544/2/548
f 817/2/549 672/2/550 669/2/551 822/2/552
f 649/2/553 670/2/554 669/2/555 642/2/555
f 651/2/556 650/2/557 547/2/558 647/2/559
f 652/2/560 651/2/556 647/2/559 648/2/561
f 820/2/562 821/2/563 651/2/556 652/2/560
f 821/2/563 822/2/552 650/2/557 651/2/556
f 543/2/564 674/2/564 670/2/554 649/2/553
f 636/2/565 819/2/566 820/2/562 652/2/560
f 637/2/547 636/2/565 544/2/548
f 648/2/561 544/2/548 636/2/565 652/2/560
f 641/2/567 818/2/567 658/2/568 659/2/569
f 636/2/570 637/2/571 656/2/571 655/2/572
f 818/2/567 819/2/573 654/2/574 658/2/568
f 637/2/571 646/2/575 660/2/575 656/2/571
f 768/2/567 641/2/567 659/2/569 769/2/576
f 811/2/575 639/2/577 657/2/577 812/2/575
f 819/2/573 636/2/570 655/2/572 654/2/574
f 663/2/578 662/2/579 527/2/580 526/2/581
f 664/2/582 663/2/578 526/2/581 661/2/583
f 796/2/584 795/2/585 599/2/586 600/2/587
f 796/2/584 600/2/587 597/2/588 797/2/589
f 795/2/585 799/2/590 601/2/591 599/2/586
f 799/2/590 808/2/592 602/2/593 601/2/591
f 797/2/589 597/2/588 596/2/594 798/2/595
f 595/2/596 800/2/597 802/2/598 746/2/599
f 595/2/596 598/2/600 801/2/601 800/2/597
f 521/2/466 520/2/602 663/2/578 664/2/582
f 520/2/602 784/2/603 662/2/579 663/2/578
f 661/2/583 524/2/496 608/2/495 664/2/582
f 521/2/466 664/2/582 608/2/495 554/2/498
f 524/2/496 661/2/583 665/2/604 607/2/507
f 549/2/511 678/2/511 675/2/605 550/2/606
f 785/2/607 777/2/608 666/2/609 512/2/610
f 747/2/611 749/2/611 677/2/612 553/2/612
f 551/2/613 676/2/614 671/2/615 552/2/616
f 550/2/606 675/2/605 676/2/614 551/2/613
f 564/2/617 668/2/618 675/2/619 665/2/604
f 564/2/617 526/2/581 527/2/580 612/2/620
f 526/2/581 564/2/617 665/2/604 661/2/583
f 673/2/535 611/2/510 548/2/509 540/2/533
f 676/2/621 675/2/619 668/2/618 667/2/622
f 669/2/555 672/2/623 563/2/623 642/2/555
f 678/2/624 611/2/505 627/2/508 607/2/507
f 669/2/551 670/2/625 650/2/557 822/2/552
f 675/2/619 678/2/624 607/2/507 665/2/604
f 673/2/626 672/2/626 817/2/532 541/2/531
f 670/2/625 674/2/627 547/2/558 650/2/557
f 749/2/628 671/2/629 609/2/630 748/2/631
f 671/2/629 676/2/621 667/2/622 609/2/630
f 783/2/632 784/2/603 520/2/602 521/2/466
f 786/2/633 783/2/632 521/2/466 775/2/469
f 680/2/634 679/2/635 510/2/636 582/2/637
f 684/2/638 682/2/639 779/2/640 780/2/641
f 778/2/642 599/2/586 601/2/591 782/2/643
f 582/2/637 583/2/644 681/2/645 680/2/634
f 684/2/638 683/2/646 679/2/635 680/2/634
f 780/2/641 781/2/647 683/2/646 684/2/638
f 680/2/634 681/2/645 682/2/639 684/2/638
f 599/2/586 682/2/639 681/2/645 600/2/587
f 779/2/640 682/2/639 599/2/586 778/2/642
f 583/2/644 597/2/588 600/2/587 681/2/645
f 782/2/643 601/2/591 602/2/593 784/2/603
f 687/2/648 583/2/644 582/2/637 686/2/649
f 685/2/650 789/2/651 787/2/652 686/2/649
f 510/2/636 685/2/650 686/2/649 582/2/637
f 788/2/653 687/2/648 686/2/649 787/2/652
f 583/2/644 687/2/648 596/2/594 597/2/588
f 596/2/594 687/2/648 788/2/653 746/2/599
f 527/2/580 662/2/579 784/2/603 602/2/593
f 806/2/654 805/2/655 603/2/656 694/2/657
f 693/2/658 694/2/657 603/2/656 566/2/659
f 602/2/593 690/2/660 612/2/620 527/2/580
f 691/2/661 692/2/662 688/2/663 565/2/664
f 612/2/620 690/2/660 689/2/665 564/2/617
f 689/2/665 690/2/660 692/2/662 691/2/661
f 602/2/593 808/2/592 692/2/662 690/2/660
f 808/2/592 807/2/666 688/2/663 692/2/662
f 565/2/664 688/2/663 694/2/657 693/2/658
f 807/2/666 806/2/654 694/2/657 688/2/663
f 696/2/667 697/2/668 606/2/669 695/2/670
f 699/2/671 700/2/672 697/2/668 696/2/667
f 605/2/673 606/2/669 697/2/668 604/2/674
f 700/2/672 698/2/675 604/2/674 697/2/668
f 693/2/658 566/2/659 698/2/675 700/2/672
f 565/2/664 693/2/658 700/2/672 699/2/671
f 704/2/676 609/2/630 667/2/622 705/2/677
f 702/2/678 703/2/679 699/2/671 696/2/667
f 705/2/677 706/2/680 703/2/679 702/2/678
f 695/2/670 701/2/681 702/2/678 696/2/667
f 667/2/622 668/2/618 706/2/680 705/2/677
f 701/2/681 704/2/676 705/2/677 702/2/678
f 668/2/618 564/2/617 689/2/665 706/2/680
f 691/2/661 703/2/679 706/2/680 689/2/665
f 565/2/664 699/2/671 703/2/679 691/2/661
f 574/2/682 576/2/683 709/2/683 708/2/684
f 735/2/685 736/2/685 634/2/686 575/2/687
f 576/2/688 573/2/689 707/2/689 709/2/688
f 713/2/690 710/2/691 593/2/692 712/2/693
f 516/2/694 713/2/690 712/2/693 594/2/695
f 516/2/694 517/2/696 590/2/697 713/2/690
f 589/2/698 710/2/691 713/2/690 590/2/697
f 511/2/699 594/2/695 712/2/693 794/2/700
f 804/2/701 711/2/702 603/2/656 805/2/655
f 794/2/700 712/2/693 593/2/692 793/2/703
f 792/2/704 793/2/703 593/2/692 714/2/705
f 804/2/701 803/2/706 715/2/707 711/2/702
f 803/2/706 801/2/601 716/2/708 715/2/707
f 714/2/705 716/2/708 801/2/601 598/2/600
f 566/2/659 603/2/656 711/2/702 717/2/709
f 588/2/710 518/2/711 825/2/711 826/2/712
f 587/2/713 586/2/714 721/2/714 722/2/715
f 586/2/714 588/2/710 826/2/712 721/2/714
f 723/2/716 519/2/717 827/2/717 830/2/716
f 826/2/718 823/2/719 720/2/720 721/2/721
f 572/2/722 571/2/723 725/2/723 727/2/724
f 572/2/722 727/2/724 707/2/689 573/2/689
f 570/2/725 569/2/726 728/2/726 729/2/725
f 569/2/726 568/2/727 726/2/727 728/2/726
f 570/2/725 729/2/725 725/2/723 571/2/723
f 711/2/702 715/2/707 731/2/728 717/2/709
f 715/2/707 716/2/708 730/2/729 731/2/728
f 710/2/691 730/2/729 716/2/708 593/2/692
f 717/2/709 731/2/728 727/2/730 725/2/731
f 733/2/732 732/2/733 720/2/720 823/2/719
f 580/2/734 579/2/735 732/2/733 733/2/732
f 824/2/736 638/2/737 733/2/732 823/2/719
f 577/2/738 580/2/734 733/2/732 638/2/737
f 738/2/739 737/2/740 734/2/741 719/2/742
f 743/2/743 736/2/744 708/2/745 742/2/746
f 740/2/747 634/2/748 736/2/744 743/2/743
f 578/2/749 581/2/750 737/2/740 738/2/739
f 574/2/682 708/2/684 736/2/685 735/2/685
f 721/2/721 720/2/720 719/2/742 722/2/751
f 587/2/713 722/2/715 739/2/752 585/2/753
f 719/2/742 734/2/741 739/2/754 722/2/751
f 744/2/755 739/2/754 734/2/741 742/2/746
f 741/2/756 744/2/757 709/2/758 707/2/759
f 745/2/760 741/2/756 707/2/759 727/2/730
f 591/2/761 710/2/691 589/2/698 592/2/762
f 591/2/761 585/2/753 741/2/756 745/2/760
f 585/2/753 739/2/752 744/2/757 741/2/756
f 709/2/763 744/2/755 742/2/746 708/2/745
f 581/2/750 740/2/747 743/2/743 737/2/740
f 737/2/740 743/2/743 742/2/746 734/2/741
f 730/2/729 710/2/691 591/2/761 745/2/760
f 731/2/728 730/2/729 745/2/760 727/2/730
f 714/2/705 593/2/692 716/2/708
f 791/2/764 792/2/704 714/2/705 598/2/600
f 598/2/600 595/2/596 790/2/765 791/2/764
f 746/2/599 802/2/598 798/2/595 596/2/594
f 788/2/653 790/2/765 595/2/596 746/2/599
f 677/2/766 749/2/766 748/2/767 610/2/768
f 552/2/616 671/2/615 749/2/611 747/2/611
f 728/2/769 726/2/769 750/2/769
f 568/2/770 567/2/770 751/2/770 726/2/770
f 726/2/771 751/2/772 584/2/773 750/2/774
f 752/2/775 753/2/776 750/2/774 584/2/773
f 698/2/675 566/2/659 717/2/709 725/2/731
f 698/2/675 725/2/731 729/2/777
f 605/2/673 604/2/674 728/2/778 750/2/779
f 728/2/778 604/2/674 698/2/675 729/2/777
f 755/2/780 754/2/781 753/2/776 752/2/775
f 606/2/669 605/2/673 750/2/779 753/2/782
f 757/2/783 756/2/784 754/2/781 755/2/780
f 759/2/785 758/2/786 756/2/784 757/2/783
f 610/2/768 748/2/767 758/2/786 759/2/785
f 695/2/670 606/2/669 753/2/782 754/2/787
f 701/2/681 695/2/670 754/2/787 756/2/788
f 704/2/676 701/2/681 756/2/788 758/2/789
f 609/2/630 704/2/676 758/2/789 748/2/631
f 786/2/633 775/2/469 777/2/608 785/2/607
f 537/2/790 768/2/567 769/2/576 653/2/791
f 537/2/792 536/2/792 764/2/544 768/2/543
f 632/2/793 624/2/473 771/2/458 762/2/537
f 776/2/794 632/2/793 762/2/537 773/2/536
f 614/2/472 630/2/477 767/2/462 763/2/459
f 533/2/476 619/2/490 766/2/487 761/2/463
f 619/2/491 617/2/479 765/2/483 766/2/484
f 536/2/795 535/2/485 765/2/483 764/2/482
f 630/2/477 533/2/476 761/2/463 767/2/462
f 624/2/473 614/2/472 763/2/459 771/2/458
f 774/2/796 760/2/797 773/2/798 522/2/796
f 633/2/799 523/2/800 775/2/800 776/2/799
f 523/2/800 770/2/801 777/2/801 775/2/800
f 760/2/797 633/2/799 776/2/799 773/2/798
f 770/2/801 772/2/802 666/2/802 777/2/801
f 646/2/575 811/2/575 812/2/575 660/2/575
f 545/2/803 639/2/803 811/2/545 810/2/545
f 560/2/804 559/2/805 813/2/540 814/2/806
f 561/2/807 560/2/804 814/2/806 815/2/807
f 562/2/808 561/2/807 815/2/807 816/2/808
f 631/2/809 562/2/808 816/2/808 817/2/549
f 640/2/810 635/2/811 819/2/566 818/2/541
f 559/2/805 640/2/810 818/2/541 813/2/540
f 643/2/812 644/2/813 821/2/563 820/2/562
f 644/2/813 645/2/814 822/2/552 821/2/563
f 645/2/814 631/2/809 817/2/549 822/2/552
f 635/2/811 643/2/812 820/2/562 819/2/566
f 724/2/815 718/2/816 824/2/736 823/2/719
f 519/2/817 723/2/818 826/2/718 825/2/817
f 723/2/818 724/2/815 823/2/719 826/2/718
f 827/2/819 828/2/819 829/2/820 830/2/820
f 724/2/821 723/2/821 830/2/821 829/2/821
f 718/2/822 724/2/823 829/2/823 828/2/822
f 1067/2/824 1068/2/824 934/2/825 918/2/825
f 1065/2/826 621/2/461 514/2/460 1057/2/827
f 1061/2/828 628/2/465 515/2/464 1055/2/829
f 832/2/830 1067/2/831 918/2/832 861/2/833
f 926/2/834 927/2/835 919/2/836 862/2/837
f 931/2/838 932/2/839 844/2/840 843/2/841
f 921/2/842 1103/2/843 920/2/844 922/2/845
f 1058/2/846 921/2/842 922/2/845 1059/2/847
f 1060/2/848 618/2/486 535/2/485 1059/2/847
f 1055/2/829 515/2/464 618/2/488 1060/2/849
f 844/2/840 923/2/850 846/2/851 843/2/841
f 920/2/844 846/2/852 923/2/853 922/2/845
f 925/2/854 835/2/855 913/2/856 928/2/857
f 928/2/857 913/2/856 861/2/858 926/2/859
f 924/2/860 928/2/857 926/2/859 862/2/861
f 836/2/862 925/2/854 928/2/857 924/2/860
f 861/2/833 918/2/832 927/2/835 926/2/834
f 918/2/825 934/2/825 927/2/863
f 849/2/864 971/2/865 916/2/866 929/2/867
f 835/2/855 925/2/854 930/2/868 912/2/869
f 855/2/870 856/2/871 976/2/872 916/2/873
f 925/2/854 836/2/862 840/2/874 930/2/868
f 840/2/874 929/2/867 916/2/866 930/2/868
f 841/2/875 839/2/876 847/2/877 850/2/878
f 842/2/879 849/2/864 929/2/867 840/2/874
f 842/2/879 841/2/875 850/2/878 849/2/864
f 846/2/880 845/2/881 865/2/882 843/2/883
f 845/2/881 847/2/877 839/2/876 865/2/882
f 862/2/837 919/2/836 932/2/839 931/2/838
f 1057/2/827 514/2/460 628/2/465 1061/2/828
f 863/2/884 836/2/862 924/2/860 862/2/861
f 864/2/885 863/2/884 862/2/861 931/2/886
f 931/2/886 843/2/883 865/2/882 864/2/885
f 847/2/887 845/2/888 1104/2/889 1105/2/890
f 850/2/891 847/2/887 1105/2/890 1106/2/892
f 849/2/893 850/2/891 1106/2/892 1107/2/893
f 848/2/894 971/2/894 970/2/895 870/2/895
f 845/2/888 846/2/852 920/2/844
f 1103/2/843 1104/2/889 845/2/888 920/2/844
f 1066/2/896 833/2/897 513/2/538 1056/2/898
f 1056/2/898 513/2/538 621/2/461 1065/2/826
f 1103/2/899 921/2/900 941/2/900 1108/2/901
f 1062/2/902 941/2/900 921/2/900 1058/2/903
f 1100/2/904 853/2/905 946/2/905 1101/2/904
f 853/2/905 852/2/906 939/2/907 946/2/905
f 1107/2/908 1112/2/909 967/2/910 970/2/911
f 949/2/912 942/2/913 967/2/914 968/2/915
f 951/2/916 947/2/917 854/2/918 950/2/919
f 952/2/920 948/2/921 947/2/917 951/2/916
f 1110/2/922 952/2/920 951/2/916 1111/2/923
f 1111/2/923 951/2/916 950/2/919 1112/2/909
f 851/2/924 949/2/912 968/2/915 972/2/924
f 938/2/925 952/2/920 1110/2/922 1109/2/926
f 939/2/907 852/2/906 938/2/925
f 948/2/921 952/2/920 938/2/925 852/2/906
f 941/2/927 957/2/928 956/2/929 1108/2/927
f 938/2/930 954/2/931 955/2/932 939/2/932
f 1108/2/927 956/2/929 953/2/933 1109/2/934
f 939/2/932 955/2/932 958/2/935 946/2/935
f 1062/2/927 1063/2/936 957/2/928 941/2/927
f 1101/2/935 1102/2/935 657/2/577 639/2/577
f 1109/2/934 953/2/933 954/2/931 938/2/930
f 961/2/937 837/2/938 838/2/939 960/2/940
f 962/2/941 959/2/942 837/2/938 961/2/937
f 1086/2/943 905/2/944 904/2/945 1085/2/946
f 1086/2/943 1087/2/947 902/2/948 905/2/944
f 1085/2/946 904/2/945 906/2/949 1089/2/950
f 1089/2/950 906/2/949 907/2/951 1098/2/952
f 1087/2/947 1088/2/953 901/2/954 902/2/948
f 900/2/955 1040/2/956 1092/2/957 1090/2/958
f 900/2/955 1090/2/958 1091/2/959 903/2/960
f 832/2/830 962/2/941 961/2/937 831/2/961
f 831/2/961 961/2/937 960/2/940 1075/2/962
f 959/2/942 962/2/941 913/2/856 835/2/855
f 832/2/830 861/2/858 913/2/856 962/2/941
f 835/2/855 912/2/869 963/2/963 959/2/942
f 856/2/871 857/2/964 973/2/965 976/2/872
f 1076/2/966 512/2/610 964/2/967 1069/2/968
f 1041/2/969 860/2/970 975/2/970 1043/2/969
f 858/2/971 859/2/972 969/2/972 974/2/973
f 857/2/964 858/2/971 974/2/973 973/2/965
f 871/2/974 963/2/963 973/2/975 966/2/976
f 871/2/974 917/2/977 838/2/939 837/2/938
f 837/2/938 959/2/942 963/2/963 871/2/974
f 971/2/894 848/2/894 855/2/870 916/2/873
f 974/2/978 965/2/979 966/2/976 973/2/975
f 967/2/914 942/2/913 870/2/980 970/2/980
f 976/2/981 912/2/869 930/2/868 916/2/866
f 967/2/910 1112/2/909 950/2/919 968/2/982
f 973/2/975 963/2/963 912/2/869 976/2/981
f 971/2/983 849/2/893 1107/2/893 970/2/983
f 968/2/982 950/2/919 854/2/918 972/2/984
f 1043/2/985 1042/2/986 914/2/987 969/2/988
f 969/2/988 914/2/987 965/2/979 974/2/978
f 1074/2/989 832/2/830 831/2/961 1075/2/962
f 1077/2/990 1067/2/831 832/2/830 1074/2/989
f 977/2/991 888/2/992 510/2/636 679/2/635
f 980/2/993 1072/2/994 1071/2/995 979/2/996
f 1070/2/997 1073/2/998 906/2/949 904/2/945
f 888/2/992 977/2/991 978/2/999 889/2/1000
f 980/2/993 977/2/991 679/2/635 683/2/646
f 1072/2/994 980/2/993 683/2/646 781/2/647
f 977/2/991 980/2/993 979/2/996 978/2/999
f 904/2/945 905/2/944 978/2/999 979/2/996
f 1071/2/995 1070/2/997 904/2/945 979/2/996
f 889/2/1000 978/2/999 905/2/944 902/2/948
f 1073/2/998 1075/2/962 907/2/951 906/2/949
f 982/2/1001 981/2/1002 888/2/992 889/2/1000
f 685/2/650 981/2/1002 1078/2/1003 789/2/651
f 510/2/636 888/2/992 981/2/1002 685/2/650
f 1079/2/1004 1078/2/1003 981/2/1002 982/2/1001
f 889/2/1000 902/2/948 901/2/954 982/2/1001
f 901/2/954 1040/2/956 1079/2/1004 982/2/1001
f 838/2/939 907/2/951 1075/2/962 960/2/940
f 1096/2/1005 989/2/1006 908/2/1007 1095/2/1008
f 988/2/1009 873/2/1010 908/2/1007 989/2/1006
f 907/2/951 838/2/939 917/2/977 985/2/1011
f 986/2/1012 872/2/1013 983/2/1014 987/2/1015
f 917/2/977 871/2/974 984/2/1016 985/2/1011
f 984/2/1016 986/2/1012 987/2/1015 985/2/1011
f 907/2/951 985/2/1011 987/2/1015 1098/2/952
f 1098/2/952 987/2/1015 983/2/1014 1097/2/1017
f 872/2/1013 988/2/1009 989/2/1006 983/2/1014
f 1097/2/1017 983/2/1014 989/2/1006 1096/2/1005
f 991/2/1018 990/2/1019 911/2/1020 992/2/1021
f 994/2/1022 991/2/1018 992/2/1021 995/2/1023
f 910/2/1024 909/2/1025 992/2/1021 911/2/1020
f 995/2/1023 992/2/1021 909/2/1025 993/2/1026
f 988/2/1009 995/2/1023 993/2/1026 873/2/1010
f 872/2/1013 994/2/1022 995/2/1023 988/2/1009
f 999/2/1027 1000/2/1028 965/2/979 914/2/987
f 997/2/1029 991/2/1018 994/2/1022 998/2/1030
f 1000/2/1028 997/2/1029 998/2/1030 1001/2/1031
f 990/2/1019 991/2/1018 997/2/1029 996/2/1032
f 965/2/979 1000/2/1028 1001/2/1031 966/2/976
f 996/2/1032 997/2/1029 1000/2/1028 999/2/1027
f 966/2/976 1001/2/1031 984/2/1016 871/2/974
f 986/2/1012 984/2/1016 1001/2/1031 998/2/1030
f 872/2/1013 986/2/1012 998/2/1030 994/2/1022
f 881/2/1033 1003/2/1034 1004/2/1035 883/2/1035
f 1029/2/1036 882/2/1037 936/2/1038 1030/2/1036
f 883/2/1039 1004/2/1039 1002/2/1040 880/2/1040
f 1008/2/1041 1007/2/1042 899/2/1043 1005/2/1044
f 516/2/694 594/2/695 1007/2/1042 1008/2/1041
f 516/2/694 1008/2/1041 896/2/1045 517/2/696
f 895/2/1046 896/2/1045 1008/2/1041 1005/2/1044
f 511/2/699 1084/2/1047 1007/2/1042 594/2/695
f 1094/2/1048 1095/2/1008 908/2/1007 1006/2/1049
f 1084/2/1047 1083/2/1050 899/2/1043 1007/2/1042
f 1082/2/1051 1009/2/1052 899/2/1043 1083/2/1050
f 1094/2/1048 1006/2/1049 1010/2/1053 1093/2/1054
f 1093/2/1054 1010/2/1053 1011/2/1055 1091/2/959
f 1009/2/1052 903/2/960 1091/2/959 1011/2/1055
f 873/2/1010 1012/2/1056 1006/2/1049 908/2/1007
f 894/2/1057 1114/2/1058 825/2/711 518/2/711
f 893/2/1059 1016/2/1060 1015/2/1061 892/2/1061
f 892/2/1061 1015/2/1061 1114/2/1058 894/2/1057
f 1017/2/1062 1116/2/1062 827/2/717 519/2/717
f 1114/2/1063 1015/2/1064 1014/2/1065 1113/2/1066
f 879/2/1067 1021/2/1068 1019/2/1069 878/2/1069
f 879/2/1067 880/2/1040 1002/2/1040 1021/2/1068
f 877/2/1070 1023/2/1070 1022/2/1071 876/2/1072
f 876/2/1072 1022/2/1071 1020/2/1073 875/2/1073
f 877/2/1070 878/2/1069 1019/2/1069 1023/2/1070
f 1006/2/1049 1012/2/1056 1025/2/1074 1010/2/1053
f 1010/2/1053 1025/2/1074 1024/2/1075 1011/2/1055
f 1005/2/1044 899/2/1043 1011/2/1055 1024/2/1075
f 1012/2/1056 1019/2/1076 1021/2/1077 1025/2/1074
f 1027/2/1078 1113/2/1066 1014/2/1065 1026/2/1079
f 886/2/1080 1027/2/1078 1026/2/1079 885/2/1081
f 824/2/736 1113/2/1066 1027/2/1078 638/2/737
f 577/2/738 638/2/737 1027/2/1078 886/2/1080
f 1032/2/1082 1013/2/1083 1028/2/1084 1031/2/1085
f 1037/2/1086 1036/2/1087 1003/2/1088 1030/2/1089
f 1034/2/1090 1037/2/1086 1030/2/1089 936/2/1091
f 884/2/1092 1032/2/1082 1031/2/1085 887/2/1093
f 881/2/1033 1029/2/1036 1030/2/1036 1003/2/1034
f 1015/2/1064 1016/2/1094 1013/2/1083 1014/2/1065
f 893/2/1059 891/2/1095 1033/2/1096 1016/2/1060
f 1013/2/1083 1016/2/1094 1033/2/1097 1028/2/1084
f 1038/2/1098 1036/2/1087 1028/2/1084 1033/2/1097
f 1035/2/1099 1002/2/1100 1004/2/1101 1038/2/1102
f 1039/2/1103 1021/2/1077 1002/2/1100 1035/2/1099
f 897/2/1104 898/2/1105 895/2/1046 1005/2/1044
f 897/2/1104 1039/2/1103 1035/2/1099 891/2/1095
f 891/2/1095 1035/2/1099 1038/2/1102 1033/2/1096
f 1004/2/1106 1003/2/1088 1036/2/1087 1038/2/1098
f 887/2/1093 1031/2/1085 1037/2/1086 1034/2/1090
f 1031/2/1085 1028/2/1084 1036/2/1087 1037/2/1086
f 1024/2/1075 1039/2/1103 897/2/1104 1005/2/1044
f 1025/2/1074 1021/2/1077 1039/2/1103 1024/2/1075
f 1009/2/1052 1011/2/1055 899/2/1043
f 1081/2/1107 903/2/960 1009/2/1052 1082/2/1051
f 903/2/960 1081/2/1107 1080/2/1108 900/2/955
f 1040/2/956 901/2/954 1088/2/953 1092/2/957
f 1079/2/1004 1040/2/956 900/2/955 1080/2/1108
f 975/2/1109 915/2/1110 1042/2/1111 1043/2/1109
f 859/2/972 1041/2/969 1043/2/969 969/2/972
f 1022/2/1112 1044/2/1112 1020/2/1112
f 875/2/1113 1020/2/1113 1045/2/1113 874/2/1113
f 1020/2/1114 1044/2/1115 890/2/1116 1045/2/1117
f 1046/2/1118 890/2/1116 1044/2/1115 1047/2/1119
f 993/2/1026 1019/2/1076 1012/2/1056 873/2/1010
f 993/2/1026 1023/2/1120 1019/2/1076
f 910/2/1024 1044/2/1121 1022/2/1122 909/2/1025
f 1022/2/1122 1023/2/1120 993/2/1026 909/2/1025
f 1049/2/1123 1046/2/1118 1047/2/1119 1048/2/1124
f 911/2/1020 1047/2/1125 1044/2/1121 910/2/1024
f 1051/2/1126 1049/2/1123 1048/2/1124 1050/2/1127
f 1053/2/1128 1051/2/1126 1050/2/1127 1052/2/1129
f 915/2/1110 1053/2/1128 1052/2/1129 1042/2/1111
f 990/2/1019 1048/2/1130 1047/2/1125 911/2/1020
f 996/2/1032 1050/2/1131 1048/2/1130 990/2/1019
f 999/2/1027 1052/2/1132 1050/2/1131 996/2/1032
f 914/2/987 1042/2/986 1052/2/1132 999/2/1027
f 1077/2/990 1076/2/966 1069/2/968 1067/2/831
f 537/2/790 653/2/791 1063/2/936 1062/2/927
f 537/2/792 1062/2/902 1058/2/903 536/2/792
f 934/2/1133 1056/2/898 1065/2/826 927/2/835
f 1068/2/1134 1066/2/896 1056/2/898 934/2/1133
f 919/2/836 1057/2/827 1061/2/828 932/2/839
f 844/2/840 1055/2/829 1060/2/849 923/2/850
f 923/2/853 1060/2/848 1059/2/847 922/2/845
f 536/2/795 1058/2/846 1059/2/847 535/2/485
f 932/2/839 1061/2/828 1055/2/829 844/2/840
f 927/2/835 1065/2/826 1057/2/827 919/2/836
f 774/2/1135 833/2/1135 1066/2/1136 1054/2/1137
f 935/2/1138 1068/2/1138 1067/2/1139 834/2/1139
f 834/2/1139 1067/2/1139 1069/2/1140 1064/2/1141
f 1054/2/1137 1066/2/1136 1068/2/1138 935/2/1138
f 1064/2/1141 1069/2/1140 964/2/1142 772/2/1142
f 946/2/935 958/2/935 1102/2/935 1101/2/935
f 545/2/803 1100/2/904 1101/2/904 639/2/803
f 867/2/1143 1104/2/1144 1103/2/899 866/2/1145
f 868/2/1146 1105/2/1146 1104/2/1144 867/2/1143
f 869/2/1147 1106/2/1147 1105/2/1146 868/2/1146
f 933/2/1148 1107/2/908 1106/2/1147 869/2/1147
f 940/2/1149 1108/2/901 1109/2/926 937/2/1150
f 866/2/1145 1103/2/899 1108/2/901 940/2/1149
f 943/2/1151 1110/2/922 1111/2/923 944/2/1152
f 944/2/1152 1111/2/923 1112/2/909 945/2/1153
f 945/2/1153 1112/2/909 1107/2/908 933/2/1148
f 937/2/1150 1109/2/926 1110/2/922 943/2/1151
f 1018/2/1154 1113/2/1066 824/2/736 718/2/816
f 519/2/817 825/2/817 1114/2/1063 1017/2/1155
f 1017/2/1155 1114/2/1063 1113/2/1066 1018/2/1154
f 827/2/819 1116/2/1156 1115/2/1156 828/2/819
f 1018/2/1157 1115/2/1157 1116/2/1157 1017/2/1157
f 718/2/822 828/2/822 1115/2/1158 1018/2/1158
f 1150/2/1159 1122/2/1160 1129/2/1161 1128/2/1162
f 1146/2/1163 1149/2/1163 1127/2/1164 1124/2/1165
f 1147/2/1166 1146/2/1167 1124/2/1165 1125/2/1168
f 1130/2/1169 1129/2/1170 1134/2/1171 1133/2/1171
f 1149/2/1172 1150/2/1159 1128/2/1162 1127/2/1164
f 1148/2/1173 1147/2/1166 1125/2/1168 1126/2/1174
f 1151/2/1175 1148/2/1176 1126/2/1176 1144/2/1175
f 1125/2/1168 1124/2/1165 1135/2/1177 1136/2/1178
f 1124/2/1165 1127/2/1164 1138/2/1179 1135/2/1177
f 1128/2/1162 1129/2/1161 1140/2/1180 1139/2/1181
f 1144/2/1182 1126/2/1183 1137/2/1184 1145/2/1185
f 1126/2/1174 1125/2/1168 1136/2/1178 1137/2/1184
f 1127/2/1164 1128/2/1162 1139/2/1181 1138/2/1179
f 1129/2/1170 1130/2/1169 1141/2/1186 1140/2/1187
f 1132/2/1188 1131/2/1188 1133/2/1188 1134/2/1188
f 1123/2/1189 1130/2/1189 1133/2/1190 1131/2/1190
f 1129/2/1161 1122/2/1160 1132/2/1191 1134/2/1191
f 1122/2/1192 1123/2/1192 1131/2/1193 1132/2/1193
f 1139/2/1194 1140/2/1187 1142/2/1195
f 1135/2/1177 1138/2/1179 1142/2/1195
f 1136/2/1178 1135/2/1177 1142/2/1195
f 1140/2/1187 1141/2/1186 1142/2/1195
f 1138/2/1179 1139/2/1194 1142/2/1195
f 1137/2/1184 1136/2/1178 1142/2/1195
f 1141/2/1186 1145/2/1185 1137/2/1184 1142/2/1195
f 1130/2/1169 1144/2/1182 1145/2/1185 1141/2/1186
f 1123/2/1189 1151/2/1175 1144/2/1175 1130/2/1189
f 1122/2/1192 1150/2/1196 1151/2/1196 1123/2/1192
f 1121/2/1197 1120/2/1198 1156/2/1198 1153/2/1197
f 1143/2/1199 1121/2/1197 1153/2/1197 1157/2/1199
f 1118/2/1196 1117/2/1196 1146/2/1196 1147/2/1196
f 1119/2/1196 1118/2/1196 1147/2/1196 1148/2/1196
f 1117/2/1196 1120/2/1196 1149/2/1196 1146/2/1196
f 1120/2/1196 1121/2/1196 1150/2/1196 1149/2/1196
f 1143/2/1196 1119/2/1196 1148/2/1196 1151/2/1196
f 1121/2/1196 1143/2/1196 1151/2/1196 1150/2/1196
f 1118/2/1200 1119/2/1201 1155/2/1201 1152/2/1200
f 1119/2/1202 1143/2/1202 1157/2/1202 1155/2/1202
f 1120/2/1203 1117/2/1203 1154/2/1203 1156/2/1203
f 1117/2/1204 1118/2/1200 1152/2/1200 1154/2/1204
f 1191/2/1205 1169/2/1206 1170/2/1207 1163/2/1208
f 1187/2/1209 1165/2/1210 1168/2/1211 1190/2/1209
f 1188/2/1212 1166/2/1213 1165/2/1210 1187/2/1214
f 1171/2/1215 1174/2/1216 1175/2/1216 1170/2/1217
f 1190/2/1218 1168/2/1211 1169/2/1206 1191/2/1205
f 1189/2/1219 1167/2/1220 1166/2/1213 1188/2/1212
f 1192/2/1221 1185/2/1221 1167/2/1222 1189/2/1222
f 1166/2/1213 1177/2/1223 1176/2/1224 1165/2/1210
f 1165/2/1210 1176/2/1224 1179/2/1225 1168/2/1211
f 1169/2/1206 1180/2/1226 1181/2/1227 1170/2/1207
f 1185/2/1228 1186/2/1229 1178/2/1230 1167/2/1231
f 1167/2/1220 1178/2/1230 1177/2/1223 1166/2/1213
f 1168/2/1211 1179/2/1225 1180/2/1226 1169/2/1206
f 1170/2/1217 1181/2/1232 1182/2/1233 1171/2/1215
f 1173/2/1234 1175/2/1234 1174/2/1234 1172/2/1234
f 1164/2/1235 1172/2/1236 1174/2/1236 1171/2/1235
f 1170/2/1207 1175/2/1237 1173/2/1237 1163/2/1208
f 1163/2/1238 1173/2/1239 1172/2/1239 1164/2/1240
f 1180/2/1241 1183/2/1242 1181/2/1232
f 1176/2/1224 1183/2/1242 1179/2/1225
f 1177/2/1223 1183/2/1242 1176/2/1224
f 1181/2/1232 1183/2/1242 1182/2/1233
f 1179/2/1225 1183/2/1242 1180/2/1241
f 1178/2/1230 1183/2/1242 1177/2/1223
f 1182/2/1233 1183/2/1242 1178/2/1230 1186/2/1229
f 1171/2/1215 1182/2/1233 1186/2/1229 1185/2/1228
f 1164/2/1235 1171/2/1235 1185/2/1221 1192/2/1221
f 1163/2/1238 1164/2/1240 1192/2/1243 1191/2/1243
f 1162/2/1244 1194/2/1244 1197/2/1245 1161/2/1245
f 1184/2/1246 1198/2/1246 1194/2/1244 1162/2/1244
f 1159/2/1243 1188/2/1243 1187/2/1243 1158/2/1243
f 1160/2/1243 1189/2/1243 1188/2/1243 1159/2/1243
f 1158/2/1243 1187/2/1243 1190/2/1243 1161/2/1243
f 1161/2/1243 1190/2/1243 1191/2/1243 1162/2/1243
f 1184/2/1243 1192/2/1243 1189/2/1243 1160/2/1243
f 1162/2/1243 1191/2/1243 1192/2/1243 1184/2/1243
f 1159/2/1247 1193/2/1247 1196/2/1248 1160/2/1248
f 1160/2/1249 1196/2/1249 1198/2/1249 1184/2/1249
f 1161/2/1250 1197/2/1250 1195/2/1250 1158/2/1250
f 1158/2/1251 1195/2/1251 1193/2/1247 1159/2/1247
f 1202/2/1252 1208/2/1253 1206/2/1254 1201/2/1255
f 1203/2/1256 1209/2/1256 1208/2/1253 1202/2/1252
f 1207/2/1257 1209/2/1256 1203/2/1256 1200/2/1258
f 1203/2/1259 1212/2/1259 1210/2/1259 1200/2/1259
f 1202/2/1260 1211/2/1261 1212/2/1262 1203/2/1262
f 1201/2/1263 1204/2/1263 1211/2/1261 1202/2/1260
f 1205/2/1264 1213/2/1265 1211/2/1266 1204/2/1264
f 1213/2/1267 1205/2/1263 1215/2/1263 1216/2/1267
f 1214/2/1268 1213/2/1268 1216/2/1268 1217/2/1268
f 1223/2/1269 1222/2/1270 1206/2/1254 1208/2/1253
f 1224/2/1271 1220/2/1272 1219/2/1273 1223/2/1274
f 1207/2/1257 1200/2/1258 1199/2/1275 1220/2/1272
f 1207/2/1257 1220/2/1272 1224/2/1271
f 1199/2/1276 1200/2/1276 1210/2/1276 1221/2/1276
f 1213/2/1265 1214/2/1277 1212/2/1278 1211/2/1266
f 1212/2/1278 1214/2/1277 1221/2/1279 1210/2/1279
f 1214/2/1280 1217/2/1280 1221/2/1280
f 1209/2/1281 1224/2/1281 1223/2/1269 1208/2/1253
f 1219/2/1273 1218/2/1282 1222/2/1282 1223/2/1274
f 1224/2/1281 1209/2/1281 1207/2/1283
f 1227/2/1284 1201/2/1255 1206/2/1254 1230/2/1285
f 1228/2/1286 1227/2/1284 1230/2/1285 1231/2/1286
f 1229/2/1287 1226/2/1288 1228/2/1286 1231/2/1286
f 1228/2/1289 1226/2/1289 1232/2/1289 1234/2/1289
f 1227/2/1290 1228/2/1291 1234/2/1291 1233/2/1292
f 1201/2/1263 1227/2/1290 1233/2/1292 1204/2/1263
f 1205/2/1264 1204/2/1264 1233/2/1293 1235/2/1294
f 1235/2/1295 1237/2/1295 1215/2/1263 1205/2/1263
f 1236/2/1296 1238/2/1296 1237/2/1296 1235/2/1296
f 1242/2/1297 1230/2/1285 1206/2/1254 1222/2/1270
f 1243/2/1298 1242/2/1299 1239/2/1300 1240/2/1301
f 1229/2/1287 1240/2/1301 1225/2/1302 1226/2/1288
f 1229/2/1287 1243/2/1298 1240/2/1301
f 1225/2/1303 1241/2/1303 1232/2/1303 1226/2/1303
f 1235/2/1294 1233/2/1293 1234/2/1304 1236/2/1305
f 1234/2/1304 1232/2/1306 1241/2/1306 1236/2/1305
f 1236/2/1307 1241/2/1307 1238/2/1307
f 1231/2/1308 1230/2/1285 1242/2/1297 1243/2/1308
f 1239/2/1300 1242/2/1299 1222/2/1282 1218/2/1282
f 1243/2/1308 1229/2/1309 1231/2/1308
usemtl plastic
f 578/2/1310 809/2/1311 581/2/1312
f 884/2/1313 887/2/1314 1099/2/1315
