# Blender 5.2.2 LTS
# www.blender.org
mtllib amggt.mtl
o amggt
v 0.946312 0.621296 1.199577
v 0.946312 0.579103 1.379236
v 0.946312 0.442997 1.500371
v 0.946312 0.290559 1.541202
v 0.946312 0.098650 1.519425
v 0.946312 0.579103 1.019917
v 0.946312 0.432752 0.892170
v 0.946312 0.229464 0.859395
v 0.910745 0.064623 0.874284
v 0.946312 0.632585 -1.151391
v 0.946312 0.590392 -0.971731
v 0.946312 0.503285 -0.881956
v 0.946312 0.321665 -0.814447
v 0.910745 0.059417 -0.834591
v 0.946312 0.590392 -1.331050
v 0.946312 0.459731 -1.456268
v 0.946312 0.286876 -1.495738
v 0.946312 0.075913 -1.476684
v 0.941467 0.668854 -1.153911
v 0.946312 0.616868 -0.953561
v 0.941608 0.505351 -0.819933
v 0.946312 0.334852 -0.772876
v 0.910745 0.057972 -0.781503
v 0.946312 0.618229 -1.353792
v 0.946312 0.467741 -1.491205
v 0.946312 0.275463 -1.539387
v 0.946312 0.084208 -1.526968
v 0.946312 0.650388 1.199739
v 0.946312 0.603154 1.400866
v 0.946312 0.450786 1.536474
v 0.946312 0.280133 1.582185
v 0.946312 0.100680 1.557806
v 0.946312 0.603154 0.998613
v 0.940668 0.437281 0.850594
v 0.946312 0.219518 0.818608
v 0.910745 0.062588 0.834217
v 0.699882 0.722125 1.207116
v 0.670179 0.704757 1.400866
v 0.725499 0.732350 1.005393
v 0.859618 0.703542 1.201735
v 0.877466 0.704242 0.987526
v 0.832805 0.669315 1.396349
v 0.832518 0.284399 -1.745888
v 0.848774 0.102218 -1.680067
v 0.753095 0.769110 -0.707475
v 0.747647 0.742455 0.829071
v 0.946312 0.230108 0.337542
v 0.910745 0.061080 0.306267
v 0.892075 0.274090 0.182134
v 0.764211 0.746285 0.269294
v 0.806056 0.616099 1.490190
v 0.643997 0.682262 1.529058
v 0.763954 0.312640 1.794848
v 0.744861 0.100680 1.797570
v 0.663881 0.100680 1.855530
v 0.763185 0.378104 1.769319
v 0.634056 0.731583 1.205629
v 0.655288 0.741803 1.010603
v -0.000000 0.750620 1.264033
v -0.000000 0.755141 1.096242
v 0.946312 0.244221 0.176741
v 0.910745 0.060661 0.159702
v 0.884535 0.259718 0.336774
v 0.775126 0.747727 0.170701
v 0.594777 0.963819 -0.177384
v 0.727856 0.779256 0.112285
v 0.503775 1.056503 -0.444147
v 0.557523 1.019426 -0.449390
v -0.000000 1.031143 -0.035998
v -0.000000 1.115191 -0.414353
v 0.255749 1.103100 -0.421408
v 0.284419 1.028094 -0.053402
v 0.502808 1.035432 -0.883843
v -0.000000 1.071168 -0.940804
v 0.243970 1.060503 -0.928026
v 0.248433 1.085497 -0.808817
v -0.000000 1.097779 -0.809098
v 0.504182 1.052929 -0.796908
v 0.674513 0.748108 0.829443
v 0.699653 0.743196 0.271408
v -0.000000 0.755518 0.945726
v -0.000000 0.750621 0.603475
v 0.321548 0.766839 0.913638
v 0.403257 0.747829 0.522934
v 0.295745 0.757912 1.227177
v 0.353869 0.750764 1.042409
v -0.000000 0.268441 2.003291
v -0.000000 0.235216 1.994563
v 0.401853 0.265193 1.966461
v 0.393345 0.229390 1.957765
v 0.386558 0.486785 1.913847
v 0.598365 0.636032 1.687375
v 0.218235 0.553575 1.873865
v -0.000000 0.501029 1.992897
v -0.000000 0.574231 1.926532
v 0.450704 0.288872 -1.961242
v 0.519253 0.262153 -1.939741
v -0.000000 0.295516 -2.033543
v -0.000000 0.269522 -2.028517
v 0.720156 0.777100 -1.026458
v 0.734434 0.777340 -0.923817
v 0.661141 0.775178 -1.435730
v 0.504233 0.951027 -1.165002
v 0.576250 0.976690 -0.897399
v 0.562179 1.005117 -0.787318
v 0.588367 0.903122 -1.150840
v 0.575486 1.000176 -0.297185
v 0.529932 1.034216 -0.283703
v -0.000000 1.089561 -0.221794
v 0.268828 1.081034 -0.231242
v 0.505309 0.836806 -1.510188
v 0.600766 0.799507 -1.469772
v 0.290250 0.703086 1.519606
v -0.000000 0.698557 1.663565
v 0.149871 0.693994 1.607674
v 0.239775 0.733805 1.412318
v 0.603834 0.714262 1.398813
v 0.577652 0.691767 1.527005
v 0.537152 0.655803 1.677930
v -0.000000 0.729729 1.405199
v 0.183196 0.604080 1.772853
v -0.000000 0.620631 1.827984
v 0.502360 0.493674 1.852492
v 0.639163 0.583140 1.701653
v 0.556605 0.377251 1.876892
v 0.837465 0.487158 1.571458
v 0.869996 0.716692 -0.770819
v 0.874310 0.703755 0.812988
v 0.873122 0.700818 0.307446
v 0.876549 0.703655 0.184541
v 0.846717 0.737550 -1.150566
v 0.851636 0.674090 -1.559554
v 0.856631 0.728265 -0.939343
v 0.468789 1.040185 -0.890643
v 0.467278 0.951027 -1.159441
v 0.436326 0.823999 -1.540378
v -0.000000 0.812854 -1.598881
v 0.223569 0.812854 -1.584597
v 0.219476 0.833385 -1.522924
v -0.000000 0.759474 -1.818841
v 0.205272 0.759474 -1.804557
v 0.487012 0.756736 -1.730147
v 0.418029 0.756736 -1.757248
v -0.000000 0.697115 -1.978352
v 0.335881 0.653145 -1.928430
v 0.299538 0.697921 -1.953052
v 0.194459 0.697115 -1.964068
v -0.000000 0.556543 -2.082232
v 0.181328 0.556543 -2.067948
v 0.319742 0.556543 -2.005310
v 0.245831 0.556543 -2.040760
v -0.000000 0.425060 -2.063828
v 0.213105 0.424581 -2.049544
v 0.382473 0.269522 -1.979851
v 0.381070 0.295516 -1.993271
v 0.595508 0.758444 -1.667278
v 0.856750 0.559237 -1.669898
v 0.662845 0.678061 -1.775497
v -0.000000 0.421638 -2.015164
v 0.213105 0.421159 -2.000880
v 0.217370 0.269522 -2.019943
v 0.216904 0.295516 -2.024674
v 0.600515 0.284574 -1.923122
v 0.559973 0.114947 -1.904346
v 0.474071 1.063322 -0.440820
v 0.524353 1.001616 -0.116420
v 0.466756 1.059322 -0.802114
v 0.498315 1.041067 -0.276026
v 0.451108 0.863562 -1.416567
v 0.355024 0.836259 -1.500333
v -0.000000 0.837852 -1.542842
v -0.000000 1.039645 -1.064856
v 0.241468 1.030444 -1.061854
v 0.377156 1.006520 -1.077621
v 0.409484 0.970789 -1.175136
v 0.402663 0.872930 -1.409706
v 0.344010 0.856504 -1.464861
v -0.000000 0.862027 -1.488055
v 0.227075 0.863503 -1.473537
v 0.714457 0.556689 -1.828089
v 0.704889 0.108560 -1.824703
v -0.000000 0.776995 0.438261
v 0.396438 0.774672 0.371269
v 0.946312 0.225919 0.520034
v 0.883656 0.616256 0.321320
v 0.941502 0.434782 0.742575
v 0.885313 0.628785 0.171552
v 0.884364 0.684771 -0.408217
v 0.923337 0.512800 0.770367
v 0.908664 0.570837 0.730921
v 0.913504 0.551211 0.765393
v 0.941771 0.454899 -0.727327
v 0.946312 0.344328 -0.609835
v 0.878072 0.255529 0.519266
v 0.858141 0.600239 0.524394
v 0.864381 0.436472 0.698113
v 0.870245 0.542410 0.770532
v 0.855572 0.579765 0.733672
v 0.860412 0.565310 0.761680
v 0.910745 0.059317 -0.310901
v 0.910745 0.056586 -0.559538
v 0.885735 0.452466 0.441559
v 0.892687 0.473987 0.179492
v 0.893203 0.528928 -0.562624
v -0.000000 0.986450 -1.207589
v 0.236939 0.980608 -1.200964
v -0.000000 0.902026 -1.399910
v 0.229844 0.901447 -1.387608
v 0.738872 0.781953 -0.675718
v 0.745123 0.768322 0.091774
v 0.607075 0.949663 -0.204411
v 0.711993 0.804155 0.023961
v 0.577704 0.993503 -0.418859
v 0.583185 0.978080 -0.739155
v 0.591865 0.978327 -0.298862
v 0.743196 0.775465 -0.306396
v 0.762883 0.759234 -0.301892
v 0.918389 0.100108 0.163364
v 0.939234 0.207688 0.173350
v 0.936959 0.268659 -0.596608
v 0.917009 0.107259 -0.568395
v 0.918649 0.098644 0.313217
v 0.938967 0.195198 0.331083
v 0.935466 0.177526 0.554253
v 0.918271 0.097253 0.455456
v 0.917176 0.109603 -0.727020
v 0.866812 0.113375 -0.230786
v 0.887186 0.244096 -0.238411
v 0.886009 0.271387 -0.597790
v 0.866049 0.114377 -0.568112
v 0.904843 0.105056 0.176916
v 0.901419 0.214996 0.127947
v 0.866110 0.115922 -0.726980
v -0.000000 0.057972 -0.781503
v -0.000000 0.062588 0.834217
v -0.000000 0.061080 0.306267
v -0.000000 0.060661 0.159702
v -0.000000 0.059317 -0.310901
v -0.000000 0.056586 -0.559538
v 0.458450 0.287914 1.953600
v 0.468537 0.379656 1.931749
v 0.491863 0.328308 1.940352
v 0.515011 0.493230 1.842311
v 0.702585 0.414340 1.749663
v 0.625069 0.568269 1.685180
v 0.790423 0.483081 1.568488
v 0.793885 0.601209 1.476099
v 0.573071 0.401690 1.834301
v 0.370114 0.752216 0.864661
v -0.000000 0.755629 0.901596
v 0.310114 0.765961 1.038769
v 0.339404 0.741720 1.231742
v 0.317017 0.720357 1.389338
v -0.000000 0.670486 1.705889
v 0.192968 0.655408 1.668249
v 0.248856 0.725136 1.504687
v 0.601433 0.117881 1.964293
v -0.000000 0.198443 2.033354
v 0.406744 0.193511 2.008790
v 0.601433 0.110891 1.928646
v -0.000000 0.191453 1.997707
v 0.406744 0.186521 1.973143
v -0.000000 0.109433 1.997707
v 0.406744 0.109433 1.973143
v 0.302819 0.562708 -1.949013
v 0.316054 0.649043 -1.897371
v 0.753717 0.664565 -1.585606
v 0.730891 0.565910 -1.675277
v 0.639258 0.668690 -1.749147
v 0.669196 0.566161 -1.799752
v -0.000000 0.727051 1.432467
v 0.273755 0.737435 1.382194
v -0.000000 0.703045 1.636075
v 0.166537 0.686407 1.631412
v 0.222988 0.727833 1.494896
v -0.000000 0.706312 1.573117
v 0.223029 0.720964 1.493992
v -0.000000 0.720151 1.431869
v -0.000000 0.696386 1.634215
v 0.239967 0.726906 1.411720
v 0.149434 0.687334 1.605815
v 0.761100 0.621296 1.199577
v 0.761100 0.579103 1.379236
v 0.761100 0.442997 1.500371
v 0.761100 0.290559 1.541202
v 0.761100 0.098650 1.519425
v 0.761100 0.579103 1.019917
v 0.761100 0.432752 0.892170
v 0.761100 0.229464 0.859395
v 0.725533 0.064623 0.874284
v 0.761100 0.632585 -1.151391
v 0.761100 0.590392 -0.971731
v 0.761100 0.503285 -0.881956
v 0.761100 0.321665 -0.814447
v 0.725533 0.059417 -0.834591
v 0.761100 0.590392 -1.331050
v 0.761100 0.459731 -1.456268
v 0.761100 0.286876 -1.495738
v 0.761100 0.075913 -1.476684
v -0.000000 0.064623 0.874284
v -0.000000 0.059417 -0.834591
v 0.704324 0.789473 0.192466
v 0.559571 0.995797 -0.127223
v 0.637842 0.785647 0.256155
v 0.328176 0.924979 0.124600
v -0.000000 0.931038 0.162916
v 0.621190 0.907969 0.008863
v 0.572052 0.912387 0.050162
v 0.735986 0.434599 -1.832092
v 0.448778 0.444972 -1.978893
v 0.605682 0.170225 -1.888407
v 0.704463 0.170173 -1.834808
v 0.842963 0.171909 -1.713038
v 0.703343 0.179113 -1.733523
v 0.606346 0.281656 -1.849589
v 0.541613 0.295942 -1.893345
v 0.616918 0.166475 -1.811415
v 0.815639 0.290937 -1.590117
v 0.751931 0.444028 -1.695009
v 0.539687 0.452042 -1.910995
v 0.825819 0.183260 -1.551086
v 0.719713 0.286683 -1.709042
v 0.629828 0.848485 -1.195625
v 0.663732 0.866442 -0.912009
v 0.946312 0.621296 1.199577
v 0.946312 0.621296 1.199577
v 0.946312 0.579103 1.379236
v 0.946312 0.579103 1.379236
v 0.946312 0.442997 1.500371
v 0.946312 0.442997 1.500371
v 0.946312 0.290559 1.541202
v 0.946312 0.290559 1.541202
v 0.946312 0.098650 1.519425
v 0.946312 0.579103 1.019917
v 0.946312 0.579103 1.019917
v 0.946312 0.432752 0.892170
v 0.946312 0.432752 0.892170
v 0.946312 0.229464 0.859395
v 0.946312 0.229464 0.859395
v 0.946312 0.229464 0.859395
v 0.910745 0.064623 0.874284
v 0.910745 0.064623 0.874284
v 0.910745 0.064623 0.874284
v 0.946312 0.632585 -1.151391
v 0.946312 0.632585 -1.151391
v 0.946312 0.590392 -0.971731
v 0.946312 0.590392 -0.971731
v 0.946312 0.503285 -0.881956
v 0.946312 0.503285 -0.881956
v 0.946312 0.321665 -0.814447
v 0.946312 0.321665 -0.814447
v 0.910745 0.059417 -0.834591
v 0.910745 0.059417 -0.834591
v 0.910745 0.059417 -0.834591
v 0.946312 0.590392 -1.331050
v 0.946312 0.590392 -1.331050
v 0.946312 0.459731 -1.456268
v 0.946312 0.459731 -1.456268
v 0.946312 0.286876 -1.495738
v 0.946312 0.286876 -1.495738
v 0.946312 0.075913 -1.476684
v 0.941467 0.668854 -1.153911
v 0.946312 0.616868 -0.953561
v 0.946312 0.616868 -0.953561
v 0.941608 0.505351 -0.819933
v 0.946312 0.618229 -1.353792
v 0.946312 0.618229 -1.353792
v 0.946312 0.467741 -1.491205
v 0.946312 0.467741 -1.491205
v 0.946312 0.275463 -1.539387
v 0.946312 0.084208 -1.526968
v 0.910745 0.057972 -0.781503
v 0.946312 0.650388 1.199739
v 0.946312 0.650388 1.199739
v 0.946312 0.603154 1.400866
v 0.946312 0.603154 1.400866
v 0.946312 0.450786 1.536474
v 0.946312 0.450786 1.536474
v 0.946312 0.280133 1.582185
v 0.946312 0.280133 1.582185
v 0.946312 0.100680 1.557806
v 0.946312 0.603154 0.998613
v 0.946312 0.603154 0.998613
v 0.946312 0.219518 0.818608
v 0.910745 0.062588 0.834217
v 0.859618 0.703542 1.201735
v 0.859618 0.703542 1.201735
v 0.832805 0.669315 1.396349
v 0.832805 0.669315 1.396349
v 0.832805 0.669315 1.396349
v 0.670179 0.704757 1.400866
v 0.877466 0.704242 0.987526
v 0.877466 0.704242 0.987526
v 0.842963 0.171909 -1.713038
v 0.842963 0.171909 -1.713038
v 0.842963 0.171909 -1.713038
v 0.848774 0.102218 -1.680067
v 0.946312 0.225919 0.520034
v 0.946312 0.225919 0.520034
v 0.946312 0.225919 0.520034
v 0.910745 0.061080 0.306267
v 0.764211 0.746285 0.269294
v 0.764211 0.746285 0.269294
v 0.946312 0.244221 0.176741
v 0.946312 0.230108 0.337542
v 0.910745 0.060661 0.159702
v 0.855572 0.579765 0.733672
v 0.855572 0.579765 0.733672
v 0.855572 0.579765 0.733672
v 0.860412 0.565310 0.761680
v 0.860412 0.565310 0.761680
v 0.858141 0.600239 0.524394
v 0.806056 0.616099 1.490190
v 0.806056 0.616099 1.490190
v 0.806056 0.616099 1.490190
v 0.643997 0.682262 1.529058
v 0.763954 0.312640 1.794848
v 0.763954 0.312640 1.794848
v 0.763954 0.312640 1.794848
v 0.744861 0.100680 1.797570
v 0.491863 0.328308 1.940352
v 0.491863 0.328308 1.940352
v 0.491863 0.328308 1.940352
v 0.468537 0.379656 1.931749
v 0.458450 0.287914 1.953600
v 0.763185 0.378104 1.769319
v 0.763185 0.378104 1.769319
v 0.763185 0.378104 1.769319
v 0.946312 0.344328 -0.609835
v 0.946312 0.344328 -0.609835
v 0.910745 0.059317 -0.310901
v 0.878072 0.255529 0.519266
v 0.878072 0.255529 0.519266
v 0.864381 0.436472 0.698113
v 0.864381 0.436472 0.698113
v 0.864381 0.436472 0.698113
v 0.529932 1.034216 -0.283703
v 0.503775 1.056503 -0.444147
v 0.504182 1.052929 -0.796908
v 0.502808 1.035432 -0.883843
v 0.699653 0.743196 0.271408
v 0.699653 0.743196 0.271408
v 0.699653 0.743196 0.271408
v 0.353869 0.750764 1.042409
v 0.339404 0.741720 1.231742
v 0.370114 0.752216 0.864661
v 0.393345 0.229390 1.957765
v 0.393345 0.229390 1.957765
v 0.393345 0.229390 1.957765
v -0.000000 0.235216 1.994563
v -0.000000 0.268441 2.003291
v 0.401853 0.265193 1.966461
v 0.401853 0.265193 1.966461
v 0.663881 0.100680 1.855530
v 0.663881 0.100680 1.855530
v 0.218235 0.553575 1.873865
v 0.598365 0.636032 1.687375
v 0.598365 0.636032 1.687375
v 0.598365 0.636032 1.687375
v 0.556605 0.377251 1.876892
v 0.556605 0.377251 1.876892
v 0.573071 0.401690 1.834301
v 0.573071 0.401690 1.834301
v -0.000000 0.574231 1.926532
v 0.386558 0.486785 1.913847
v 0.386558 0.486785 1.913847
v -0.000000 0.501029 1.992897
v 0.837465 0.487158 1.571458
v 0.837465 0.487158 1.571458
v 0.720156 0.777100 -1.026458
v 0.734434 0.777340 -0.923817
v 0.661141 0.775178 -1.435730
v 0.588367 0.903122 -1.150840
v 0.557523 1.019426 -0.449390
v 0.504233 0.951027 -1.165002
v 0.753095 0.769110 -0.707475
v 0.600766 0.799507 -1.469772
v 0.505309 0.836806 -1.510188
v 0.222988 0.727833 1.494896
v 0.222988 0.727833 1.494896
v 0.223029 0.720964 1.493992
v 0.223029 0.720964 1.493992
v 0.317017 0.720357 1.389338
v 0.290250 0.703086 1.519606
v 0.290250 0.703086 1.519606
v 0.502360 0.493674 1.852492
v 0.502360 0.493674 1.852492
v 0.502360 0.493674 1.852492
v 0.639163 0.583140 1.701653
v 0.639163 0.583140 1.701653
v 0.639163 0.583140 1.701653
v 0.851636 0.674090 -1.559554
v 0.851636 0.674090 -1.559554
v 0.851636 0.674090 -1.559554
v 0.851636 0.674090 -1.559554
v 0.856631 0.728265 -0.939343
v 0.856631 0.728265 -0.939343
v 0.869996 0.716692 -0.770819
v 0.869996 0.716692 -0.770819
v 0.846717 0.737550 -1.150566
v 0.876549 0.703655 0.184541
v 0.873122 0.700818 0.307446
v 0.874310 0.703755 0.812988
v 0.418029 0.756736 -1.757248
v 0.487012 0.756736 -1.730147
v 0.487012 0.756736 -1.730147
v 0.487012 0.756736 -1.730147
v 0.299538 0.697921 -1.953052
v 0.299538 0.697921 -1.953052
v 0.299538 0.697921 -1.953052
v 0.335881 0.653145 -1.928430
v 0.335881 0.653145 -1.928430
v 0.335881 0.653145 -1.928430
v 0.335881 0.653145 -1.928430
v 0.194459 0.697115 -1.964068
v -0.000000 0.556543 -2.082232
v 0.181328 0.556543 -2.067948
v 0.181328 0.556543 -2.067948
v 0.245831 0.556543 -2.040760
v 0.245831 0.556543 -2.040760
v 0.319742 0.556543 -2.005310
v 0.319742 0.556543 -2.005310
v 0.319742 0.556543 -2.005310
v -0.000000 0.425060 -2.063828
v 0.213105 0.424581 -2.049544
v 0.213105 0.424581 -2.049544
v 0.213105 0.424581 -2.049544
v 0.381070 0.295516 -1.993271
v 0.381070 0.295516 -1.993271
v 0.662845 0.678061 -1.775497
v 0.662845 0.678061 -1.775497
v 0.595508 0.758444 -1.667278
v 0.832518 0.284399 -1.745888
v 0.832518 0.284399 -1.745888
v 0.832518 0.284399 -1.745888
v 0.856750 0.559237 -1.669898
v 0.856750 0.559237 -1.669898
v 0.856750 0.559237 -1.669898
v 0.856750 0.559237 -1.669898
v -0.000000 0.421638 -2.015164
v 0.213105 0.421159 -2.000880
v 0.213105 0.421159 -2.000880
v 0.216904 0.295516 -2.024674
v 0.450704 0.288872 -1.961242
v 0.450704 0.288872 -1.961242
v 0.600515 0.284574 -1.923122
v 0.600515 0.284574 -1.923122
v 0.605682 0.170225 -1.888407
v 0.605682 0.170225 -1.888407
v -0.000000 0.295516 -2.033543
v -0.000000 0.697115 -1.978352
v 0.714457 0.556689 -1.828089
v 0.714457 0.556689 -1.828089
v 0.751931 0.444028 -1.695009
v 0.751931 0.444028 -1.695009
v 0.735986 0.434599 -1.832092
v 0.735986 0.434599 -1.832092
v 0.735986 0.434599 -1.832092
v -0.000000 0.776995 0.438261
v 0.884535 0.259718 0.336774
v 0.941502 0.434782 0.742575
v 0.941502 0.434782 0.742575
v 0.883656 0.616256 0.321320
v 0.885313 0.628785 0.171552
v 0.908664 0.570837 0.730921
v 0.908664 0.570837 0.730921
v 0.913504 0.551211 0.765393
v 0.913504 0.551211 0.765393
v 0.923337 0.512800 0.770367
v 0.923337 0.512800 0.770367
v 0.941771 0.454899 -0.727327
v 0.892075 0.274090 0.182134
v 0.870245 0.542410 0.770532
v 0.870245 0.542410 0.770532
v 0.910745 0.056586 -0.559538
v 0.745123 0.768322 0.091774
v 0.711993 0.804155 0.023961
v 0.727856 0.779256 0.112285
v 0.866110 0.115922 -0.726980
v 0.866110 0.115922 -0.726980
v 0.917176 0.109603 -0.727020
v 0.917176 0.109603 -0.727020
v 0.938967 0.195198 0.331083
v 0.935466 0.177526 0.554253
v 0.918271 0.097253 0.455456
v 0.918649 0.098644 0.313217
v 0.917009 0.107259 -0.568395
v 0.936959 0.268659 -0.596608
v 0.936959 0.268659 -0.596608
v 0.939234 0.207688 0.173350
v 0.918389 0.100108 0.163364
v 0.866049 0.114377 -0.568112
v 0.886009 0.271387 -0.597790
v 0.886009 0.271387 -0.597790
v 0.887186 0.244096 -0.238411
v 0.866812 0.113375 -0.230786
v 0.901419 0.214996 0.127947
v 0.904843 0.105056 0.176916
v 0.515011 0.493230 1.842311
v 0.515011 0.493230 1.842311
v 0.515011 0.493230 1.842311
v 0.702585 0.414340 1.749663
v 0.702585 0.414340 1.749663
v 0.790423 0.483081 1.568488
v 0.790423 0.483081 1.568488
v 0.793885 0.601209 1.476099
v 0.793885 0.601209 1.476099
v 0.625069 0.568269 1.685180
v 0.625069 0.568269 1.685180
v 0.310114 0.765961 1.038769
v 0.295745 0.757912 1.227177
v 0.321548 0.766839 0.913638
v 0.273755 0.737435 1.382194
v -0.000000 0.698557 1.663565
v 0.166537 0.686407 1.631412
v 0.248856 0.725136 1.504687
v 0.248856 0.725136 1.504687
v 0.406744 0.193511 2.008790
v 0.406744 0.193511 2.008790
v 0.406744 0.193511 2.008790
v -0.000000 0.198443 2.033354
v 0.601433 0.117881 1.964293
v 0.406744 0.186521 1.973143
v 0.406744 0.186521 1.973143
v -0.000000 0.191453 1.997707
v 0.601433 0.110891 1.928646
v 0.302819 0.562708 -1.949013
v 0.302819 0.562708 -1.949013
v 0.316054 0.649043 -1.897371
v 0.316054 0.649043 -1.897371
v 0.753717 0.664565 -1.585606
v 0.753717 0.664565 -1.585606
v 0.730891 0.565910 -1.675277
v 0.730891 0.565910 -1.675277
v 0.639258 0.668690 -1.749147
v 0.639258 0.668690 -1.749147
v 0.669196 0.566161 -1.799752
v 0.669196 0.566161 -1.799752
v -0.000000 0.727051 1.432467
v 0.239775 0.733805 1.412318
v 0.239775 0.733805 1.412318
v -0.000000 0.703045 1.636075
v 0.149871 0.693994 1.607674
v 0.149871 0.693994 1.607674
v -0.000000 0.720151 1.431869
v 0.239967 0.726906 1.411720
v 0.239967 0.726906 1.411720
v -0.000000 0.696386 1.634215
v 0.149434 0.687334 1.605815
v 0.149434 0.687334 1.605815
v 0.761100 0.590392 -1.331050
v 0.761100 0.632585 -1.151391
v 0.761100 0.432752 0.892170
v 0.761100 0.579103 1.019917
v 0.761100 0.459731 -1.456268
v 0.761100 0.229464 0.859395
v 0.761100 0.286876 -1.495738
v 0.725533 0.064623 0.874284
v 0.761100 0.621296 1.199577
v 0.761100 0.579103 1.379236
v 0.761100 0.590392 -0.971731
v 0.761100 0.442997 1.500371
v 0.761100 0.503285 -0.881956
v 0.761100 0.290559 1.541202
v 0.761100 0.321665 -0.814447
v 0.725533 0.059417 -0.834591
v 0.704324 0.789473 0.192466
v 0.704324 0.789473 0.192466
v 0.704324 0.789473 0.192466
v 0.559571 0.995797 -0.127223
v 0.621190 0.907969 0.008863
v -0.000000 0.064623 0.874284
v -0.000000 0.059417 -0.834591
v 0.815639 0.290937 -1.590117
v 0.815639 0.290937 -1.590117
v 0.448778 0.444972 -1.978893
v 0.448778 0.444972 -1.978893
v 0.704889 0.108560 -1.824703
v 0.704463 0.170173 -1.834808
v 0.704463 0.170173 -1.834808
v 0.541613 0.295942 -1.893345
v 0.606346 0.281656 -1.849589
v 0.606346 0.281656 -1.849589
v 0.616918 0.166475 -1.811415
v 0.616918 0.166475 -1.811415
v 0.539687 0.452042 -1.910995
v 0.825819 0.183260 -1.551086
v 0.825819 0.183260 -1.551086
v 0.703343 0.179113 -1.733523
v -0.946313 0.621296 1.199577
v -0.946313 0.579103 1.379236
v -0.946313 0.442997 1.500371
v -0.946312 0.290559 1.541202
v -0.946312 0.098650 1.519425
v -0.946313 0.579103 1.019917
v -0.946313 0.432752 0.892170
v -0.946312 0.229464 0.859395
v -0.910746 0.064623 0.874284
v -0.946312 0.632585 -1.151391
v -0.946312 0.590392 -0.971731
v -0.946312 0.503285 -0.881956
v -0.946312 0.321665 -0.814447
v -0.910745 0.059417 -0.834591
v -0.946312 0.590392 -1.331050
v -0.946312 0.459731 -1.456268
v -0.946312 0.286876 -1.495738
v -0.946312 0.075913 -1.476684
v -0.941467 0.668854 -1.153911
v -0.946312 0.616868 -0.953561
v -0.941609 0.505351 -0.819933
v -0.946312 0.334852 -0.772877
v -0.910745 0.057972 -0.781503
v -0.946312 0.618229 -1.353792
v -0.946312 0.467741 -1.491205
v -0.946312 0.275463 -1.539387
v -0.946312 0.084208 -1.526968
v -0.946313 0.650388 1.199739
v -0.946313 0.603154 1.400866
v -0.946313 0.450786 1.536474
v -0.946312 0.280133 1.582185
v -0.946312 0.100680 1.557806
v -0.946313 0.603154 0.998612
v -0.940668 0.437281 0.850594
v -0.946312 0.219518 0.818608
v -0.910746 0.062588 0.834217
v -0.699883 0.722125 1.207116
v -0.670180 0.704757 1.400866
v -0.725499 0.732350 1.005393
v -0.859618 0.703542 1.201735
v -0.877467 0.704242 0.987525
v -0.832805 0.669315 1.396349
v -0.832518 0.284399 -1.745888
v -0.848774 0.102218 -1.680067
v -0.753095 0.769110 -0.707475
v -0.747648 0.742455 0.829071
v -0.946312 0.230108 0.337542
v -0.910746 0.061080 0.306267
v -0.892075 0.274090 0.182134
v -0.764212 0.746285 0.269294
v -0.806056 0.616099 1.490190
v -0.643997 0.682262 1.529058
v -0.763955 0.312640 1.794848
v -0.744861 0.100680 1.797570
v -0.663881 0.100680 1.855530
v -0.763185 0.378104 1.769319
v -0.634056 0.731583 1.205629
v -0.655288 0.741803 1.010603
v -0.946312 0.244221 0.176741
v -0.910746 0.060661 0.159702
v -0.884535 0.259718 0.336774
v -0.775127 0.747727 0.170701
v -0.594778 0.963819 -0.177384
v -0.727857 0.779256 0.112285
v -0.503775 1.056503 -0.444147
v -0.557523 1.019426 -0.449390
v -0.255749 1.103100 -0.421408
v -0.284420 1.028094 -0.053402
v -0.502808 1.035432 -0.883843
v -0.243970 1.060503 -0.928026
v -0.248434 1.085497 -0.808817
v -0.504183 1.052929 -0.796908
v -0.674513 0.748108 0.829443
v -0.699653 0.743196 0.271408
v -0.321548 0.766839 0.913638
v -0.403258 0.747829 0.522934
v -0.295745 0.757912 1.227177
v -0.353870 0.750764 1.042409
v -0.401853 0.265193 1.966461
v -0.393346 0.229390 1.957765
v -0.386558 0.486785 1.913847
v -0.598365 0.636032 1.687375
v -0.218236 0.553575 1.873865
v -0.450704 0.288872 -1.961242
v -0.519253 0.262153 -1.939741
v -0.720156 0.777100 -1.026458
v -0.734434 0.777340 -0.923817
v -0.661141 0.775178 -1.435730
v -0.504234 0.951027 -1.165002
v -0.576250 0.976690 -0.897399
v -0.562179 1.005117 -0.787318
v -0.588367 0.903122 -1.150840
v -0.575486 1.000176 -0.297185
v -0.529933 1.034216 -0.283703
v -0.268828 1.081034 -0.231242
v -0.505310 0.836806 -1.510188
v -0.600766 0.799507 -1.469772
v -0.290250 0.703086 1.519606
v -0.149871 0.693994 1.607674
v -0.239776 0.733805 1.412318
v -0.603835 0.714262 1.398813
v -0.577652 0.691767 1.527005
v -0.537153 0.655803 1.677930
v -0.183196 0.604080 1.772853
v -0.502360 0.493674 1.852492
v -0.639163 0.583140 1.701653
v -0.556605 0.377251 1.876892
v -0.837465 0.487158 1.571458
v -0.869996 0.716692 -0.770819
v -0.874311 0.703755 0.812988
v -0.873122 0.700818 0.307446
v -0.876550 0.703655 0.184541
v -0.846717 0.737550 -1.150566
v -0.851636 0.674090 -1.559554
v -0.856631 0.728265 -0.939344
v -0.468789 1.040185 -0.890643
v -0.467278 0.951027 -1.159441
v -0.436326 0.823999 -1.540378
v -0.223569 0.812854 -1.584597
v -0.219476 0.833385 -1.522924
v -0.205272 0.759474 -1.804557
v -0.487012 0.756736 -1.730147
v -0.418029 0.756736 -1.757248
v -0.335881 0.653145 -1.928430
v -0.299538 0.697921 -1.953052
v -0.194459 0.697115 -1.964068
v -0.181328 0.556543 -2.067948
v -0.319742 0.556543 -2.005310
v -0.245831 0.556543 -2.040760
v -0.213105 0.424581 -2.049544
v -0.382473 0.269522 -1.979851
v -0.381070 0.295516 -1.993271
v -0.595508 0.758444 -1.667278
v -0.856750 0.559237 -1.669898
v -0.662845 0.678061 -1.775497
v -0.213105 0.421159 -2.000880
v -0.217370 0.269522 -2.019943
v -0.216904 0.295516 -2.024674
v -0.600515 0.284574 -1.923122
v -0.559973 0.114947 -1.904346
v -0.474071 1.063322 -0.440820
v -0.524353 1.001616 -0.116420
v -0.466756 1.059322 -0.802114
v -0.498315 1.041067 -0.276026
v -0.451108 0.863562 -1.416567
v -0.355024 0.836259 -1.500333
v -0.241468 1.030444 -1.061854
v -0.377156 1.006520 -1.077621
v -0.409484 0.970789 -1.175136
v -0.402663 0.872930 -1.409706
v -0.344010 0.856504 -1.464861
v -0.227075 0.863503 -1.473537
v -0.714457 0.556689 -1.828089
v -0.704890 0.108560 -1.824703
v -0.396439 0.774672 0.371269
v -0.946312 0.225919 0.520034
v -0.883656 0.616256 0.321320
v -0.941502 0.434782 0.742575
v -0.885313 0.628785 0.171552
v -0.884364 0.684771 -0.408217
v -0.923338 0.512800 0.770367
v -0.908664 0.570837 0.730921
v -0.913504 0.551211 0.765392
v -0.941771 0.454899 -0.727327
v -0.946312 0.344328 -0.609835
v -0.878072 0.255529 0.519266
v -0.858141 0.600239 0.524394
v -0.864381 0.436472 0.698113
v -0.870245 0.542410 0.770532
v -0.855572 0.579765 0.733672
v -0.860412 0.565310 0.761680
v -0.910746 0.059317 -0.310901
v -0.910746 0.056586 -0.559538
v -0.885735 0.452466 0.441559
v -0.892687 0.473987 0.179492
v -0.893203 0.528928 -0.562624
v -0.236939 0.980608 -1.200964
v -0.229844 0.901447 -1.387608
v -0.738873 0.781953 -0.675718
v -0.745123 0.768322 0.091774
v -0.607075 0.949663 -0.204411
v -0.711994 0.804155 0.023961
v -0.577704 0.993503 -0.418859
v -0.583185 0.978080 -0.739155
v -0.591866 0.978327 -0.298862
v -0.743196 0.775465 -0.306396
v -0.762883 0.759234 -0.301892
v -0.918389 0.100108 0.163364
v -0.939234 0.207688 0.173350
v -0.936959 0.268659 -0.596608
v -0.917009 0.107259 -0.568396
v -0.918650 0.098644 0.313217
v -0.938967 0.195198 0.331083
v -0.935467 0.177526 0.554253
v -0.918271 0.097253 0.455456
v -0.917176 0.109603 -0.727020
v -0.866812 0.113375 -0.230786
v -0.887186 0.244096 -0.238411
v -0.886009 0.271387 -0.597790
v -0.866049 0.114377 -0.568113
v -0.904843 0.105056 0.176916
v -0.901419 0.214996 0.127947
v -0.866110 0.115922 -0.726980
v -0.458450 0.287914 1.953600
v -0.468538 0.379656 1.931749
v -0.491863 0.328308 1.940352
v -0.515012 0.493230 1.842311
v -0.702586 0.414340 1.749663
v -0.625070 0.568269 1.685180
v -0.790424 0.483081 1.568488
v -0.793886 0.601209 1.476099
v -0.573071 0.401690 1.834301
v -0.370114 0.752216 0.864661
v -0.310114 0.765961 1.038769
v -0.339404 0.741720 1.231742
v -0.317017 0.720357 1.389338
v -0.192968 0.655408 1.668249
v -0.248856 0.725136 1.504687
v -0.601433 0.117881 1.964293
v -0.406745 0.193511 2.008790
v -0.601433 0.110891 1.928646
v -0.406745 0.186521 1.973143
v -0.406745 0.109433 1.973143
v -0.302819 0.562708 -1.949013
v -0.316054 0.649043 -1.897371
v -0.753717 0.664565 -1.585606
v -0.730891 0.565910 -1.675277
v -0.639258 0.668690 -1.749147
v -0.669196 0.566161 -1.799752
v -0.273755 0.737435 1.382194
v -0.166537 0.686407 1.631412
v -0.222988 0.727833 1.494896
v -0.223029 0.720964 1.493992
v -0.239967 0.726906 1.411720
v -0.149434 0.687334 1.605815
v -0.761100 0.621296 1.199577
v -0.761100 0.579103 1.379236
v -0.761100 0.442997 1.500371
v -0.761100 0.290559 1.541202
v -0.761100 0.098650 1.519425
v -0.761100 0.579103 1.019917
v -0.761100 0.432752 0.892170
v -0.761100 0.229464 0.859395
v -0.725533 0.064623 0.874284
v -0.761100 0.632585 -1.151391
v -0.761100 0.590392 -0.971731
v -0.761100 0.503285 -0.881956
v -0.761100 0.321665 -0.814447
v -0.725533 0.059417 -0.834591
v -0.761100 0.590392 -1.331050
v -0.761100 0.459731 -1.456268
v -0.761100 0.286876 -1.495738
v -0.761100 0.075913 -1.476684
v -0.704325 0.789473 0.192466
v -0.559571 0.995797 -0.127223
v -0.637842 0.785647 0.256155
v -0.328176 0.924979 0.124600
v -0.621190 0.907969 0.008863
v -0.572052 0.912387 0.050162
v -0.735986 0.434599 -1.832092
v -0.448778 0.444972 -1.978893
v -0.605682 0.170225 -1.888407
v -0.704463 0.170173 -1.834808
v -0.842963 0.171909 -1.713038
v -0.703343 0.179113 -1.733523
v -0.606346 0.281656 -1.849589
v -0.541613 0.295942 -1.893345
v -0.616919 0.166475 -1.811415
v -0.815639 0.290937 -1.590117
v -0.751931 0.444028 -1.695009
v -0.539687 0.452042 -1.910995
v -0.825820 0.183260 -1.551086
v -0.719713 0.286683 -1.709042
v -0.629828 0.848485 -1.195625
v -0.663732 0.866442 -0.912009
v -0.946313 0.621296 1.199577
v -0.946313 0.621296 1.199577
v -0.946313 0.579103 1.379236
v -0.946313 0.579103 1.379236
v -0.946313 0.442997 1.500371
v -0.946313 0.442997 1.500371
v -0.946312 0.290559 1.541202
v -0.946312 0.290559 1.541202
v -0.946312 0.098650 1.519425
v -0.946313 0.579103 1.019917
v -0.946313 0.579103 1.019917
v -0.946313 0.432752 0.892170
v -0.946313 0.432752 0.892170
v -0.946312 0.229464 0.859395
v -0.946312 0.229464 0.859395
v -0.946312 0.229464 0.859395
v -0.910746 0.064623 0.874284
v -0.910746 0.064623 0.874284
v -0.910746 0.064623 0.874284
v -0.946312 0.632585 -1.151391
v -0.946312 0.632585 -1.151391
v -0.946312 0.590392 -0.971731
v -0.946312 0.590392 -0.971731
v -0.946312 0.503285 -0.881956
v -0.946312 0.503285 -0.881956
v -0.946312 0.321665 -0.814447
v -0.946312 0.321665 -0.814447
v -0.910745 0.059417 -0.834591
v -0.910745 0.059417 -0.834591
v -0.910745 0.059417 -0.834591
v -0.946312 0.590392 -1.331050
v -0.946312 0.590392 -1.331050
v -0.946312 0.459731 -1.456268
v -0.946312 0.459731 -1.456268
v -0.946312 0.286876 -1.495738
v -0.946312 0.286876 -1.495738
v -0.946312 0.075913 -1.476684
v -0.941467 0.668854 -1.153911
v -0.946312 0.616868 -0.953561
v -0.946312 0.616868 -0.953561
v -0.941609 0.505351 -0.819933
v -0.946312 0.618229 -1.353792
v -0.946312 0.618229 -1.353792
v -0.946312 0.467741 -1.491205
v -0.946312 0.467741 -1.491205
v -0.946312 0.275463 -1.539387
v -0.946312 0.084208 -1.526968
v -0.910745 0.057972 -0.781503
v -0.946313 0.650388 1.199739
v -0.946313 0.650388 1.199739
v -0.946313 0.603154 1.400866
v -0.946313 0.603154 1.400866
v -0.946313 0.450786 1.536474
v -0.946313 0.450786 1.536474
v -0.946312 0.280133 1.582185
v -0.946312 0.280133 1.582185
v -0.946312 0.100680 1.557806
v -0.946313 0.603154 0.998612
v -0.946313 0.603154 0.998612
v -0.946312 0.219518 0.818608
v -0.910746 0.062588 0.834217
v -0.859618 0.703542 1.201735
v -0.859618 0.703542 1.201735
v -0.832805 0.669315 1.396349
v -0.832805 0.669315 1.396349
v -0.832805 0.669315 1.396349
v -0.670180 0.704757 1.400866
v -0.877467 0.704242 0.987525
v -0.877467 0.704242 0.987525
v -0.842963 0.171909 -1.713038
v -0.842963 0.171909 -1.713038
v -0.842963 0.171909 -1.713038
v -0.848774 0.102218 -1.680067
v -0.946312 0.225919 0.520034
v -0.946312 0.225919 0.520034
v -0.946312 0.225919 0.520034
v -0.910746 0.061080 0.306267
v -0.764212 0.746285 0.269294
v -0.764212 0.746285 0.269294
v -0.946312 0.244221 0.176741
v -0.946312 0.230108 0.337542
v -0.910746 0.060661 0.159702
v -0.855572 0.579765 0.733672
v -0.855572 0.579765 0.733672
v -0.855572 0.579765 0.733672
v -0.860412 0.565310 0.761680
v -0.860412 0.565310 0.761680
v -0.858141 0.600239 0.524394
v -0.806056 0.616099 1.490190
v -0.806056 0.616099 1.490190
v -0.806056 0.616099 1.490190
v -0.643997 0.682262 1.529058
v -0.763955 0.312640 1.794848
v -0.763955 0.312640 1.794848
v -0.763955 0.312640 1.794848
v -0.744861 0.100680 1.797570
v -0.491863 0.328308 1.940352
v -0.491863 0.328308 1.940352
v -0.491863 0.328308 1.940352
v -0.468538 0.379656 1.931749
v -0.458450 0.287914 1.953600
v -0.763185 0.378104 1.769319
v -0.763185 0.378104 1.769319
v -0.763185 0.378104 1.769319
v -0.946312 0.344328 -0.609835
v -0.946312 0.344328 -0.609835
v -0.910746 0.059317 -0.310901
v -0.878072 0.255529 0.519266
v -0.878072 0.255529 0.519266
v -0.864381 0.436472 0.698113
v -0.864381 0.436472 0.698113
v -0.864381 0.436472 0.698113
v -0.529933 1.034216 -0.283703
v -0.503775 1.056503 -0.444147
v -0.504183 1.052929 -0.796908
v -0.502808 1.035432 -0.883843
v -0.699653 0.743196 0.271408
v -0.699653 0.743196 0.271408
v -0.699653 0.743196 0.271408
v -0.353870 0.750764 1.042409
v -0.339404 0.741720 1.231742
v -0.370114 0.752216 0.864661
v -0.393346 0.229390 1.957765
v -0.393346 0.229390 1.957765
v -0.393346 0.229390 1.957765
v -0.401853 0.265193 1.966461
v -0.401853 0.265193 1.966461
v -0.663881 0.100680 1.855530
v -0.663881 0.100680 1.855530
v -0.218236 0.553575 1.873865
v -0.598365 0.636032 1.687375
v -0.598365 0.636032 1.687375
v -0.598365 0.636032 1.687375
v -0.556605 0.377251 1.876892
v -0.556605 0.377251 1.876892
v -0.573071 0.401690 1.834301
v -0.573071 0.401690 1.834301
v -0.386558 0.486785 1.913847
v -0.386558 0.486785 1.913847
v -0.837465 0.487158 1.571458
v -0.837465 0.487158 1.571458
v -0.720156 0.777100 -1.026458
v -0.734434 0.777340 -0.923817
v -0.661141 0.775178 -1.435730
v -0.588367 0.903122 -1.150840
v -0.557523 1.019426 -0.449390
v -0.504234 0.951027 -1.165002
v -0.753095 0.769110 -0.707475
v -0.600766 0.799507 -1.469772
v -0.505310 0.836806 -1.510188
v -0.222988 0.727833 1.494896
v -0.222988 0.727833 1.494896
v -0.223029 0.720964 1.493992
v -0.223029 0.720964 1.493992
v -0.317017 0.720357 1.389338
v -0.290250 0.703086 1.519606
v -0.290250 0.703086 1.519606
v -0.502360 0.493674 1.852492
v -0.502360 0.493674 1.852492
v -0.502360 0.493674 1.852492
v -0.639163 0.583140 1.701653
v -0.639163 0.583140 1.701653
v -0.639163 0.583140 1.701653
v -0.851636 0.674090 -1.559554
v -0.851636 0.674090 -1.559554
v -0.851636 0.674090 -1.559554
v -0.851636 0.674090 -1.559554
v -0.856631 0.728265 -0.939344
v -0.856631 0.728265 -0.939344
v -0.869996 0.716692 -0.770819
v -0.869996 0.716692 -0.770819
v -0.846717 0.737550 -1.150566
v -0.876550 0.703655 0.184541
v -0.873122 0.700818 0.307446
v -0.874311 0.703755 0.812988
v -0.418029 0.756736 -1.757248
v -0.487012 0.756736 -1.730147
v -0.487012 0.756736 -1.730147
v -0.487012 0.756736 -1.730147
v -0.299538 0.697921 -1.953052
v -0.299538 0.697921 -1.953052
v -0.299538 0.697921 -1.953052
v -0.335881 0.653145 -1.928430
v -0.335881 0.653145 -1.928430
v -0.335881 0.653145 -1.928430
v -0.335881 0.653145 -1.928430
v -0.194459 0.697115 -1.964068
v -0.181328 0.556543 -2.067948
v -0.181328 0.556543 -2.067948
v -0.245831 0.556543 -2.040760
v -0.245831 0.556543 -2.040760
v -0.319742 0.556543 -2.005310
v -0.319742 0.556543 -2.005310
v -0.319742 0.556543 -2.005310
v -0.213105 0.424581 -2.049544
v -0.213105 0.424581 -2.049544
v -0.213105 0.424581 -2.049544
v -0.381070 0.295516 -1.993271
v -0.381070 0.295516 -1.993271
v -0.662845 0.678061 -1.775497
v -0.662845 0.678061 -1.775497
v -0.595508 0.758444 -1.667278
v -0.832518 0.284399 -1.745888
v -0.832518 0.284399 -1.745888
v -0.832518 0.284399 -1.745888
v -0.856750 0.559237 -1.669898
v -0.856750 0.559237 -1.669898
v -0.856750 0.559237 -1.669898
v -0.856750 0.559237 -1.669898
v -0.213105 0.421159 -2.000880
v -0.213105 0.421159 -2.000880
v -0.216904 0.295516 -2.024674
v -0.450704 0.288872 -1.961242
v -0.450704 0.288872 -1.961242
v -0.600515 0.284574 -1.923122
v -0.600515 0.284574 -1.923122
v -0.605682 0.170225 -1.888407
v -0.605682 0.170225 -1.888407
v -0.714457 0.556689 -1.828089
v -0.714457 0.556689 -1.828089
v -0.751931 0.444028 -1.695009
v -0.751931 0.444028 -1.695009
v -0.735986 0.434599 -1.832092
v -0.735986 0.434599 -1.832092
v -0.735986 0.434599 -1.832092
v -0.884535 0.259718 0.336774
v -0.941502 0.434782 0.742575
v -0.941502 0.434782 0.742575
v -0.883656 0.616256 0.321320
v -0.885313 0.628785 0.171552
v -0.908664 0.570837 0.730921
v -0.908664 0.570837 0.730921
v -0.913504 0.551211 0.765392
v -0.913504 0.551211 0.765392
v -0.923338 0.512800 0.770367
v -0.923338 0.512800 0.770367
v -0.941771 0.454899 -0.727327
v -0.892075 0.274090 0.182134
v -0.870245 0.542410 0.770532
v -0.870245 0.542410 0.770532
v -0.910746 0.056586 -0.559538
v -0.745123 0.768322 0.091774
v -0.711994 0.804155 0.023961
v -0.727857 0.779256 0.112285
v -0.866110 0.115922 -0.726980
v -0.866110 0.115922 -0.726980
v -0.917176 0.109603 -0.727020
v -0.917176 0.109603 -0.727020
v -0.938967 0.195198 0.331083
v -0.935467 0.177526 0.554253
v -0.918271 0.097253 0.455456
v -0.918650 0.098644 0.313217
v -0.917009 0.107259 -0.568396
v -0.936959 0.268659 -0.596608
v -0.936959 0.268659 -0.596608
v -0.939234 0.207688 0.173350
v -0.918389 0.100108 0.163364
v -0.866049 0.114377 -0.568113
v -0.886009 0.271387 -0.597790
v -0.886009 0.271387 -0.597790
v -0.887186 0.244096 -0.238411
v -0.866812 0.113375 -0.230786
v -0.901419 0.214996 0.127947
v -0.904843 0.105056 0.176916
v -0.515012 0.493230 1.842311
v -0.515012 0.493230 1.842311
v -0.515012 0.493230 1.842311
v -0.702586 0.414340 1.749663
v -0.702586 0.414340 1.749663
v -0.790424 0.483081 1.568488
v -0.790424 0.483081 1.568488
v -0.793886 0.601209 1.476099
v -0.793886 0.601209 1.476099
v -0.625070 0.568269 1.685180
v -0.625070 0.568269 1.685180
v -0.310114 0.765961 1.038769
v -0.295745 0.757912 1.227177
v -0.321548 0.766839 0.913638
v -0.273755 0.737435 1.382194
v -0.166537 0.686407 1.631412
v -0.248856 0.725136 1.504687
v -0.248856 0.725136 1.504687
v -0.406745 0.193511 2.008790
v -0.406745 0.193511 2.008790
v -0.406745 0.193511 2.008790
v -0.601433 0.117881 1.964293
v -0.406745 0.186521 1.973143
v -0.406745 0.186521 1.973143
v -0.601433 0.110891 1.928646
v -0.302819 0.562708 -1.949013
v -0.302819 0.562708 -1.949013
v -0.316054 0.649043 -1.897371
v -0.316054 0.649043 -1.897371
v -0.753717 0.664565 -1.585606
v -0.753717 0.664565 -1.585606
v -0.730891 0.565910 -1.675277
v -0.730891 0.565910 -1.675277
v -0.639258 0.668690 -1.749147
v -0.639258 0.668690 -1.749147
v -0.669196 0.566161 -1.799752
v -0.669196 0.566161 -1.799752
v -0.239776 0.733805 1.412318
v -0.239776 0.733805 1.412318
v -0.149871 0.693994 1.607674
v -0.149871 0.693994 1.607674
v -0.239967 0.726906 1.411720
v -0.239967 0.726906 1.411720
v -0.149434 0.687334 1.605815
v -0.149434 0.687334 1.605815
v -0.761100 0.590392 -1.331050
v -0.761100 0.632585 -1.151391
v -0.761100 0.432752 0.892170
v -0.761100 0.579103 1.019917
v -0.761100 0.459731 -1.456268
v -0.761100 0.229464 0.859395
v -0.761100 0.286876 -1.495738
v -0.725533 0.064623 0.874284
v -0.761100 0.621296 1.199577
v -0.761100 0.579103 1.379236
v -0.761100 0.590392 -0.971731
v -0.761100 0.442997 1.500371
v -0.761100 0.503285 -0.881956
v -0.761100 0.290559 1.541202
v -0.761100 0.321665 -0.814447
v -0.725533 0.059417 -0.834591
v -0.704325 0.789473 0.192466
v -0.704325 0.789473 0.192466
v -0.704325 0.789473 0.192466
v -0.559571 0.995797 -0.127223
v -0.621190 0.907969 0.008863
v -0.815639 0.290937 -1.590117
v -0.815639 0.290937 -1.590117
v -0.448778 0.444972 -1.978893
v -0.448778 0.444972 -1.978893
v -0.704890 0.108560 -1.824703
v -0.704463 0.170173 -1.834808
v -0.704463 0.170173 -1.834808
v -0.541613 0.295942 -1.893345
v -0.606346 0.281656 -1.849589
v -0.606346 0.281656 -1.849589
v -0.616919 0.166475 -1.811415
v -0.616919 0.166475 -1.811415
v -0.539687 0.452042 -1.910995
v -0.825820 0.183260 -1.551086
v -0.825820 0.183260 -1.551086
v -0.703343 0.179113 -1.733523
v 0.602666 0.936656 -0.909027
v 0.623496 0.901227 -0.979165
v 0.674621 0.838023 -0.979165
v 0.704915 0.810250 -0.909027
v 0.684085 0.845679 -0.838890
v 0.632961 0.908883 -0.838890
v 0.623732 0.921279 -0.909609
v 0.638104 0.896834 -0.958001
v 0.673378 0.853227 -0.958001
v 0.694280 0.834064 -0.909609
v 0.679908 0.858509 -0.861217
v 0.644634 0.902116 -0.861217
v 0.628711 0.905445 -0.979747
v 0.607881 0.940875 -0.909609
v 0.679836 0.842242 -0.979747
v 0.710131 0.814468 -0.909609
v 0.689301 0.849898 -0.839472
v 0.638176 0.913101 -0.839472
v 0.619193 0.917608 -0.909103
v 0.633565 0.893163 -0.957494
v 0.668839 0.849555 -0.957494
v 0.689741 0.830392 -0.909103
v 0.675369 0.854837 -0.860711
v 0.640095 0.898445 -0.860711
v 0.806279 0.769297 0.106008
v 0.868044 0.766794 0.055350
v 0.880609 0.801454 0.085748
v 0.801403 0.798643 0.128501
v 0.752186 0.800839 0.060375
v 0.914932 0.777603 -0.033671
v 0.757736 0.768036 0.061134
v 0.926025 0.801644 -0.041266
v 0.758237 0.792677 0.059227
v 0.775543 0.842456 0.019734
v 0.777333 0.779481 0.019912
v 0.773745 0.807501 0.022493
v 0.740211 0.748090 0.187578
v 0.696548 0.744613 0.118304
v 0.694977 0.778161 0.119452
v 0.703015 0.723456 0.120212
v 0.743097 0.724717 0.165086
v 0.849207 0.778506 -0.007955
v 0.881151 0.840271 -0.021588
v 0.849285 0.765646 -0.007302
v 0.767579 0.766794 0.025156
v 0.943061 0.804410 -0.049386
v 0.920666 0.764643 -0.035659
v 0.762020 0.807019 0.028006
v 0.764524 0.855587 0.024186
v 0.884585 0.853044 -0.023880
v -0.806279 0.769297 0.106008
v -0.868044 0.766794 0.055350
v -0.880610 0.801454 0.085748
v -0.801403 0.798643 0.128501
v -0.752186 0.800839 0.060375
v -0.914932 0.777603 -0.033671
v -0.757736 0.768036 0.061134
v -0.926025 0.801644 -0.041266
v -0.758237 0.792677 0.059227
v -0.775543 0.842456 0.019734
v -0.777333 0.779481 0.019912
v -0.773745 0.807501 0.022493
v -0.740212 0.748090 0.187578
v -0.696548 0.744613 0.118304
v -0.694977 0.778161 0.119452
v -0.703015 0.723456 0.120212
v -0.743097 0.724717 0.165086
v -0.849207 0.778506 -0.007955
v -0.881151 0.840271 -0.021589
v -0.849285 0.765646 -0.007302
v -0.767579 0.766794 0.025156
v -0.943061 0.804410 -0.049386
v -0.920666 0.764643 -0.035659
v -0.762020 0.807019 0.028005
v -0.764524 0.855587 0.024186
v -0.884585 0.853044 -0.023880
v -0.833180 0.949046 -2.152935
v -0.833180 0.978020 -2.178569
v -0.833181 0.913821 -1.758532
v -0.833181 0.892455 -1.783131
v -0.833180 1.125109 -2.157794
v -0.833180 1.100709 -2.182212
v -0.833181 1.113799 -1.785977
v -0.833181 1.087858 -1.760524
v -0.814491 0.949046 -2.152935
v -0.814491 0.978020 -2.178569
v -0.814491 0.913821 -1.758532
v -0.814491 0.892455 -1.783131
v -0.814491 1.125109 -2.157794
v -0.814491 1.100709 -2.182212
v -0.814491 1.113799 -1.785977
v -0.814491 1.087858 -1.760524
v -0.829606 1.098227 -2.125672
v -0.829606 1.050585 -1.784798
v 0.000000 1.098227 -2.125672
v 0.000000 1.050585 -1.784798
v -0.829606 1.030726 -1.996140
v 0.000000 1.030726 -1.996140
v -0.829606 1.049985 -1.890469
v 0.000000 1.049985 -1.890469
v 0.000000 1.085622 -2.129176
v -0.829606 1.085622 -2.129176
v -0.829606 0.986018 -1.893973
v -0.829606 0.982067 -1.819017
v 0.000000 0.982067 -1.819017
v 0.000000 1.018120 -1.999644
v -0.829606 1.018120 -1.999644
v 0.000000 0.986018 -1.893973
v -0.371303 0.906348 -1.870957
v -0.371303 0.813248 -1.960512
v -0.371303 0.771420 -1.740865
v -0.371303 0.706188 -1.915510
v -0.371303 0.778365 -1.790688
v -0.371303 0.819457 -1.828645
v -0.371303 0.782869 -1.883876
v -0.371303 0.759771 -1.881852
v -0.357517 0.778365 -1.790688
v -0.357517 0.816590 -1.827211
v -0.357517 0.782153 -1.878859
v -0.357517 0.760487 -1.876834
v -0.357517 0.771420 -1.740865
v -0.357517 0.906348 -1.870957
v -0.357517 0.813248 -1.960512
v -0.357517 0.706188 -1.915510
v -0.344603 1.087523 -1.753779
v -0.344603 1.089243 -1.686796
v -0.344603 0.936924 -1.835014
v -0.344603 0.887059 -1.761561
v -0.344603 0.812103 -1.955105
v -0.344603 0.784665 -1.891161
v -0.344603 0.711755 -1.910665
v -0.344603 0.726033 -1.873958
v -0.356037 1.087523 -1.753779
v -0.356037 1.089243 -1.686796
v -0.356037 0.936924 -1.835014
v -0.356037 0.887059 -1.761561
v -0.356037 0.812103 -1.955105
v -0.356037 0.784665 -1.891161
v -0.356037 0.711755 -1.910665
v -0.356037 0.726033 -1.873958
v -0.344603 1.050688 -1.769948
v -0.344603 1.050322 -1.700546
v -0.356037 1.050688 -1.769948
v -0.356037 1.050322 -1.700546
v -0.344603 1.050688 -1.952193
v -0.344603 1.087523 -1.885629
v -0.356037 1.050688 -1.952193
v -0.356037 1.087523 -1.885629
v 0.833181 0.949046 -2.152935
v 0.833181 0.978020 -2.178569
v 0.833181 0.913821 -1.758532
v 0.833181 0.892455 -1.783131
v 0.833181 1.125109 -2.157794
v 0.833181 1.100709 -2.182212
v 0.833181 1.113799 -1.785977
v 0.833181 1.087858 -1.760524
v 0.814491 0.949046 -2.152935
v 0.814491 0.978020 -2.178569
v 0.814491 0.913821 -1.758532
v 0.814491 0.892455 -1.783131
v 0.814491 1.125109 -2.157794
v 0.814491 1.100709 -2.182212
v 0.814491 1.113799 -1.785977
v 0.814491 1.087858 -1.760524
v 0.829606 1.098227 -2.125672
v 0.829606 1.050585 -1.784798
v 0.829606 1.030726 -1.996140
v 0.829606 1.049985 -1.890469
v 0.829606 1.085622 -2.129176
v 0.829606 0.986018 -1.893973
v 0.829606 0.982067 -1.819017
v 0.829606 1.018120 -1.999644
v 0.371304 0.906348 -1.870957
v 0.371304 0.813248 -1.960512
v 0.371304 0.771420 -1.740865
v 0.371304 0.706188 -1.915510
v 0.371304 0.778365 -1.790688
v 0.371304 0.819457 -1.828645
v 0.371304 0.782869 -1.883876
v 0.371304 0.759771 -1.881852
v 0.357518 0.778365 -1.790688
v 0.357518 0.816590 -1.827211
v 0.357518 0.782153 -1.878859
v 0.357518 0.760488 -1.876834
v 0.357518 0.771420 -1.740865
v 0.357518 0.906348 -1.870957
v 0.357518 0.813248 -1.960512
v 0.357518 0.706188 -1.915510
v 0.344603 1.087523 -1.753779
v 0.344603 1.089243 -1.686796
v 0.344604 0.936924 -1.835014
v 0.344604 0.887059 -1.761561
v 0.344604 0.812103 -1.955105
v 0.344604 0.784665 -1.891161
v 0.344604 0.711755 -1.910665
v 0.344604 0.726033 -1.873958
v 0.356038 1.087523 -1.753779
v 0.356038 1.089243 -1.686796
v 0.356038 0.936924 -1.835014
v 0.356038 0.887059 -1.761561
v 0.356038 0.812103 -1.955105
v 0.356038 0.784665 -1.891161
v 0.356038 0.711755 -1.910665
v 0.356038 0.726033 -1.873958
v 0.344603 1.050688 -1.769948
v 0.344603 1.050322 -1.700546
v 0.356038 1.050688 -1.769948
v 0.356038 1.050322 -1.700546
v 0.344603 1.050688 -1.952193
v 0.344603 1.087523 -1.885629
v 0.356038 1.050688 -1.952193
v 0.356038 1.087523 -1.885629
v 0.339406 0.442469 -2.085364
v 0.339406 0.432093 -2.072876
v 0.339406 0.452845 -2.072876
v 0.303357 0.442469 -2.064551
v 0.314172 0.432093 -2.058307
v 0.314172 0.452845 -2.058307
v 0.303357 0.442469 -2.022925
v 0.314172 0.432093 -2.029169
v 0.314172 0.452845 -2.029169
v 0.339406 0.442469 -2.002112
v 0.339406 0.432093 -2.014600
v 0.339406 0.452845 -2.014600
v 0.375455 0.442469 -2.022925
v 0.364640 0.432093 -2.029169
v 0.364640 0.452845 -2.029169
v 0.375455 0.442469 -2.064551
v 0.364640 0.432093 -2.058307
v 0.364640 0.452845 -2.058307
v 0.519253 0.262153 -1.939741
v -0.000000 0.269522 -2.028517
v 0.382473 0.269522 -1.979851
v 0.217370 0.269522 -2.019943
v 0.559973 0.114947 -1.904346
v 0.519039 0.262779 -1.981966
v -0.000000 0.273366 -2.082326
v 0.382473 0.273366 -2.033660
v 0.218657 0.273366 -2.066029
v 0.559973 0.118790 -1.949145
v 0.506510 0.246721 -1.984540
v -0.000000 0.256236 -2.082326
v 0.363937 0.256236 -2.033660
v 0.200122 0.256236 -2.066029
v 0.541438 0.101660 -1.958155
v 0.514847 0.212097 -1.978242
v 0.361412 0.223422 -2.032372
v 0.197597 0.223422 -2.064741
v 0.523466 0.176300 -1.971731
v 0.360728 0.186246 -2.030837
v 0.528973 0.227017 -1.931293
v 0.528809 0.228411 -1.974132
v 0.391094 0.272698 -2.030397
v 0.539021 0.190691 -1.922558
v 0.538911 0.192878 -1.966033
v 0.391108 0.269057 -1.977319
v 0.372938 0.255635 -2.030560
v 0.371098 0.222707 -2.028955
v 0.371001 0.185618 -2.027106
v 0.230849 0.269522 -2.016670
v 0.232031 0.273366 -2.063387
v 0.213496 0.256236 -2.063387
v 0.210971 0.223422 -2.062099
v 0.096449 0.269522 -2.024712
v 0.100604 0.273366 -2.075095
v 0.092380 0.256236 -2.075095
v 0.085653 0.269522 -2.025138
v 0.086160 0.273366 -2.075904
v 0.078856 0.256236 -2.075904
v 0.196880 0.110764 -2.064741
v 0.360011 0.110764 -2.030837
v 0.370284 0.110764 -2.027106
v 0.210254 0.110764 -2.062099
v 0.091663 0.110764 -2.075095
v 0.078139 0.110764 -2.075904
v -0.000000 0.256236 -1.834586
v 0.200122 0.256236 -1.818290
v 0.541438 0.101660 -1.710415
v 0.361412 0.223422 -1.784633
v 0.197597 0.223422 -1.817002
v 0.523466 0.176300 -1.723992
v 0.360728 0.186246 -1.783098
v 0.371001 0.185618 -1.779366
v 0.210971 0.223422 -1.814359
v 0.092380 0.256236 -1.827356
v 0.078856 0.256236 -1.828165
v 0.196880 0.110764 -1.817002
v 0.360011 0.110764 -1.783098
v 0.370284 0.110764 -1.779366
v 0.210254 0.110764 -1.814359
v 0.091663 0.110764 -1.827356
v 0.078139 0.110764 -1.828165
v 0.538911 0.192878 -1.966033
v 0.559973 0.118790 -1.949145
v 0.100604 0.273366 -2.075095
v 0.218657 0.273366 -2.066029
v 0.391094 0.272698 -2.030397
v 0.519039 0.262779 -1.981966
v 0.519039 0.262779 -1.981966
v 0.232031 0.273366 -2.063387
v 0.382473 0.273366 -2.033660
v 0.519253 0.262153 -1.939741
v 0.092380 0.256236 -2.075095
v 0.092380 0.256236 -2.075095
v 0.200122 0.256236 -2.066029
v 0.200122 0.256236 -2.066029
v 0.210971 0.223422 -2.062099
v 0.210971 0.223422 -2.062099
v 0.361412 0.223422 -2.032372
v 0.361412 0.223422 -2.032372
v 0.197597 0.223422 -2.064741
v 0.371001 0.185618 -2.027106
v 0.371001 0.185618 -2.027106
v 0.523466 0.176300 -1.971731
v 0.523466 0.176300 -1.971731
v 0.360728 0.186246 -2.030837
v 0.528809 0.228411 -1.974132
v 0.541438 0.101660 -1.958155
v 0.086160 0.273366 -2.075904
v -0.000000 0.273366 -2.082326
v -0.000000 0.256236 -2.082326
v 0.078856 0.256236 -2.075904
v 0.078856 0.256236 -2.075904
v 0.360011 0.110764 -2.030837
v 0.360011 0.110764 -2.030837
v 0.370284 0.110764 -2.027106
v 0.370284 0.110764 -2.027106
v 0.196880 0.110764 -2.064741
v 0.196880 0.110764 -2.064741
v 0.210254 0.110764 -2.062099
v 0.210254 0.110764 -2.062099
v 0.078139 0.110764 -2.075904
v 0.078139 0.110764 -2.075904
v 0.091663 0.110764 -2.075095
v 0.091663 0.110764 -2.075095
v 0.078856 0.256236 -1.828165
v 0.210971 0.223422 -1.814359
v 0.210254 0.110764 -1.814359
v 0.200122 0.256236 -1.818290
v 0.196880 0.110764 -1.817002
v 0.371001 0.185618 -1.779366
v 0.370284 0.110764 -1.779366
v 0.523466 0.176300 -1.723992
v 0.360011 0.110764 -1.783098
v 0.092380 0.256236 -1.827356
v 0.091663 0.110764 -1.827356
v 0.078139 0.110764 -1.828165
v 0.361412 0.223422 -1.784633
v -0.519253 0.262153 -1.939741
v -0.382473 0.269522 -1.979851
v -0.217370 0.269522 -2.019943
v -0.559973 0.114947 -1.904346
v -0.519039 0.262779 -1.981966
v -0.382473 0.273366 -2.033660
v -0.218658 0.273366 -2.066029
v -0.559973 0.118790 -1.949145
v -0.506510 0.246721 -1.984540
v -0.363937 0.256236 -2.033660
v -0.200122 0.256236 -2.066029
v -0.541438 0.101660 -1.958155
v -0.514847 0.212097 -1.978242
v -0.361412 0.223422 -2.032372
v -0.197597 0.223422 -2.064741
v -0.523466 0.176300 -1.971731
v -0.360728 0.186246 -2.030837
v -0.528973 0.227017 -1.931293
v -0.528809 0.228411 -1.974132
v -0.391094 0.272698 -2.030397
v -0.539021 0.190691 -1.922558
v -0.538911 0.192878 -1.966033
v -0.391108 0.269057 -1.977319
v -0.372938 0.255635 -2.030560
v -0.371099 0.222707 -2.028955
v -0.371001 0.185618 -2.027106
v -0.230849 0.269522 -2.016670
v -0.232032 0.273366 -2.063387
v -0.213496 0.256236 -2.063387
v -0.210971 0.223422 -2.062099
v -0.096449 0.269522 -2.024712
v -0.100604 0.273366 -2.075095
v -0.092380 0.256236 -2.075095
v -0.085653 0.269522 -2.025138
v -0.086160 0.273366 -2.075904
v -0.078856 0.256236 -2.075904
v -0.196880 0.110764 -2.064741
v -0.360011 0.110764 -2.030837
v -0.370284 0.110764 -2.027106
v -0.210254 0.110764 -2.062099
v -0.091663 0.110764 -2.075095
v -0.078139 0.110764 -2.075904
v -0.200122 0.256236 -1.818290
v -0.541438 0.101660 -1.710415
v -0.361412 0.223422 -1.784633
v -0.197597 0.223422 -1.817002
v -0.523466 0.176300 -1.723992
v -0.360728 0.186246 -1.783098
v -0.371001 0.185618 -1.779366
v -0.210971 0.223422 -1.814359
v -0.092380 0.256236 -1.827356
v -0.078856 0.256236 -1.828165
v -0.196880 0.110764 -1.817002
v -0.360011 0.110764 -1.783098
v -0.370284 0.110764 -1.779366
v -0.210254 0.110764 -1.814359
v -0.091663 0.110764 -1.827356
v -0.078139 0.110764 -1.828165
v -0.538911 0.192878 -1.966033
v -0.559973 0.118790 -1.949145
v -0.100604 0.273366 -2.075095
v -0.218658 0.273366 -2.066029
v -0.391094 0.272698 -2.030397
v -0.519039 0.262779 -1.981966
v -0.519039 0.262779 -1.981966
v -0.232032 0.273366 -2.063387
v -0.382473 0.273366 -2.033660
v -0.519253 0.262153 -1.939741
v -0.092380 0.256236 -2.075095
v -0.092380 0.256236 -2.075095
v -0.200122 0.256236 -2.066029
v -0.200122 0.256236 -2.066029
v -0.210971 0.223422 -2.062099
v -0.210971 0.223422 -2.062099
v -0.361412 0.223422 -2.032372
v -0.361412 0.223422 -2.032372
v -0.197597 0.223422 -2.064741
v -0.371001 0.185618 -2.027106
v -0.371001 0.185618 -2.027106
v -0.523466 0.176300 -1.971731
v -0.523466 0.176300 -1.971731
v -0.360728 0.186246 -2.030837
v -0.528809 0.228411 -1.974132
v -0.541438 0.101660 -1.958155
v -0.086160 0.273366 -2.075904
v -0.078856 0.256236 -2.075904
v -0.078856 0.256236 -2.075904
v -0.360011 0.110764 -2.030837
v -0.360011 0.110764 -2.030837
v -0.370284 0.110764 -2.027106
v -0.370284 0.110764 -2.027106
v -0.196880 0.110764 -2.064741
v -0.196880 0.110764 -2.064741
v -0.210254 0.110764 -2.062099
v -0.210254 0.110764 -2.062099
v -0.078139 0.110764 -2.075904
v -0.078139 0.110764 -2.075904
v -0.091663 0.110764 -2.075095
v -0.091663 0.110764 -2.075095
v -0.078856 0.256236 -1.828165
v -0.210971 0.223422 -1.814359
v -0.210254 0.110764 -1.814359
v -0.200122 0.256236 -1.818290
v -0.196880 0.110764 -1.817002
v -0.371001 0.185618 -1.779366
v -0.370284 0.110764 -1.779366
v -0.523466 0.176300 -1.723992
v -0.360011 0.110764 -1.783098
v -0.092380 0.256236 -1.827356
v -0.091663 0.110764 -1.827356
v -0.078139 0.110764 -1.828165
v -0.361412 0.223422 -1.784633
v 0.087746 0.384735 1.998532
v 0.062046 0.446781 1.998532
v -0.000000 0.472481 1.998532
v -0.062046 0.446781 1.998532
v -0.087746 0.384735 1.998532
v -0.062046 0.322690 1.998532
v -0.000000 0.296989 1.998532
v 0.062046 0.322690 1.998532
v 0.041919 0.426655 2.006973
v 0.059283 0.384735 2.006973
v -0.000000 0.444018 2.006973
v -0.041920 0.426655 2.006973
v -0.059283 0.384735 2.006973
v -0.041920 0.342816 2.006973
v -0.000000 0.325452 2.006973
v 0.041919 0.342816 2.006973
v 0.052565 0.437301 2.013869
v 0.074339 0.384735 2.013869
v -0.000000 0.459074 2.013869
v -0.052566 0.437301 2.013869
v -0.074339 0.384735 2.013869
v -0.052566 0.332170 2.013869
v -0.000000 0.310396 2.013869
v 0.052565 0.332170 2.013869
v 0.742153 0.311523 1.558596
v 0.624438 0.159797 1.855571
v 0.940675 0.311523 1.558596
v 0.932114 0.159797 1.851290
v 0.683399 0.177993 1.723337
v 0.936402 0.177993 1.721201
v 0.938606 0.237573 1.616692
v 0.713702 0.237573 1.617726
v 0.742136 0.305259 1.555023
v 0.624421 0.153533 1.851997
v 0.940658 0.305259 1.555023
v 0.932097 0.153533 1.847717
v 0.683382 0.171729 1.719764
v 0.936385 0.171729 1.717627
v 0.938589 0.231309 1.613118
v 0.713685 0.231309 1.614153
v 0.921754 0.311523 1.558596
v 0.902790 0.159797 1.851698
v 0.912289 0.177993 1.721404
v 0.917171 0.237573 1.616791
v 0.921737 0.305259 1.555023
v 0.902773 0.153533 1.848124
v 0.912271 0.171729 1.717831
v 0.917153 0.231309 1.613217
v 0.763365 0.398562 1.547529
v 0.670806 0.256470 1.767916
v 0.919463 0.398562 1.547529
v 0.912732 0.256808 1.764568
v 0.717166 0.281120 1.665897
v 0.916103 0.281288 1.664225
v 0.917836 0.336132 1.587156
v 0.740994 0.336050 1.587965
v 0.763351 0.393942 1.544239
v 0.670792 0.251851 1.764627
v 0.919450 0.393942 1.544239
v 0.912718 0.252188 1.761279
v 0.717153 0.276501 1.662608
v 0.916090 0.276669 1.660936
v 0.917823 0.331513 1.583867
v 0.740981 0.331431 1.584676
v 0.904586 0.398562 1.547529
v 0.889674 0.256775 1.764887
v 0.897143 0.281272 1.664385
v 0.900982 0.336124 1.587233
v 0.904572 0.393942 1.544239
v 0.889660 0.252156 1.761598
v 0.897129 0.276653 1.661096
v 0.900968 0.331505 1.583944
v -0.742153 0.311523 1.558596
v -0.624439 0.159797 1.855570
v -0.940675 0.311523 1.558596
v -0.932114 0.159797 1.851290
v -0.683399 0.177993 1.723337
v -0.936402 0.177993 1.721200
v -0.938606 0.237573 1.616692
v -0.713703 0.237573 1.617726
v -0.742136 0.305259 1.555023
v -0.624422 0.153533 1.851997
v -0.940658 0.305259 1.555023
v -0.932097 0.153533 1.847716
v -0.683382 0.171729 1.719764
v -0.936385 0.171729 1.717627
v -0.938589 0.231309 1.613118
v -0.713685 0.231309 1.614153
v -0.921754 0.311523 1.558596
v -0.902790 0.159797 1.851698
v -0.912289 0.177993 1.721404
v -0.917171 0.237573 1.616791
v -0.921737 0.305259 1.555023
v -0.902773 0.153533 1.848124
v -0.912272 0.171729 1.717831
v -0.917154 0.231309 1.613217
v -0.763365 0.398562 1.547528
v -0.670806 0.256470 1.767916
v -0.919464 0.398562 1.547528
v -0.912732 0.256808 1.764568
v -0.717167 0.281120 1.665897
v -0.916104 0.281288 1.664225
v -0.917837 0.336132 1.587156
v -0.740994 0.336050 1.587965
v -0.763352 0.393942 1.544239
v -0.670792 0.251851 1.764627
v -0.919450 0.393942 1.544239
v -0.912719 0.252188 1.761279
v -0.717153 0.276501 1.662608
v -0.916090 0.276669 1.660936
v -0.917823 0.331513 1.583867
v -0.740981 0.331431 1.584676
v -0.904586 0.398562 1.547528
v -0.889674 0.256775 1.764887
v -0.897143 0.281272 1.664385
v -0.900982 0.336124 1.587233
v -0.904572 0.393942 1.544239
v -0.889661 0.252156 1.761598
v -0.897130 0.276653 1.661095
v -0.900968 0.331505 1.583944
v 0.585432 0.749561 0.701096
v 0.595868 0.748312 0.575551
v 0.320799 0.751976 0.704842
v 0.471781 0.749986 0.633120
v 0.469793 0.751721 0.783423
v 0.314703 0.754094 0.870190
v -0.585432 0.749561 0.701096
v -0.595868 0.748312 0.575551
v -0.320800 0.751976 0.704842
v -0.471781 0.749986 0.633120
v -0.469793 0.751721 0.783423
v -0.314703 0.754094 0.870190
v 0.907273 0.213343 0.011464
v 0.913637 0.204587 0.119836
v 0.915883 0.201439 0.159079
v 0.920026 0.194815 0.238441
v 0.922853 0.189017 0.305466
v 0.930137 0.184569 0.376897
v 0.934580 0.179487 0.443072
v 0.932449 0.182105 0.409609
v 0.936170 0.177485 0.468576
v 0.926623 0.186717 0.342462
v 0.921610 0.191565 0.276009
v 0.918060 0.197959 0.200774
v 0.885828 0.121348 -0.090776
v 0.893457 0.118237 0.013475
v 0.896945 0.116883 0.060980
v 0.902504 0.114574 0.137675
v 0.908282 0.112241 0.217858
v 0.914409 0.110090 0.296830
v 0.919679 0.108046 0.367840
v 0.917043 0.109079 0.332152
v 0.921805 0.107219 0.396649
v 0.911528 0.111104 0.259731
v 0.905742 0.113266 0.182618
v 0.899866 0.115670 0.101274
v -0.907273 0.213343 0.011464
v -0.913637 0.204587 0.119836
v -0.915884 0.201439 0.159079
v -0.920026 0.194815 0.238441
v -0.922853 0.189017 0.305466
v -0.930137 0.184569 0.376897
v -0.934581 0.179487 0.443072
v -0.932449 0.182105 0.409609
v -0.936171 0.177485 0.468576
v -0.926623 0.186717 0.342462
v -0.921610 0.191565 0.276009
v -0.918060 0.197959 0.200774
v -0.885828 0.121348 -0.090776
v -0.893458 0.118237 0.013475
v -0.896946 0.116883 0.060980
v -0.902504 0.114574 0.137675
v -0.908282 0.112241 0.217858
v -0.914409 0.110090 0.296829
v -0.919679 0.108046 0.367840
v -0.917043 0.109079 0.332152
v -0.921805 0.107219 0.396649
v -0.911528 0.111104 0.259731
v -0.905743 0.113266 0.182618
v -0.899866 0.115670 0.101274
v 0.891441 0.127508 -0.186247
v 0.908818 0.224503 -0.188205
v 0.892354 0.141534 -0.238494
v 0.907904 0.210477 -0.135958
v 0.853185 0.127508 -0.186247
v 0.897822 0.175753 -0.260709
v 0.902437 0.176257 -0.113743
v 0.904642 0.210120 -0.239878
v 0.895617 0.141891 -0.134573
v 0.903378 0.203096 -0.234367
v 0.907124 0.215968 -0.188115
v 0.896553 0.148974 -0.140074
v 0.892821 0.136099 -0.186327
v 0.893631 0.148682 -0.233189
v 0.906298 0.203388 -0.141252
v 0.897951 0.175899 -0.250855
v 0.901922 0.176181 -0.123585
v 0.886765 0.178359 -0.187388
v 0.894882 0.218376 -0.187740
v 0.891133 0.205503 -0.234114
v 0.884243 0.150983 -0.139573
v 0.880507 0.138106 -0.185945
v 0.881313 0.150685 -0.232933
v 0.894060 0.205797 -0.140754
v 0.889646 0.178389 -0.123085
v 0.885668 0.178107 -0.250600
v 0.870562 0.224503 -0.188205
v 0.854099 0.141534 -0.238494
v 0.869649 0.210477 -0.135958
v 0.859566 0.175753 -0.260709
v 0.864181 0.176257 -0.113743
v 0.866386 0.210120 -0.239878
v 0.857361 0.141891 -0.134573
v 0.891133 0.205503 -0.234114
v 0.891133 0.205503 -0.234114
v 0.903378 0.203096 -0.234367
v 0.903378 0.203096 -0.234367
v 0.907124 0.215968 -0.188115
v 0.907124 0.215968 -0.188115
v 0.896553 0.148974 -0.140074
v 0.896553 0.148974 -0.140074
v 0.892821 0.136099 -0.186327
v 0.892821 0.136099 -0.186327
v 0.893631 0.148682 -0.233189
v 0.893631 0.148682 -0.233189
v 0.906298 0.203388 -0.141252
v 0.906298 0.203388 -0.141252
v 0.894882 0.218376 -0.187740
v 0.894882 0.218376 -0.187740
v 0.880507 0.138106 -0.185945
v 0.880507 0.138106 -0.185945
v 0.881313 0.150685 -0.232933
v 0.881313 0.150685 -0.232933
v 0.897951 0.175899 -0.250855
v 0.897951 0.175899 -0.250855
v 0.901922 0.176181 -0.123585
v 0.901922 0.176181 -0.123585
v 0.904642 0.210120 -0.239878
v 0.904642 0.210120 -0.239878
v 0.908818 0.224503 -0.188205
v 0.908818 0.224503 -0.188205
v 0.895617 0.141891 -0.134573
v 0.895617 0.141891 -0.134573
v 0.891441 0.127508 -0.186247
v 0.891441 0.127508 -0.186247
v 0.892354 0.141534 -0.238494
v 0.892354 0.141534 -0.238494
v 0.907904 0.210477 -0.135958
v 0.907904 0.210477 -0.135958
v 0.897822 0.175753 -0.260709
v 0.897822 0.175753 -0.260709
v 0.902437 0.176257 -0.113743
v 0.902437 0.176257 -0.113743
v 0.884243 0.150983 -0.139573
v 0.884243 0.150983 -0.139573
v 0.894060 0.205797 -0.140754
v 0.894060 0.205797 -0.140754
v 0.885668 0.178107 -0.250600
v 0.885668 0.178107 -0.250600
v 0.889646 0.178389 -0.123085
v 0.889646 0.178389 -0.123085
v 0.859566 0.175753 -0.260709
v 0.854099 0.141534 -0.238494
v 0.866386 0.210120 -0.239878
v 0.853185 0.127508 -0.186247
v 0.870562 0.224503 -0.188205
v 0.864181 0.176257 -0.113743
v 0.869649 0.210477 -0.135958
v 0.857361 0.141891 -0.134573
v -0.891441 0.127508 -0.186247
v -0.908818 0.224503 -0.188205
v -0.892355 0.141534 -0.238494
v -0.907905 0.210477 -0.135958
v -0.853185 0.127508 -0.186247
v -0.897822 0.175753 -0.260709
v -0.902437 0.176257 -0.113743
v -0.904642 0.210120 -0.239878
v -0.895617 0.141891 -0.134574
v -0.903379 0.203096 -0.234367
v -0.907125 0.215968 -0.188115
v -0.896553 0.148974 -0.140075
v -0.892821 0.136099 -0.186327
v -0.893631 0.148682 -0.233189
v -0.906298 0.203388 -0.141252
v -0.897951 0.175899 -0.250855
v -0.901922 0.176181 -0.123585
v -0.886765 0.178359 -0.187388
v -0.894882 0.218376 -0.187740
v -0.891133 0.205503 -0.234114
v -0.884243 0.150983 -0.139573
v -0.880507 0.138106 -0.185945
v -0.881313 0.150685 -0.232933
v -0.894060 0.205797 -0.140754
v -0.889646 0.178389 -0.123085
v -0.885668 0.178107 -0.250600
v -0.870562 0.224503 -0.188205
v -0.854099 0.141534 -0.238494
v -0.869649 0.210477 -0.135958
v -0.859567 0.175753 -0.260709
v -0.864181 0.176257 -0.113743
v -0.866386 0.210120 -0.239878
v -0.857362 0.141891 -0.134574
v -0.891133 0.205503 -0.234114
v -0.891133 0.205503 -0.234114
v -0.903379 0.203096 -0.234367
v -0.903379 0.203096 -0.234367
v -0.907125 0.215968 -0.188115
v -0.907125 0.215968 -0.188115
v -0.896553 0.148974 -0.140075
v -0.896553 0.148974 -0.140075
v -0.892821 0.136099 -0.186327
v -0.892821 0.136099 -0.186327
v -0.893631 0.148682 -0.233189
v -0.893631 0.148682 -0.233189
v -0.906298 0.203388 -0.141252
v -0.906298 0.203388 -0.141252
v -0.894882 0.218376 -0.187740
v -0.894882 0.218376 -0.187740
v -0.880507 0.138106 -0.185945
v -0.880507 0.138106 -0.185945
v -0.881313 0.150685 -0.232933
v -0.881313 0.150685 -0.232933
v -0.897951 0.175899 -0.250855
v -0.897951 0.175899 -0.250855
v -0.901922 0.176181 -0.123585
v -0.901922 0.176181 -0.123585
v -0.904642 0.210120 -0.239878
v -0.904642 0.210120 -0.239878
v -0.908818 0.224503 -0.188205
v -0.908818 0.224503 -0.188205
v -0.895617 0.141891 -0.134574
v -0.895617 0.141891 -0.134574
v -0.891441 0.127508 -0.186247
v -0.891441 0.127508 -0.186247
v -0.892355 0.141534 -0.238494
v -0.892355 0.141534 -0.238494
v -0.907905 0.210477 -0.135958
v -0.907905 0.210477 -0.135958
v -0.897822 0.175753 -0.260709
v -0.897822 0.175753 -0.260709
v -0.902437 0.176257 -0.113743
v -0.902437 0.176257 -0.113743
v -0.884243 0.150983 -0.139573
v -0.884243 0.150983 -0.139573
v -0.894060 0.205797 -0.140754
v -0.894060 0.205797 -0.140754
v -0.885668 0.178107 -0.250600
v -0.885668 0.178107 -0.250600
v -0.889646 0.178389 -0.123085
v -0.889646 0.178389 -0.123085
v -0.859567 0.175753 -0.260709
v -0.854099 0.141534 -0.238494
v -0.866386 0.210120 -0.239878
v -0.853185 0.127508 -0.186247
v -0.870562 0.224503 -0.188205
v -0.864181 0.176257 -0.113743
v -0.869649 0.210477 -0.135958
v -0.857362 0.141891 -0.134574
v 0.256792 0.675744 -1.978418
v 0.185821 0.668434 -1.992369
v 0.185827 0.640637 -2.014199
v 0.259692 0.635022 -2.002470
v 0.268822 0.653415 -1.988886
v 0.174961 0.654018 -2.002375
v -0.256792 0.675744 -1.978418
v -0.185821 0.668434 -1.992369
v -0.185827 0.640637 -2.014199
v -0.259692 0.635022 -2.002470
v -0.268822 0.653415 -1.988886
v -0.174961 0.654018 -2.002375
v 0.946312 0.121399 1.519425
v 0.601433 0.071433 1.928646
v 0.744861 0.121399 1.797570
v 0.744861 0.071433 1.797570
v 0.601433 0.121399 1.928646
v 0.601433 0.121399 1.928646
v 0.406744 0.071433 1.973143
v -0.000000 0.121399 1.997707
v 0.406744 0.121399 1.973143
v 0.955921 0.121399 1.788473
v 0.601433 0.071433 1.928646
v 0.882950 0.121399 1.953909
v 0.946312 0.071433 1.519425
v 0.710333 0.121399 2.053975
v 0.955921 0.071433 1.709134
v -0.000000 0.071433 1.997707
v -0.000000 0.121399 2.116216
v 0.390730 0.121399 2.091652
v 0.892196 0.071433 1.861629
v 0.710333 0.071433 1.977105
v -0.000000 0.071433 2.039346
v 0.390730 0.071433 2.014781
v 0.710333 0.071433 1.977105
v 0.710333 0.071433 1.977105
v 0.710333 0.071433 1.977105
v 0.710333 0.071433 1.977105
v 0.710333 0.071433 1.977105
v 0.390730 0.071433 2.014781
v -0.000000 0.071433 2.039346
v 0.601433 0.071433 1.928646
v 0.601433 0.071433 1.928646
v 0.601433 0.071433 1.928646
v 0.601433 0.071433 1.928646
v 0.601433 0.071433 1.928646
v 0.601433 0.071433 1.928646
v 0.601433 0.071433 1.928646
v 0.744861 0.121399 1.797570
v 0.601433 0.121399 1.928646
v 0.601433 0.121399 1.928646
v 0.601433 0.121399 1.928646
v 0.601433 0.121399 1.928646
v 0.601433 0.121399 1.928646
v 0.601433 0.121399 1.928646
v 0.601433 0.121399 1.928646
v 0.406744 0.121399 1.973143
v -0.000000 0.121399 1.997707
v 0.406744 0.071433 1.973143
v 0.744861 0.071433 1.797570
v 0.882950 0.121399 1.953909
v 0.882950 0.121399 1.953909
v 0.710333 0.121399 2.053975
v 0.710333 0.121399 2.053975
v 0.710333 0.121399 2.053975
v 0.710333 0.121399 2.053975
v 0.710333 0.121399 2.053975
v 0.946312 0.071433 1.519425
v 0.946312 0.071433 1.519425
v 0.390730 0.121399 2.091652
v -0.000000 0.121399 2.116216
v 0.892196 0.071433 1.861629
v 0.892196 0.071433 1.861629
v -0.000000 0.071433 1.997707
v 0.946312 0.121399 1.519425
v 0.946312 0.121399 1.519425
v 0.955921 0.121399 1.788473
v 0.955921 0.121399 1.788473
v 0.955921 0.071433 1.709134
v 0.955921 0.071433 1.709134
v -0.946312 0.121399 1.519425
v -0.601433 0.071433 1.928646
v -0.744861 0.121399 1.797570
v -0.744861 0.071433 1.797570
v -0.601433 0.121399 1.928646
v -0.601433 0.121399 1.928646
v -0.406745 0.071433 1.973143
v -0.406745 0.121399 1.973143
v -0.955921 0.121399 1.788473
v -0.601433 0.071433 1.928646
v -0.882951 0.121399 1.953909
v -0.946312 0.071433 1.519425
v -0.710333 0.121399 2.053975
v -0.955921 0.071433 1.709134
v -0.390730 0.121399 2.091652
v -0.892196 0.071433 1.861629
v -0.710333 0.071433 1.977105
v -0.390730 0.071433 2.014781
v -0.710333 0.071433 1.977105
v -0.710333 0.071433 1.977105
v -0.710333 0.071433 1.977105
v -0.710333 0.071433 1.977105
v -0.710333 0.071433 1.977105
v -0.390730 0.071433 2.014781
v -0.601433 0.071433 1.928646
v -0.601433 0.071433 1.928646
v -0.601433 0.071433 1.928646
v -0.601433 0.071433 1.928646
v -0.601433 0.071433 1.928646
v -0.601433 0.071433 1.928646
v -0.601433 0.071433 1.928646
v -0.744861 0.121399 1.797570
v -0.601433 0.121399 1.928646
v -0.601433 0.121399 1.928646
v -0.601433 0.121399 1.928646
v -0.601433 0.121399 1.928646
v -0.601433 0.121399 1.928646
v -0.601433 0.121399 1.928646
v -0.601433 0.121399 1.928646
v -0.406745 0.121399 1.973143
v -0.406745 0.071433 1.973143
v -0.744861 0.071433 1.797570
v -0.882951 0.121399 1.953909
v -0.882951 0.121399 1.953909
v -0.710333 0.121399 2.053975
v -0.710333 0.121399 2.053975
v -0.710333 0.121399 2.053975
v -0.710333 0.121399 2.053975
v -0.710333 0.121399 2.053975
v -0.946312 0.071433 1.519425
v -0.946312 0.071433 1.519425
v -0.390730 0.121399 2.091652
v -0.892196 0.071433 1.861629
v -0.892196 0.071433 1.861629
v -0.946312 0.121399 1.519425
v -0.946312 0.121399 1.519425
v -0.955921 0.121399 1.788473
v -0.955921 0.121399 1.788473
v -0.955921 0.071433 1.709134
v -0.955921 0.071433 1.709134
v 0.055513 1.096031 -0.807894
v 0.033848 1.089041 -0.844763
v -0.009483 1.089041 -0.844763
v -0.031149 1.096031 -0.807894
v -0.009483 1.103020 -0.771025
v 0.033848 1.103020 -0.771025
v 0.033848 1.109133 -0.848572
v 0.055513 1.116122 -0.811703
v -0.009483 1.109133 -0.848572
v -0.031149 1.116122 -0.811703
v -0.009483 1.119368 -0.794580
v 0.033848 1.119368 -0.794580
v 0.024749 1.115191 -0.414353
v 0.012375 1.115191 -0.435787
v -0.012375 1.115191 -0.435787
v -0.024750 1.115191 -0.414353
v -0.012375 1.115191 -0.392919
v 0.012375 1.115191 -0.392919
v 0.018038 1.141119 -0.414353
v 0.009019 1.141119 -0.429974
v -0.009019 1.141119 -0.429974
v -0.018038 1.141119 -0.414353
v -0.009019 1.141119 -0.398732
v 0.009019 1.141119 -0.398732
v 0.018038 1.171010 -0.414353
v 0.009019 1.171010 -0.429974
v -0.009019 1.171010 -0.429974
v -0.018038 1.171010 -0.414353
v -0.009019 1.171010 -0.398732
v 0.009019 1.171010 -0.398732
v 0.007879 1.182265 -0.414353
v 0.003939 1.182265 -0.421176
v -0.003940 1.182265 -0.421176
v -0.007879 1.182265 -0.414353
v -0.003940 1.182265 -0.407529
v 0.003939 1.182265 -0.407529
v 0.007879 1.406441 -0.414353
v 0.003939 1.406441 -0.421176
v -0.003940 1.512996 -0.421176
v -0.007879 1.512996 -0.414353
v -0.003940 1.512996 -0.407529
v 0.003939 1.512996 -0.407529
v 0.003712 1.522336 -0.414353
v 0.001856 1.522336 -0.417567
v -0.001856 1.522336 -0.417567
v -0.003712 1.522336 -0.414353
v -0.001856 1.522336 -0.411138
v 0.001856 1.522336 -0.411138
v 0.449306 0.705388 1.548332
v 0.480618 0.697770 1.576446
v 0.418903 0.691859 1.583462
v 0.478516 0.680962 1.640657
v 0.418145 0.669731 1.644401
v 0.442225 0.661533 1.674358
v -0.442225 0.660370 1.674358
v -0.418904 0.690696 1.583462
v -0.478516 0.682125 1.640657
v -0.449306 0.705388 1.548332
v -0.480618 0.697770 1.576446
v -0.418146 0.669731 1.644401
vn 1.0000 -0.0000 -0.0000
vn 0.9972 0.0745 0.0006
vn 0.9992 0.0400 -0.0028
vn 0.9995 0.0325 -0.0023
vn 0.9972 0.0744 0.0001
vn 0.9985 0.0290 0.0456
vn 0.9990 0.0297 0.0341
vn 0.9990 -0.0421 0.0163
vn 0.9978 -0.0600 0.0278
vn 0.9983 0.0507 0.0289
vn 0.9982 0.0541 0.0258
vn 0.9917 -0.1286 0.0101
vn 0.9912 -0.1316 0.0163
vn 0.9993 0.0197 -0.0315
vn 0.9969 0.0355 -0.0698
vn 0.9918 0.1140 -0.0576
vn 0.9989 0.0250 -0.0401
vn 0.9973 0.0241 -0.0699
vn 0.9993 0.0236 -0.0275
vn 0.9766 -0.2129 0.0315
vn 0.9768 -0.2138 0.0154
vn 0.9768 -0.2138 0.0147
vn 0.1590 0.9829 0.0932
vn 0.1987 0.9792 0.0405
vn 0.1547 0.9866 0.0515
vn 0.1498 0.9841 0.0955
vn 0.1460 0.9776 0.1514
vn 0.1679 0.9737 0.1538
vn 0.4989 0.8416 0.2070
vn 0.7047 0.7078 -0.0490
vn 0.8792 0.0053 -0.4764
vn 0.4425 -0.8241 -0.3536
vn 0.6684 -0.5893 -0.4537
vn 0.8631 -0.0664 -0.5007
vn 0.8794 0.0061 -0.4761
vn 0.9787 -0.2052 -0.0019
vn 0.9783 -0.2071 -0.0020
vn 0.9902 -0.1349 -0.0365
vn 0.9902 -0.1351 -0.0364
vn 0.9788 -0.2047 -0.0093
vn 0.9785 -0.2060 -0.0084
vn 0.9767 -0.2147 -0.0023
vn -0.0663 -0.2397 -0.9686
vn 0.3549 0.9347 0.0206
vn 0.3983 0.9166 0.0340
vn 0.1751 0.9842 0.0261
vn 0.2907 0.9566 0.0214
vn 0.3932 0.9190 0.0280
vn 0.4644 0.8848 0.0385
vn 0.3473 0.6807 -0.6450
vn 0.9846 -0.1750 -0.0014
vn 0.9841 -0.1774 -0.0014
vn 0.4554 0.6360 0.6230
vn 0.4477 0.6193 0.6450
vn 0.4326 0.6422 0.6328
vn 0.3221 0.8699 0.3734
vn 0.4285 0.8008 0.4185
vn 0.3778 0.8362 0.3976
vn 0.7580 -0.0728 0.6482
vn 0.1424 0.1516 0.9781
vn -0.0000 0.1531 0.9882
vn 0.4206 0.6443 0.6387
vn 0.7499 0.1933 0.6327
vn 0.0774 0.9957 0.0500
vn 0.0875 0.9925 0.0849
vn -0.0191 0.9968 0.0781
vn -0.0304 0.9994 0.0161
vn -0.0000 0.9998 0.0205
vn -0.0000 0.9959 0.0901
vn 0.9952 -0.0979 -0.0029
vn 0.9909 -0.1347 -0.0053
vn 0.9921 -0.1254 0.0037
vn 0.9904 -0.1384 0.0015
vn 0.9899 -0.1417 0.0009
vn -0.1856 -0.8744 -0.4482
vn 0.3988 0.9170 0.0131
vn 0.4016 0.9157 0.0122
vn 0.5147 0.8573 0.0086
vn 0.1303 0.8731 0.4698
vn 0.2722 0.8638 0.4239
vn 0.2396 0.9178 0.3166
vn 0.1164 0.9229 0.3671
vn 0.7160 0.6972 0.0342
vn 0.5955 0.8034 0.0043
vn 0.5955 0.8033 0.0042
vn 0.6276 0.7767 0.0532
vn 0.1135 0.9747 0.1926
vn -0.0000 0.9779 0.2091
vn -0.0000 0.9228 0.3852
vn 0.2115 0.9645 0.1584
vn 0.0926 0.9881 -0.1227
vn 0.0883 0.9718 -0.2186
vn -0.0000 0.9760 -0.2179
vn -0.0000 0.9923 -0.1239
vn 0.1620 0.9799 -0.1166
vn 0.1370 0.9608 -0.2412
vn 0.1903 0.9809 0.0390
vn 0.1063 0.9936 0.0384
vn -0.0000 0.9992 0.0400
vn 0.0186 0.9998 -0.0003
vn 0.0157 0.9999 -0.0034
vn 0.0411 0.9990 0.0179
vn 0.0444 0.9955 0.0842
vn 0.0084 0.9998 -0.0207
vn -0.0000 0.9979 0.0643
vn -0.0000 0.9953 -0.0965
vn 0.0315 0.9987 0.0405
vn 0.0337 0.9956 0.0875
vn -0.0305 0.9939 -0.1063
vn -0.0000 0.9970 -0.0774
vn 0.0863 -0.2538 0.9634
vn -0.0000 -0.2548 0.9670
vn 0.4997 0.0121 0.8661
vn -0.3840 0.5015 0.7753
vn 0.1998 0.7190 0.6656
vn -0.0000 0.7392 0.6734
vn 0.2303 0.7022 0.6738
vn 0.3314 -0.1807 -0.9260
vn 0.4035 -0.1605 -0.9008
vn 0.2132 -0.8079 -0.5494
vn 0.3290 -0.1834 -0.9264
vn 0.3186 -0.1380 -0.9378
vn 0.1191 -0.2501 -0.9609
vn 0.1232 -0.2534 -0.9595
vn -0.0000 -0.1841 -0.9829
vn 0.3386 0.9383 -0.0707
vn 0.3745 0.9077 -0.1893
vn 0.3835 0.9086 -0.1654
vn 0.3374 0.9409 -0.0287
vn 0.3658 0.9307 0.0079
vn 0.3650 0.9310 0.0077
vn 0.6147 0.7846 -0.0808
vn 0.6985 0.7137 -0.0512
vn 0.6820 0.7180 -0.1392
vn 0.5919 0.7869 -0.1745
vn 0.5119 0.8232 -0.2455
vn 0.5131 0.8227 -0.2448
vn 0.4278 0.8711 -0.2413
vn 0.3764 0.8844 -0.2758
vn 0.7454 0.6539 -0.1295
vn 0.6680 0.7281 -0.1539
vn 0.7356 0.6621 -0.1433
vn 0.7136 0.6855 -0.1445
vn 0.0858 -0.0848 0.9927
vn -0.0000 -0.0851 0.9964
vn -0.8475 0.1300 -0.5146
vn 0.7565 -0.5839 0.2945
vn 0.1575 0.9569 0.2439
vn 0.0972 0.9694 0.2254
vn 0.0682 0.9195 0.3872
vn 0.1875 0.9351 0.3008
vn 0.0827 0.9858 0.1458
vn -0.0000 0.9932 0.1165
vn -0.0076 0.9928 0.1197
vn 0.0279 0.9901 0.1375
vn 0.0104 0.9653 0.2608
vn 0.1173 0.8815 0.4575
vn 0.1108 0.8983 0.4252
vn -0.0000 0.9116 0.4111
vn -0.0000 0.9125 0.4090
vn 0.0393 0.8582 0.5118
vn 0.1198 0.8956 0.4285
vn -0.0000 0.8757 0.4829
vn 0.2404 0.6963 0.6763
vn 0.4930 0.7484 0.4436
vn 0.2109 0.8345 0.5090
vn 0.2321 0.8203 0.5227
vn 0.2870 0.7797 0.5565
vn 0.4185 0.7198 0.5538
vn 0.8961 0.4194 0.1452
vn 0.9214 0.3579 0.1513
vn 0.9292 0.3373 0.1507
vn 0.6735 0.7387 -0.0274
vn 0.6750 0.7375 -0.0225
vn 0.7003 0.7093 0.0805
vn 0.6391 0.7578 -0.1317
vn 0.9495 0.2702 0.1593
vn 0.4878 0.8659 0.1102
vn 0.4717 0.8761 0.1000
vn 0.4730 0.8753 0.1008
vn 0.9601 0.2638 -0.0924
vn 0.9295 0.3169 -0.1888
vn -0.0064 0.9502 -0.3115
vn 0.0521 0.9384 -0.3417
vn 0.1475 0.9378 -0.3143
vn -0.0044 0.9510 -0.3092
vn 0.1326 0.9602 -0.2459
vn 0.0170 0.9534 -0.3014
vn 0.0447 0.9274 -0.3714
vn 0.0284 0.9566 -0.2900
vn -0.0000 0.9551 -0.2963
vn -0.0000 0.9120 -0.4103
vn 0.0416 0.9142 -0.4032
vn 0.0384 0.9517 -0.3047
vn -0.0000 0.9527 -0.3040
vn 0.0477 0.9522 -0.3017
vn 0.0463 0.9454 -0.3227
vn 0.0689 0.9363 -0.3444
vn 0.0455 0.9335 -0.3556
vn 0.5443 0.5760 -0.6098
vn -0.0000 0.9311 -0.3649
vn 0.1851 0.5219 -0.8327
vn 0.1145 0.5631 -0.8184
vn 0.1286 0.5552 -0.8217
vn 0.5546 0.3571 -0.7516
vn -0.0000 0.5925 -0.8056
vn 0.3280 -0.0113 -0.9446
vn 0.2880 -0.1448 -0.9466
vn 0.3287 -0.0186 -0.9443
vn 0.3507 0.0464 -0.9353
vn 0.3787 0.0986 -0.9203
vn 0.0715 -0.1296 -0.9890
vn -0.0000 -0.1299 -0.9915
vn 0.7562 0.6543 0.0008
vn 0.7710 0.6308 -0.0876
vn 0.7703 0.6312 -0.0911
vn 0.8984 0.3088 -0.3122
vn 0.8897 0.0736 -0.4505
vn 0.3963 0.8833 -0.2505
vn 0.3573 0.8966 -0.2616
vn 0.2210 0.8084 -0.5456
vn -0.5964 -0.8007 -0.0563
vn 0.0025 -0.9975 -0.0701
vn -0.0000 -0.9975 -0.0701
vn 0.1845 0.1883 -0.9646
vn 0.1195 0.1775 -0.9768
vn 0.1016 0.1744 -0.9794
vn -0.0000 0.1660 -0.9861
vn 0.2633 -0.2537 -0.9308
vn 0.9933 0.0328 -0.1112
vn 0.2134 0.9761 0.0416
vn 0.2338 0.9615 0.1444
vn 0.1898 0.9768 -0.0993
vn 0.1910 0.9398 -0.2833
vn 0.0830 0.9560 -0.2813
vn -0.0000 0.8990 -0.4380
vn 0.0588 0.8936 -0.4451
vn 0.1619 0.9043 -0.3949
vn 0.2086 0.9180 -0.3372
vn 0.1030 0.8924 -0.4393
vn -0.0000 0.9574 -0.2888
vn 0.3015 0.9110 -0.2814
vn 0.4238 0.1881 -0.8860
vn 0.7466 0.1265 -0.6531
vn -0.1497 -0.9762 0.1566
vn 0.1326 0.9240 0.3586
vn -0.0000 0.9863 0.1649
vn 0.9942 0.1037 -0.0276
vn 0.9854 0.1696 0.0164
vn 0.9919 0.1251 0.0230
vn 0.9894 0.1450 -0.0003
vn 0.9961 0.0882 -0.0020
vn 0.9997 0.0231 0.0023
vn 0.9865 0.1634 0.0094
vn 0.9843 0.1764 0.0046
vn -0.1689 -0.9807 -0.0983
vn -0.1670 -0.9811 -0.0981
vn -0.0490 -0.9952 -0.0846
vn 0.9762 0.2164 -0.0103
vn 0.4355 0.8983 0.0589
vn 0.4360 0.8980 0.0595
vn 0.4141 0.9098 0.0282
vn 0.3831 0.4615 -0.8001
vn -0.0415 -0.9956 -0.0837
vn 0.9610 0.1456 -0.2350
vn 0.9852 -0.1709 -0.0161
vn 0.9993 0.0359 0.0051
vn 0.9975 0.0425 0.0569
vn 0.9989 -0.0136 0.0440
vn 0.9978 0.0537 0.0395
vn 0.9968 0.0697 0.0381
vn 0.9962 0.0630 0.0602
vn 0.9979 -0.0141 0.0626
vn 0.9932 0.1003 0.0589
vn 0.9932 0.0999 0.0604
vn 0.9864 0.1533 0.0584
vn 0.9771 0.1894 0.0966
vn -0.0000 0.9152 -0.4031
vn 0.0630 0.9157 -0.3968
vn 0.0711 0.9282 -0.3651
vn -0.0000 0.9287 -0.3707
vn 0.7997 0.6002 -0.0156
vn 0.7954 0.6061 -0.0087
vn 0.7875 0.6162 0.0110
vn 0.5856 0.8099 0.0348
vn 0.5840 0.8095 0.0601
vn 0.5659 0.8223 0.0596
vn 0.7319 0.6812 0.0138
vn 0.7950 0.6064 0.0189
vn 0.7119 0.7022 0.0069
vn 0.7381 0.6712 0.0686
vn 0.7923 0.6092 0.0325
vn 0.7885 0.6148 0.0167
vn 0.7869 0.6166 0.0246
vn 0.3492 0.8537 0.3863
vn 0.2906 0.9111 0.2923
vn -0.0646 -0.6304 0.7736
vn -0.0910 -0.9926 -0.0798
vn -0.1001 -0.9921 -0.0762
vn -0.0680 -0.9947 -0.0775
vn -0.0991 -0.9922 -0.0761
vn -0.0905 -0.9927 -0.0800
vn 0.9879 -0.1548 -0.0013
vn 0.1306 0.9914 0.0122
vn 0.1496 0.9887 0.0097
vn 0.1495 0.9887 0.0097
vn 0.9953 -0.0655 -0.0708
vn 0.9946 -0.0755 -0.0710
vn 0.9909 -0.1344 -0.0054
vn 0.9910 -0.1339 -0.0051
vn 0.9920 -0.1263 -0.0008
vn 0.9926 -0.1156 -0.0373
vn 0.9928 -0.1124 -0.0411
vn 0.3304 0.9438 -0.0061
vn 0.1706 0.9853 0.0070
vn 0.3372 0.9414 -0.0063
vn 0.3375 0.9413 0.0095
vn -0.0671 -0.9947 -0.0775
vn 0.3375 0.9413 0.0101
vn -0.0000 1.0000 -0.0069
vn -0.0000 1.0000 -0.0024
vn -0.0000 0.9996 -0.0268
vn -0.0000 1.0000 -0.0029
vn -0.0000 0.9987 -0.0507
vn -0.0000 0.9999 0.0167
vn -0.0000 0.9996 0.0272
vn 0.4466 0.3974 0.8017
vn 0.3142 -0.1543 0.9367
vn 0.6048 0.5228 0.6007
vn 0.6107 0.5207 0.5966
vn 0.5442 0.5422 0.6401
vn 0.6561 0.5030 0.5626
vn 0.5119 0.2528 0.8210
vn 0.6984 0.4227 0.5775
vn 0.5366 -0.7868 0.3050
vn 0.1590 0.8659 0.4742
vn 0.3275 0.9434 0.0523
vn 0.3322 0.9357 0.1189
vn 0.3322 0.9355 0.1206
vn 0.3276 0.9434 0.0524
vn 0.3235 0.9455 0.0368
vn 0.3521 0.9191 0.1769
vn 0.3531 0.9187 0.1772
vn 0.2375 0.8285 0.5071
vn -0.0000 0.8281 0.5606
vn 0.3026 0.8351 0.4594
vn 0.3729 0.9097 0.1826
vn 0.4528 0.8589 0.2394
vn 0.0582 0.7804 0.6226
vn -0.0000 0.7817 0.6236
vn -0.3195 -0.9299 0.1823
vn -0.0003 -0.9813 0.1924
vn -0.0000 -0.9813 0.1924
vn 0.2228 -0.0000 0.9749
vn 0.1311 -0.0000 0.9914
vn 0.1418 -0.0000 0.9899
vn -0.0000 -0.0000 1.0000
vn 0.8447 -0.3918 0.3646
vn 0.1290 -0.9827 -0.1331
vn 0.1411 -0.9803 -0.1379
vn 0.1402 -0.9805 -0.1375
vn 0.3360 0.4712 -0.8155
vn 0.7970 0.3642 -0.4819
vn 0.0845 0.9940 -0.0691
vn 0.0742 0.9927 -0.0954
vn 0.0684 0.9916 -0.1102
vn 0.0560 0.9884 -0.1415
vn 0.1518 -0.9781 -0.1421
vn 0.0940 0.6765 -0.7304
vn 0.7335 0.6728 0.0964
vn -0.0000 0.9952 0.0977
vn -0.0021 0.9955 0.0948
vn 0.0525 0.9683 0.2443
vn -0.0000 0.9803 0.1974
vn 0.0088 0.9812 0.1929
vn 0.0089 0.9813 0.1920
vn -0.0276 0.9959 0.0860
vn -0.0000 0.9963 0.0861
vn -0.0000 0.9801 0.1987
vn -0.0059 0.9915 0.1303
vn -0.0000 0.9630 0.2695
vn 0.0632 0.9611 0.2690
vn -0.9798 0.0053 -0.2001
vn -0.0000 0.2740 -0.9617
vn -0.1637 0.2703 -0.9487
vn -0.0000 -0.9735 0.2286
vn -0.0000 -0.6576 0.7534
vn -0.0000 -0.6919 0.7220
vn -0.0000 -0.1592 0.9873
vn -0.0000 -0.2226 0.9749
vn -0.0000 0.0900 0.9959
vn -0.0000 -0.9735 -0.2286
vn 0.0315 -0.7189 0.6944
vn 0.0017 -0.7081 0.7061
vn -0.0000 0.9735 0.2286
vn -0.0000 -0.6648 -0.7470
vn -0.0000 0.1176 0.9931
vn 0.8561 0.0608 0.5132
vn -0.0000 -0.0000 -1.0000
vn -0.0000 -0.7177 -0.6964
vn -0.0000 -0.2587 -0.9659
vn -0.0000 -0.3484 -0.9373
vn -0.0000 0.1128 -0.9936
vn -0.0966 -0.5811 -0.8081
vn -0.0634 -0.3345 -0.9403
vn 0.6160 0.0401 -0.7867
vn -0.0000 0.0509 -0.9987
vn -0.0000 1.0000 -0.0000
vn -0.0000 0.0766 -0.9971
vn 0.5203 0.8520 0.0584
vn -0.0248 0.8631 0.5045
vn 0.7040 0.7035 0.0970
vn 0.1973 0.9315 0.3056
vn 0.2669 0.8756 0.4025
vn 0.3787 0.8243 0.4209
vn 0.4138 0.7745 0.4785
vn -0.0000 0.8685 0.4956
vn -0.0000 0.8754 0.4834
vn 0.7248 0.6808 0.1062
vn 0.0620 0.9954 -0.0724
vn -0.0163 0.9991 -0.0400
vn 0.0343 0.9976 -0.0610
vn -0.8896 -0.4561 0.0220
vn 0.6703 -0.2024 -0.7140
vn 0.2721 -0.9025 -0.3340
vn 0.5017 -0.6661 -0.5519
vn 0.4722 -0.1395 -0.8704
vn 0.1950 -0.9052 -0.3775
vn 0.7398 -0.0575 -0.6703
vn 0.7984 -0.0763 -0.5973
vn 0.7625 -0.0615 -0.6440
vn 0.6005 -0.0825 -0.7954
vn 0.6575 -0.0571 -0.7513
vn 0.6645 -0.0538 -0.7453
vn 0.1303 0.9844 -0.1180
vn -0.0492 0.9984 -0.0263
vn -0.9873 -0.1247 -0.0987
vn 0.7680 -0.0615 -0.6375
vn 0.7390 -0.0605 -0.6710
vn 0.7230 -0.0390 -0.6897
vn 0.8090 -0.0628 -0.5845
vn -1.0000 -0.0000 -0.0000
vn -0.9972 0.0745 0.0006
vn -0.9972 0.0744 0.0001
vn -0.9995 0.0325 -0.0023
vn -0.9992 0.0400 -0.0028
vn -0.9985 0.0290 0.0456
vn -0.9978 -0.0600 0.0278
vn -0.9990 -0.0421 0.0163
vn -0.9990 0.0297 0.0341
vn -0.9982 0.0541 0.0258
vn -0.9983 0.0507 0.0289
vn -0.9912 -0.1316 0.0163
vn -0.9917 -0.1286 0.0101
vn -0.9993 0.0197 -0.0315
vn -0.9989 0.0250 -0.0401
vn -0.9918 0.1140 -0.0576
vn -0.9969 0.0355 -0.0698
vn -0.9993 0.0236 -0.0275
vn -0.9973 0.0241 -0.0699
vn -0.9766 -0.2129 0.0315
vn -0.9768 -0.2138 0.0147
vn -0.9768 -0.2138 0.0154
vn -0.1590 0.9829 0.0932
vn -0.1498 0.9841 0.0955
vn -0.1547 0.9866 0.0515
vn -0.1987 0.9792 0.0405
vn -0.1679 0.9737 0.1538
vn -0.1460 0.9776 0.1514
vn -0.4989 0.8416 0.2070
vn -0.7047 0.7078 -0.0490
vn -0.8792 0.0053 -0.4764
vn -0.8794 0.0061 -0.4761
vn -0.8631 -0.0664 -0.5007
vn -0.7472 -0.4549 -0.4846
vn -0.4006 -0.8517 -0.3379
vn -0.9787 -0.2052 -0.0019
vn -0.9767 -0.2147 -0.0023
vn -0.9785 -0.2060 -0.0084
vn -0.9788 -0.2047 -0.0093
vn -0.9902 -0.1351 -0.0364
vn -0.9902 -0.1349 -0.0365
vn -0.9783 -0.2071 -0.0020
vn 0.0663 -0.2397 -0.9686
vn -0.3549 0.9347 0.0206
vn -0.2907 0.9566 0.0214
vn -0.1751 0.9842 0.0261
vn -0.3983 0.9166 0.0340
vn -0.3932 0.9190 0.0280
vn -0.4644 0.8848 0.0385
vn -0.3473 0.6807 -0.6450
vn -0.9846 -0.1750 -0.0014
vn -0.9841 -0.1774 -0.0014
vn -0.4554 0.6360 0.6230
vn -0.4326 0.6422 0.6328
vn -0.4477 0.6193 0.6450
vn -0.3221 0.8699 0.3734
vn -0.3778 0.8362 0.3976
vn -0.4285 0.8008 0.4185
vn -0.7580 -0.0728 0.6482
vn -0.1424 0.1516 0.9781
vn -0.4206 0.6443 0.6387
vn -0.7499 0.1933 0.6327
vn -0.0875 0.9925 0.0849
vn -0.0774 0.9957 0.0500
vn 0.0191 0.9968 0.0781
vn 0.0304 0.9994 0.0161
vn -0.9899 -0.1417 0.0009
vn -0.9904 -0.1384 0.0015
vn -0.9921 -0.1254 0.0037
vn -0.9909 -0.1347 -0.0053
vn -0.9952 -0.0979 -0.0029
vn 0.1856 -0.8744 -0.4482
vn -0.3988 0.9170 0.0131
vn -0.5147 0.8573 0.0086
vn -0.4016 0.9157 0.0122
vn -0.1303 0.8731 0.4698
vn -0.1164 0.9229 0.3671
vn -0.2396 0.9178 0.3166
vn -0.2722 0.8638 0.4239
vn -0.7160 0.6972 0.0342
vn -0.6276 0.7767 0.0532
vn -0.5955 0.8033 0.0042
vn -0.5955 0.8034 0.0043
vn -0.1135 0.9747 0.1926
vn -0.2115 0.9645 0.1584
vn -0.0926 0.9881 -0.1227
vn -0.0883 0.9718 -0.2186
vn -0.1620 0.9799 -0.1166
vn -0.1370 0.9608 -0.2412
vn -0.1903 0.9809 0.0390
vn -0.1063 0.9936 0.0384
vn -0.0186 0.9998 -0.0003
vn -0.0411 0.9990 0.0179
vn -0.0157 0.9999 -0.0034
vn -0.0084 0.9998 -0.0207
vn -0.0444 0.9955 0.0842
vn -0.0337 0.9956 0.0875
vn -0.0315 0.9987 0.0405
vn 0.0305 0.9939 -0.1063
vn -0.0863 -0.2538 0.9634
vn -0.4997 0.0121 0.8661
vn 0.3840 0.5015 0.7753
vn -0.1998 0.7190 0.6656
vn -0.2303 0.7022 0.6738
vn -0.3314 -0.1807 -0.9260
vn -0.3186 -0.1380 -0.9378
vn -0.3290 -0.1834 -0.9264
vn -0.2132 -0.8081 -0.5492
vn -0.4035 -0.1605 -0.9008
vn -0.1191 -0.2501 -0.9609
vn -0.1232 -0.2534 -0.9595
vn -0.3386 0.9383 -0.0707
vn -0.3374 0.9409 -0.0287
vn -0.3835 0.9086 -0.1654
vn -0.3745 0.9077 -0.1893
vn -0.3650 0.9310 0.0077
vn -0.3658 0.9307 0.0079
vn -0.6147 0.7846 -0.0808
vn -0.5919 0.7869 -0.1745
vn -0.6820 0.7180 -0.1392
vn -0.6985 0.7137 -0.0512
vn -0.5131 0.8227 -0.2448
vn -0.5119 0.8232 -0.2455
vn -0.3764 0.8844 -0.2758
vn -0.4278 0.8711 -0.2413
vn -0.7454 0.6539 -0.1295
vn -0.7136 0.6855 -0.1445
vn -0.7356 0.6621 -0.1433
vn -0.6680 0.7281 -0.1539
vn -0.0858 -0.0848 0.9927
vn 0.8475 0.1300 -0.5146
vn -0.7565 -0.5839 0.2945
vn -0.1575 0.9569 0.2439
vn -0.1875 0.9351 0.3008
vn -0.0682 0.9195 0.3872
vn -0.0972 0.9694 0.2254
vn -0.0827 0.9858 0.1458
vn 0.0076 0.9928 0.1197
vn -0.0279 0.9901 0.1375
vn -0.0104 0.9653 0.2608
vn -0.1173 0.8815 0.4575
vn -0.1108 0.8983 0.4252
vn -0.0393 0.8582 0.5118
vn -0.1198 0.8956 0.4285
vn -0.2404 0.6963 0.6763
vn -0.4930 0.7484 0.4436
vn -0.2109 0.8345 0.5090
vn -0.2870 0.7797 0.5565
vn -0.2321 0.8203 0.5227
vn -0.4185 0.7198 0.5538
vn -0.8961 0.4194 0.1452
vn -0.9292 0.3373 0.1507
vn -0.9214 0.3579 0.1513
vn -0.6735 0.7387 -0.0274
vn -0.7003 0.7093 0.0805
vn -0.6750 0.7375 -0.0225
vn -0.6391 0.7578 -0.1317
vn -0.9495 0.2702 0.1593
vn -0.4878 0.8659 0.1102
vn -0.4730 0.8753 0.1008
vn -0.4717 0.8761 0.1000
vn -0.9295 0.3169 -0.1888
vn -0.9601 0.2638 -0.0924
vn 0.0064 0.9502 -0.3115
vn 0.0044 0.9510 -0.3092
vn -0.1475 0.9378 -0.3143
vn -0.0521 0.9384 -0.3417
vn -0.1326 0.9602 -0.2459
vn -0.0447 0.9274 -0.3714
vn -0.0170 0.9534 -0.3014
vn -0.0284 0.9566 -0.2900
vn -0.0416 0.9142 -0.4032
vn -0.0384 0.9517 -0.3047
vn -0.0477 0.9522 -0.3017
vn -0.0463 0.9454 -0.3227
vn -0.0455 0.9335 -0.3556
vn -0.0689 0.9363 -0.3444
vn -0.5443 0.5760 -0.6098
vn -0.1851 0.5219 -0.8327
vn -0.1286 0.5552 -0.8217
vn -0.1145 0.5631 -0.8184
vn -0.5546 0.3571 -0.7516
vn -0.3280 -0.0113 -0.9446
vn -0.3287 -0.0186 -0.9443
vn -0.2880 -0.1448 -0.9466
vn -0.3507 0.0464 -0.9353
vn -0.3787 0.0986 -0.9203
vn -0.0715 -0.1296 -0.9890
vn -0.7703 0.6312 -0.0911
vn -0.7710 0.6308 -0.0876
vn -0.7562 0.6543 0.0008
vn -0.8984 0.3088 -0.3122
vn -0.8897 0.0736 -0.4505
vn -0.3573 0.8966 -0.2616
vn -0.3963 0.8833 -0.2505
vn -0.2210 0.8084 -0.5456
vn 0.5964 -0.8007 -0.0563
vn -0.0025 -0.9975 -0.0701
vn -0.1845 0.1883 -0.9646
vn -0.1016 0.1744 -0.9794
vn -0.1195 0.1775 -0.9768
vn -0.2633 -0.2537 -0.9308
vn -0.9933 0.0328 -0.1112
vn -0.2134 0.9761 0.0416
vn -0.2338 0.9615 0.1444
vn -0.1898 0.9768 -0.0993
vn -0.0830 0.9560 -0.2813
vn -0.1910 0.9398 -0.2833
vn -0.0588 0.8936 -0.4451
vn -0.2086 0.9180 -0.3372
vn -0.1619 0.9043 -0.3949
vn -0.1030 0.8924 -0.4393
vn -0.3015 0.9110 -0.2814
vn -0.4238 0.1881 -0.8860
vn -0.7466 0.1265 -0.6531
vn 0.1497 -0.9762 0.1566
vn -0.1326 0.9240 0.3586
vn -0.9942 0.1037 -0.0276
vn -0.9894 0.1450 -0.0003
vn -0.9919 0.1251 0.0230
vn -0.9854 0.1696 0.0164
vn -0.9961 0.0882 -0.0020
vn -0.9997 0.0231 0.0023
vn -0.9843 0.1764 0.0046
vn -0.9865 0.1634 0.0094
vn 0.1689 -0.9807 -0.0983
vn 0.0490 -0.9952 -0.0846
vn 0.1670 -0.9811 -0.0981
vn -0.9762 0.2164 -0.0103
vn -0.4355 0.8983 0.0589
vn -0.4141 0.9098 0.0282
vn -0.4360 0.8980 0.0595
vn -0.3831 0.4615 -0.8001
vn 0.0415 -0.9956 -0.0837
vn -0.9610 0.1456 -0.2350
vn -0.9852 -0.1709 -0.0161
vn -0.9993 0.0359 0.0051
vn -0.9975 0.0425 0.0569
vn -0.9968 0.0697 0.0381
vn -0.9978 0.0537 0.0395
vn -0.9989 -0.0136 0.0440
vn -0.9962 0.0630 0.0602
vn -0.9979 -0.0141 0.0626
vn -0.9932 0.1003 0.0589
vn -0.9932 0.0999 0.0604
vn -0.9864 0.1533 0.0584
vn -0.9771 0.1894 0.0966
vn -0.0630 0.9157 -0.3968
vn -0.0711 0.9282 -0.3651
vn -0.7997 0.6002 -0.0156
vn -0.7875 0.6162 0.0110
vn -0.7954 0.6061 -0.0087
vn -0.5659 0.8223 0.0596
vn -0.5840 0.8095 0.0601
vn -0.5856 0.8099 0.0348
vn -0.7319 0.6812 0.0138
vn -0.7950 0.6064 0.0189
vn -0.7119 0.7022 0.0069
vn -0.7381 0.6712 0.0686
vn -0.7923 0.6092 0.0325
vn -0.7885 0.6148 0.0167
vn -0.7869 0.6166 0.0246
vn -0.2906 0.9111 0.2923
vn -0.3492 0.8537 0.3863
vn 0.0646 -0.6304 0.7736
vn 0.0910 -0.9926 -0.0798
vn 0.0991 -0.9922 -0.0761
vn 0.0680 -0.9947 -0.0775
vn 0.1001 -0.9921 -0.0762
vn 0.0905 -0.9927 -0.0800
vn -0.9879 -0.1548 -0.0013
vn -0.1306 0.9914 0.0122
vn -0.1495 0.9887 0.0097
vn -0.1496 0.9887 0.0097
vn -0.9953 -0.0655 -0.0708
vn -0.9946 -0.0755 -0.0710
vn -0.9909 -0.1344 -0.0054
vn -0.9920 -0.1263 -0.0008
vn -0.9910 -0.1339 -0.0051
vn -0.9926 -0.1156 -0.0373
vn -0.9928 -0.1124 -0.0411
vn -0.3304 0.9438 -0.0061
vn -0.3375 0.9413 0.0095
vn -0.3372 0.9414 -0.0063
vn -0.1706 0.9853 0.0070
vn 0.0671 -0.9947 -0.0775
vn -0.3375 0.9413 0.0101
vn -0.4466 0.3974 0.8017
vn -0.3142 -0.1543 0.9367
vn -0.6048 0.5228 0.6007
vn -0.5442 0.5422 0.6401
vn -0.6107 0.5207 0.5966
vn -0.6561 0.5030 0.5626
vn -0.5119 0.2528 0.8210
vn -0.6984 0.4227 0.5775
vn -0.5366 -0.7868 0.3050
vn -0.1590 0.8659 0.4742
vn -0.3275 0.9434 0.0523
vn -0.3276 0.9434 0.0524
vn -0.3322 0.9355 0.1206
vn -0.3322 0.9357 0.1189
vn -0.3235 0.9455 0.0368
vn -0.3531 0.9187 0.1772
vn -0.3521 0.9191 0.1769
vn -0.2375 0.8285 0.5071
vn -0.3026 0.8351 0.4594
vn -0.3729 0.9097 0.1826
vn -0.4528 0.8589 0.2394
vn -0.0582 0.7804 0.6226
vn 0.3195 -0.9299 0.1823
vn 0.0003 -0.9813 0.1924
vn -0.2228 -0.0000 0.9749
vn -0.1418 -0.0000 0.9899
vn -0.1311 -0.0000 0.9914
vn -0.8447 -0.3918 0.3646
vn -0.1290 -0.9827 -0.1331
vn -0.1402 -0.9805 -0.1375
vn -0.1411 -0.9803 -0.1379
vn -0.3360 0.4712 -0.8155
vn -0.7970 0.3642 -0.4819
vn -0.0845 0.9940 -0.0691
vn -0.0684 0.9916 -0.1102
vn -0.0742 0.9927 -0.0954
vn -0.0560 0.9884 -0.1415
vn -0.1518 -0.9781 -0.1421
vn -0.0940 0.6765 -0.7304
vn -0.7335 0.6728 0.0964
vn 0.0021 0.9955 0.0948
vn -0.0525 0.9683 0.2443
vn -0.0088 0.9812 0.1929
vn -0.0089 0.9813 0.1920
vn 0.0276 0.9959 0.0860
vn 0.0059 0.9915 0.1303
vn -0.0632 0.9611 0.2690
vn 0.9798 0.0053 -0.2001
vn 0.1637 0.2703 -0.9487
vn -0.0068 -0.7220 0.6919
vn -0.0111 -0.7136 0.7005
vn -0.8561 0.0608 0.5132
vn -0.6160 0.0401 -0.7867
vn -0.5203 0.8520 0.0584
vn 0.0248 0.8631 0.5045
vn -0.7040 0.7035 0.0970
vn -0.1973 0.9315 0.3056
vn -0.2669 0.8756 0.4025
vn -0.3787 0.8243 0.4209
vn -0.4138 0.7745 0.4785
vn -0.7248 0.6808 0.1062
vn -0.0620 0.9954 -0.0724
vn -0.0343 0.9976 -0.0610
vn 0.0163 0.9991 -0.0400
vn 0.8896 -0.4561 0.0220
vn -0.6703 -0.2024 -0.7140
vn -0.4671 -0.7146 -0.5207
vn -0.3513 -0.8446 -0.4040
vn -0.1781 -0.9111 -0.3716
vn -0.4722 -0.1395 -0.8704
vn -0.7398 -0.0575 -0.6703
vn -0.7625 -0.0615 -0.6440
vn -0.7984 -0.0763 -0.5973
vn -0.6005 -0.0825 -0.7954
vn -0.6645 -0.0538 -0.7453
vn -0.6575 -0.0571 -0.7513
vn -0.1303 0.9844 -0.1180
vn 0.0492 0.9984 -0.0263
vn 0.9873 -0.1247 -0.0987
vn -0.7230 -0.0390 -0.6897
vn -0.7390 -0.0605 -0.6710
vn -0.7680 -0.0615 -0.6375
vn -0.8090 -0.0628 -0.5845
vn -0.7678 -0.1115 -0.6309
vn -0.2694 -0.7275 -0.6309
vn 0.0259 -0.9983 0.0527
vn -0.1772 -0.6529 0.7364
vn -0.6755 -0.0368 0.7364
vn -0.9708 0.2339 0.0527
vn 0.9921 0.1019 -0.0725
vn 0.9708 -0.2339 -0.0527
vn 0.7678 0.1115 0.6309
vn 0.8526 0.3393 0.3975
vn 0.2694 0.7275 0.6309
vn -0.0259 0.9983 -0.0527
vn 0.1772 0.6529 -0.7364
vn 0.6755 0.0368 -0.7364
vn 0.5100 0.7628 0.3975
vn 0.3070 0.9489 -0.0725
vn 0.4466 0.7115 -0.5425
vn 0.7892 0.2880 -0.5425
vn -0.2595 -0.7333 -0.6285
vn 0.3518 -0.7869 -0.5070
vn 0.4079 -0.8497 0.3342
vn 0.5984 0.2040 0.7748
vn 0.7338 0.0240 -0.6790
vn 0.3872 0.4651 0.7961
vn -0.0800 0.1050 0.9912
vn 0.1139 -0.8684 0.4826
vn 0.4500 -0.8383 0.3080
vn -0.4576 -0.7577 -0.4653
vn -0.5792 -0.6466 -0.4964
vn -0.4157 -0.0468 -0.9083
vn -0.3933 -0.0439 -0.9183
vn -0.3716 -0.0381 -0.9276
vn -0.4008 -0.0296 -0.9157
vn -0.4102 -0.0203 -0.9118
vn -0.3914 -0.0351 -0.9196
vn -0.3905 -0.0297 -0.9201
vn -0.7820 0.6098 -0.1292
vn -0.8714 0.4905 0.0052
vn 0.0695 0.8587 -0.5077
vn -0.5127 0.7791 -0.3607
vn -0.7850 -0.0529 -0.6173
vn -0.8758 -0.0918 -0.4739
vn -0.9613 -0.2302 -0.1515
vn -0.5375 -0.8290 -0.1544
vn 0.2595 -0.7333 -0.6285
vn -0.4079 -0.8497 0.3342
vn -0.3518 -0.7869 -0.5070
vn -0.5984 0.2040 0.7748
vn -0.7338 0.0240 -0.6790
vn -0.3872 0.4651 0.7961
vn -0.4499 -0.8383 0.3080
vn -0.1139 -0.8684 0.4826
vn 0.0800 0.1050 0.9912
vn 0.5792 -0.6466 -0.4964
vn 0.4576 -0.7577 -0.4653
vn 0.4157 -0.0468 -0.9083
vn 0.3905 -0.0297 -0.9201
vn 0.3913 -0.0351 -0.9196
vn 0.4102 -0.0203 -0.9118
vn 0.4008 -0.0296 -0.9157
vn 0.3716 -0.0381 -0.9276
vn 0.3933 -0.0439 -0.9183
vn 0.7820 0.6098 -0.1292
vn 0.8714 0.4905 0.0052
vn 0.5127 0.7791 -0.3607
vn -0.0695 0.8587 -0.5077
vn 0.8758 -0.0918 -0.4739
vn 0.7850 -0.0529 -0.6173
vn 0.9613 -0.2302 -0.1515
vn 0.5375 -0.8290 -0.1544
vn -0.6379 -0.2835 -0.7160
vn -0.6379 -0.6761 -0.3686
vn -0.6236 -0.7509 0.2173
vn -0.6236 -0.3202 0.7131
vn -0.6320 0.2973 0.7157
vn -0.6320 0.7099 0.3108
vn -0.6278 0.7236 -0.2868
vn -0.6278 0.2873 -0.7234
vn 0.6379 -0.2835 -0.7160
vn 0.6278 0.2873 -0.7234
vn 0.6278 0.7236 -0.2868
vn 0.6320 0.7099 0.3108
vn 0.6320 0.2973 0.7157
vn 0.6236 -0.3202 0.7131
vn 0.6236 -0.7509 0.2173
vn 0.6379 -0.6761 -0.3686
vn -0.6880 0.7226 -0.0674
vn -0.5566 0.4389 0.7054
vn -0.0000 0.5283 0.8490
vn -0.0000 0.9957 -0.0928
vn -0.5671 0.7555 -0.3280
vn -0.7879 0.6089 0.0921
vn -0.0000 0.9888 0.1495
vn -0.0000 0.9173 -0.3983
vn -0.6809 -0.7214 -0.1266
vn -0.0000 -0.9849 -0.1729
vn -0.0000 -0.8641 0.5034
vn -0.6021 -0.6899 0.4019
vn -0.5892 -0.3218 -0.7412
vn -0.0000 -0.3983 -0.9173
vn -0.0000 -0.9258 -0.3780
vn -0.6868 -0.6729 -0.2748
vn -0.9152 -0.4019 -0.0284
vn -0.9605 0.0842 -0.2652
vn -0.5588 -0.1835 0.8087
vn -0.5754 0.8179 -0.0005
vn 0.7481 -0.3111 0.5862
vn 0.6018 0.1462 -0.7851
vn 0.5754 0.8179 -0.0005
vn 0.8489 -0.5206 -0.0914
vn -0.9480 0.2353 0.2143
vn -0.9092 -0.1692 0.3804
vn -0.6018 0.1462 -0.7851
vn -0.5795 -0.7482 -0.3231
vn 0.9597 0.0850 -0.2678
vn 0.5588 -0.1835 0.8087
vn 0.5795 -0.7482 -0.3231
vn 0.8822 0.4135 0.2253
vn 0.7051 -0.2422 0.6665
vn 0.9575 -0.1447 -0.2495
vn 0.7100 0.7041 -0.0090
vn 0.5605 0.4868 0.6699
vn -0.6513 -0.4470 0.6132
vn -0.7359 0.4059 -0.5420
vn -0.6005 0.1389 -0.7874
vn -0.8569 -0.1564 0.4911
vn 0.6005 0.1389 -0.7874
vn 0.8569 -0.1564 0.4911
vn 0.5820 -0.3590 0.7297
vn 0.5798 -0.7531 -0.3109
vn -0.7051 -0.2422 0.6665
vn -0.5605 0.4868 0.6699
vn -0.7100 0.7041 -0.0090
vn -0.9575 -0.1447 -0.2495
vn 0.7359 0.4059 -0.5420
vn -0.5798 -0.7531 -0.3109
vn -0.5820 -0.3590 0.7297
vn 0.6513 -0.4470 0.6132
vn 0.6549 0.7317 -0.1890
vn -0.6549 0.7317 -0.1890
vn 0.5411 -0.2103 -0.8142
vn -0.5411 -0.2103 -0.8142
vn 0.6880 0.7226 -0.0674
vn 0.5566 0.4389 0.7054
vn 0.5671 0.7555 -0.3280
vn 0.7879 0.6089 0.0921
vn 0.6809 -0.7214 -0.1266
vn 0.6021 -0.6899 0.4019
vn 0.5892 -0.3218 -0.7412
vn 0.6868 -0.6729 -0.2748
vn 0.9152 -0.4019 -0.0284
vn 0.9605 0.0842 -0.2652
vn -0.7481 -0.3111 0.5862
vn -0.8489 -0.5206 -0.0914
vn 0.9480 0.2353 0.2143
vn 0.9092 -0.1691 0.3804
vn -0.9597 0.0850 -0.2678
vn -0.8822 0.4135 0.2253
vn -0.0000 -0.9919 0.1272
vn 0.1101 -0.9919 0.0636
vn -0.8660 -0.0000 -0.5000
vn -0.0000 0.9919 0.1272
vn 0.1101 0.9919 0.0636
vn 0.1101 -0.9919 -0.0636
vn -0.8660 -0.0000 0.5000
vn 0.1101 0.9919 -0.0636
vn -0.0000 -0.9919 -0.1272
vn -0.0000 0.9919 -0.1272
vn -0.1101 -0.9919 -0.0636
vn 0.8660 -0.0000 0.5000
vn -0.1101 0.9919 -0.0636
vn -0.1101 -0.9919 0.0636
vn 0.8660 -0.0000 -0.5000
vn -0.1101 0.9919 0.0636
vn 0.0062 0.8503 0.5263
vn 0.0453 0.9972 0.0601
vn 0.0071 0.9973 0.0735
vn -0.0454 0.9631 0.2651
vn 0.9625 0.2712 0.0057
vn 0.9626 0.2710 0.0047
vn 0.9627 0.2705 0.0021
vn -0.0644 0.9603 0.2713
vn -0.0175 0.9967 0.0794
vn -0.0109 0.9967 0.0805
vn -0.0557 0.9602 0.2735
vn -0.0175 0.9030 0.4292
vn -0.0039 0.9972 0.0744
vn -0.0000 0.9973 0.0733
vn -0.0118 0.9031 0.4292
vn 0.3134 -0.2468 -0.9170
vn 0.3172 -0.1824 -0.9307
vn 0.2411 -0.1504 -0.9588
vn 0.2739 -0.2912 -0.9166
vn 0.3688 -0.0927 -0.9249
vn 0.3564 -0.0803 -0.9309
vn 0.3328 -0.1339 -0.9334
vn 0.3366 -0.1577 -0.9284
vn 0.1897 -0.2053 -0.9601
vn 0.1922 -0.1297 -0.9727
vn 0.1367 -0.0824 -0.9872
vn 0.1639 -0.1715 -0.9715
vn 0.0651 -0.0226 -0.9976
vn 0.0667 -0.0135 -0.9977
vn -0.0000 -0.0166 -0.9999
vn 0.1937 -0.0360 -0.9804
vn 0.1938 -0.0267 -0.9807
vn 0.3286 -0.0642 -0.9423
vn 0.2829 -0.0545 -0.9576
vn 0.3360 -0.0396 -0.9410
vn 0.3376 -0.0255 -0.9409
vn 0.4162 -0.0764 -0.9061
vn 0.4044 -0.0703 -0.9119
vn 0.9619 0.2729 0.0137
vn 0.9621 0.2726 0.0121
vn 0.8253 -0.5647 -0.0027
vn 0.9490 -0.3154 0.0043
vn 0.4496 -0.0645 -0.8909
vn 0.0057 0.7481 0.6636
vn 0.0506 0.9977 0.0445
vn 0.0637 -0.0262 -0.9976
vn 0.0720 -0.0494 -0.9962
vn -0.0041 0.9970 0.0774
vn -0.0176 0.9024 0.4305
vn 0.0597 -0.0003 -0.9982
vn 0.1938 -0.0012 -0.9810
vn 0.3413 -0.0033 -0.9399
vn -0.0000 -1.0000 -0.0000
vn 1.0000 -0.0064 -0.0000
vn -0.9991 0.0420 -0.0000
vn -0.9992 0.0411 -0.0000
vn -0.9971 0.0767 -0.0000
vn -1.0000 0.0064 -0.0000
vn 1.0000 -0.0096 -0.0000
vn 0.7215 0.6924 -0.0000
vn -0.0610 -0.9981 -0.0000
vn -1.0000 0.0095 -0.0000
vn -0.9999 0.0139 -0.0000
vn -0.9999 0.0140 -0.0000
vn -0.9998 0.0184 -0.0000
vn -0.5677 -0.8232 -0.0076
vn -0.9506 -0.3104 -0.0009
vn -0.9722 -0.2341 -0.0000
vn 1.0000 -0.0049 -0.0000
vn -1.0000 0.0049 -0.0000
vn 0.1446 0.7453 0.6509
vn 0.1372 0.7585 0.6371
vn -0.0071 0.9973 0.0735
vn -0.0453 0.9972 0.0601
vn -0.9625 0.2712 0.0057
vn -0.9627 0.2705 0.0021
vn -0.9626 0.2710 0.0047
vn 0.1555 0.7483 0.6448
vn 0.0392 0.8606 0.5077
vn 0.0109 0.9967 0.0805
vn 0.0175 0.9967 0.0794
vn 0.0205 0.8623 0.5060
vn 0.0039 0.9972 0.0744
vn -0.3134 -0.2468 -0.9170
vn -0.2739 -0.2912 -0.9166
vn -0.2411 -0.1504 -0.9588
vn -0.3172 -0.1824 -0.9307
vn -0.3688 -0.0927 -0.9249
vn -0.3366 -0.1577 -0.9284
vn -0.3328 -0.1339 -0.9334
vn -0.3564 -0.0803 -0.9309
vn -0.1897 -0.2053 -0.9601
vn -0.1639 -0.1715 -0.9715
vn -0.1367 -0.0824 -0.9872
vn -0.1922 -0.1297 -0.9727
vn -0.0651 -0.0226 -0.9976
vn -0.0667 -0.0135 -0.9977
vn -0.1938 -0.0267 -0.9807
vn -0.1937 -0.0360 -0.9804
vn -0.2829 -0.0545 -0.9576
vn -0.3286 -0.0642 -0.9423
vn -0.3376 -0.0255 -0.9409
vn -0.3360 -0.0396 -0.9410
vn -0.4162 -0.0764 -0.9061
vn -0.4044 -0.0703 -0.9119
vn -0.9619 0.2729 0.0137
vn -0.9621 0.2726 0.0121
vn -0.8253 -0.5647 -0.0027
vn -0.9490 -0.3154 0.0043
vn -0.4496 -0.0645 -0.8909
vn 0.1831 0.6273 0.7569
vn -0.0506 0.9977 0.0445
vn -0.0720 -0.0494 -0.9962
vn -0.0637 -0.0262 -0.9976
vn 0.0206 0.8615 0.5073
vn 0.0041 0.9970 0.0774
vn -0.0597 -0.0003 -0.9982
vn -0.1938 -0.0012 -0.9810
vn -0.3413 -0.0033 -0.9399
vn -1.0000 -0.0064 -0.0000
vn 0.9991 0.0420 -0.0000
vn 0.9971 0.0767 -0.0000
vn 0.9992 0.0411 -0.0000
vn 1.0000 0.0064 -0.0000
vn -1.0000 -0.0096 -0.0000
vn 0.0610 -0.9981 -0.0000
vn 1.0000 0.0095 -0.0000
vn 0.9999 0.0140 -0.0000
vn 0.9999 0.0139 -0.0000
vn 0.9998 0.0184 -0.0000
vn -0.9722 0.2341 -0.0000
vn -1.0000 -0.0049 -0.0000
vn 1.0000 0.0049 -0.0000
vn 0.6629 0.6629 -0.3480
vn 0.9375 -0.0000 -0.3480
vn 0.6629 -0.6629 -0.3480
vn -0.0000 -0.9375 -0.3480
vn -0.6629 -0.6629 -0.3480
vn -0.9375 -0.0000 -0.3480
vn -0.6629 0.6629 -0.3480
vn -0.0000 0.9375 -0.3480
vn -0.1857 -0.1857 0.9649
vn -0.0000 -0.2626 0.9649
vn 0.1857 -0.1857 0.9649
vn 0.2626 -0.0000 0.9649
vn 0.1857 0.1857 0.9649
vn -0.0000 0.2626 0.9649
vn -0.1857 0.1857 0.9649
vn -0.2626 -0.0000 0.9649
vn 0.2417 -0.2417 0.9398
vn -0.0000 -0.3418 0.9398
vn -0.2417 -0.2417 0.9398
vn -0.3418 -0.0000 0.9398
vn -0.2417 0.2417 0.9398
vn -0.0000 0.3418 0.9398
vn 0.2417 0.2417 0.9398
vn 0.3418 -0.0000 0.9398
vn 0.0025 0.9467 0.3220
vn 0.0122 0.4412 0.8973
vn 0.5559 0.3656 0.7465
vn 0.7569 0.6107 0.2327
vn 0.0026 0.7585 0.6517
vn 0.7527 0.4871 0.4430
vn 0.0017 0.9972 -0.0748
vn 0.5673 0.8214 -0.0586
vn -0.0025 -0.9467 -0.3220
vn 0.6653 -0.7110 -0.2279
vn 0.5890 -0.7244 0.3583
vn 0.0063 -0.8974 0.4411
vn -0.0026 -0.7585 -0.6517
vn 0.6653 -0.5729 -0.4787
vn -0.0012 -0.0748 -0.9972
vn 0.6073 -0.0634 -0.7919
vn -0.6563 0.7541 -0.0238
vn -0.6401 -0.6466 -0.4150
vn -0.7356 -0.6431 0.2130
vn -0.6619 0.3770 0.6479
vn -0.4733 0.8759 -0.0939
vn -0.4836 -0.0216 -0.8750
vn -0.6376 -0.4755 -0.6062
vn -0.7400 0.6312 0.2325
vn 0.0025 0.9097 0.4152
vn 0.0122 0.3491 0.9370
vn 0.5559 0.2889 0.7794
vn 0.7569 0.5843 0.2927
vn 0.0026 0.6894 0.7244
vn 0.7527 0.4402 0.4895
vn 0.0017 0.9997 0.0254
vn 0.5673 0.8231 0.0239
vn -0.0025 -0.9097 -0.4152
vn 0.6652 -0.6846 -0.2979
vn 0.5890 -0.7566 0.2839
vn 0.0063 -0.9371 0.3490
vn -0.0026 -0.6894 -0.7244
vn 0.6653 -0.5221 -0.5337
vn -0.0012 0.0254 -0.9997
vn 0.6073 0.0163 -0.7943
vn -0.6563 0.7527 0.0519
vn -0.6401 -0.6018 -0.4777
vn -0.7356 -0.6612 0.1475
vn -0.6619 0.3102 0.6824
vn -0.4733 0.8809 -0.0057
vn -0.4836 0.0661 -0.8728
vn -0.6376 -0.4124 -0.6507
vn -0.7400 0.6047 0.2945
vn -0.0025 0.9467 0.3220
vn -0.7569 0.6107 0.2327
vn -0.5559 0.3656 0.7465
vn -0.0122 0.4412 0.8973
vn -0.0026 0.7585 0.6517
vn -0.7527 0.4871 0.4430
vn -0.0017 0.9972 -0.0748
vn -0.5673 0.8214 -0.0586
vn 0.0025 -0.9467 -0.3220
vn -0.0063 -0.8974 0.4411
vn -0.5890 -0.7244 0.3583
vn -0.6653 -0.7110 -0.2279
vn 0.0026 -0.7585 -0.6517
vn -0.6653 -0.5729 -0.4787
vn 0.0012 -0.0748 -0.9972
vn -0.6073 -0.0634 -0.7919
vn 0.6563 0.7541 -0.0238
vn 0.6619 0.3770 0.6479
vn 0.7356 -0.6431 0.2130
vn 0.6401 -0.6466 -0.4150
vn 0.4733 0.8759 -0.0939
vn 0.7400 0.6312 0.2325
vn 0.6376 -0.4755 -0.6062
vn 0.4836 -0.0216 -0.8750
vn -0.0025 0.9097 0.4152
vn -0.7569 0.5843 0.2927
vn -0.5559 0.2889 0.7794
vn -0.0122 0.3491 0.9370
vn -0.0026 0.6894 0.7244
vn -0.7527 0.4402 0.4895
vn -0.0017 0.9997 0.0254
vn -0.5673 0.8231 0.0239
vn 0.0025 -0.9097 -0.4152
vn -0.0063 -0.9371 0.3490
vn -0.5890 -0.7566 0.2839
vn -0.6652 -0.6846 -0.2979
vn 0.0026 -0.6894 -0.7244
vn -0.6653 -0.5221 -0.5337
vn 0.0012 0.0254 -0.9997
vn -0.6073 0.0163 -0.7943
vn 0.6563 0.7527 0.0519
vn 0.6619 0.3102 0.6824
vn 0.7356 -0.6612 0.1475
vn 0.6401 -0.6018 -0.4777
vn 0.4733 0.8809 -0.0057
vn 0.7400 0.6047 0.2945
vn 0.6376 -0.4124 -0.6507
vn 0.4836 0.0661 -0.8728
vn 0.0099 0.9999 -0.0104
vn 0.0093 0.9999 -0.0109
vn 0.0086 0.9999 -0.0115
vn 0.0080 0.9999 -0.0120
vn -0.0099 0.9999 -0.0104
vn -0.0086 0.9999 -0.0115
vn -0.0093 0.9999 -0.0109
vn -0.0080 0.9999 -0.0120
vn 0.9880 -0.1378 -0.0693
vn 0.9895 -0.1288 -0.0650
vn 0.9917 -0.0901 -0.0921
vn 0.9891 -0.1271 -0.0743
vn 0.9890 -0.1252 -0.0783
vn 0.9867 -0.1449 -0.0730
vn -0.9880 -0.1378 -0.0693
vn -0.9895 -0.1288 -0.0650
vn -0.9917 -0.0901 -0.0921
vn -0.9891 -0.1271 -0.0743
vn -0.9890 -0.1252 -0.0783
vn -0.9867 -0.1449 -0.0730
vn -0.0770 -0.5042 0.8602
vn 0.1078 0.5277 0.8425
vn -0.1785 -0.9442 0.2769
vn 0.1618 0.9525 0.2581
vn 0.9803 -0.1953 -0.0301
vn 0.9813 -0.1918 -0.0184
vn 0.9869 -0.1583 -0.0304
vn 0.9859 -0.1620 -0.0421
vn 0.9867 -0.1616 -0.0187
vn 0.9805 -0.1919 -0.0417
vn 0.9842 -0.1766 -0.0119
vn 0.9830 -0.1770 -0.0484
vn 0.9838 -0.1768 -0.0301
vn 0.9865 -0.1608 -0.0306
vn 0.9868 -0.1606 -0.0206
vn 0.9840 -0.1769 -0.0204
vn 0.9808 -0.1928 -0.0301
vn 0.9804 -0.1929 -0.0399
vn 0.9834 -0.1768 -0.0400
vn 0.9861 -0.1610 -0.0402
vn 0.9810 -0.1928 -0.0203
vn -0.1954 -0.9464 -0.2571
vn 0.1451 0.9502 -0.2759
vn -0.1328 -0.5233 -0.8418
vn 0.0522 0.5086 -0.8594
vn -0.0000 -0.5445 -0.8388
vn -0.0000 0.5183 -0.8552
vn -0.0000 -0.9658 -0.2593
vn -0.0000 0.9634 -0.2681
vn -0.0000 0.5445 0.8388
vn -0.0000 -0.5183 0.8552
vn -0.0000 0.9658 0.2593
vn -0.0000 -0.9634 0.2681
vn 0.0770 -0.5042 0.8602
vn -0.1078 0.5277 0.8425
vn 0.1785 -0.9442 0.2769
vn -0.1618 0.9525 0.2581
vn -0.9803 -0.1953 -0.0301
vn -0.9813 -0.1918 -0.0184
vn -0.9869 -0.1583 -0.0304
vn -0.9859 -0.1620 -0.0421
vn -0.9867 -0.1616 -0.0187
vn -0.9805 -0.1919 -0.0417
vn -0.9842 -0.1766 -0.0119
vn -0.9830 -0.1770 -0.0484
vn -0.9838 -0.1768 -0.0301
vn -0.9840 -0.1769 -0.0204
vn -0.9868 -0.1606 -0.0206
vn -0.9865 -0.1608 -0.0306
vn -0.9834 -0.1768 -0.0400
vn -0.9804 -0.1929 -0.0399
vn -0.9808 -0.1928 -0.0301
vn -0.9861 -0.1610 -0.0402
vn -0.9810 -0.1928 -0.0203
vn 0.1954 -0.9464 -0.2571
vn -0.1451 0.9502 -0.2759
vn 0.1328 -0.5233 -0.8418
vn -0.0522 0.5086 -0.8594
vn 0.1318 0.5546 -0.8216
vn 0.1388 0.6231 -0.7697
vn 0.1326 0.5622 -0.8163
vn 0.1242 0.4860 -0.8651
vn -0.1318 0.5546 -0.8216
vn -0.1326 0.5622 -0.8163
vn -0.1388 0.6231 -0.7697
vn -0.1242 0.4860 -0.8651
vn 0.3798 0.0649 0.9228
vn 0.3954 0.0397 0.9176
vn -0.0000 -0.0000 -0.0000
vn 0.3022 -0.8134 0.4971
vn 0.7901 -0.5103 0.3397
vn -0.1420 -0.0000 -0.9899
vn -0.0996 0.7029 -0.7043
vn 0.0014 0.7122 -0.7020
vn -0.5345 -0.5153 0.6699
vn 0.0641 -0.8367 0.5439
vn 0.0485 -0.8375 0.5443
vn 0.0499 -0.8374 0.5443
vn -0.7461 -0.0000 -0.6658
vn -0.8099 -0.0000 -0.5866
vn -0.6064 0.6168 -0.5018
vn -0.0000 -0.8384 0.5450
vn -0.6746 -0.0000 -0.7382
vn -0.2630 0.9337 -0.2429
vn -0.2228 -0.0000 -0.9749
vn -0.1545 0.7207 -0.6759
vn 0.9986 0.0332 -0.0418
vn -0.3798 0.0649 0.9228
vn -0.3954 0.0397 0.9176
vn -0.3022 -0.8134 0.4971
vn -0.7901 -0.5103 0.3397
vn 0.1016 0.7113 -0.6955
vn 0.1420 -0.0000 -0.9899
vn 0.5345 -0.5153 0.6699
vn -0.0641 -0.8367 0.5439
vn -0.0499 -0.8374 0.5443
vn -0.0485 -0.8375 0.5443
vn 0.7461 -0.0000 -0.6658
vn 0.5013 0.7379 -0.4519
vn 0.6791 0.5522 -0.4837
vn 0.8099 -0.0000 -0.5866
vn 0.6746 -0.0000 -0.7382
vn 0.4254 0.7613 -0.4894
vn 0.0309 0.9502 -0.3100
vn 0.2228 -0.0000 -0.9749
vn -0.9986 0.0332 -0.0418
vn 0.8660 -0.0931 -0.4913
vn 0.7512 0.3963 0.5278
vn -0.7512 0.3963 0.5278
vn -0.0000 -0.1863 -0.9825
vn -0.0000 0.8215 0.5702
vn -0.8660 -0.0931 -0.4913
vn -0.0000 0.9825 -0.1863
vn -0.8450 0.2188 -0.4879
vn 0.8450 0.2188 -0.4879
vn 0.8451 0.2188 0.4879
vn -0.8451 0.2188 0.4879
vn -0.0000 0.2188 -0.9758
vn -0.0000 0.2188 0.9758
vn -0.0000 0.6159 0.7879
vn -0.6823 0.6158 -0.3939
vn 0.6823 0.6158 -0.3939
vn 0.6823 0.6159 0.3939
vn -0.6823 0.6159 0.3939
vn -0.0000 0.6158 -0.7879
vn -0.8078 0.3604 -0.4664
vn 0.8656 0.0311 -0.4998
vn 0.9980 0.0509 0.0363
vn -0.8078 0.3604 0.4664
vn 0.4676 0.0509 -0.8825
vn -0.0000 0.3604 0.9328
vn -0.1076 0.9448 0.3096
vn -0.0609 0.9420 0.3299
vn -0.1010 0.9445 0.3125
vn -0.1408 0.9452 0.2946
vn 0.1264 0.9429 0.3081
vn 0.1171 0.9431 0.3113
vn 0.0609 0.9420 0.3299
vn 0.1726 0.9408 0.2917
vn -0.1425 -0.9698 -0.1981
vn 0.0054 0.9976 0.0685
vn -0.0771 0.9931 0.0884
vn 0.1585 0.3394 0.9272
vn -0.0253 0.4051 0.9139
vn -0.6025 -0.7981 -0.0105
vt 0.548506 0.906250
vt 0.548506 0.906250
vt 0.548506 0.906250
vt 0.631469 0.882898
vt 0.631469 0.882898
vt 0.548506 0.906250
vt 0.749648 0.808390
vt 0.548506 0.906250
vt 0.883348 0.882997
vt 0.883349 0.882997
vt 0.548506 0.906250
vt 0.507903 0.880412
vt 0.514055 0.886564
vt 0.514055 0.886564
vt 0.879481 0.877951
vt 0.880712 0.880412
vt 0.880712 0.880412
vt 0.505442 0.891485
vt 0.879481 0.879181
vt 0.749648 0.808390
vt 0.507903 0.880412
vt 0.548506 0.906250
vt 0.013688 0.974459
vt 0.631514 0.791992
vt 0.632491 0.881836
vt 0.382635 0.687672
vt 0.382635 0.687672
vt 0.879481 0.877951
vt 0.879481 0.877951
vt 0.632480 0.968873
vt 0.629380 0.885162
vt 0.755782 0.825541
vt 0.885999 0.882898
vt 0.757333 0.803838
vt 0.755782 0.803838
vt 0.631767 0.934055
vt 0.633317 0.884449
vt 0.379085 0.698425
vt 0.882062 0.892913
vt 0.000000 0.000000
vt 0.885162 0.891363
vt 0.629883 0.808594
vt 0.629883 0.808594
vt 0.629883 0.808594
vt 0.626953 0.929688
vt 0.626953 0.929687
vt 0.626953 0.929687
vt 0.880712 0.879181
vt 0.880712 0.879181
vt 0.883349 0.886098
vt 0.883349 0.886097
vt 0.883349 0.886097
vt 0.883349 0.886098
vt 0.883349 0.886097
vt 0.883348 0.886097
vt 0.883348 0.886097
vt 0.883349 0.886097
vt 0.883348 0.886097
vt 0.883349 0.886097
vt 0.883348 0.886097
vt 0.883348 0.886097
vt 0.883348 0.886097
vt 0.883349 0.886097
vt 0.514402 0.938804
vt 0.514402 0.938804
vt 0.514402 0.938804
vt 0.514402 0.938804
vt 0.514402 0.938804
vt 0.514402 0.938804
vt 0.502000 0.887648
vt 0.502000 0.887648
vt 0.502000 0.887648
vt 0.502000 0.887648
vt 0.502000 0.887648
vt 0.502000 0.887648
vt 0.883349 0.884547
vt 0.883348 0.884547
vt 0.883349 0.884547
vt 0.883348 0.884547
vt 0.883349 0.884547
vt 0.886712 0.883612
vt 0.882062 0.880511
vt 0.885162 0.882062
vt 0.884899 0.882997
vt 0.884899 0.882997
vt 0.884899 0.882997
s 1
usemtl baseGradient.008
f 357/1/1 359/2/1 370/2/1 368/2/1
f 344/2/2 355/2/3 366/2/4 362/2/5
f 348/2/6 365/2/7 22/2/8 350/2/9
f 344/2/2 362/2/5 363/2/10 346/2/11
f 359/2/1 361/2/1 371/2/1 370/2/1
f 355/2/3 357/1/1 368/2/1 366/2/4
f 350/2/9 22/2/8 372/2/12 352/2/13
f 346/2/11 363/2/10 365/2/7 348/2/6
f 334/2/14 336/2/15 34/2/16 382/2/17
f 331/2/1 379/2/1 381/2/1 333/2/1
f 327/2/1 375/2/1 377/2/1 329/2/1
f 336/2/15 338/2/18 384/2/19 34/2/16
f 325/2/1 334/2/14 382/2/17 373/2/1
f 329/2/1 377/2/1 379/2/1 331/2/1
f 325/2/1 373/2/1 375/2/1 327/2/1
f 339/2/20 341/2/20 385/2/21 35/2/22
f 387/2/23 392/2/24 39/2/25 37/2/26
f 387/2/23 37/2/26 391/2/27 388/2/28
f 374/2/29 386/2/29 389/2/29 376/2/29
f 28/2/30 383/2/30 393/2/30 40/2/30
f 26/2/31 27/2/32 397/2/33 394/2/34 533/2/35
f 401/2/36 586/2/37 585/3/38 584/2/39 583/2/40 47/2/41 398/2/42 35/2/22 385/2/21
f 569/2/43 573/2/43 411/2/43 568/2/43
f 502/2/44 402/2/45 46/2/46 503/2/47
f 501/2/48 64/2/49 402/2/45 502/2/44
f 399/2/50 432/2/50 434/2/50 562/2/50
f 406/2/51 591/2/52 586/2/37 401/2/36
f 29/2/53 390/2/53 413/2/54 378/2/55
f 42/2/56 38/2/56 416/2/57 414/2/58
f 380/2/59 417/2/59 420/2/59 32/2/59
f 452/4/60 425/4/60 421/4/60 424/4/60 466/5/60 94/4/61 87/4/61
f 413/2/54 468/2/62 378/2/55
f 30/2/63 426/2/63 418/2/63 31/2/63
f 37/2/26 39/2/25 58/2/64 57/2/65
f 611/1/66 610/1/67 60/2/68 59/2/69
f 372/2/12 22/2/8 430/2/70 588/2/71 582/6/72 587/2/73 575/2/74
f 567/2/75 410/2/75 407/2/75 566/2/75
f 499/2/76 476/2/77 217/2/78 64/2/49 501/2/48
f 305/7/79 308/7/80 166/7/81 72/7/82
f 107/2/83 474/2/84 438/2/85 437/2/86
f 110/2/87 109/2/88 69/2/89 72/2/82
f 168/2/90 110/2/87 72/2/82 166/2/81
f 76/2/91 75/2/92 74/2/93 77/2/94
f 167/2/95 134/2/96 75/2/92 76/2/91
f 165/2/97 167/2/95 76/2/91 71/2/98
f 71/2/98 76/2/91 77/2/94 70/2/99
f 403/2/100 441/2/101 79/2/102 46/2/46
f 441/2/101 84/2/103 446/2/104 79/2/102
f 84/2/103 82/2/105 250/2/106 446/2/104
f 57/2/65 58/2/64 444/2/107 445/2/108
f 60/2/68 610/1/67 612/1/109 81/8/110
f 453/2/111 451/2/112 450/2/112 447/2/111
f 446/2/104 444/2/107 58/2/64 79/2/102
f 58/2/64 39/2/25 46/2/46 79/2/102
f 419/2/113 422/2/113 454/2/113 54/2/113
f 415/2/114 606/2/114 604/2/114 469/2/114
f 93/2/115 464/2/116 467/2/116 465/2/117
f 546/2/118 548/2/119 164/2/120 97/2/121 544/2/122
f 162/2/123 161/2/124 99/2/125 550/2/125
f 131/2/126 492/2/127 472/2/128 470/2/129
f 131/2/126 470/2/129 471/2/130 496/2/131
f 439/2/132 105/2/133 104/2/134 440/2/135
f 438/2/85 474/2/84 105/2/133 439/2/132
f 104/2/134 473/2/136 475/2/137 440/2/135
f 165/2/97 71/2/98 110/2/87 168/2/90
f 71/2/98 70/2/99 109/2/88 110/2/87
f 496/2/131 471/2/130 476/2/77 499/2/76
f 473/2/136 477/2/138 478/2/139 475/2/137
f 100/2/140 102/2/141 112/2/141 106/2/142 323/2/143
f 640/9/144 639/10/145 645/10/145 646/9/144
f 644/10/146 479/10/146 481/10/146 650/10/146
f 487/2/147 600/2/147 609/2/147 490/2/147
f 52/2/148 118/2/149 119/2/150 458/2/151
f 391/2/27 117/2/152 118/2/149 52/2/148
f 37/2/26 57/2/65 117/2/152 391/2/27
f 611/1/66 59/2/69 120/2/153 613/11/154
f 57/2/65 445/2/108 483/2/155 117/2/152
f 117/2/152 483/2/155 484/2/156 118/2/149
f 456/2/157 121/2/158 122/2/159 95/2/160
f 457/2/161 119/2/150 121/2/158 456/2/157
f 255/2/162 254/2/163 122/2/159 121/2/158
f 484/2/156 255/2/162 121/2/158 119/2/150
f 119/2/150 118/2/149 484/2/156
f 489/2/164 459/2/164 93/2/115 465/2/117 486/2/164
f 491/2/165 414/2/58 416/2/57 92/2/165
f 427/2/166 602/2/167 462/2/168 460/2/168
f 468/2/62 428/2/169 378/2/55
f 364/2/170 497/2/170 498/2/171 21/2/172
f 19/2/173 500/2/174 133/2/175 20/2/175
f 19/2/173 367/2/176 493/2/176 500/2/174
f 21/2/172 498/2/171 571/2/177
f 429/2/178 572/2/179 404/2/180
f 39/2/25 392/2/24 503/2/47 46/2/46
f 34/2/16 128/2/181 41/2/182 33/2/182
f 111/2/183 169/2/184 135/2/185 103/2/186
f 103/2/186 135/2/185 134/2/96 73/2/187
f 111/2/183 136/1/188 170/2/189 169/2/184
f 138/2/190 137/2/191 171/2/192 139/2/193
f 136/1/188 138/2/190 139/2/193 170/2/189
f 138/2/190 141/1/194 140/1/195 137/2/191
f 136/1/188 504/2/196 141/1/194 138/2/190
f 111/2/183 505/2/197 504/2/196 136/1/188
f 504/2/196 509/2/198 515/2/199 141/1/194
f 506/2/200 511/2/200 508/2/200 143/2/200
f 141/1/194 515/2/199 551/2/201 140/1/195
f 510/2/202 520/2/202 517/2/203 147/2/204
f 512/2/205 521/2/205 519/2/205 146/2/205
f 147/2/204 517/2/203 516/2/206 144/2/206
f 151/2/207 528/2/208 526/2/209 518/2/209
f 522/2/210 676/2/211 544/2/122 528/2/208 151/2/207
f 149/2/212 525/2/212 524/2/213 148/2/213
f 104/12/134 105/12/133 45/12/214 101/12/215 324/12/216
f 24/2/217 369/2/217 537/2/217 494/2/217
f 25/2/218 26/2/31 533/2/35 536/2/218
f 472/2/128 492/2/127 530/2/219 532/2/220
f 507/2/221 156/2/221 531/2/221 513/2/221
f 529/2/222 542/2/222 527/2/222
f 153/2/223 541/2/223 540/2/224 152/2/224
f 155/2/225 543/2/226 160/2/227
f 160/2/227 543/2/226 98/2/228 159/2/228
f 528/2/208 154/2/229 161/2/124 162/2/123
f 549/2/230 547/2/230 683/2/230 684/2/230
f 544/2/122 97/2/121 154/2/229 528/2/208
f 67/2/231 165/2/97 168/2/90 108/2/232
f 67/2/231 78/2/233 167/2/95 165/2/97
f 78/2/233 73/2/187 134/2/96 167/2/95
f 134/13/96 174/13/234 173/13/235 75/13/92
f 171/13/192 178/14/236 179/14/237 139/13/193
f 169/13/184 176/14/238 175/13/239 135/13/185
f 139/13/193 179/14/237 177/13/240 170/13/189
f 135/13/185 175/13/239 174/13/234 134/13/96
f 170/13/189 177/13/240 176/14/238 169/13/184
f 75/13/92 173/13/235 172/13/241 74/13/93
f 477/2/138 532/2/220 142/2/242 478/2/139
f 472/2/128 532/2/220 477/2/138
f 522/2/210 552/1/243 557/2/243 676/2/211
f 553/1/244 538/2/244 535/2/244 558/2/244
f 677/2/245 556/2/245 554/2/245 320/2/245
f 84/15/103 183/15/246 559/15/247 82/15/105
f 127/2/248 130/2/249 564/2/250 188/2/251
f 561/2/252 34/2/16 384/2/19 400/2/253
f 564/2/250 130/2/249 129/2/254 563/2/255
f 565/2/256 408/2/256 412/2/257 185/2/258
f 563/2/255 129/2/254 128/2/181 34/2/16 561/2/252 570/2/259 191/2/259 190/2/259
f 405/2/260 560/2/261 433/2/262 184/2/262
f 404/2/180 572/2/179 560/2/261 405/2/260
f 186/2/263 435/2/263 574/2/263 189/2/263
f 185/2/258 412/2/257 187/2/264
f 409/2/265 199/2/265 197/2/265 436/2/265
f 430/2/70 61/2/266 590/2/266 588/2/71
f 22/2/8 365/2/7 192/2/267 430/2/70
f 202/2/268 63/2/269 49/2/270 203/2/271
f 196/2/272 194/2/273 63/2/269 202/2/268
f 198/2/274 196/2/272 202/2/268 195/2/275
f 195/2/275 202/2/268 203/2/271 564/2/250
f 204/2/276 188/2/251 564/2/250 203/2/271
f 193/2/277 204/2/276 203/2/271 49/2/270
f 498/2/171 204/2/276 193/2/277 571/2/177
f 188/2/251 204/2/276 127/2/248
f 68/18/282 213/18/283 214/18/284 105/18/133
f 64/18/49 576/18/285 577/18/286 578/18/287
f 105/18/133 214/18/284 209/18/288 45/18/214
f 107/18/83 215/18/289 213/18/283 68/18/282
f 45/18/214 209/18/288 216/18/290 217/18/78
f 65/18/291 211/18/292 215/18/289 107/18/83
f 216/18/290 576/18/285 64/18/49 217/18/78
f 166/7/81 308/7/80 671/20/295 303/7/296
f 101/12/215 100/12/140 323/21/143 324/12/216
f 589/2/297 594/2/297 579/6/297 581/6/297
f 223/2/298 597/2/299 228/2/300 219/2/301
f 224/2/302 597/2/299 223/2/298
f 591/2/52 406/2/51 431/2/303 575/2/74 587/2/73
f 226/6/304 580/6/304 592/2/305 221/2/306
f 590/2/266 61/2/266 47/2/41 583/2/40
f 598/2/307 232/2/308 584/2/39 585/3/38
f 593/2/309 230/2/310 233/6/311
f 595/2/312 596/22/313 230/2/310 593/2/309
f 596/22/313 595/2/312 232/2/308 598/2/307
f 218/2/314 227/22/315 231/2/316 222/2/317
f 219/2/301 228/2/300 229/2/318 220/2/318
f 222/2/317 231/2/316 225/3/319
f 221/2/306 592/2/305 227/22/315 218/2/314
f 200/2/320 201/2/321 239/2/321 238/2/320
f 36/2/322 48/2/323 236/2/323 235/2/322
f 62/2/323 200/2/320 238/2/320 237/2/323
f 36/2/322 235/2/322 300/2/324 343/2/324
f 201/2/321 23/2/325 234/2/325 239/2/321
f 23/2/325 354/2/326 301/2/326 234/2/325
f 48/2/323 62/2/323 237/2/323 236/2/323
f 53/2/327 56/2/327 461/2/327 488/2/327 91/2/327 241/2/327 423/6/327
f 240/2/328 89/2/328 448/2/328 455/2/328 242/1/328
f 125/2/334 248/2/334 243/2/334 123/2/334
f 124/2/335 245/2/335 247/2/335 51/2/335
f 126/2/336 246/2/336 602/2/167 427/2/166
f 81/8/110 612/1/109 446/2/104 250/2/106
f 251/1/337 85/1/338 252/2/339 86/2/340
f 83/1/341 251/1/337 86/2/340 249/2/341
f 85/1/338 272/11/342 253/2/343 252/2/339
f 615/1/344 614/2/345 254/2/163 255/2/162
f 616/2/346 615/1/344 255/2/162 485/2/346
f 272/11/342 617/2/347 113/2/347 253/2/343
f 55/24/348 449/24/348 619/24/348 622/24/348
f 90/24/349 88/24/350 621/24/350 618/24/349
f 257/24/351 620/24/351 624/24/351 626/24/351
f 259/24/352 258/24/353 625/24/353 623/24/352
f 260/25/354 262/25/355 264/25/356
f 262/25/355 261/25/357 263/25/357 264/25/356
f 523/2/358 514/2/358 629/2/358 627/2/358
f 145/2/359 158/2/360 635/2/361 630/2/359
f 539/2/364 180/1/365 270/1/366 634/2/364
f 180/1/365 150/2/367 265/2/367 270/1/366
f 158/2/360 495/2/368 632/2/368 635/2/361
f 132/2/369 157/2/369 268/2/369 267/2/369
f 66/18/370 212/18/294 211/18/292 65/18/291
f 271/2/371 641/11/372 613/11/154 120/2/153
f 643/2/373 642/2/374 114/2/374 274/1/373
f 480/2/375 643/2/373 274/1/373 256/2/376
f 641/11/372 480/2/375 256/2/376 613/11/154
f 647/9/377 278/10/378 276/10/379 482/10/380
f 482/10/380 276/10/379 648/10/381 649/10/382
f 275/10/383 116/9/383 280/9/383 277/10/383
f 273/10/384 115/10/385 281/10/385 279/10/384
f 356/2/386 345/2/386 291/2/386 651/2/386
f 337/2/387 335/2/387 287/2/387 653/2/387
f 358/1/388 15/2/388 296/2/388 655/1/388
f 340/2/389 7/2/389 288/2/389 656/2/389
f 360/2/390 16/1/390 297/1/390 657/2/390
f 342/2/391 8/2/391 289/2/391 658/2/391
f 326/2/392 328/2/392 660/2/392 659/2/392
f 18/2/393 17/2/391 298/2/391 299/2/394
f 10/2/395 652/2/395 661/2/395 347/2/395
f 2/2/396 330/2/396 662/2/396 283/2/396
f 672/2/397 9/2/398 290/2/399
f 11/2/400 349/2/400 663/2/400 292/2/400
f 3/2/401 332/2/401 664/2/401 284/2/401
f 12/2/402 351/2/402 665/2/402 293/2/402
f 4/2/403 5/2/404 286/2/405 285/2/403
f 353/2/406 673/2/407 295/2/408
f 13/2/409 14/2/409 666/2/409 294/2/409
f 6/2/386 1/2/386 282/2/386 654/2/386
f 64/2/49 578/2/287 667/2/410 402/2/45
f 50/2/411 669/2/411 443/2/411
f 108/2/232 168/2/90 166/2/81 303/2/296
f 65/2/291 107/2/83 437/2/86 670/2/412
f 442/15/413 304/15/414 183/15/246 84/15/103
f 668/15/415 304/15/414 80/15/416
f 66/2/370 65/2/291 670/2/412 307/2/419 302/2/419
f 306/7/418 305/7/79 72/7/82 69/7/89
f 395/2/420 679/2/421 689/2/422 688/2/420
f 309/2/423 534/2/423 674/2/423 555/2/423
f 680/2/424 396/2/424 44/2/425 181/2/426
f 548/2/119 312/2/427 678/2/428 164/2/120
f 319/2/429 675/2/430 322/2/431
f 545/2/432 310/2/432 686/2/433 316/2/434
f 163/2/435 96/2/435 681/2/435 682/2/435
f 679/2/421 311/2/436 685/2/436 689/2/422
f 43/2/437 313/2/437 687/2/437 318/2/437
f 322/2/431 314/2/438 317/2/439 315/2/440
f 686/2/433 319/2/429 322/2/431 315/2/440 316/2/434
f 675/2/430 321/2/441 314/2/438 322/2/431
f 324/12/216 323/21/143 106/12/142 104/12/134
f 997/1/442 1008/2/442 1010/2/442 999/2/442
f 984/2/443 1002/2/444 1006/2/445 995/2/446
f 988/2/447 990/2/448 711/2/449 1005/2/450
f 984/2/443 986/2/451 1003/2/452 1002/2/444
f 999/2/442 1010/2/442 1011/2/442 1001/2/442
f 995/2/446 1006/2/445 1008/2/442 997/1/442
f 990/2/448 992/2/453 1012/2/454 711/2/449
f 986/2/451 988/2/447 1005/2/450 1003/2/452
f 974/2/455 1022/2/456 723/2/457 976/2/458
f 971/2/442 973/2/442 1021/2/442 1019/2/442
f 967/2/442 969/2/442 1017/2/442 1015/2/442
f 976/2/458 723/2/457 1024/2/459 978/2/460
f 965/2/442 1013/2/442 1022/2/456 974/2/455
f 969/2/442 971/2/442 1019/2/442 1017/2/442
f 965/2/442 967/2/442 1015/2/442 1013/2/442
f 979/2/461 724/2/462 1025/2/463 981/2/461
f 1027/2/464 726/2/465 728/2/466 1032/2/467
f 1027/2/464 1028/2/468 1031/2/469 726/2/465
f 1014/2/470 1016/2/470 1029/2/470 1026/2/470
f 717/2/471 729/2/471 1033/2/471 1023/2/471
f 715/2/472 1167/2/473 1034/2/474 1037/2/475 716/2/476
f 1041/2/477 1025/2/463 724/2/462 1038/2/478 736/2/479 1213/2/480 1214/2/481 1215/3/482 1216/2/483
f 1199/2/484 1198/2/484 1051/2/484 1203/2/484
f 1138/2/485 1139/2/486 735/2/487 1042/2/488
f 1137/2/489 1138/2/485 1042/2/488 751/2/490
f 1039/2/491 1192/2/491 1074/2/491 1072/2/491
f 1046/2/492 1041/2/477 1216/2/483 1221/2/493
f 718/2/494 1018/2/495 1053/2/496 1030/2/494
f 731/2/497 1054/2/498 1056/2/499 727/2/497
f 1020/2/500 721/2/500 1060/2/500 1057/2/500
f 1090/4/501 87/4/61 94/4/61 1103/5/501 1064/4/501 1061/4/501 1065/4/501
f 1053/2/496 1018/2/495 1104/2/502
f 719/2/503 720/2/503 1058/2/503 1066/2/503
f 726/2/465 746/2/504 747/2/505 728/2/466
f 1241/1/506 59/2/69 60/2/68 1240/1/507
f 1012/2/454 1205/2/508 1217/2/509 1212/6/510 1218/2/511 1070/2/512 711/2/449
f 1197/2/513 1196/2/513 1047/2/513 1050/2/513
f 1135/2/514 1137/2/489 751/2/490 876/2/515 1112/2/516
f 946/7/517 757/7/518 831/7/519 948/7/520
f 782/2/521 1077/2/522 1078/2/523 1110/2/524
f 784/2/525 757/2/518 69/2/89 109/2/88
f 833/2/526 831/2/519 757/2/518 784/2/525
f 760/2/527 77/2/94 74/2/93 759/2/528
f 832/2/529 760/2/527 759/2/528 805/2/530
f 830/2/531 756/2/532 760/2/527 832/2/529
f 756/2/532 70/2/99 77/2/94 760/2/527
f 1043/2/533 735/2/487 762/2/534 1081/2/535
f 1081/2/535 762/2/534 1086/2/536 765/2/537
f 765/2/537 1086/2/536 250/2/106 82/2/105
f 746/2/504 1085/2/538 1084/2/539 747/2/505
f 60/2/68 81/8/110 1242/1/540 1240/1/507
f 1091/2/541 1087/2/541 450/2/112 451/2/112
f 1086/2/536 762/2/534 747/2/505 1084/2/539
f 747/2/505 762/2/534 735/2/487 728/2/466
f 1059/2/542 743/2/542 1092/2/542 1062/2/542
f 1055/2/543 1105/2/543 1234/2/543 1236/2/543
f 772/2/544 1102/2/545 467/2/116 464/2/116
f 1179/2/546 1177/2/547 774/2/548 829/2/549 1181/2/550
f 827/2/551 550/2/125 99/2/125 826/2/552
f 802/2/553 1106/2/554 1108/2/555 1128/2/556
f 802/2/553 1132/2/557 1107/2/558 1106/2/554
f 1079/2/559 1080/2/560 779/2/561 780/2/562
f 1078/2/523 1079/2/559 780/2/562 1110/2/524
f 779/2/561 1080/2/560 1111/2/563 1109/2/564
f 830/2/531 833/2/526 784/2/525 756/2/532
f 756/2/532 784/2/525 109/2/88 70/2/99
f 1132/2/557 1135/2/514 1112/2/516 1107/2/558
f 1109/2/564 1111/2/563 1114/2/565 1113/2/566
f 775/2/567 963/2/568 781/2/569 786/2/570 777/2/570
f 1266/9/571 1270/9/571 645/10/145 639/10/145
f 1269/10/572 1273/10/572 1117/10/572 1115/10/572
f 1123/2/573 1126/2/573 1239/2/573 1230/2/573
f 741/2/574 1096/2/575 792/2/576 791/2/577
f 1031/2/469 741/2/574 791/2/577 790/2/578
f 726/2/465 1031/2/469 790/2/578 746/2/504
f 1241/1/506 1243/11/579 120/2/153 59/2/69
f 746/2/504 790/2/578 1119/2/580 1085/2/538
f 790/2/578 791/2/577 1120/2/581 1119/2/580
f 1094/2/582 95/2/160 122/2/159 793/2/583
f 1095/2/584 1094/2/582 793/2/583 792/2/576
f 906/2/585 793/2/583 122/2/159 254/2/163
f 1120/2/581 792/2/576 793/2/583 906/2/585
f 792/2/576 1120/2/581 791/2/577
f 1125/2/586 1122/2/586 1102/2/545 772/2/544 1097/2/586
f 1127/2/587 771/2/587 1056/2/499 1054/2/498
f 1067/2/588 1098/2/589 1100/2/589 1232/2/590
f 1104/2/502 1018/2/495 1068/2/591
f 1004/2/592 710/2/593 1134/2/594 1133/2/592
f 708/2/595 709/2/596 804/2/596 1136/2/597
f 708/2/595 1136/2/597 1129/2/598 1007/2/598
f 710/2/593 1201/2/599 1134/2/594
f 1069/2/600 1044/2/601 1202/2/602
f 728/2/466 735/2/487 1139/2/486 1032/2/467
f 723/2/457 722/2/603 730/2/603 799/2/604
f 785/2/605 778/2/606 806/2/607 834/2/608
f 778/2/606 758/2/609 805/2/530 806/2/607
f 785/2/605 834/2/608 835/2/610 807/1/611
f 808/2/612 809/2/613 171/2/192 137/2/191
f 807/1/611 835/2/610 809/2/613 808/2/612
f 808/2/612 137/2/191 140/1/195 810/1/614
f 807/1/611 808/2/612 810/1/614 1140/2/615
f 785/2/605 807/1/611 1140/2/615 1141/2/616
f 1140/2/615 810/1/614 1151/2/617 1145/2/618
f 1142/2/619 812/2/619 1144/2/619 1147/2/619
f 810/1/614 140/1/195 551/2/201 1151/2/617
f 1146/2/620 815/2/621 1152/2/622 1155/2/620
f 1148/2/623 814/2/623 1154/2/623 1156/2/623
f 815/2/621 144/2/206 516/2/206 1152/2/622
f 818/2/624 1153/2/625 1160/2/625 1162/2/626
f 1157/2/627 818/2/624 1162/2/626 1177/2/547 1297/2/628
f 816/2/629 148/2/213 524/2/213 1159/2/629
f 779/12/561 964/12/630 776/12/631 734/12/632 780/12/562
f 713/2/633 1130/2/633 1171/2/633 1009/2/633
f 714/2/634 1170/2/634 1167/2/473 715/2/472
f 1108/2/555 1166/2/635 1164/2/636 1128/2/556
f 1143/2/637 1149/2/637 1165/2/637 822/2/637
f 1163/2/638 1161/2/638 1175/2/638
f 819/2/639 152/2/224 540/2/224 1174/2/639
f 821/2/640 825/2/641 1176/2/642
f 825/2/641 159/2/228 98/2/228 1176/2/642
f 1162/2/626 827/2/551 826/2/552 820/2/643
f 1182/2/644 1305/2/644 1304/2/644 1180/2/644
f 1177/2/547 1162/2/626 820/2/643 774/2/548
f 754/2/645 783/2/646 833/2/526 830/2/531
f 754/2/645 830/2/531 832/2/529 761/2/647
f 761/2/647 832/2/529 805/2/530 758/2/609
f 805/13/530 759/13/528 836/13/648 837/13/649
f 171/13/192 809/13/613 841/14/650 178/14/236
f 834/13/608 806/13/607 838/13/651 839/14/652
f 809/13/613 835/13/610 840/13/653 841/14/650
f 806/13/607 805/13/530 837/13/649 838/13/651
f 835/13/610 834/13/608 839/14/652 840/13/653
f 759/13/528 74/13/93 172/13/241 836/13/648
f 1113/2/566 1114/2/565 811/2/654 1166/2/635
f 1108/2/555 1113/2/566 1166/2/635
f 1157/2/627 1297/2/628 1188/2/655 1183/1/655
f 1184/1/656 1189/2/656 1169/2/656 1172/2/656
f 1298/2/657 960/2/657 1185/2/657 1187/2/657
f 765/15/537 82/15/105 559/15/247 844/15/658
f 798/2/659 849/2/660 1194/2/661 801/2/662
f 1191/2/663 1040/2/664 1024/2/459 723/2/457
f 1194/2/661 1193/2/665 800/2/666 801/2/662
f 1195/2/667 846/2/668 1052/2/669 1048/2/667
f 1193/2/665 851/2/670 852/2/670 1200/2/670 1191/2/663 723/2/457 799/2/604 800/2/666
f 1045/2/671 845/2/672 1073/2/672 1190/2/673
f 1044/2/601 1045/2/671 1190/2/673 1202/2/602
f 847/2/674 850/2/674 1204/2/674 1075/2/674
f 846/2/668 848/2/675 1052/2/669
f 1049/2/676 1076/2/676 858/2/676 860/2/676
f 1070/2/512 1218/2/511 1220/2/677 748/2/677
f 711/2/449 1070/2/512 853/2/678 1005/2/450
f 863/2/679 864/2/680 738/2/681 750/2/682
f 857/2/683 863/2/679 750/2/682 855/2/684
f 859/2/685 856/2/686 863/2/679 857/2/683
f 856/2/686 1194/2/661 864/2/680 863/2/679
f 865/2/687 864/2/680 1194/2/661 849/2/660
f 854/2/688 738/2/681 864/2/680 865/2/687
f 1134/2/594 1201/2/599 854/2/688 865/2/687
f 849/2/660 798/2/659 865/2/687
f 755/18/691 780/18/562 873/18/692 872/18/693
f 751/18/490 1208/18/694 1207/18/695 1206/18/696
f 780/18/562 734/18/632 868/18/697 873/18/692
f 782/18/521 755/18/691 872/18/693 874/18/698
f 734/18/632 876/18/515 875/18/699 868/18/697
f 752/18/700 782/18/521 874/18/698 870/18/701
f 875/18/699 876/18/515 751/18/490 1206/18/696
f 831/7/519 944/7/704 1294/20/705 948/7/520
f 776/12/631 964/12/630 963/21/568 775/12/567
f 1219/2/706 1211/6/706 1209/6/706 1224/2/706
f 882/2/707 878/2/708 887/2/709 1227/2/710
f 883/2/711 882/2/707 1227/2/710
f 1221/2/493 1217/2/509 1205/2/508 1071/2/712 1046/2/492
f 885/6/713 880/2/714 1222/2/715 1210/6/713
f 1220/2/677 1213/2/480 736/2/479 748/2/677
f 1228/2/716 1215/3/482 1214/2/481 891/2/717
f 1223/2/718 892/6/719 889/2/720
f 1225/2/721 1223/2/718 889/2/720 1226/22/722
f 1226/22/722 1228/2/716 891/2/717 1225/2/721
f 877/2/723 881/2/724 890/2/725 886/22/726
f 878/2/708 879/2/727 888/2/727 887/2/709
f 881/2/724 884/3/728 890/2/725
f 880/2/714 877/2/723 886/22/726 1222/2/715
f 861/2/320 238/2/320 239/2/321 862/2/321
f 725/2/322 235/2/322 236/2/323 737/2/323
f 749/2/323 237/2/323 238/2/320 861/2/320
f 725/2/322 983/2/324 300/2/324 235/2/322
f 862/2/321 239/2/321 234/2/325 712/2/325
f 712/2/325 234/2/325 301/2/326 994/2/326
f 737/2/323 236/2/323 237/2/323 749/2/323
f 742/2/729 1063/6/729 894/2/729 770/2/729 1124/2/729 1099/2/729 745/2/729
f 893/2/730 895/1/730 1093/2/730 1088/2/730 768/2/730
f 796/2/736 794/2/736 896/2/736 901/2/736
f 795/2/737 740/2/737 900/2/737 898/2/737
f 797/2/738 1067/2/588 1232/2/590 899/2/738
f 81/8/110 250/2/106 1086/2/536 1242/1/540
f 903/1/739 767/2/740 904/2/741 766/1/742
f 764/1/743 902/2/743 767/2/740 903/1/739
f 766/1/742 904/2/741 905/2/744 919/11/745
f 1244/1/746 906/2/585 254/2/163 614/2/345
f 1245/2/747 1121/2/747 906/2/585 1244/1/746
f 919/11/745 905/2/744 787/2/748 1246/2/748
f 744/24/749 1250/24/749 1248/24/749 1089/24/749
f 769/24/750 1247/24/750 621/24/350 88/24/350
f 908/24/751 1253/24/751 1252/24/751 1249/24/751
f 909/24/752 1251/24/752 625/24/353 258/24/353
f 910/25/753 912/25/754 911/25/755
f 911/25/755 912/25/754 263/25/357 261/25/357
f 1158/2/756 1254/2/756 1256/2/756 1150/2/756
f 813/2/757 1257/2/757 1262/2/758 824/2/759
f 1173/2/762 1261/2/762 918/1/763 842/1/764
f 842/1/764 918/1/763 913/2/765 817/2/765
f 824/2/759 1262/2/758 1259/2/766 1131/2/766
f 803/2/767 915/2/767 916/2/767 823/2/767
f 753/18/768 752/18/700 870/18/701 871/18/703
f 271/2/371 120/2/153 1243/11/579 1267/11/769
f 1268/2/770 920/1/770 114/2/374 642/2/374
f 1116/2/771 907/2/772 920/1/770 1268/2/770
f 1267/11/769 1243/11/579 907/2/772 1116/2/771
f 1271/9/773 1118/10/774 276/10/379 278/10/378
f 1118/10/774 1272/10/775 648/10/381 276/10/379
f 921/10/776 922/10/776 923/9/776 789/9/776
f 273/10/384 279/10/384 924/10/777 788/10/777
f 996/2/386 1274/2/386 934/2/386 985/2/386
f 977/2/387 1276/2/387 930/2/387 975/2/387
f 998/1/388 1278/1/388 939/2/388 704/2/388
f 980/2/389 1279/2/389 931/2/389 696/2/389
f 1000/2/390 1280/2/390 940/1/390 705/1/390
f 982/2/391 1281/2/391 932/2/391 697/2/391
f 966/2/392 1282/2/392 1283/2/392 968/2/392
f 707/2/778 942/2/779 941/2/391 706/2/391
f 699/2/392 1275/2/392 1284/2/392 987/2/392
f 691/2/396 926/2/396 1285/2/396 970/2/396
f 672/2/397 933/2/399 698/2/780
f 700/2/400 935/2/400 1286/2/400 989/2/400
f 692/2/401 927/2/401 1287/2/401 972/2/401
f 701/2/402 936/2/402 1288/2/402 991/2/402
f 693/2/403 928/2/403 929/2/403 694/2/403
f 993/2/781 938/2/408 673/2/407
f 702/2/409 937/2/409 1289/2/409 703/2/409
f 695/2/386 1277/2/386 925/2/386 690/2/386
f 751/2/490 1042/2/488 1290/2/782 1208/2/694
f 739/2/783 1083/2/783 1292/2/783
f 783/2/646 944/2/704 831/2/519 833/2/526
f 752/2/700 1293/2/784 1077/2/522 782/2/521
f 1082/15/785 765/15/537 844/15/658 945/15/786
f 1291/15/787 763/15/788 945/15/786
f 753/2/768 943/2/789 947/2/789 1293/2/784 752/2/700
f 306/7/418 69/7/89 757/7/518 946/7/517
f 1035/2/790 1309/2/790 1310/2/791 1300/2/792
f 949/2/793 1186/2/793 1295/2/793 1168/2/793
f 1301/2/794 843/2/795 733/2/796 1036/2/794
f 1181/2/550 829/2/549 1299/2/797 952/2/798
f 959/2/799 962/2/800 1296/2/801
f 1178/2/802 956/2/803 1307/2/804 950/2/802
f 828/2/805 1303/2/805 1302/2/805 773/2/805
f 1300/2/792 1310/2/791 1306/2/806 951/2/806
f 732/2/807 958/2/807 1308/2/807 953/2/807
f 962/2/800 955/2/808 957/2/809 954/2/810
f 1307/2/804 956/2/803 955/2/808 962/2/800 959/2/799
f 1296/2/801 962/2/800 954/2/810 961/2/811
f 964/12/630 779/12/561 781/12/569 963/21/568
f 1312/30/812 1313/30/813 1314/30/814 1315/30/815 1316/30/816 1311/30/817
f 1317/30/818 1329/30/819 1330/30/820 1318/30/821
f 1316/30/816 1328/30/822 1324/30/823 1311/30/817
f 1314/30/814 1326/30/819 1327/30/820 1315/30/815
f 1312/30/812 1323/30/824 1325/30/825 1313/30/813
f 1315/30/815 1327/30/820 1328/30/822 1316/30/816
f 1313/30/813 1325/30/825 1326/30/819 1314/30/814
f 1311/30/817 1324/30/823 1323/30/824 1312/30/812
f 1318/30/821 1323/30/824 1324/30/823 1317/30/818
f 1319/30/826 1325/30/825 1323/30/824 1318/30/821
f 1320/30/827 1326/30/819 1325/30/825 1319/30/826
f 1321/30/828 1327/30/820 1326/30/819 1320/30/827
f 1322/30/829 1328/30/822 1327/30/820 1321/30/828
f 1317/30/818 1324/30/823 1328/30/822 1322/30/829
f 1330/31/820 1329/31/819 1334/31/825 1333/31/824 1332/31/823 1331/31/822
f 1322/30/829 1334/30/825 1329/30/819 1317/30/818
f 1320/30/827 1332/30/823 1333/30/824 1321/30/828
f 1318/30/821 1330/30/820 1331/30/822 1319/30/826
f 1321/30/828 1333/30/824 1334/30/825 1322/30/829
f 1319/30/826 1331/30/822 1332/30/823 1320/30/827
f 1354/32/830 1357/32/831 1336/32/832
f 1337/32/833 1336/32/832 1357/32/831 1356/32/834
f 1338/32/835 1347/32/836 1351/32/837 1335/32/838
f 1335/32/838 1341/32/839 1355/32/840 1354/32/830 1336/32/832
f 1342/33/841 1340/33/842 1352/33/843 1345/33/844 1346/33/845 1344/33/846 1353/33/847
f 1339/32/848 1349/32/849 1347/32/836 1338/32/835
f 1338/32/835 1335/32/838 1336/32/832 1337/32/833
f 1337/32/833 1360/32/850 1359/32/851 1339/32/848 1338/32/835
f 1339/32/848 1359/32/851 1358/32/852 1343/32/853
f 1343/32/853 1358/32/852 1355/32/840 1341/32/839
f 1348/32/854 1350/32/855 1351/32/837 1347/32/836
f 1349/32/849 1348/32/854 1347/32/836
f 1341/32/839 1350/32/855 1348/32/854 1343/32/853
f 1343/32/853 1348/32/854 1349/32/849 1339/32/848
f 1335/32/838 1351/32/837 1350/32/855 1341/32/839
f 1337/32/833 1356/32/834 1360/32/850
f 1352/32/843 1354/32/830 1355/32/840 1345/32/844
f 1342/32/841 1356/32/834 1357/32/831 1340/32/842
f 1346/32/845 1358/32/852 1359/32/851 1344/32/846
f 1353/32/847 1360/32/850 1356/32/834 1342/32/841
f 1345/32/844 1355/32/840 1358/32/852 1346/32/845
f 1340/32/842 1357/32/831 1354/32/830 1352/32/843
f 1344/32/846 1359/32/851 1360/32/850 1353/32/847
f 1380/32/856 1362/32/857 1383/32/858
f 1363/32/859 1382/32/860 1383/32/858 1362/32/857
f 1364/32/861 1361/32/862 1377/32/863 1373/32/864
f 1361/32/862 1362/32/857 1380/32/856 1381/32/865 1367/32/866
f 1368/33/867 1379/33/868 1370/33/869 1372/33/870 1371/33/871 1378/33/872 1366/33/873
f 1365/32/874 1364/32/861 1373/32/864 1375/32/875
f 1364/32/861 1363/32/859 1362/32/857 1361/32/862
f 1363/32/859 1364/32/861 1365/32/874 1385/32/876 1386/32/877
f 1365/32/874 1369/32/878 1384/32/879 1385/32/876
f 1369/32/878 1367/32/866 1381/32/865 1384/32/879
f 1374/32/880 1373/32/864 1377/32/863 1376/32/881
f 1375/32/875 1373/32/864 1374/32/880
f 1367/32/866 1369/32/878 1374/32/880 1376/32/881
f 1369/32/878 1365/32/874 1375/32/875 1374/32/880
f 1361/32/862 1367/32/866 1376/32/881 1377/32/863
f 1363/32/859 1386/32/877 1382/32/860
f 1378/32/872 1371/32/871 1381/32/865 1380/32/856
f 1368/32/867 1366/32/873 1383/32/858 1382/32/860
f 1372/32/870 1370/32/869 1385/32/876 1384/32/879
f 1379/32/868 1368/32/867 1382/32/860 1386/32/877
f 1371/32/871 1372/32/870 1384/32/879 1381/32/865
f 1366/32/873 1378/32/872 1380/32/856 1383/32/858
f 1370/32/869 1379/32/868 1386/32/877 1385/32/876
f 1388/34/882 1387/34/883 1390/34/884 1389/34/885 1394/34/886 1393/34/887 1391/34/888 1392/34/889
f 1396/35/890 1400/35/891 1399/35/892 1401/35/893 1402/35/894 1397/35/895 1398/35/896 1395/35/897
f 1393/34/887 1401/34/893 1399/34/892 1391/34/888
f 1389/34/885 1397/34/895 1402/34/894 1394/34/886
f 1387/34/883 1395/34/897 1398/34/896 1390/34/884
f 1392/34/889 1400/34/891 1396/34/890 1388/34/882
f 1391/34/888 1399/34/892 1400/34/891 1392/34/889
f 1394/34/886 1402/34/894 1401/34/893 1393/34/887
f 1390/34/884 1398/34/896 1397/34/895 1389/34/885
f 1388/34/882 1396/34/890 1395/34/897 1387/34/883
f 1409/36/898 1404/36/899 1406/36/900 1410/36/901
f 1403/36/902 1407/36/903 1408/36/904 1405/36/905
f 1407/36/903 1409/36/898 1410/36/901 1408/36/904
f 1413/36/906 1418/36/907 1415/36/908 1414/36/909
f 1412/36/910 1411/36/911 1416/36/912 1417/36/913
f 1417/36/913 1416/36/912 1418/36/907 1413/36/906
f 1404/36/899 1414/36/909 1415/36/908 1406/36/900
f 1405/36/905 1411/36/911 1412/36/910 1403/36/902
f 1407/36/903 1417/36/913 1413/36/906 1409/36/898
f 1409/36/898 1413/36/906 1414/36/909 1404/36/899
f 1403/36/902 1412/36/910 1417/36/913 1407/36/903
f 1424/37/914 1423/37/915 1421/37/916 1419/37/917
f 1429/37/918 1433/37/919 1432/37/920 1428/37/921
f 1426/37/922 1425/37/923 1420/37/924 1422/37/925
f 1427/37/926 1431/37/927 1434/37/928 1430/37/929
f 1428/37/921 1432/37/920 1431/37/927 1427/37/926
f 1420/37/924 1419/37/917 1432/37/920 1433/37/919
f 1430/37/929 1434/37/928 1433/37/919 1429/37/918
f 1422/37/925 1434/37/928 1431/37/927 1421/37/916
f 1426/37/922 1430/37/929 1429/37/918 1425/37/923
f 1423/37/915 1427/37/926 1430/37/929 1426/37/922
f 1421/37/916 1431/37/927 1432/37/920 1419/37/917
f 1425/37/923 1429/37/918 1428/37/921 1424/37/914
f 1424/37/914 1428/37/921 1427/37/926 1423/37/915
f 1421/37/916 1423/37/915 1426/37/922 1422/37/925
f 1420/37/924 1433/37/919 1434/37/928 1422/37/925
f 1420/37/924 1425/37/923 1424/37/914 1419/37/917
f 1452/37/930 1451/37/931 1435/37/932 1436/37/933
f 1446/37/934 1445/37/935 1447/37/936 1448/37/937
f 1439/37/938 1440/37/939 1442/37/940 1441/37/941
f 1454/37/942 1444/37/943 1443/37/944 1453/37/945
f 1437/37/946 1439/37/938 1447/37/936 1445/37/935
f 1447/37/936 1449/37/947 1450/37/948 1448/37/937
f 1452/37/930 1454/37/942 1446/37/934 1438/37/949
f 1442/37/940 1450/37/948 1449/37/947 1441/37/941
f 1435/37/932 1456/37/950 1458/37/951 1443/37/944
f 1441/37/941 1449/37/947 1447/37/936 1439/37/938
f 1435/37/932 1443/37/944 1444/37/943 1436/37/933
f 1438/37/949 1446/37/934 1448/37/937 1440/37/939
f 1440/37/939 1448/37/937 1450/37/948 1442/37/940
f 1437/37/946 1445/37/935 1453/37/945 1451/37/931
f 1436/37/933 1444/37/943 1454/37/942 1452/37/930
f 1446/37/934 1454/37/942 1453/37/945 1445/37/935
f 1438/37/949 1437/37/946 1451/37/931 1452/37/930
f 1455/37/952 1457/37/953 1458/37/951 1456/37/950
f 1443/37/944 1458/37/951 1457/37/953 1453/37/945
f 1451/37/931 1455/37/952 1456/37/950 1435/37/932
f 1453/37/945 1457/37/953 1455/37/952 1451/37/931
f 1437/37/946 1438/37/949 1440/37/939 1439/37/938
f 1460/34/890 1464/34/891 1463/34/892 1465/34/893 1466/34/894 1461/34/895 1462/34/896 1459/34/897
f 1468/35/882 1467/35/883 1470/35/884 1469/35/885 1474/35/886 1473/35/887 1471/35/888 1472/35/889
f 1465/34/893 1463/34/892 1471/34/888 1473/34/887
f 1461/34/895 1466/34/894 1474/34/886 1469/34/885
f 1459/34/897 1462/34/896 1470/34/884 1467/34/883
f 1464/34/891 1460/34/890 1468/34/882 1472/34/889
f 1463/34/892 1464/34/891 1472/34/889 1471/34/888
f 1466/34/894 1465/34/893 1473/34/887 1474/34/886
f 1462/34/896 1461/34/895 1469/34/885 1470/34/884
f 1460/34/890 1459/34/897 1467/34/883 1468/34/882
f 1478/36/954 1410/36/901 1406/36/900 1476/36/955
f 1475/36/956 1405/36/905 1408/36/904 1477/36/957
f 1477/36/957 1408/36/904 1410/36/901 1478/36/954
f 1480/36/958 1481/36/959 1415/36/908 1418/36/907
f 1479/36/960 1482/36/961 1416/36/912 1411/36/911
f 1482/36/961 1480/36/958 1418/36/907 1416/36/912
f 1476/36/955 1406/36/900 1415/36/908 1481/36/959
f 1405/36/905 1475/36/956 1479/36/960 1411/36/911
f 1477/36/957 1478/36/954 1480/36/958 1482/36/961
f 1478/36/954 1476/36/955 1481/36/959 1480/36/958
f 1475/36/956 1477/36/957 1482/36/961 1479/36/960
f 1488/37/962 1483/37/920 1485/37/927 1487/37/963
f 1493/37/964 1492/37/965 1496/37/917 1497/37/924
f 1490/37/966 1486/37/928 1484/37/919 1489/37/967
f 1491/37/968 1494/37/969 1498/37/925 1495/37/916
f 1492/37/965 1491/37/968 1495/37/916 1496/37/917
f 1484/37/919 1497/37/924 1496/37/917 1483/37/920
f 1494/37/969 1493/37/964 1497/37/924 1498/37/925
f 1486/37/928 1485/37/927 1495/37/916 1498/37/925
f 1490/37/966 1489/37/967 1493/37/964 1494/37/969
f 1487/37/963 1490/37/966 1494/37/969 1491/37/968
f 1485/37/927 1483/37/920 1496/37/917 1495/37/916
f 1489/37/967 1488/37/962 1492/37/965 1493/37/964
f 1488/37/962 1487/37/963 1491/37/968 1492/37/965
f 1485/37/927 1486/37/928 1490/37/966 1487/37/963
f 1484/37/919 1486/37/928 1498/37/925 1497/37/924
f 1484/37/919 1483/37/920 1488/37/962 1489/37/967
f 1516/37/942 1500/37/943 1499/37/944 1515/37/945
f 1510/37/949 1512/37/939 1511/37/938 1509/37/946
f 1503/37/936 1505/37/947 1506/37/948 1504/37/937
f 1518/37/930 1517/37/931 1507/37/932 1508/37/933
f 1501/37/935 1509/37/946 1511/37/938 1503/37/936
f 1511/37/938 1512/37/939 1514/37/940 1513/37/941
f 1516/37/942 1502/37/934 1510/37/949 1518/37/930
f 1506/37/948 1505/37/947 1513/37/941 1514/37/940
f 1499/37/944 1507/37/932 1522/37/950 1520/37/951
f 1505/37/947 1503/37/936 1511/37/938 1513/37/941
f 1499/37/944 1500/37/943 1508/37/933 1507/37/932
f 1502/37/934 1504/37/937 1512/37/939 1510/37/949
f 1504/37/937 1506/37/948 1514/37/940 1512/37/939
f 1501/37/935 1515/37/945 1517/37/931 1509/37/946
f 1500/37/943 1516/37/942 1518/37/930 1508/37/933
f 1510/37/949 1509/37/946 1517/37/931 1518/37/930
f 1502/37/934 1516/37/942 1515/37/945 1501/37/935
f 1519/37/953 1520/37/951 1522/37/950 1521/37/952
f 1507/37/932 1517/37/931 1521/37/952 1522/37/950
f 1515/37/945 1499/37/944 1520/37/951 1519/37/953
f 1517/37/931 1515/37/945 1519/37/953 1521/37/952
f 1501/37/935 1503/37/936 1504/37/937 1502/37/934
f 1523/38/399 1524/38/970 1527/38/971 1526/38/972
f 1524/38/970 1525/38/973 1528/38/974 1527/38/971
f 1525/38/973 1523/38/399 1526/38/972 1528/38/974
f 1526/38/972 1527/38/971 1530/38/975 1529/38/976
f 1527/38/971 1528/38/974 1531/38/977 1530/38/975
f 1528/38/974 1526/38/972 1529/38/976 1531/38/977
f 1529/38/976 1530/38/975 1533/38/978 1532/38/357
f 1530/38/975 1531/38/977 1534/38/979 1533/38/978
f 1531/38/977 1529/38/976 1532/38/357 1534/38/979
f 1532/38/357 1533/38/978 1536/38/980 1535/38/981
f 1533/38/978 1534/38/979 1537/38/982 1536/38/980
f 1534/38/979 1532/38/357 1535/38/981 1537/38/982
f 1535/38/981 1536/38/980 1539/38/983 1538/38/984
f 1536/38/980 1537/38/982 1540/38/985 1539/38/983
f 1537/38/982 1535/38/981 1538/38/984 1540/38/985
f 1538/38/984 1539/38/983 1524/38/970 1523/38/399
f 1539/38/983 1540/38/985 1525/38/973 1524/38/970
f 1540/38/985 1538/38/984 1523/38/399 1525/38/973
f 1566/39/986 1563/39/987 1548/39/988 1543/39/989
f 1561/39/990 1627/39/991 1609/39/992 1541/39/992
f 1570/39/993 1571/39/994 1549/39/995 1544/39/996
f 1577/39/997 1578/39/998 1630/39/999 1542/39/1000
f 1607/39/1001 1567/39/1002 1553/39/1003 1611/39/1004
f 1562/39/1005 1556/39/1006 1551/39/1007 1608/39/1008
f 1610/39/1009 1572/39/1010 1615/39/1011 1606/39/1012
f 1629/39/1013 1632/39/1014 1631/39/1015 1547/39/1015
f 1572/39/1010 1617/39/1016 1621/39/1017 1615/39/1011
f 1567/39/1002 1568/39/1018 1619/39/1019 1553/39/1003
f 1568/39/1018 1622/39/1020 1626/39/1021 1619/39/1019
f 1565/39/1022 1624/39/1023 1556/39/1006 1562/39/1005
f 1564/39/1024 1603/39/1025 1627/39/991 1561/39/990
f 1545/39/1026 1604/39/1027 1603/39/1025 1564/39/1024
f 1550/39/1028 1628/39/1028 1624/39/1023 1565/39/1022
f 1556/39/1006 1624/39/1023 1622/39/1020 1568/39/1018
f 1551/39/1007 1556/39/1006 1568/39/1018 1567/39/1002
f 1608/39/1008 1551/39/1007 1567/39/1002 1607/39/1001
f 1612/39/1029 1546/39/1030 1563/39/987 1566/39/986
f 1553/39/1003 1619/39/1019 1617/39/1016 1572/39/1010
f 1611/39/1004 1553/39/1003 1572/39/1010 1610/39/1009
f 1543/39/989 1548/39/988 1571/39/994 1570/39/993
f 1606/39/1012 1615/39/1011 1613/39/1031 1605/39/1032
f 1544/39/996 1549/39/995 1575/39/1033 1574/39/1034
f 1605/39/1032 1613/39/1031 1632/39/1014 1629/39/1013
f 1574/39/1034 1575/39/1033 1578/39/998 1577/39/997
f 1613/39/1031 1644/39/1035 1642/39/1035 1632/39/1014
f 1617/39/1016 1640/39/1036 1638/39/1036 1621/39/1017
f 1622/39/1020 1636/39/1037 1634/39/1037 1626/39/1021
f 1633/39/1038 1646/39/1038 1586/39/1038 1552/39/1038
f 1618/39/1039 1594/39/1039 1600/39/1039 1641/39/1039
f 1558/39/1040 1590/39/1041 1587/39/1042 1616/39/1042
f 1639/39/1043 1597/39/1043 1590/39/1041 1558/39/1040
f 1623/39/1044 1593/39/1045 1599/39/1044 1637/39/1044
f 1625/39/1046 1653/39/1046 1651/39/1046 1569/39/1046
f 1582/39/1038 1652/39/1038 1654/39/1038 1635/39/1038
f 1581/39/1047 1598/39/1047 1592/39/1048 1560/39/1049
f 1583/39/1038 1648/39/1038 1650/39/1038 1580/39/1038
f 1554/39/1038 1649/39/1038 1655/39/1038 1614/39/1038
f 1645/39/1038 1656/39/1038 1657/39/1038 1643/39/1038
f 1560/39/1049 1592/39/1048 1589/39/1050 1620/39/1050
f 1555/39/1051 1588/39/1052 1591/39/1053 1559/39/1053
f 1576/39/1054 1595/39/1054 1601/39/1054 1584/39/1054
f 1557/39/1038 1658/39/1038 1647/39/1038 1573/39/1038
f 1585/39/1055 1602/39/1055 1596/39/1055 1579/39/1055
f 1681/39/1056 1660/39/1057 1664/39/1058 1678/39/1059
f 1676/39/1060 1659/39/1061 1723/39/1061 1741/39/1062
f 1685/39/1063 1661/39/1064 1665/39/1065 1686/39/1066
f 1692/39/1067 1542/39/1000 1630/39/999 1693/39/1068
f 1721/39/1069 1725/39/1070 1668/39/1071 1682/39/1072
f 1677/39/1073 1722/39/1074 1667/39/1075 1671/39/1076
f 1724/39/1077 1720/39/1078 1729/39/1079 1687/39/1080
f 1743/39/1081 1547/39/1015 1631/39/1015 1744/39/1082
f 1687/39/1080 1729/39/1079 1735/39/1083 1731/39/1084
f 1682/39/1072 1668/39/1071 1733/39/1085 1683/39/1086
f 1683/39/1086 1733/39/1085 1740/39/1087 1736/39/1088
f 1680/39/1089 1677/39/1073 1671/39/1076 1738/39/1090
f 1679/39/1091 1676/39/1060 1741/39/1062 1717/39/1092
f 1662/39/1093 1679/39/1091 1717/39/1092 1718/39/1094
f 1666/39/1095 1680/39/1089 1738/39/1090 1742/39/1095
f 1671/39/1076 1683/39/1086 1736/39/1088 1738/39/1090
f 1667/39/1075 1682/39/1072 1683/39/1086 1671/39/1076
f 1722/39/1074 1721/39/1069 1682/39/1072 1667/39/1075
f 1726/39/1096 1681/39/1056 1678/39/1059 1663/39/1097
f 1668/39/1071 1687/39/1080 1731/39/1084 1733/39/1085
f 1725/39/1070 1724/39/1077 1687/39/1080 1668/39/1071
f 1660/39/1057 1685/39/1063 1686/39/1066 1664/39/1058
f 1720/39/1078 1719/39/1098 1727/39/1099 1729/39/1079
f 1661/39/1064 1689/39/1100 1690/39/1101 1665/39/1065
f 1719/39/1098 1743/39/1081 1744/39/1082 1727/39/1099
f 1689/39/1100 1692/39/1067 1693/39/1068 1690/39/1101
f 1727/39/1099 1744/39/1082 1754/39/1102 1756/39/1102
f 1731/39/1084 1735/39/1083 1750/39/1103 1752/39/1103
f 1736/39/1088 1740/39/1087 1746/39/1104 1748/39/1104
f 1745/39/1038 1552/39/1038 1586/39/1038 1758/39/1038
f 1732/39/1105 1753/39/1105 1714/39/1105 1708/39/1105
f 1673/39/1106 1730/39/1107 1701/39/1107 1704/39/1108
f 1751/39/1109 1673/39/1106 1704/39/1108 1711/39/1109
f 1737/39/1110 1749/39/1110 1713/39/1110 1707/39/1110
f 1739/39/1111 1684/39/1111 1763/39/1111 1765/39/1111
f 1697/39/1038 1747/39/1038 1766/39/1038 1764/39/1038
f 1696/39/1112 1675/39/1113 1706/39/1114 1712/39/1112
f 1698/39/1038 1695/39/1038 1762/39/1038 1760/39/1038
f 1669/39/1038 1728/39/1038 1767/39/1038 1761/39/1038
f 1757/39/1038 1755/39/1038 1769/39/1038 1768/39/1038
f 1675/39/1113 1734/39/1115 1703/39/1115 1706/39/1114
f 1670/39/1116 1702/39/1116 1705/39/1116 1674/39/1116
f 1691/39/1117 1699/39/1117 1715/39/1117 1709/39/1117
f 1672/39/1038 1688/39/1038 1759/39/1038 1770/39/1038
f 1700/39/1118 1694/39/1118 1710/39/1118 1716/39/1118
f 1772/40/1119 1771/40/1120 1778/40/1121 1777/40/1122 1776/40/1123 1775/40/1124 1774/40/1125 1773/40/1126
f 1779/41/1127 1781/41/1128 1782/41/1129 1783/41/1130 1784/41/1131 1785/41/1132 1786/41/1133 1780/41/1134
f 1777/40/1122 1778/40/1121 1794/40/1135 1793/40/1136
f 1775/40/1124 1776/40/1123 1792/40/1137 1791/40/1138
f 1773/40/1126 1774/40/1125 1790/40/1139 1789/40/1140
f 1771/40/1120 1772/40/1119 1787/40/1141 1788/40/1142
f 1778/40/1121 1771/40/1120 1788/40/1142 1794/40/1135
f 1776/40/1123 1777/40/1122 1793/40/1136 1792/40/1137
f 1774/40/1125 1775/40/1124 1791/40/1138 1790/40/1139
f 1772/40/1119 1773/40/1126 1789/40/1140 1787/40/1141
f 1779/40/1127 1780/40/1134 1788/40/1142 1787/40/1141
f 1781/40/1128 1779/40/1127 1787/40/1141 1789/40/1140
f 1782/40/1129 1781/40/1128 1789/40/1140 1790/40/1139
f 1783/40/1130 1782/40/1129 1790/40/1139 1791/40/1138
f 1784/40/1131 1783/40/1130 1791/40/1138 1792/40/1137
f 1785/40/1132 1784/40/1131 1792/40/1137 1793/40/1136
f 1786/40/1133 1785/40/1132 1793/40/1136 1794/40/1135
f 1780/40/1134 1786/40/1133 1794/40/1135 1788/40/1142
f 1813/42/1143 1812/43/1144 1798/43/1145 1800/43/1146
f 1814/43/1147 1813/42/1143 1800/43/1146 1801/43/1148
f 1811/43/1149 1814/43/1147 1801/43/1148 1797/43/1150
f 1817/44/1151 1808/43/1152 1806/43/1153 1816/43/1154
f 1818/43/1155 1809/43/1156 1808/43/1152 1817/44/1151
f 1815/43/1157 1805/43/1158 1809/43/1156 1818/43/1155
f 1800/43/1146 1808/43/1152 1809/43/1156 1801/43/1148
f 1798/43/1145 1806/43/1153 1808/43/1152 1800/43/1146
f 1801/43/1148 1809/43/1156 1805/43/1158 1797/43/1150
f 1799/45/1159 1807/45/1160 1804/45/1161 1796/45/1162
f 1795/45/1163 1803/45/1164 1810/45/1165 1802/45/1166
f 1802/45/1166 1810/45/1165 1807/45/1160 1799/45/1159
f 1812/43/1144 1816/43/1154 1806/43/1153 1798/43/1145
f 1811/45/1149 1815/45/1157 1803/45/1164 1795/45/1163
f 1797/43/1150 1805/43/1158 1815/43/1157 1811/43/1149
f 1796/45/1162 1804/45/1161 1816/45/1154 1812/45/1144
f 1803/45/1164 1815/45/1157 1818/45/1155 1810/45/1165
f 1810/45/1165 1818/45/1155 1817/46/1151 1807/45/1160
f 1807/45/1160 1817/46/1151 1816/45/1154 1804/45/1161
f 1795/45/1163 1802/45/1166 1814/45/1147 1811/45/1149
f 1802/45/1166 1799/45/1159 1813/47/1143 1814/45/1147
f 1799/45/1159 1796/45/1162 1812/45/1144 1813/47/1143
f 1837/42/1167 1836/43/1168 1822/43/1169 1824/43/1170
f 1838/43/1171 1837/42/1167 1824/43/1170 1825/43/1172
f 1835/43/1173 1838/43/1171 1825/43/1172 1821/43/1174
f 1841/44/1175 1832/43/1176 1830/43/1177 1840/43/1178
f 1842/43/1179 1833/43/1180 1832/43/1176 1841/44/1175
f 1839/43/1181 1829/43/1182 1833/43/1180 1842/43/1179
f 1824/43/1170 1832/43/1176 1833/43/1180 1825/43/1172
f 1822/43/1169 1830/43/1177 1832/43/1176 1824/43/1170
f 1825/43/1172 1833/43/1180 1829/43/1182 1821/43/1174
f 1823/45/1183 1831/45/1184 1828/45/1185 1820/45/1186
f 1819/45/1187 1827/45/1188 1834/45/1189 1826/45/1190
f 1826/45/1190 1834/45/1189 1831/45/1184 1823/45/1183
f 1836/43/1168 1840/43/1178 1830/43/1177 1822/43/1169
f 1835/45/1173 1839/45/1181 1827/45/1188 1819/45/1187
f 1821/43/1174 1829/43/1182 1839/43/1181 1835/43/1173
f 1820/45/1186 1828/45/1185 1840/45/1178 1836/45/1168
f 1827/45/1188 1839/45/1181 1842/45/1179 1834/45/1189
f 1834/45/1189 1842/45/1179 1841/46/1175 1831/45/1184
f 1831/45/1184 1841/46/1175 1840/45/1178 1828/45/1185
f 1819/45/1187 1826/45/1190 1838/45/1171 1835/45/1173
f 1826/45/1190 1823/45/1183 1837/47/1167 1838/45/1171
f 1823/45/1183 1820/45/1186 1836/45/1168 1837/47/1167
f 1861/42/1191 1848/43/1192 1846/43/1193 1860/43/1194
f 1862/43/1195 1849/43/1196 1848/43/1192 1861/42/1191
f 1859/43/1197 1845/43/1198 1849/43/1196 1862/43/1195
f 1865/44/1199 1864/43/1200 1854/43/1201 1856/43/1202
f 1866/43/1203 1865/44/1199 1856/43/1202 1857/43/1204
f 1863/43/1205 1866/43/1203 1857/43/1204 1853/43/1206
f 1848/43/1192 1849/43/1196 1857/43/1204 1856/43/1202
f 1846/43/1193 1848/43/1192 1856/43/1202 1854/43/1201
f 1849/43/1196 1845/43/1198 1853/43/1206 1857/43/1204
f 1847/45/1207 1844/45/1208 1852/45/1209 1855/45/1210
f 1843/45/1211 1850/45/1212 1858/45/1213 1851/45/1214
f 1850/45/1212 1847/45/1207 1855/45/1210 1858/45/1213
f 1860/43/1194 1846/43/1193 1854/43/1201 1864/43/1200
f 1859/45/1197 1843/45/1211 1851/45/1214 1863/45/1205
f 1845/43/1198 1859/43/1197 1863/43/1205 1853/43/1206
f 1844/45/1208 1860/45/1194 1864/45/1200 1852/45/1209
f 1851/45/1214 1858/45/1213 1866/45/1203 1863/45/1205
f 1858/45/1213 1855/45/1210 1865/46/1199 1866/45/1203
f 1855/45/1210 1852/45/1209 1864/45/1200 1865/46/1199
f 1843/45/1211 1859/45/1197 1862/45/1195 1850/45/1212
f 1850/45/1212 1862/45/1195 1861/47/1191 1847/45/1207
f 1847/45/1207 1861/47/1191 1860/45/1194 1844/45/1208
f 1885/42/1215 1872/43/1216 1870/43/1217 1884/43/1218
f 1886/43/1219 1873/43/1220 1872/43/1216 1885/42/1215
f 1883/43/1221 1869/43/1222 1873/43/1220 1886/43/1219
f 1889/44/1223 1888/43/1224 1878/43/1225 1880/43/1226
f 1890/43/1227 1889/44/1223 1880/43/1226 1881/43/1228
f 1887/43/1229 1890/43/1227 1881/43/1228 1877/43/1230
f 1872/43/1216 1873/43/1220 1881/43/1228 1880/43/1226
f 1870/43/1217 1872/43/1216 1880/43/1226 1878/43/1225
f 1873/43/1220 1869/43/1222 1877/43/1230 1881/43/1228
f 1871/45/1231 1868/45/1232 1876/45/1233 1879/45/1234
f 1867/45/1235 1874/45/1236 1882/45/1237 1875/45/1238
f 1874/45/1236 1871/45/1231 1879/45/1234 1882/45/1237
f 1884/43/1218 1870/43/1217 1878/43/1225 1888/43/1224
f 1883/45/1221 1867/45/1235 1875/45/1238 1887/45/1229
f 1869/43/1222 1883/43/1221 1887/43/1229 1877/43/1230
f 1868/45/1232 1884/45/1218 1888/45/1224 1876/45/1233
f 1875/45/1238 1882/45/1237 1890/45/1227 1887/45/1229
f 1882/45/1237 1879/45/1234 1889/46/1223 1890/45/1227
f 1879/45/1234 1876/45/1233 1888/45/1224 1889/46/1223
f 1867/45/1235 1883/45/1221 1886/45/1219 1874/45/1236
f 1874/45/1236 1886/45/1219 1885/47/1215 1871/45/1231
f 1871/45/1231 1885/47/1215 1884/45/1218 1868/45/1232
f 1892/48/1239 1894/48/1240 1895/48/1241 1891/48/1239
f 1894/48/1240 1893/49/1242 1896/48/1242 1895/48/1241
f 1898/48/1243 1897/48/1243 1901/48/1244 1900/48/1245
f 1900/48/1245 1901/48/1244 1902/48/1246 1899/49/1246
f 1917/50/1247 1905/51/1247 1914/52/1247 1926/53/1247
f 1918/53/1248 1906/54/1248 1913/55/1248 1925/53/1248
f 1919/53/1249 1907/54/1249 1912/54/1249 1924/56/1249
f 1921/57/1250 1909/58/1250 1911/59/1250 1923/60/1250
f 1920/50/1251 1908/61/1251 1910/59/1251 1922/62/1251
f 1915/63/1252 1903/59/1252 1904/57/1252 1916/57/1252
f 1941/50/1253 1950/53/1253 1938/52/1253 1929/51/1253
f 1942/53/1254 1949/53/1254 1937/55/1254 1930/54/1254
f 1943/53/1255 1948/56/1255 1936/54/1255 1931/54/1255
f 1945/57/1256 1947/60/1256 1935/59/1256 1933/58/1256
f 1944/50/1257 1946/62/1257 1934/59/1257 1932/61/1257
f 1939/63/1258 1940/57/1258 1928/57/1258 1927/59/1258
f 2004/64/1259 1986/65/1259 1984/65/1259 2029/64/1259
f 1995/64/1260 2005/64/1260 1976/64/1260 2002/64/1260
f 1987/65/1261 1988/65/1261 1998/65/1261 1985/65/1261
f 1993/66/1262 1994/64/1262 2003/64/1262 2000/66/1262
f 1989/65/1263 1960/65/1264 2008/65/1264 2010/65/1263
f 1992/66/1265 1990/67/1266 2012/65/1266 2014/66/1265
f 1964/64/1267 1992/66/1265 2014/66/1265 2016/65/1267
f 1996/68/1268 1989/65/1263 2010/65/1263 2018/65/1268
f 1960/65/1264 1966/64/1269 2020/64/1269 2008/65/1264
f 1990/67/1266 2006/69/1270 2022/69/1270 2012/65/1266
f 1966/64/1269 1964/64/1267 2016/65/1267 2020/64/1269
f 2006/69/1270 1996/68/1268 2018/65/1268 2022/69/1270
f 1968/70/1271 2001/71/1272 1973/72/1273 2028/72/1274
f 1968/70/1271 1999/70/1275 2026/73/1276 2030/74/1277
f 2001/71/1272 1968/70/1271 2030/74/1277 2024/75/1278
f 1999/70/1275 1968/70/1271 2028/72/1274 1970/70/1279
f 1961/65/1280 1997/68/1280 2027/68/1280 1969/65/1280
f 1991/67/1281 1963/66/1281 1972/66/1281 2025/67/1281
f 1965/68/1282 2007/69/1282 2031/69/1282 1974/68/1282
f 1967/69/1283 1962/67/1283 1971/67/1283 1975/69/1283
f 2021/64/1284 2017/65/1284 1978/65/1284 1980/64/1284
f 2009/65/1285 1956/64/1285 2032/64/1285 1982/65/1285
f 1953/65/1286 2015/66/1286 1955/66/1286 2033/65/1286
f 2011/65/1287 1958/65/1287 2034/65/1287 2036/65/1287
f 2023/69/1288 2019/65/1288 1979/65/1288 1981/69/1288
f 2013/65/1289 1957/69/1289 2037/69/1289 1983/65/1289
f 1954/65/1290 1952/65/1290 1977/65/1290 2038/65/1290
f 1951/66/1291 1959/65/1291 2039/65/1291 2035/66/1291
f 2093/64/1292 2118/64/1292 2073/65/1292 2075/65/1292
f 2084/64/1293 2091/64/1293 2065/64/1293 2094/64/1293
f 2076/65/1294 2074/65/1294 2087/65/1294 2077/65/1294
f 2082/66/1295 2089/66/1295 2092/64/1295 2083/64/1295
f 2078/65/1296 2099/65/1296 2097/65/1297 2049/65/1297
f 2081/66/1298 2103/66/1298 2101/65/1299 2079/67/1299
f 2053/64/1300 2105/65/1300 2103/66/1298 2081/66/1298
f 2085/68/1301 2107/65/1301 2099/65/1296 2078/65/1296
f 2049/65/1297 2097/65/1297 2109/64/1302 2055/64/1302
f 2079/67/1299 2101/65/1299 2111/69/1303 2095/69/1303
f 2055/64/1302 2109/64/1302 2105/65/1300 2053/64/1300
f 2095/69/1303 2111/69/1303 2107/65/1301 2085/68/1301
f 2057/70/1304 2117/72/1305 2062/72/1306 2090/71/1307
f 2057/70/1304 2119/74/1308 2115/73/1309 2088/70/1310
f 2090/71/1307 2113/75/1311 2119/74/1308 2057/70/1304
f 2088/70/1310 2059/70/1312 2117/72/1305 2057/70/1304
f 2050/65/1313 2058/65/1313 2116/68/1313 2086/68/1313
f 2080/67/1314 2114/67/1314 2061/66/1314 2052/66/1314
f 2054/68/1315 2063/68/1315 2120/69/1315 2096/69/1315
f 2056/69/1316 2064/69/1316 2060/67/1316 2051/67/1316
f 2110/64/1284 2069/64/1284 2067/65/1284 2106/65/1284
f 2098/65/1285 2071/65/1285 2121/64/1285 2045/64/1285
f 2042/65/1286 2122/65/1286 2044/66/1286 2104/66/1286
f 2100/65/1287 2125/65/1287 2123/65/1287 2047/65/1287
f 2112/69/1288 2070/69/1288 2068/65/1288 2108/65/1288
f 2102/65/1289 2072/65/1289 2126/69/1289 2046/69/1289
f 2043/65/1290 2127/65/1290 2066/65/1290 2041/65/1290
f 2040/66/1291 2124/66/1291 2128/65/1291 2048/65/1291
f 2133/76/1317 2132/77/1318 2131/76/1318 2134/78/1319
f 2129/79/1320 2133/76/1317 2134/78/1319 2130/80/1320
f 2139/76/1321 2140/78/1322 2137/76/1323 2138/77/1323
f 2135/79/1324 2136/80/1324 2140/78/1322 2139/76/1321
f 2187/81/1038 2171/81/1038 2163/81/1038 2168/81/1038
f 2186/81/408 2199/81/408 2198/81/408 2185/81/408
f 2202/81/1038 2187/81/1038 2168/81/1038 2169/81/1038
f 2177/81/408 2189/81/408 2205/81/408 2203/81/408
f 2185/81/408 2198/81/408 2192/81/408 2180/81/408
f 2183/81/408 2193/81/1325 2179/81/408
f 2188/81/1038 2196/81/1038 2207/81/1038 2200/81/1038
f 2177/81/408 2178/81/408 2191/81/408 2189/81/408
f 2175/81/408 2170/81/408 2164/81/1326
f 2188/81/1038 2200/81/1038 2165/81/1038 2172/81/1038
f 2184/81/1327 2145/81/1327 2174/81/1327 2176/81/1327
f 2190/81/1328 2154/81/1328 2160/81/1328 2201/81/1328
f 2206/81/1329 2152/81/1329 2159/81/1329 2208/81/1329
f 2148/81/399 2149/81/1330 2147/81/1331 2156/81/1332
f 2194/81/1333 2146/81/1333 2151/81/1333 2166/81/1333
f 2195/81/1334 2158/81/1335 2162/81/1336 2167/81/1334
f 2143/81/1337 2204/81/1338 2197/81/1338 2144/81/1339
f 2158/81/1335 2157/81/1340 2161/81/1340 2162/81/1336
f 2181/81/1341 2143/81/1337 2144/81/1339 2173/81/1342
f 2149/81/1330 2182/81/1343 2142/81/1344 2147/81/1331
f 2141/81/1345 2150/81/1345 2155/81/1345 2153/81/1345
f 2249/81/1038 2232/81/1038 2227/81/1038 2234/81/1038
f 2186/81/408 2248/81/408 2260/81/408 2199/81/408
f 2202/81/1038 2169/81/1038 2232/81/1038 2249/81/1038
f 2240/81/408 2263/81/408 2265/81/408 2251/81/408
f 2248/81/408 2243/81/408 2254/81/408 2260/81/408
f 2246/81/408 2242/81/408 2255/81/1346
f 2250/81/1038 2261/81/1038 2267/81/1038 2258/81/1038
f 2240/81/408 2251/81/408 2253/81/408 2241/81/408
f 2238/81/408 2228/81/1347 2233/81/408
f 2250/81/1038 2235/81/1038 2229/81/1038 2261/81/1038
f 2247/81/1327 2239/81/1327 2237/81/1327 2213/81/1327
f 2252/81/1348 2262/81/1348 2225/81/1348 2221/81/1348
f 2266/81/1349 2268/81/1349 2224/81/1349 2219/81/1349
f 2148/81/399 2156/81/1332 2215/81/1350 2216/81/1351
f 2256/81/1352 2230/81/1352 2218/81/1352 2214/81/1352
f 2257/81/1353 2231/81/1353 2226/81/1354 2223/81/1355
f 2211/81/1356 2212/81/1357 2259/81/1358 2264/81/1359
f 2223/81/1355 2226/81/1354 2161/81/1340 2157/81/1340
f 2244/81/1360 2236/81/1361 2212/81/1357 2211/81/1356
f 2216/81/1351 2215/81/1350 2210/81/1362 2245/81/1363
f 2209/81/1364 2220/81/1364 2222/81/1364 2217/81/1364
f 2270/82/1365 2275/82/1365 2276/82/1365 2269/82/1365
f 2269/82/1366 2276/82/1366 2280/82/1366 2274/82/1366
f 2273/82/1367 2279/82/1367 2278/82/1367 2272/82/1367
f 2271/82/1368 2277/82/1368 2275/82/1368 2270/82/1368
f 2274/82/1369 2280/82/1369 2279/82/1369 2273/82/1369
f 2272/82/1370 2278/82/1370 2277/82/1370 2271/82/1370
f 2275/82/1371 2277/82/1371 2278/82/1371 2279/82/1371 2280/82/1371 2276/82/1371
f 2283/83/1372 2284/83/1372 2290/83/1372 2289/83/1372
f 2281/83/1373 2282/83/1373 2288/83/1373 2287/83/1373
f 2286/83/1374 2281/83/1374 2287/83/1374 2292/83/1374
f 2284/83/1375 2285/83/1375 2291/83/1375 2290/83/1375
f 2282/83/1376 2283/83/1376 2289/83/1376 2288/83/1376
f 2285/83/1377 2286/83/1377 2292/83/1377 2291/83/1377
f 2292/83/981 2287/83/981 2293/83/981 2298/83/981
f 2290/83/976 2291/83/976 2297/83/976 2296/83/976
f 2288/83/399 2289/83/399 2295/83/399 2294/83/399
f 2291/83/357 2292/83/357 2298/83/357 2297/83/357
f 2289/83/972 2290/83/972 2296/83/972 2295/83/972
f 2287/83/984 2288/83/984 2294/83/984 2293/83/984
f 2297/83/1378 2298/83/1378 2304/83/1378 2303/83/1378
f 2295/83/1379 2296/83/1379 2302/83/1379 2301/83/1379
f 2293/83/1380 2294/83/1380 2300/83/1380 2299/83/1380
f 2298/83/1381 2293/83/1381 2299/83/1381 2304/83/1381
f 2296/83/1382 2297/83/1382 2303/83/1382 2302/83/1382
f 2294/83/1383 2295/83/1383 2301/83/1383 2300/83/1383
f 2302/83/976 2303/83/976 2309/83/976 2308/83/976
f 2300/83/399 2301/83/399 2307/83/399 2306/83/399
f 2303/83/357 2304/83/357 2310/83/357 2309/83/357
f 2301/83/972 2302/83/972 2308/83/972 2307/83/972
f 2299/83/984 2300/83/984 2306/83/984 2305/83/984
f 2304/83/981 2299/83/981 2305/83/981 2310/83/981
f 2307/83/1384 2308/83/1384 2314/83/1384 2313/83/1384
f 2305/83/1385 2306/83/1385 2312/83/1385 2311/83/1385
f 2310/83/1386 2305/83/1386 2311/83/1386 2316/83/1386
f 2308/83/1387 2309/83/1387 2315/83/1387 2314/83/1387
f 2306/83/1388 2307/83/1388 2313/83/1388 2312/83/1388
f 2309/83/1389 2310/83/1389 2316/83/1389 2315/83/1389
f 2312/83/408 2313/83/408 2314/83/408 2315/83/408 2316/83/408 2311/83/408
f 2317/84/1390 2319/84/1391 2321/84/1391 2322/85/1392
f 2322/85/1392 2320/84/1393 2318/86/1393 2317/84/1390
f 2326/84/1394 2323/85/1395 2328/84/1396 2324/84/1396
f 2323/85/1395 2326/84/1394 2327/86/1397 2325/84/1397
f 289/2/391 932/2/391 1281/2/391 658/2/391
f 288/2/389 931/2/389 1279/2/389 656/2/389
f 287/2/387 930/2/387 1276/2/387 653/2/387
f 282/2/386 925/2/386 1277/2/386 654/2/386
f 660/2/392 1283/2/392 1282/2/392 659/2/392
f 662/2/396 1285/2/396 926/2/396 283/2/396
f 664/2/401 1287/2/401 927/2/401 284/2/401
f 286/2/405 929/2/403 928/2/403 285/2/403
f 286/2/405 5/2/404 2197/81/1398 2144/81/1398
f 2173/81/1342 2144/81/1339 286/2/1399 929/2/1400
f 2147/81/1331 2142/81/1344 2173/81/1342 929/2/1400
f 2156/81/1332 2147/81/1331 929/2/1400
f 2215/81/1350 2156/81/1332 929/2/1400
f 2210/81/1362 2215/81/1350 929/2/1400
f 2259/81/1358 2212/81/1357 2236/81/1361 2210/81/1362 929/2/1400
f 666/2/409 1289/2/409 937/2/409 294/2/409
f 665/2/402 1288/2/402 936/2/402 293/2/402
f 663/2/400 1286/2/400 935/2/400 292/2/400
f 661/2/395 652/2/395 1275/2/395 1284/2/395
f 291/2/386 934/2/386 1274/2/386 651/2/386
f 296/2/388 939/2/388 1278/1/388 655/1/388
f 297/1/390 940/1/390 1280/2/390 657/2/390
f 298/2/391 941/2/391 942/2/779 299/2/394
f 1599/39/1044 1593/39/1045 1653/39/408 1651/39/1327
f 299/2/394 164/2/120 678/2/428 18/2/393
f 181/2/426 44/2/425 18/2/393 678/2/428
f 27/2/32 18/2/393 44/2/425 397/2/33
f 942/2/779 164/2/120 299/2/394
f 829/2/549 164/2/120 942/2/779 1299/2/797
f 733/2/796 843/2/795 1299/2/797 942/2/779
f 1037/2/475 942/2/779 707/2/778 716/2/476
f 1612/39/1029 1566/39/986 829/2/1401 164/2/1402
f 1566/39/986 1543/39/989 1570/39/993 829/2/1401
f 1570/39/993 1544/39/996 829/2/1401
f 1544/39/996 1574/39/1034 829/2/1401
f 1574/39/1034 1577/39/997 829/2/1401
f 1577/39/997 1542/39/1000 829/2/1401
f 1542/39/1000 1692/39/1067 829/2/1401
f 1692/39/1067 1689/39/1100 829/2/1401
f 1689/39/1100 1661/39/1064 829/2/1401
f 1661/39/1064 1685/39/1063 829/2/1401
f 1685/39/1063 1660/39/1057 829/2/1401
f 1660/39/1057 1681/39/1056 829/2/1401
f 1681/39/1056 1726/39/1096 829/2/1401
f 1662/39/1093 1718/39/1094 1670/39/1403 1702/39/1403
f 1545/39/1026 1588/39/1052 1555/39/1051 1604/39/1027
usemtl gradientEmmisive.008
f 603/23/329 608/23/330 599/23/331
f 607/23/332 608/23/330 603/23/329 605/23/332
f 244/23/333 601/23/333 463/23/333
f 628/26/362 266/26/362 269/26/362 637/27/362
f 633/26/363 638/27/363 636/26/363 631/26/363
f 1233/23/731 1229/23/732 1238/23/733
f 1237/23/734 1235/23/734 1233/23/731 1238/23/733
f 897/23/735 1101/23/735 1231/23/735
f 1255/26/760 1264/27/760 917/26/760 914/26/760
f 1260/26/761 1258/26/761 1263/26/761 1265/27/761
usemtl blackGlass.008
f 207/16/278 208/16/279 179/16/237 178/16/236
f 172/17/241 173/17/235 206/16/280 205/16/281
f 205/16/281 206/16/280 208/16/279 207/16/278
f 175/17/239 206/16/280 173/17/235 174/17/234
f 176/16/238 208/16/279 206/16/280 175/17/239
f 177/17/240 179/16/237 208/16/279 176/16/238
f 213/19/283 216/19/290 209/19/288 214/19/284
f 210/19/293 216/19/290 213/19/283 215/19/289 211/19/292 212/19/294
f 183/15/246 304/15/414 308/15/80 305/28/79
f 182/15/417 183/15/246 305/28/79 306/15/418
f 668/15/415 671/2/295 308/29/80 304/15/414
f 207/16/278 178/16/236 841/16/650 867/16/689
f 172/17/241 205/16/281 866/16/690 836/17/648
f 205/16/281 207/16/278 867/16/689 866/16/690
f 838/17/651 837/17/649 836/17/648 866/16/690
f 839/16/652 838/17/651 866/16/690 867/16/689
f 840/17/653 839/16/652 867/16/689 841/16/650
f 872/19/693 873/19/692 868/19/697 875/19/699
f 869/19/702 871/19/703 870/19/701 874/19/698 872/19/693 875/19/699
f 844/15/658 946/28/517 948/15/520 945/15/786
f 182/15/417 306/15/418 946/28/517 844/15/658
f 1291/15/787 945/15/786 948/29/520 1294/2/705
