# Blender 5.2.2 LTS
# www.blender.org
mtllib delorean.mtl
o body_misc
g body_misc
v -0.828252 0.297755 1.003153
v -0.836815 0.326927 -0.761471
v -0.836815 0.326396 -0.717873
v -0.912139 0.387829 -1.719415
v -0.917937 0.450832 -0.736055
v -0.824704 0.664023 -2.143948
v -0.865785 0.525117 -2.092189
v -0.000011 0.644895 2.402632
v -0.783675 0.667852 2.354208
v -0.868713 0.642024 2.290308
v -0.829930 0.305654 0.610333
v -0.203246 1.332668 0.138204
v -0.809241 1.011505 -0.513479
v -0.786325 1.053406 -0.529539
v -0.817597 0.573163 -2.148869
v 0.000042 0.811199 -2.210444
v -0.669050 1.113664 -1.791083
v -0.843510 0.468246 2.282457
v -0.737153 0.326262 2.112854
v -0.488906 0.326106 2.123608
v -0.000008 0.325960 2.133696
v -0.850351 0.490269 2.134883
v -0.532414 0.466963 2.163832
v -0.000009 0.465357 2.169563
v -0.783674 0.668407 2.315893
v -0.000010 0.798661 2.295155
v -0.553594 0.798776 2.287268
v -0.688565 0.667699 2.320794
v -0.684243 0.798776 2.287266
v -0.289170 0.326047 2.127697
v -0.315043 0.466312 2.166155
v -0.353068 0.477999 2.349794
v -0.410724 0.549739 2.368340
v -0.542070 0.549711 2.360137
v -0.631962 0.326196 2.117411
v -0.816872 0.645327 2.372770
v -0.540294 0.560446 2.328779
v -0.649906 0.637257 2.348399
v -0.651038 0.560351 2.322326
v -0.407883 0.636544 2.360508
v -0.729729 0.983237 0.792044
v 0.000007 0.996584 0.859383
v -0.498675 1.281690 0.204754
v 0.000014 1.305991 0.205112
v -0.677481 0.985260 0.804082
v -0.479949 0.298098 1.037212
v -0.772516 1.044091 -1.656960
v -0.640346 1.008241 -2.090201
v 0.000040 1.014689 -2.093464
v -0.509059 1.014684 -2.094144
v 0.000041 0.830567 -2.143995
v -0.430318 0.699725 -2.211441
v -0.651154 1.148719 -1.524460
v -0.262763 0.811221 -2.211929
v -0.257086 0.905941 -2.104965
v 0.000041 0.814072 -2.152575
v 0.000040 0.867585 -2.035373
v 0.000039 0.927875 -1.995305
v 0.000040 0.793482 -2.073786
v -0.236066 0.928012 -1.995514
v 0.000041 0.633574 -2.168085
v -0.270776 0.633543 -2.165951
v -0.776573 0.428565 -1.799052
v 0.000040 0.592087 -2.097601
v -0.633730 0.552041 -2.095348
v -0.512313 0.592054 -2.095320
v -0.901470 0.506846 2.159014
v -0.813438 0.496891 2.246699
v -0.813436 0.498941 2.105241
v -0.813436 0.586965 2.106516
v -0.901471 0.496891 2.246698
v 1.069496 0.994555 0.539212
v 1.078101 0.958949 0.538501
v -1.082819 1.012558 0.534097
v -0.912003 0.956887 0.649710
v -0.883771 1.011793 0.586824
v -0.799060 0.972725 0.722324
v -0.863963 0.874700 -0.284308
v -0.863573 0.881839 -0.430396
v -0.842344 0.932461 -0.420446
v -0.895111 0.887382 -0.283873
v -0.873493 0.945143 -0.420011
v -0.874720 0.938473 -0.278957
v -0.909375 0.425281 1.070640
v -0.828253 0.298098 1.037208
v -0.909248 0.374109 -1.595958
v -0.828251 0.301166 0.911532
v -0.878346 0.646292 -1.665687
v -0.899344 0.447542 -0.645864
v -0.836816 0.324064 -0.624952
v -0.881186 0.644127 2.145222
v -0.698438 0.645192 2.382115
v -0.371888 0.644935 2.399830
v -0.560946 0.645026 2.393545
v 0.000006 0.960797 0.909266
v -0.748535 0.951960 0.854575
v -0.579650 0.953797 0.881490
v -0.899106 0.432952 0.659735
v -0.532985 1.310435 0.137879
v -0.465444 1.316842 0.137972
v 0.000015 1.334736 0.138237
v -0.835001 0.319209 -0.299211
v -0.832643 0.800828 -1.813897
v -0.773820 0.699407 -2.189518
v -0.534435 0.699724 -2.211341
v -0.637147 0.981319 -2.047742
v -0.797048 1.033799 -0.522024
v -0.750111 0.810993 -2.196223
v -0.794013 0.810522 -2.163712
v -0.524888 0.811242 -2.213409
v -0.634304 1.291146 -0.519412
v -0.790973 0.477236 2.322667
v -0.352240 0.478058 2.347870
v -0.535650 0.477769 2.335474
v -0.682784 0.477462 2.328094
v -0.802928 0.326262 2.112853
v -0.746539 0.353421 2.100815
v -0.495398 0.353265 2.111569
v -0.290685 0.353205 2.115658
v -0.000008 0.353118 2.121657
v -0.638455 0.353355 2.105372
v -0.843509 0.463036 2.163750
v -0.835264 0.438819 2.110302
v -0.844969 0.461629 2.129775
v -0.781266 0.468451 2.163863
v -0.771797 0.444801 2.110081
v -0.675819 0.467821 2.163850
v -0.523467 0.443141 2.110016
v -0.666571 0.444097 2.110053
v -0.309722 0.442429 2.112324
v -0.553595 0.666715 2.327606
v -0.000011 0.665618 2.362958
v -0.368519 0.798688 2.293287
v -0.755176 0.798776 2.287265
v -0.000008 0.441385 2.115710
v -0.000011 0.479855 2.352273
v -0.651968 0.626326 2.379672
v -0.653099 0.549421 2.353599
v -0.782911 0.617362 2.366083
v -0.409365 0.626011 2.391950
v -0.541623 0.626482 2.387880
v -0.743346 0.529992 2.342548
v -0.539855 0.637211 2.356520
v -0.409243 0.560272 2.336899
v -0.370370 0.991909 0.845477
v -0.565251 0.989608 0.829941
v -0.423934 1.288097 0.204847
v -0.195333 1.303889 0.207479
v -0.831662 0.956861 0.707400
v -0.646532 1.270738 0.108729
v -0.561071 0.425281 1.070644
v -0.793954 1.042385 -1.499017
v -0.750097 1.044039 -1.795215
v -0.524209 0.837951 -2.200058
v -0.523414 0.812165 -2.156789
v -0.702909 0.902764 -2.090745
v -0.705133 0.930047 -2.133036
v -0.713298 0.810506 -2.159361
v -0.262423 0.837912 -2.198519
v 0.000042 0.837872 -2.196975
v -0.507539 0.987373 -2.051840
v -0.408662 0.987310 -2.051745
v -0.513547 0.903848 -2.106230
v -0.238507 0.905301 -2.105299
v -0.238632 0.864983 -2.036895
v -0.262026 0.813117 -2.154685
v -0.267543 0.699727 -2.211598
v -0.422631 0.811234 -2.212832
v -0.422084 0.837936 -2.199457
v -0.254078 0.987211 -2.051594
v -0.413499 0.904665 -2.105737
v -0.421444 0.812537 -2.155968
v -0.756728 1.042385 -1.499016
v 0.000042 0.699731 -2.211854
v 0.000040 0.987048 -2.051347
v -0.242534 0.829653 -2.145891
v 0.000040 0.971549 -2.061617
v -0.236052 0.971687 -2.061826
v -0.242763 0.792569 -2.075682
v -0.617987 0.573392 -2.164694
v -0.435518 0.633524 -2.164653
v -0.402692 0.592066 -2.096183
v -0.752102 0.501043 -1.995848
v -0.766553 0.551888 -2.084818
v -0.901469 0.498941 2.105239
v -0.901471 0.584915 2.247973
v -0.901469 0.586965 2.106515
v -0.813438 0.584915 2.247974
v -0.901469 0.507498 2.114048
v -0.901470 0.577504 2.160038
v -0.901469 0.578156 2.115072
v 0.924928 0.963144 0.581048
v -0.888022 1.010732 0.660095
v -1.087123 1.012456 0.541094
v -0.918454 0.898008 0.585175
v -0.922706 0.896946 0.658446
v -1.093244 0.900710 0.539475
v -1.088940 0.900812 0.532478
v -0.908254 0.957960 0.586044
v -1.099874 0.960040 0.540334
v -0.912505 0.956899 0.659315
v -0.891448 1.002114 0.650365
v -0.917398 0.907350 0.594913
v -0.816367 0.929554 0.600613
v -0.795923 0.974479 0.601265
v -0.825010 0.878931 0.599878
v 0.910762 0.993923 0.580948
v 1.073376 0.918569 0.537196
v 0.933089 0.916258 0.580993
v -0.843572 0.925790 -0.279392
v -0.894721 0.894521 -0.429962
v 0.828262 0.297754 1.003172
v 0.836865 0.326927 -0.761451
v 0.909317 0.374109 -1.595937
v 0.836864 0.326396 -0.717854
v 0.828263 0.301166 0.911551
v 0.917987 0.450601 -0.781412
v 0.868693 0.642024 2.290328
v 0.829949 0.305654 0.610352
v 0.773903 0.699407 -2.189501
v 0.534519 0.699723 -2.211329
v 0.669124 1.113663 -1.791068
v 0.843490 0.468246 2.282477
v 0.488890 0.326106 2.123619
v 0.843492 0.463035 2.163769
v 0.844953 0.461629 2.129794
v 0.771781 0.444800 2.110098
v 0.532397 0.466963 2.163844
v 0.553574 0.666715 2.327619
v 0.755157 0.798775 2.287283
v 0.684224 0.798775 2.287282
v 0.384782 0.956122 0.895369
v 0.353046 0.477999 2.349802
v 0.782889 0.617362 2.366101
v 0.410703 0.549739 2.368350
v 0.743324 0.529992 2.342565
v 0.698416 0.645192 2.382132
v 0.649885 0.637256 2.348414
v 0.407862 0.636544 2.360518
v 0.409222 0.560272 2.336908
v 0.370383 0.991909 0.845485
v 0.498703 1.281690 0.204765
v 0.423962 1.288097 0.204857
v 0.677495 0.985260 0.804098
v 0.831679 0.956861 0.707419
v 0.479958 0.298098 1.037223
v 0.705215 0.930047 -2.133019
v 0.797093 1.033799 -0.522006
v 0.507619 0.987373 -2.051829
v 0.651222 1.148719 -1.524445
v 0.262108 0.813117 -2.154679
v 0.238588 0.905301 -2.105294
v 0.236144 0.928012 -1.995509
v 0.435600 0.633524 -2.164643
v 0.776647 0.428565 -1.799035
v 0.402773 0.592066 -2.096174
v 0.901453 0.506846 2.159034
v 0.901453 0.577504 2.160058
v 0.813419 0.584914 2.247993
v 0.813420 0.498940 2.105259
v 0.901454 0.586964 2.106536
v -1.069476 0.994556 0.539187
v -0.910742 0.993923 0.580927
v 0.891466 1.002114 0.650385
v 1.088961 0.900811 0.532503
v 0.912021 0.956886 0.649731
v 0.842387 0.932461 -0.420426
v 0.874760 0.938472 -0.278937
v 0.909383 0.425281 1.070661
v 0.828262 0.298098 1.037227
v 0.878417 0.646292 -1.665667
v 0.899391 0.447542 -0.645843
v 0.912212 0.387829 -1.719394
v 0.836863 0.324063 -0.624933
v 0.881169 0.644127 2.145243
v 0.824786 0.664023 -2.143929
v 0.816850 0.645327 2.372788
v 0.371866 0.644935 2.399839
v 0.560923 0.645026 2.393558
v 0.748548 0.951960 0.854592
v 0.579663 0.953797 0.881504
v 0.899124 0.432952 0.659756
v 0.533015 1.310435 0.137891
v 0.729743 0.983236 0.792061
v 0.465474 1.316842 0.137983
v 0.203275 1.332668 0.138209
v 0.835040 0.319209 -0.299192
v 0.786370 1.053406 -0.529521
v 0.809285 1.011505 -0.513461
v 0.832718 0.800828 -1.813878
v 0.270859 0.633543 -2.165945
v 0.640427 1.008241 -2.090186
v 0.430402 0.699725 -2.211431
v 0.637227 0.981319 -2.047728
v 0.750195 0.810993 -2.196206
v 0.794096 0.810522 -2.163693
v 0.524972 0.811242 -2.213397
v 0.262847 0.811221 -2.211923
v 0.634349 1.291146 -0.519397
v 0.790952 0.477236 2.322685
v 0.352219 0.478058 2.347878
v 0.535629 0.477769 2.335486
v 0.682763 0.477462 2.328109
v 0.737137 0.326262 2.112871
v 0.746523 0.353420 2.100832
v 0.495382 0.353265 2.111580
v 0.290669 0.353205 2.115664
v 0.638439 0.353354 2.105386
v 0.850335 0.490269 2.134902
v 0.835248 0.438819 2.110321
v 0.781249 0.468451 2.163881
v 0.675802 0.467820 2.163866
v 0.523451 0.443141 2.110028
v 0.666555 0.444097 2.110068
v 0.315026 0.466312 2.166162
v 0.309706 0.442429 2.112331
v 0.542049 0.549711 2.360149
v 0.540273 0.560446 2.328792
v 0.688544 0.667699 2.320810
v 0.783654 0.668407 2.315911
v 0.368499 0.798688 2.293295
v 0.553574 0.798775 2.287280
v 0.289154 0.326047 2.127704
v 0.631946 0.326196 2.117425
v 0.651946 0.626326 2.379687
v 0.653077 0.549421 2.353614
v 0.409342 0.626011 2.391960
v 0.541601 0.626482 2.387893
v 0.539834 0.637211 2.356532
v 0.651017 0.560351 2.322340
v 0.565264 0.989607 0.829954
v 0.195361 1.303888 0.207484
v 0.646562 1.270738 0.108744
v 0.561079 0.425281 1.070657
v 0.794022 1.042385 -1.498999
v 0.750171 1.044039 -1.795198
v 0.772587 1.044091 -1.656942
v 0.524293 0.837951 -2.200046
v 0.523497 0.812165 -2.156777
v 0.702990 0.902764 -2.090729
v 0.713380 0.810506 -2.159345
v 0.262507 0.837912 -2.198512
v 0.408742 0.987309 -2.051735
v 0.513628 0.903848 -2.106218
v 0.238711 0.864983 -2.036889
v 0.267626 0.699727 -2.211591
v 0.422714 0.811234 -2.212822
v 0.422167 0.837936 -2.199448
v 0.254158 0.987211 -2.051589
v 0.413580 0.904665 -2.105727
v 0.421526 0.812536 -2.155958
v 0.756796 1.042385 -1.498999
v 0.257167 0.905941 -2.104959
v 0.242616 0.829653 -2.145886
v 0.236132 0.971687 -2.061821
v 0.242843 0.792569 -2.075676
v 0.865865 0.525117 -2.092169
v 0.817679 0.573162 -2.148851
v 0.618070 0.573392 -2.164680
v 0.512394 0.592054 -2.095308
v 0.633811 0.552041 -2.095333
v 0.752180 0.501042 -1.995831
v 0.766634 0.551888 -2.084800
v 0.901454 0.498940 2.105260
v 0.901452 0.496890 2.246719
v 0.901452 0.584914 2.247994
v 0.813420 0.586964 2.106535
v 0.813419 0.496890 2.246717
v 0.901453 0.507497 2.114069
v 0.901453 0.578156 2.115093
v -1.095571 0.960141 0.533338
v -0.920536 0.906566 0.648982
v -0.828148 0.877177 0.720941
v -0.924909 0.963144 0.581026
v -1.078081 0.958949 0.538476
v -0.888311 1.002897 0.596301
v -0.908755 0.957972 0.595649
v -0.813469 0.925542 0.726457
v 0.883791 1.011793 0.586844
v 0.888040 1.010731 0.660116
v 1.087144 1.012456 0.541119
v 1.082840 1.012557 0.534122
v 0.918474 0.898007 0.585196
v 0.922723 0.896946 0.658467
v 1.093264 0.900710 0.539500
v 0.908273 0.957960 0.586064
v 1.095591 0.960141 0.533363
v 1.099895 0.960039 0.540360
v 0.912522 0.956898 0.659336
v 0.920553 0.906566 0.649003
v 0.828164 0.877177 0.720960
v 0.888330 1.002897 0.596321
v 0.917418 0.907349 0.594934
v 0.908774 0.957972 0.595670
v 0.813485 0.925542 0.726476
v 0.816386 0.929554 0.600632
v 0.795942 0.974479 0.601283
v 0.799077 0.972724 0.722342
v 0.825029 0.878931 0.599897
v -1.073355 0.918570 0.537171
v -0.933070 0.916258 0.580972
v 0.864002 0.874699 -0.284288
v 0.863615 0.881839 -0.430376
v 0.843611 0.925790 -0.279373
v 0.895151 0.887382 -0.283853
v 0.894764 0.894521 -0.429941
v 0.873535 0.945143 -0.419991
v -0.874792 0.572154 2.179884
v -0.884874 0.566408 2.188168
v -0.894956 0.572174 2.179897
v -0.884874 0.577920 2.171614
v -0.874965 0.460356 2.101958
v -0.885184 0.451152 2.105717
v -0.895106 0.460940 2.102709
v -0.884886 0.470144 2.098951
v -0.886273 0.503152 1.952847
v -0.897452 0.494723 1.950151
v -0.905750 0.503198 1.958064
v -0.894570 0.511626 1.960760
v -0.930362 0.601759 1.878181
v -0.942133 0.595730 1.872853
v -0.950030 0.602579 1.882550
v -0.938259 0.608608 1.887877
v -0.914568 0.694064 1.796710
v -0.926352 0.688895 1.790569
v -0.934283 0.698071 1.798064
v -0.922499 0.703241 1.804205
v -0.908354 0.772611 1.691199
v -0.920323 0.766103 1.686994
v -0.928009 0.777058 1.691916
v -0.916039 0.783565 1.696121
v -0.895261 0.814994 1.550553
v -0.907383 0.807751 1.548580
v -0.914843 0.819792 1.550205
v -0.902721 0.827035 1.552178
v -0.891509 0.821413 1.418227
v -0.903705 0.814036 1.418602
v -0.911090 0.826211 1.417884
v -0.898895 0.833588 1.417508
v -0.895296 0.792532 1.241430
v -0.907449 0.785684 1.244379
v -0.914888 0.797205 1.240480
v -0.902735 0.804054 1.237531
v -0.901851 0.724788 1.127058
v -0.913921 0.719079 1.132059
v -0.921495 0.728739 1.124806
v -0.909425 0.734448 1.119804
v -0.904719 0.611996 1.016684
v -0.916771 0.606848 1.022299
v -0.924388 0.615170 1.013580
v -0.912336 0.620317 1.007964
v -0.904711 0.472085 0.889431
v -0.916727 0.468557 0.896249
v -0.924393 0.474706 0.885919
v -0.912378 0.478233 0.879102
v -0.909186 0.393859 0.865456
v -0.921126 0.388995 0.871544
v -0.928711 0.393702 0.860426
v -0.916771 0.398566 0.854339
v -0.877078 0.311885 0.800840
v -0.888038 0.302895 0.802371
v -0.896828 0.312669 0.796849
v -0.885868 0.321660 0.795318
v -0.876894 0.333496 0.620361
v -0.887663 0.324172 0.619748
v -0.897008 0.334917 0.620454
v -0.886239 0.344242 0.621068
v -0.876934 0.342051 -0.319120
v -0.887651 0.332657 -0.318700
v -0.896946 0.343335 -0.317010
v -0.886229 0.352730 -0.317430
v -0.920924 0.370983 -0.534171
v -0.932241 0.363529 -0.538604
v -0.940751 0.371668 -0.530566
v -0.929434 0.379122 -0.526132
v -0.920912 0.534144 -0.590666
v -0.932607 0.531824 -0.598485
v -0.940763 0.535151 -0.587273
v -0.929067 0.537470 -0.579455
v -0.920978 0.757569 -0.646051
v -0.932597 0.756504 -0.654245
v -0.940695 0.760783 -0.643318
v -0.929076 0.761847 -0.635124
v -0.893071 0.869078 -0.685980
v -0.904730 0.867794 -0.694086
v -0.912354 0.874701 -0.684215
v -0.900695 0.875985 -0.676108
v -0.881907 0.915677 -0.717786
v -0.894118 0.911920 -0.724116
v -0.901205 0.921232 -0.715972
v -0.888995 0.924989 -0.709641
v -0.877328 0.949200 -0.763813
v -0.889816 0.944042 -0.768367
v -0.896542 0.955180 -0.762537
v -0.884054 0.960337 -0.757982
v -0.864299 0.998883 -0.869311
v -0.874380 0.996851 -0.879187
v -0.879746 1.009756 -0.876365
v -0.869665 1.011788 -0.866489
v -0.703958 1.045198 -0.921424
v -0.708556 1.045586 -0.934914
v -0.712044 1.059319 -0.933331
v -0.707445 1.058932 -0.919840
v -0.874834 0.567878 2.233939
v -0.884874 0.559401 2.239473
v -0.894915 0.566745 2.232506
v -0.884874 0.575222 2.226972
v -0.863444 0.490102 2.135124
v -0.873341 0.480063 2.137259
v -0.883602 0.489809 2.135518
v -0.873704 0.499848 2.133384
v -0.886264 0.542669 1.953514
v -0.896889 0.533625 1.950582
v -0.905759 0.541470 1.958524
v -0.895133 0.550514 1.961456
v -0.930282 0.641021 1.879099
v -0.941671 0.634910 1.873080
v -0.950110 0.641106 1.882758
v -0.938721 0.647217 1.888778
v -0.914489 0.738391 1.805482
v -0.925886 0.732831 1.798963
v -0.934362 0.741725 1.806197
v -0.922966 0.747285 1.812716
v -0.908269 0.811893 1.692015
v -0.919888 0.804763 1.687837
v -0.928094 0.815565 1.692227
v -0.916475 0.822694 1.696405
v -0.895164 0.854338 1.551200
v -0.906926 0.846544 1.549154
v -0.914940 0.858237 1.550686
v -0.903178 0.866031 1.552732
v -0.891408 0.860764 1.418765
v -0.903248 0.852830 1.419173
v -0.911191 0.864650 1.418473
v -0.899352 0.872583 1.418065
v -0.895198 0.831855 1.241835
v -0.906992 0.824480 1.244961
v -0.914987 0.835671 1.241203
v -0.903192 0.843047 1.238076
v -0.901759 0.763973 1.127213
v -0.913439 0.757902 1.132689
v -0.921587 0.767343 1.125778
v -0.909906 0.773414 1.120302
v -0.909010 0.651321 1.016918
v -0.920617 0.646730 1.023809
v -0.928891 0.653635 1.014473
v -0.917284 0.658225 1.007582
v -0.909002 0.504346 0.943041
v -0.920592 0.501013 0.950646
v -0.928896 0.505665 0.940031
v -0.917306 0.508997 0.932425
v -0.909084 0.393293 0.901470
v -0.920321 0.386210 0.906651
v -0.928814 0.392867 0.897332
v -0.917576 0.399950 0.892151
v -0.876991 0.347128 0.803501
v -0.887411 0.337428 0.804281
v -0.896915 0.347327 0.800411
v -0.886495 0.357027 0.799631
v -0.876874 0.338290 0.621778
v -0.887247 0.328509 0.621928
v -0.897029 0.338881 0.621769
v -0.886655 0.348661 0.621620
v -0.876924 0.354688 -0.319019
v -0.887327 0.344945 -0.319414
v -0.896956 0.355119 -0.316757
v -0.886554 0.364862 -0.316362
v -0.920897 0.414496 -0.513165
v -0.931990 0.407379 -0.518604
v -0.940779 0.414358 -0.509810
v -0.929686 0.421475 -0.504371
v -0.920863 0.606576 -0.566829
v -0.932305 0.604298 -0.575025
v -0.940812 0.607363 -0.564000
v -0.929370 0.609641 -0.555805
v -0.920950 0.800521 -0.620323
v -0.932323 0.799275 -0.628833
v -0.940723 0.803903 -0.618283
v -0.929351 0.805149 -0.609774
v -0.893049 0.898568 -0.658201
v -0.904460 0.897128 -0.666628
v -0.912376 0.904216 -0.657121
v -0.900965 0.905656 -0.648694
v -0.881840 0.945361 -0.690149
v -0.893850 0.941348 -0.696703
v -0.901273 0.950553 -0.688736
v -0.889263 0.954566 -0.682182
v -0.877238 0.978997 -0.736317
v -0.889546 0.973393 -0.740833
v -0.896633 0.984388 -0.735160
v -0.884325 0.989991 -0.730644
v -0.865138 1.036990 -0.865928
v -0.875191 1.034386 -0.875698
v -0.880891 1.047224 -0.873254
v -0.870839 1.049828 -0.863484
v -0.715795 1.080471 -0.915263
v -0.720329 1.080313 -0.928780
v -0.724014 1.094044 -0.927704
v -0.719479 1.094203 -0.914188
v 0.874775 0.572154 2.179904
v 0.884856 0.566407 2.188188
v 0.894938 0.572174 2.179918
v 0.884857 0.577920 2.171634
v 0.874949 0.460356 2.101978
v 0.885169 0.451152 2.105737
v 0.895090 0.460940 2.102730
v 0.884871 0.470144 2.098971
v 0.886261 0.503151 1.952868
v 0.897440 0.494723 1.950171
v 0.905738 0.503198 1.958085
v 0.894558 0.511626 1.960781
v 0.930352 0.601759 1.878202
v 0.942123 0.595730 1.872875
v 0.950019 0.602579 1.882572
v 0.938248 0.608608 1.887899
v 0.914560 0.694064 1.796731
v 0.926343 0.688894 1.790591
v 0.934274 0.698071 1.798086
v 0.922491 0.703240 1.804226
v 0.908349 0.772610 1.691220
v 0.920317 0.766103 1.687015
v 0.928002 0.777057 1.691937
v 0.916033 0.783565 1.696142
v 0.895259 0.814994 1.550574
v 0.907380 0.807750 1.548601
v 0.914840 0.819792 1.550226
v 0.902718 0.827035 1.552199
v 0.891509 0.821413 1.418248
v 0.903705 0.814036 1.418623
v 0.911091 0.826211 1.417905
v 0.898895 0.833587 1.417529
v 0.895301 0.792532 1.241451
v 0.907454 0.785683 1.244400
v 0.914892 0.797205 1.240501
v 0.902739 0.804053 1.237552
v 0.901857 0.724788 1.127079
v 0.913927 0.719079 1.132080
v 0.921502 0.728739 1.124827
v 0.909432 0.734447 1.119825
v 0.904728 0.611996 1.016704
v 0.916780 0.606848 1.022321
v 0.924398 0.615169 1.013602
v 0.912346 0.620317 1.007986
v 0.904724 0.472084 0.889452
v 0.916739 0.468557 0.896270
v 0.924406 0.474706 0.885940
v 0.912390 0.478233 0.879123
v 0.909199 0.393859 0.865477
v 0.921139 0.388995 0.871565
v 0.928724 0.393702 0.860448
v 0.916784 0.398565 0.854360
v 0.877093 0.311885 0.800860
v 0.888053 0.302894 0.802391
v 0.896842 0.312669 0.796870
v 0.885882 0.321659 0.795339
v 0.876913 0.333496 0.620381
v 0.887681 0.324172 0.619769
v 0.897026 0.334917 0.620475
v 0.886258 0.344242 0.621088
v 0.876974 0.342051 -0.319099
v 0.887691 0.332656 -0.318679
v 0.896986 0.343335 -0.316989
v 0.886270 0.352730 -0.317409
v 0.920969 0.370982 -0.534149
v 0.932287 0.363529 -0.538582
v 0.940796 0.371668 -0.530544
v 0.929479 0.379122 -0.526111
v 0.920958 0.534144 -0.590645
v 0.932653 0.531824 -0.598464
v 0.940809 0.535150 -0.587252
v 0.929114 0.537470 -0.579433
v 0.921026 0.757568 -0.646030
v 0.932645 0.756504 -0.654224
v 0.940743 0.760782 -0.643297
v 0.929123 0.761847 -0.635103
v 0.893119 0.869078 -0.685959
v 0.904778 0.867794 -0.694065
v 0.912402 0.874701 -0.684194
v 0.900743 0.875985 -0.676087
v 0.881957 0.915676 -0.717766
v 0.894167 0.911920 -0.724096
v 0.901255 0.921232 -0.715951
v 0.889044 0.924988 -0.709620
v 0.877378 0.949199 -0.763793
v 0.889866 0.944042 -0.768347
v 0.896593 0.955179 -0.762516
v 0.884105 0.960337 -0.757962
v 0.864352 0.998883 -0.869291
v 0.874433 0.996851 -0.879167
v 0.879799 1.009756 -0.876345
v 0.869718 1.011788 -0.866469
v 0.704012 1.045198 -0.921407
v 0.708611 1.045586 -0.934897
v 0.712098 1.059319 -0.933314
v 0.707499 1.058932 -0.919824
v 0.874816 0.567878 2.233960
v 0.884856 0.559401 2.239494
v 0.894896 0.566745 2.232527
v 0.884856 0.575222 2.226993
v 0.863428 0.490102 2.135144
v 0.873325 0.480063 2.137279
v 0.883585 0.489809 2.135539
v 0.873688 0.499848 2.133404
v 0.886252 0.542669 1.953534
v 0.896877 0.533625 1.950603
v 0.905746 0.541470 1.958545
v 0.895121 0.550514 1.961477
v 0.930271 0.641021 1.879121
v 0.941661 0.634910 1.873102
v 0.950100 0.641106 1.882780
v 0.938711 0.647217 1.888799
v 0.914480 0.738391 1.805503
v 0.925877 0.732831 1.798984
v 0.934353 0.741725 1.806219
v 0.922957 0.747284 1.812737
v 0.908263 0.811893 1.692036
v 0.919882 0.804763 1.687858
v 0.928088 0.815565 1.692248
v 0.916469 0.822694 1.696426
v 0.895161 0.854338 1.551221
v 0.906923 0.846544 1.549175
v 0.914938 0.858237 1.550707
v 0.903175 0.866031 1.552753
v 0.891408 0.860763 1.418786
v 0.903248 0.852830 1.419194
v 0.911192 0.864649 1.418494
v 0.899352 0.872583 1.418086
v 0.895202 0.831855 1.241855
v 0.906997 0.824480 1.244982
v 0.914991 0.835671 1.241224
v 0.903196 0.843047 1.238097
v 0.901766 0.763973 1.127234
v 0.913446 0.757902 1.132710
v 0.921594 0.767343 1.125799
v 0.909913 0.773414 1.120323
v 0.909019 0.651320 1.016939
v 0.920626 0.646729 1.023830
v 0.928900 0.653634 1.014495
v 0.917293 0.658225 1.007603
v 0.909014 0.504346 0.943062
v 0.920604 0.501013 0.950668
v 0.928908 0.505664 0.940052
v 0.917318 0.508997 0.932446
v 0.909096 0.393293 0.901491
v 0.920333 0.386210 0.906672
v 0.928826 0.392867 0.897353
v 0.917589 0.399950 0.892172
v 0.877005 0.347128 0.803521
v 0.887425 0.337428 0.804301
v 0.896930 0.347326 0.800432
v 0.886509 0.357027 0.799652
v 0.876892 0.338289 0.621799
v 0.887265 0.328508 0.621948
v 0.897047 0.338880 0.621790
v 0.886674 0.348661 0.621640
v 0.876964 0.354688 -0.318998
v 0.887367 0.344945 -0.319393
v 0.896996 0.355119 -0.316736
v 0.886593 0.364862 -0.316341
v 0.920942 0.414496 -0.513143
v 0.932035 0.407379 -0.518582
v 0.940824 0.414358 -0.509788
v 0.929730 0.421475 -0.504349
v 0.920909 0.606576 -0.566808
v 0.932351 0.604297 -0.575003
v 0.940858 0.607362 -0.563979
v 0.929415 0.609641 -0.555783
v 0.920997 0.800521 -0.620302
v 0.932370 0.799275 -0.628811
v 0.940770 0.803903 -0.618261
v 0.929398 0.805149 -0.609752
v 0.893097 0.898568 -0.658181
v 0.904508 0.897128 -0.666607
v 0.912424 0.904215 -0.657099
v 0.901013 0.905656 -0.648674
v 0.881889 0.945361 -0.690129
v 0.893899 0.941348 -0.696682
v 0.901322 0.950552 -0.688715
v 0.889312 0.954565 -0.682162
v 0.877288 0.978997 -0.736297
v 0.889596 0.973393 -0.740813
v 0.896683 0.984387 -0.735139
v 0.884374 0.989991 -0.730623
v 0.865191 1.036990 -0.865908
v 0.875244 1.034386 -0.875678
v 0.880944 1.047224 -0.873234
v 0.870891 1.049828 -0.863464
v 0.715849 1.080471 -0.915246
v 0.720383 1.080313 -0.928763
v 0.724068 1.094044 -0.927687
v 0.719533 1.094202 -0.914171
v -0.877837 0.757155 1.111794
v -0.883810 0.714773 1.066113
v -0.878356 0.802126 -0.823281
v -0.878356 0.764013 -0.792564
v -0.880024 0.719284 0.777442
v -0.877735 0.761375 0.796661
v -0.878500 0.796663 -0.523322
v -0.878872 0.755420 -0.498701
v -0.904409 0.759856 1.111662
v -0.910383 0.717474 1.065981
v -0.905065 0.764119 -0.792591
v -0.905065 0.802232 -0.823308
v -0.906689 0.720823 0.777405
v -0.905207 0.797009 -0.523334
v -0.905574 0.756034 -0.498696
v -0.904368 0.763392 0.796585
v 0.877844 0.757155 1.111814
v 0.883819 0.714773 1.066134
v 0.878407 0.802126 -0.823261
v 0.878407 0.764013 -0.792544
v 0.880038 0.719284 0.777462
v 0.877749 0.761375 0.796681
v 0.878545 0.796662 -0.523302
v 0.878916 0.755419 -0.498681
v 0.904416 0.759856 1.111683
v 0.910391 0.717473 1.066002
v 0.905116 0.764119 -0.792570
v 0.905116 0.802232 -0.823287
v 0.906704 0.720822 0.777426
v 0.905252 0.797009 -0.523314
v 0.905618 0.756034 -0.498675
v 0.904382 0.763392 0.796605
v -0.612174 0.347246 1.766124
v 0.714303 0.347284 1.763472
v -0.718255 0.396181 -1.610592
v 0.714342 0.396181 -1.610575
v -0.718249 0.784834 -2.049739
v -0.612179 0.724062 2.143771
v 0.714299 0.724100 2.141119
v 0.714347 0.784834 -2.049722
v -0.612161 0.364312 0.588501
v 0.714317 0.364350 0.585849
v -0.612162 0.745259 0.681067
v 0.714316 0.745297 0.678415
v -0.494117 0.430683 -0.539518
v -0.494116 0.963787 -0.531792
v -0.494111 0.438409 -1.072621
v -0.494110 0.971513 -1.064895
v 0.513517 0.430683 -0.539506
v 0.513517 0.963786 -0.531781
v 0.513523 0.438409 -1.072609
v 0.513523 0.971512 -1.064883
v -0.148773 1.071650 -1.002952
v 0.168185 1.071650 -1.002948
v -0.148764 1.082710 -1.766084
v 0.168194 1.082709 -1.766080
v -0.148769 1.077180 -1.384518
v 0.168189 1.077180 -1.384514
v -0.288090 1.082710 -1.766085
v 0.307520 1.082709 -1.766078
v -0.288095 1.077180 -1.384520
v 0.307515 1.077180 -1.384513
v -0.148769 0.788966 -1.388695
v -0.148773 0.783437 -1.007129
v 0.168185 0.783437 -1.007125
v 0.168189 0.788966 -1.388691
v 0.168194 0.794496 -1.770257
v -0.148764 0.794496 -1.770261
v 0.307515 0.788966 -1.388690
v 0.307519 0.794496 -1.770255
v -0.288090 0.794496 -1.770262
v -0.288095 0.788966 -1.388696
v 0.168194 1.083153 -1.796719
v -0.148764 1.083154 -1.796722
v -0.288090 1.083154 -1.796724
v 0.307520 1.083153 -1.796717
v 0.168196 0.797377 -1.969026
v -0.148762 0.797377 -1.969029
v -0.288088 0.797377 -1.969031
v 0.307522 0.797376 -1.969024
v 0.307515 0.933073 -1.386601
v 0.168189 0.933073 -1.386603
v -0.148769 0.933073 -1.386606
v -0.288095 0.933073 -1.386608
v -0.288090 0.938603 -1.768174
v -0.148773 0.927544 -1.005040
v 0.307520 0.938603 -1.768167
v 0.168185 0.927543 -1.005037
v -0.148763 0.940787 -1.918861
v 0.168195 0.940786 -1.918858
v -0.288089 0.940787 -1.918863
v 0.307521 0.940786 -1.918856
v -0.129054 0.908349 -0.990022
v -0.129058 0.902820 -0.608456
v 0.148461 0.902819 -0.608453
v 0.148465 0.908349 -0.990019
v -0.129054 1.166440 -0.986282
v -0.129058 1.160910 -0.604716
v 0.148461 1.160910 -0.604712
v 0.148465 1.166440 -0.986279
v 0.009709 1.075528 -1.270562
v -0.047299 1.075307 -1.255289
v -0.089031 1.074702 -1.213562
v -0.104307 1.073876 -1.156560
v -0.089033 1.073050 -1.099559
v -0.047301 1.072445 -1.057831
v 0.009706 1.072224 -1.042557
v 0.066714 1.072445 -1.057830
v 0.108446 1.073050 -1.099557
v 0.123722 1.073876 -1.156558
v 0.108448 1.074702 -1.213560
v 0.066716 1.075307 -1.255288
v 0.009709 1.236529 -1.238166
v -0.032269 1.236366 -1.226920
v -0.062999 1.235921 -1.196194
v -0.074247 1.235313 -1.154221
v -0.062999 1.234704 -1.112248
v -0.032270 1.234259 -1.081522
v 0.009707 1.234096 -1.070274
v 0.051684 1.234259 -1.081521
v 0.082414 1.234704 -1.112246
v 0.093662 1.235313 -1.154219
v 0.082415 1.235921 -1.196192
v 0.051686 1.236366 -1.226918
v 0.009708 1.257078 -1.214769
v -0.020721 1.256960 -1.206616
v -0.042997 1.256637 -1.184344
v -0.051150 1.256196 -1.153918
v -0.042997 1.255755 -1.123492
v -0.020722 1.255432 -1.101219
v 0.009707 1.255314 -1.093066
v 0.040136 1.255432 -1.101218
v 0.062412 1.255755 -1.123491
v 0.070566 1.256196 -1.153916
v 0.062413 1.256637 -1.184342
v 0.040137 1.256960 -1.206616
v 0.009708 1.256928 -1.204431
v -0.005759 1.256830 -1.197663
v -0.017082 1.256562 -1.179174
v -0.021227 1.256196 -1.153918
v -0.017082 1.255830 -1.128661
v -0.005760 1.255562 -1.110171
v 0.009707 1.255464 -1.103404
v 0.025174 1.255562 -1.110171
v 0.036497 1.255830 -1.128660
v 0.040642 1.256196 -1.153917
v 0.036498 1.256562 -1.179174
v 0.025175 1.256830 -1.197663
v 0.009708 1.458425 -1.201511
v -0.005759 1.458327 -1.194743
v -0.017082 1.458059 -1.176254
v -0.021226 1.457693 -1.150997
v -0.017082 1.457327 -1.125741
v -0.005760 1.457059 -1.107251
v 0.009707 1.456961 -1.100484
v 0.025174 1.457059 -1.107251
v 0.036497 1.457327 -1.125740
v 0.040642 1.457693 -1.150997
v 0.036498 1.458059 -1.176254
v 0.025175 1.458327 -1.194743
v 0.009708 1.468534 -1.189073
v -0.001996 1.468460 -1.183952
v -0.010565 1.468257 -1.169961
v -0.013701 1.467980 -1.150848
v -0.010565 1.467703 -1.131736
v -0.001997 1.467501 -1.117744
v 0.009707 1.467427 -1.112623
v 0.021412 1.467501 -1.117744
v 0.029980 1.467703 -1.131736
v 0.033116 1.467980 -1.150848
v 0.029981 1.468257 -1.169960
v 0.021412 1.468460 -1.183952
v -0.756331 1.109029 -1.481259
v -0.774781 1.098378 -1.481414
v -0.774781 1.077076 -1.481722
v -0.756331 1.066425 -1.481876
v -0.737881 1.077076 -1.481722
v -0.737881 1.098378 -1.481413
v -0.756338 1.101018 -0.928468
v -0.774788 1.090367 -0.928623
v -0.774788 1.069065 -0.928931
v -0.756338 1.058414 -0.929086
v -0.737888 1.069065 -0.928931
v -0.737888 1.090367 -0.928623
v -0.756338 1.086131 -0.928684
v -0.762751 1.079718 -0.928951
v -0.756338 1.073301 -0.928870
v -0.749924 1.079713 -0.928604
v -0.757065 1.085741 -0.901780
v -0.763452 1.079317 -0.901269
v -0.757065 1.072911 -0.901966
v -0.750678 1.079334 -0.902477
v -0.753635 1.085514 -0.886115
v -0.759459 1.079060 -0.883518
v -0.753635 1.072684 -0.886301
v -0.747811 1.079138 -0.888899
v -0.743469 1.085320 -0.872745
v -0.747619 1.078834 -0.867946
v -0.743469 1.072490 -0.872931
v -0.739319 1.078976 -0.877730
v -0.729290 1.085211 -0.865252
v -0.731579 1.078710 -0.859352
v -0.729290 1.072381 -0.865438
v -0.727000 1.078883 -0.871337
v -0.558801 1.084566 -0.822839
v -0.560953 1.078056 -0.816896
v -0.560003 1.071803 -0.823402
v -0.557851 1.078313 -0.829345
v -0.532171 1.078918 -0.816301
v -0.536107 1.072875 -0.810795
v -0.536918 1.067083 -0.817732
v -0.532983 1.073126 -0.823238
v -0.509078 1.062937 -0.810792
v -0.515046 1.058300 -0.805771
v -0.517865 1.053898 -0.813186
v -0.511898 1.058535 -0.818208
v -0.493648 1.039088 -0.807302
v -0.500973 1.036550 -0.802588
v -0.505134 1.034221 -0.810307
v -0.497809 1.036759 -0.815021
v -0.488260 1.011632 -0.806360
v -0.496032 1.010932 -0.801730
v -0.500634 1.010420 -0.809533
v -0.492862 1.011120 -0.814163
v -0.488230 0.954348 -0.807183
v -0.496032 0.954281 -0.802552
v -0.500664 0.954394 -0.810352
v -0.492862 0.954461 -0.814984
v -0.718253 1.142584 -1.480772
v -0.736703 1.131933 -1.480927
v -0.736703 1.110631 -1.481236
v -0.718253 1.099980 -1.481390
v -0.699803 1.110631 -1.481235
v -0.699803 1.131933 -1.480927
v -0.718259 1.134573 -0.927982
v -0.736709 1.123922 -0.928136
v -0.736709 1.102620 -0.928445
v -0.718259 1.091969 -0.928599
v -0.699809 1.102620 -0.928445
v -0.699809 1.123922 -0.928136
v -0.718259 1.119686 -0.928197
v -0.724673 1.113274 -0.928464
v -0.718259 1.106856 -0.928383
v -0.711846 1.113269 -0.928117
v -0.718987 1.119296 -0.901293
v -0.725374 1.112872 -0.900782
v -0.718987 1.106466 -0.901479
v -0.712600 1.112890 -0.901990
v -0.715557 1.119069 -0.885628
v -0.721381 1.112615 -0.883031
v -0.715557 1.106239 -0.885814
v -0.709733 1.112693 -0.888412
v -0.705390 1.118876 -0.872258
v -0.709540 1.112390 -0.867459
v -0.705390 1.106045 -0.872444
v -0.701240 1.112531 -0.877243
v -0.691211 1.118767 -0.864765
v -0.693501 1.112265 -0.858865
v -0.691211 1.105937 -0.864951
v -0.688922 1.112439 -0.870850
v -0.520722 1.118121 -0.822352
v -0.522875 1.111612 -0.816410
v -0.521925 1.105359 -0.822915
v -0.519772 1.111868 -0.828858
v -0.494093 1.112473 -0.815815
v -0.498028 1.106431 -0.810308
v -0.498840 1.100639 -0.817245
v -0.494905 1.106682 -0.822751
v -0.471000 1.096492 -0.810305
v -0.476967 1.091856 -0.805284
v -0.479787 1.087453 -0.812700
v -0.473820 1.092090 -0.817721
v -0.455570 1.072644 -0.806815
v -0.462895 1.070105 -0.802101
v -0.467056 1.067777 -0.809820
v -0.459731 1.070315 -0.814534
v -0.450182 1.045187 -0.805874
v -0.457953 1.044488 -0.801243
v -0.462556 1.043976 -0.809046
v -0.454784 1.044675 -0.813676
v -0.450152 0.987904 -0.806696
v -0.457953 0.987836 -0.802065
v -0.462586 0.987950 -0.809865
v -0.454784 0.988017 -0.814497
v 0.756398 1.109028 -1.481242
v 0.774849 1.098377 -1.481396
v 0.774848 1.077075 -1.481704
v 0.756398 1.066424 -1.481859
v 0.737948 1.077075 -1.481705
v 0.737948 1.098377 -1.481396
v 0.756392 1.101017 -0.928451
v 0.774842 1.090366 -0.928605
v 0.774842 1.069064 -0.928914
v 0.756392 1.058413 -0.929069
v 0.737942 1.069064 -0.928914
v 0.737942 1.090366 -0.928606
v 0.756392 1.086130 -0.928667
v 0.762805 1.079718 -0.928933
v 0.756392 1.073300 -0.928853
v 0.749979 1.079713 -0.928587
v 0.757119 1.085740 -0.901762
v 0.763506 1.079316 -0.901252
v 0.757119 1.072910 -0.901948
v 0.750732 1.079334 -0.902459
v 0.753689 1.085513 -0.886098
v 0.759513 1.079059 -0.883500
v 0.753688 1.072683 -0.886284
v 0.747864 1.079137 -0.888881
v 0.743522 1.085320 -0.872728
v 0.747672 1.078834 -0.867929
v 0.743522 1.072489 -0.872914
v 0.739372 1.078975 -0.877713
v 0.729342 1.085211 -0.865235
v 0.731632 1.078709 -0.859335
v 0.729342 1.072381 -0.865421
v 0.727053 1.078883 -0.871320
v 0.558853 1.084565 -0.822826
v 0.561005 1.078056 -0.816884
v 0.560055 1.071803 -0.823389
v 0.557903 1.078312 -0.829332
v 0.532223 1.078918 -0.816289
v 0.536158 1.072875 -0.810783
v 0.536970 1.067083 -0.817719
v 0.533035 1.073126 -0.823225
v 0.509130 1.062936 -0.810780
v 0.515097 1.058300 -0.805759
v 0.517917 1.053897 -0.813174
v 0.511950 1.058534 -0.818196
v 0.493700 1.039088 -0.807291
v 0.501025 1.036549 -0.802576
v 0.505186 1.034221 -0.810295
v 0.497861 1.036759 -0.815009
v 0.488312 1.011632 -0.806349
v 0.496083 1.010932 -0.801719
v 0.500685 1.010420 -0.809521
v 0.492914 1.011119 -0.814151
v 0.488281 0.954348 -0.807172
v 0.496083 0.954281 -0.802540
v 0.500715 0.954394 -0.810341
v 0.492914 0.954461 -0.814972
v 0.718320 1.142584 -1.480756
v 0.736770 1.131933 -1.480910
v 0.736770 1.110631 -1.481219
v 0.718320 1.099980 -1.481373
v 0.699870 1.110631 -1.481219
v 0.699870 1.131933 -1.480910
v 0.718314 1.134573 -0.927965
v 0.736764 1.123922 -0.928119
v 0.736764 1.102620 -0.928428
v 0.718314 1.091969 -0.928582
v 0.699863 1.102620 -0.928428
v 0.699864 1.123922 -0.928120
v 0.718314 1.119686 -0.928181
v 0.724727 1.113273 -0.928447
v 0.718314 1.106856 -0.928367
v 0.711900 1.113268 -0.928101
v 0.719040 1.119296 -0.901276
v 0.725428 1.112872 -0.900766
v 0.719041 1.106466 -0.901462
v 0.712653 1.112889 -0.901973
v 0.715610 1.119069 -0.885612
v 0.721434 1.112615 -0.883014
v 0.715610 1.106239 -0.885798
v 0.709786 1.112693 -0.888396
v 0.705443 1.118875 -0.872242
v 0.709593 1.112389 -0.867443
v 0.705443 1.106045 -0.872428
v 0.701293 1.112531 -0.877227
v 0.691264 1.118766 -0.864749
v 0.693554 1.112264 -0.858849
v 0.691264 1.105936 -0.864935
v 0.688975 1.112438 -0.870835
v 0.520774 1.118121 -0.822340
v 0.522927 1.111611 -0.816398
v 0.521976 1.105358 -0.822903
v 0.519824 1.111868 -0.828846
v 0.494145 1.112473 -0.815803
v 0.498080 1.106430 -0.810297
v 0.498891 1.100638 -0.817234
v 0.494956 1.106681 -0.822740
v 0.471052 1.096492 -0.810294
v 0.477019 1.091855 -0.805273
v 0.479838 1.087453 -0.812689
v 0.473871 1.092090 -0.817710
v 0.455622 1.072643 -0.806805
v 0.462946 1.070105 -0.802090
v 0.467107 1.067776 -0.809809
v 0.459783 1.070315 -0.814524
v 0.450233 1.045187 -0.805863
v 0.458004 1.044487 -0.801233
v 0.462607 1.043975 -0.809036
v 0.454836 1.044675 -0.813665
v 0.450203 0.987903 -0.806686
v 0.458005 0.987836 -0.802054
v 0.462637 0.987949 -0.809855
v 0.454835 0.988016 -0.814487
v 0.012977 1.092434 -1.766351
v -0.082637 1.092063 -1.740735
v -0.152632 1.091049 -1.670749
v -0.178253 1.089663 -1.575145
v -0.152635 1.088278 -1.479541
v -0.082641 1.087263 -1.409553
v 0.012973 1.086892 -1.383935
v 0.108587 1.087263 -1.409551
v 0.178582 1.088278 -1.479537
v 0.204203 1.089663 -1.575141
v 0.178584 1.091048 -1.670745
v 0.108591 1.092063 -1.740733
v 0.012977 1.149413 -1.765525
v -0.082637 1.149042 -1.739909
v -0.152632 1.148027 -1.669923
v -0.178253 1.146642 -1.574319
v -0.152635 1.145256 -1.478715
v -0.082641 1.144242 -1.408727
v 0.012973 1.143871 -1.383109
v 0.108587 1.144242 -1.408725
v 0.178582 1.145256 -1.478711
v 0.204203 1.146642 -1.574315
v 0.178584 1.148027 -1.669919
v 0.108591 1.149041 -1.739907
v 0.012977 1.148921 -1.731611
v -0.065679 1.148616 -1.710539
v -0.123260 1.147782 -1.652966
v -0.144336 1.146642 -1.574319
v -0.123261 1.145502 -1.495671
v -0.065682 1.144668 -1.438097
v 0.012973 1.144362 -1.417023
v 0.091629 1.144668 -1.438095
v 0.149209 1.145502 -1.495668
v 0.170286 1.146642 -1.574315
v 0.149211 1.147781 -1.652963
v 0.091632 1.148616 -1.710537
v 0.012976 1.180054 -1.688406
v -0.044305 1.179831 -1.673060
v -0.086237 1.179224 -1.631133
v -0.101586 1.178394 -1.573858
v -0.086239 1.177564 -1.516583
v -0.044307 1.176956 -1.474655
v 0.012973 1.176734 -1.459308
v 0.070254 1.176956 -1.474654
v 0.112187 1.177564 -1.516581
v 0.127536 1.178394 -1.573856
v 0.112188 1.179224 -1.631130
v 0.070256 1.179831 -1.673059
v 0.012976 1.179926 -1.679580
v -0.039891 1.179721 -1.665416
v -0.078593 1.179160 -1.626719
v -0.092759 1.178394 -1.573858
v -0.078594 1.177628 -1.520996
v -0.039893 1.177067 -1.482299
v 0.012974 1.176862 -1.468134
v 0.065841 1.177067 -1.482297
v 0.104543 1.177628 -1.520994
v 0.118709 1.178394 -1.573856
v 0.104544 1.179160 -1.626717
v 0.065843 1.179721 -1.665415
v 0.010262 1.190230 -1.672846
v -0.042605 1.190025 -1.658682
v -0.081307 1.189464 -1.619985
v -0.095473 1.188698 -1.567124
v -0.081308 1.187932 -1.514262
v -0.042607 1.187371 -1.475564
v 0.010260 1.187165 -1.461400
v 0.063127 1.187371 -1.475563
v 0.101829 1.187932 -1.514260
v 0.115995 1.188698 -1.567122
v 0.101830 1.189464 -1.619983
v 0.063129 1.190025 -1.658681
v -0.023674 1.202999 -1.625700
v 0.010262 1.203130 -1.634791
v -0.048516 1.202639 -1.600860
v -0.057609 1.202147 -1.566929
v -0.048517 1.201655 -1.532997
v -0.023675 1.201295 -1.508157
v 0.010260 1.201164 -1.499065
v 0.044195 1.201295 -1.508156
v 0.069038 1.201655 -1.532996
v 0.078131 1.202147 -1.566927
v 0.069039 1.202639 -1.600859
v 0.044197 1.202999 -1.625699
v 0.081469 1.153001 -1.707230
v 0.020156 1.153239 -1.723657
v 0.020156 1.175681 -1.692513
v 0.066060 1.175502 -1.680214
v -0.067952 1.152897 -1.700052
v -0.112836 1.152246 -1.655174
v -0.086149 1.174911 -1.639436
v -0.052544 1.175398 -1.673036
v 0.145965 1.150081 -1.505766
v 0.162395 1.150970 -1.567072
v 0.131579 1.173858 -1.566741
v 0.119278 1.173193 -1.520841
v -0.055519 1.149147 -1.441276
v 0.005793 1.148908 -1.424849
v 0.005794 1.172243 -1.455330
v -0.040111 1.172421 -1.467629
v -0.120016 1.152066 -1.642740
v -0.136445 1.151178 -1.581434
v -0.105629 1.174066 -1.581102
v -0.093329 1.174731 -1.627001
v 0.162395 1.151178 -1.581430
v 0.145967 1.152066 -1.642736
v 0.119279 1.174731 -1.626999
v 0.131579 1.174066 -1.581099
v 0.020153 1.148908 -1.424848
v 0.081465 1.149146 -1.441275
v 0.066058 1.172421 -1.467628
v 0.020153 1.172243 -1.455329
v -0.136445 1.150970 -1.567076
v -0.120018 1.150081 -1.505769
v -0.093330 1.173193 -1.520844
v -0.105629 1.173858 -1.566744
v 0.138787 1.152246 -1.655171
v 0.093904 1.152897 -1.700051
v 0.078496 1.175398 -1.673034
v 0.112100 1.174911 -1.639433
v 0.005797 1.153239 -1.723657
v -0.055516 1.153001 -1.707231
v -0.040108 1.175502 -1.680215
v 0.005796 1.175681 -1.692513
v 0.093901 1.149251 -1.448453
v 0.138786 1.149901 -1.493332
v 0.112098 1.173012 -1.508407
v 0.078493 1.172525 -1.474807
v -0.112838 1.149901 -1.493335
v -0.067955 1.149251 -1.448455
v -0.052546 1.172525 -1.474808
v -0.086150 1.173012 -1.508410
v 0.157004 1.093392 -1.715214
v 0.149617 1.093499 -1.722600
v 0.123059 1.139132 -1.393208
v 0.164391 1.093285 -1.707827
v -0.190268 1.140883 -1.514013
v 0.121624 1.093093 -1.694611
v -0.135246 1.092482 -1.652441
v -0.149325 1.140885 -1.514167
v -0.152029 1.141032 -1.524257
v -0.169532 1.140158 -1.463956
v -0.197340 1.091265 -1.568460
v -0.197340 1.091417 -1.578906
v -0.157752 1.091265 -1.568460
v -0.164308 1.140027 -1.454909
v -0.164306 1.092900 -1.681280
v -0.157752 1.091417 -1.578906
v 0.104968 1.144342 -1.752690
v 0.074041 1.088399 -1.370685
v -0.174753 1.092638 -1.663187
v 0.114016 1.144266 -1.747467
v 0.123063 1.144191 -1.742244
v 0.085174 1.143845 -1.718410
v -0.169529 1.092769 -1.672233
v 0.103269 1.143694 -1.707964
v 0.094221 1.143770 -1.713187
v 0.043617 1.144052 -1.732671
v 0.053708 1.144013 -1.729967
v 0.074045 1.144528 -1.765498
v 0.155706 1.092482 -1.652437
v 0.150483 1.092613 -1.661484
v 0.063954 1.144567 -1.768202
v 0.160930 1.092351 -1.643391
v -0.000216 1.144669 -1.775275
v 0.020679 1.144669 -1.775274
v 0.172487 1.091895 -1.611928
v -0.023155 1.144052 -1.732672
v -0.033246 1.144013 -1.729969
v -0.033400 1.144606 -1.770906
v -0.108553 1.139941 -1.448960
v -0.143933 1.139642 -1.428358
v 0.208022 1.092190 -1.632262
v 0.020674 1.088257 -1.360911
v 0.010227 1.088257 -1.360911
v -0.000220 1.088257 -1.360911
v 0.210726 1.092044 -1.622172
v 0.020674 1.088831 -1.400494
v -0.136546 1.139535 -1.420971
v -0.129159 1.139428 -1.413584
v -0.064712 1.143845 -1.718412
v -0.082807 1.143694 -1.707966
v -0.000220 1.088831 -1.400494
v 0.213429 1.091897 -1.612082
v -0.073760 1.143770 -1.713189
v 0.169783 1.092041 -1.622018
v 0.010227 1.088831 -1.400494
v 0.175191 1.091749 -1.601838
v -0.084506 1.144342 -1.752692
v 0.169782 1.140885 -1.514163
v 0.175190 1.141178 -1.534343
v 0.172486 1.141032 -1.524254
v 0.208020 1.140737 -1.503918
v -0.140470 1.092351 -1.643394
v 0.210724 1.140883 -1.514008
v -0.130022 1.092613 -1.661487
v 0.213428 1.141029 -1.524098
v -0.082811 1.139629 -1.427491
v -0.064716 1.139478 -1.417044
v -0.093557 1.139057 -1.387988
v -0.101163 1.143490 -1.693883
v -0.108550 1.143383 -1.686497
v -0.033250 1.088914 -1.406218
v -0.043341 1.088953 -1.408921
v -0.149324 1.092041 -1.622022
v -0.115937 1.143276 -1.679111
v -0.129155 1.143896 -1.721873
v 0.178210 1.141510 -1.557279
v 0.178210 1.141662 -1.567725
v 0.178210 1.091416 -1.578902
v -0.152028 1.091895 -1.611932
v 0.217798 1.141510 -1.557279
v -0.136542 1.093392 -1.715217
v -0.143930 1.093285 -1.707831
v -0.154732 1.091749 -1.601841
v 0.217798 1.141662 -1.567725
v -0.187562 1.092190 -1.632267
v 0.217798 1.141813 -1.578171
v -0.023158 1.139271 -1.402784
v -0.053587 1.138796 -1.369957
v -0.043496 1.138756 -1.367253
v -0.084510 1.088585 -1.383495
v -0.192970 1.091897 -1.612087
v -0.102605 1.088736 -1.393941
v -0.190266 1.092044 -1.622177
v -0.033405 1.138717 -1.364549
v -0.073763 1.089157 -1.422998
v 0.114011 1.139057 -1.387985
v 0.104964 1.138981 -1.382762
v 0.103266 1.139629 -1.427489
v 0.094218 1.139554 -1.422266
v 0.085171 1.139478 -1.417043
v 0.121621 1.139833 -1.441571
v 0.129008 1.139940 -1.448958
v 0.136396 1.140047 -1.456344
v 0.149613 1.139428 -1.413581
v 0.157001 1.139535 -1.420968
v -0.102601 1.093794 -1.742977
v -0.093553 1.093870 -1.748200
v 0.164388 1.139642 -1.428354
v 0.129011 1.143383 -1.686494
v -0.187564 1.140737 -1.503922
v 0.195214 1.092638 -1.663182
v -0.192971 1.141029 -1.524103
v 0.189990 1.092769 -1.672229
v -0.154733 1.141178 -1.534347
v 0.136398 1.143276 -1.679108
v -0.140471 1.140576 -1.492794
v 0.184767 1.092900 -1.681276
v -0.101166 1.089437 -1.442304
v -0.135248 1.140445 -1.483747
v -0.115940 1.089651 -1.457078
v 0.043613 1.088875 -1.403513
v 0.195211 1.089892 -1.473729
v 0.189988 1.089761 -1.464682
v 0.184764 1.089630 -1.455636
v 0.063795 1.088953 -1.408920
v 0.160928 1.090179 -1.493520
v 0.155704 1.090048 -1.484474
v 0.150481 1.089917 -1.475428
v 0.053704 1.088914 -1.406217
v -0.053583 1.094131 -1.766230
v -0.043491 1.094170 -1.768933
v -0.130024 1.140314 -1.474701
v 0.053858 1.088321 -1.365278
v -0.043337 1.093577 -1.727995
v -0.197340 1.141510 -1.557284
v -0.174755 1.140289 -1.473002
v 0.010231 1.093699 -1.736421
v 0.020678 1.093699 -1.736421
v 0.063799 1.143974 -1.727264
v -0.000216 1.093699 -1.736421
v 0.063950 1.088360 -1.367982
v -0.157752 1.141510 -1.557283
v 0.010231 1.094273 -1.776005
v 0.053863 1.144606 -1.770905
v 0.010232 1.144669 -1.775275
v 0.053863 1.094210 -1.771636
v 0.063950 1.138756 -1.367252
v -0.000216 1.144096 -1.735691
v 0.020678 1.144096 -1.735691
v 0.010231 1.144096 -1.735691
v -0.157752 1.091114 -1.558013
v 0.063799 1.093577 -1.727994
v -0.043337 1.143974 -1.727265
v 0.053858 1.138717 -1.364548
v -0.043491 1.144567 -1.768203
v -0.053582 1.144528 -1.765499
v 0.053704 1.139310 -1.405487
v 0.150481 1.140313 -1.474698
v 0.155704 1.140445 -1.483744
v 0.160928 1.140576 -1.492790
v 0.063795 1.139350 -1.408190
v 0.184764 1.140027 -1.454905
v 0.189988 1.140158 -1.463952
v -0.174755 1.089892 -1.473733
v -0.197340 1.091114 -1.558014
v -0.130024 1.089917 -1.475431
v -0.135248 1.090048 -1.484478
v -0.140471 1.090179 -1.493524
v 0.136398 1.092879 -1.679838
v -0.154733 1.090781 -1.535077
v 0.195211 1.140289 -1.472998
v 0.043613 1.139271 -1.402783
v -0.115940 1.140048 -1.456347
v -0.192971 1.090633 -1.524833
v -0.101166 1.139833 -1.441574
v -0.187564 1.090340 -1.504653
v 0.129011 1.092986 -1.687225
v 0.164388 1.089245 -1.429084
v 0.157001 1.089138 -1.421698
v 0.149613 1.089031 -1.414312
v 0.184767 1.143297 -1.680545
v 0.136396 1.089651 -1.457074
v 0.129008 1.089544 -1.449688
v 0.121621 1.089437 -1.442302
v 0.189990 1.143165 -1.671499
v 0.085171 1.089081 -1.417773
v 0.094218 1.089157 -1.422996
v 0.103266 1.089233 -1.428219
v 0.195214 1.143034 -1.662452
v 0.104964 1.088585 -1.383493
v 0.114011 1.088660 -1.388716
v -0.093553 1.144266 -1.747469
v -0.033405 1.088321 -1.365280
v -0.043496 1.088360 -1.367983
v -0.053587 1.088399 -1.370687
v -0.023158 1.088875 -1.403514
v -0.102601 1.144191 -1.742246
v -0.073763 1.139554 -1.422268
v 0.217798 1.091416 -1.578901
v 0.217798 1.091265 -1.568455
v 0.217798 1.091114 -1.558009
v 0.178210 1.091265 -1.568456
v -0.190266 1.142440 -1.621447
v 0.178210 1.091114 -1.558009
v -0.102605 1.139133 -1.393211
v -0.192970 1.142294 -1.611357
v -0.129155 1.093499 -1.722604
v -0.115937 1.092879 -1.679841
v -0.108550 1.092986 -1.687227
v -0.101163 1.093094 -1.694614
v -0.093557 1.088660 -1.388718
v -0.084510 1.138981 -1.382765
v -0.187562 1.142586 -1.631537
v -0.064716 1.089082 -1.417775
v -0.154732 1.142146 -1.601111
v -0.082811 1.089233 -1.428221
v 0.213428 1.090633 -1.524828
v 0.210724 1.090487 -1.514738
v 0.208020 1.090340 -1.504648
v 0.172486 1.090635 -1.524984
v 0.175190 1.090781 -1.535074
v 0.169782 1.090489 -1.514894
v -0.143930 1.143682 -1.707100
v -0.136542 1.143789 -1.714487
v -0.084506 1.093946 -1.753423
v -0.073760 1.093373 -1.713919
v -0.082807 1.093297 -1.708696
v -0.064712 1.093449 -1.719142
v -0.129159 1.089031 -1.414315
v -0.136546 1.089138 -1.421701
v -0.143933 1.089245 -1.429088
v -0.152028 1.142292 -1.611201
v -0.108553 1.089544 -1.449691
v 0.178210 1.141813 -1.578171
v -0.149324 1.142438 -1.621291
v -0.043341 1.139350 -1.408191
v -0.033250 1.139310 -1.405488
v -0.130022 1.143010 -1.660757
v -0.140470 1.142748 -1.642664
v 0.175191 1.142145 -1.601108
v 0.010227 1.139228 -1.399764
v 0.169783 1.142438 -1.621288
v -0.033400 1.094210 -1.771637
v 0.213429 1.142294 -1.611352
v -0.033246 1.093616 -1.730699
v -0.023155 1.093656 -1.733402
v -0.000220 1.139228 -1.399764
v 0.020674 1.139228 -1.399764
v 0.210726 1.142440 -1.621442
v 0.020679 1.094273 -1.776005
v -0.000220 1.138654 -1.360181
v -0.000216 1.094273 -1.776005
v 0.063954 1.094170 -1.768932
v 0.010227 1.138654 -1.360181
v 0.074045 1.094131 -1.766228
v 0.053708 1.093616 -1.730698
v 0.043617 1.093656 -1.733401
v 0.020674 1.138654 -1.360180
v 0.094221 1.093373 -1.713917
v 0.103269 1.093297 -1.708694
v 0.085174 1.093449 -1.719141
v 0.123063 1.093794 -1.742974
v 0.114016 1.093870 -1.748197
v 0.104968 1.093946 -1.753421
v -0.164308 1.089630 -1.455640
v -0.169532 1.089761 -1.464686
v 0.208022 1.142586 -1.631532
v 0.172487 1.142292 -1.611198
v 0.160930 1.142748 -1.642661
v 0.150483 1.143010 -1.660754
v 0.155706 1.142879 -1.651707
v -0.152029 1.090635 -1.524987
v -0.149325 1.090489 -1.514897
v -0.190268 1.090487 -1.514743
v -0.169529 1.143166 -1.671503
v -0.174753 1.143034 -1.662456
v 0.074041 1.138795 -1.369955
v -0.157752 1.141813 -1.578175
v -0.164306 1.143297 -1.680549
v -0.157752 1.141662 -1.567729
v -0.197340 1.141813 -1.578176
v -0.197340 1.141662 -1.567730
v -0.135246 1.142879 -1.651711
v 0.121624 1.143490 -1.693881
v 0.164391 1.143681 -1.707097
v 0.149617 1.143895 -1.721870
v 0.157004 1.143788 -1.714483
v 0.123059 1.088736 -1.393938
v -0.250339 0.786038 -0.981746
v -0.250339 1.251029 -0.975007
v -0.250335 0.791806 -1.379748
v -0.250335 1.256797 -1.373009
v -0.144640 0.786038 -0.981745
v -0.144640 1.251029 -0.975006
v -0.144636 0.791806 -1.379747
v -0.144636 1.256797 -1.373008
v 0.269750 0.786038 -0.981740
v 0.269751 1.251029 -0.975001
v 0.269755 0.791806 -1.379742
v 0.269755 1.256797 -1.373003
v 0.164051 0.786038 -0.981741
v 0.164051 1.251029 -0.975003
v 0.164056 0.791806 -1.379743
v 0.164056 1.256797 -1.373004
v -0.484595 0.958736 -1.171461
v -0.520826 0.958841 -1.156451
v -0.535834 0.958450 -1.120221
v -0.520827 0.957791 -1.083994
v -0.484596 0.957251 -1.068992
v -0.448366 0.957146 -1.084002
v -0.433358 0.957537 -1.120233
v -0.448365 0.958196 -1.156459
v -0.482912 1.147631 -1.168724
v -0.519143 1.147737 -1.153713
v -0.534151 1.147345 -1.117483
v -0.519144 1.146687 -1.081256
v -0.446683 1.146041 -1.081265
v -0.482914 1.146146 -1.066254
v -0.431675 1.146433 -1.117495
v -0.446682 1.147091 -1.153722
v -0.482749 1.165722 -1.144637
v -0.482749 1.164928 -1.089807
v -0.463363 1.164872 -1.097839
v -0.502135 1.165779 -1.136605
v -0.510166 1.165569 -1.117219
v -0.502136 1.165217 -1.097834
v -0.455332 1.165081 -1.117225
v -0.463362 1.165433 -1.136610
v -0.484597 0.957177 -1.063869
v -0.520827 0.957282 -1.048858
v -0.535835 0.956890 -1.012628
v -0.520828 0.956232 -0.976401
v -0.484598 0.955692 -0.961399
v -0.448367 0.955586 -0.976410
v -0.433359 0.955978 -1.012640
v -0.448366 0.956636 -1.048867
v -0.482914 1.146072 -1.061131
v -0.519145 1.145127 -0.973664
v -0.482915 1.144587 -0.958662
v -0.446684 1.144482 -0.973673
v -0.446683 1.145532 -1.046129
v -0.519145 1.146177 -1.046120
v -0.534152 1.145786 -1.009890
v -0.431676 1.144873 -1.009902
v -0.482750 1.164163 -1.037044
v -0.502136 1.164220 -1.029012
v -0.502137 1.163658 -0.990242
v -0.482750 1.163369 -0.982214
v -0.463364 1.163312 -0.990246
v -0.510167 1.164010 -1.009626
v -0.455333 1.163522 -1.009632
v -0.463363 1.163874 -1.029017
v -0.484598 0.955617 -0.956276
v -0.520829 0.955723 -0.941265
v -0.535836 0.955331 -0.905035
v -0.520829 0.954673 -0.868809
v -0.484599 0.954132 -0.853806
v -0.448368 0.954027 -0.868817
v -0.433360 0.954418 -0.905047
v -0.448367 0.955077 -0.941274
v -0.519146 1.144618 -0.938528
v -0.482916 1.143028 -0.851069
v -0.482915 1.144513 -0.953538
v -0.534154 1.144227 -0.902298
v -0.519147 1.143568 -0.866071
v -0.446685 1.142923 -0.866080
v -0.431678 1.143314 -0.902310
v -0.446684 1.143973 -0.938536
v -0.482752 1.161809 -0.874621
v -0.463365 1.161753 -0.882653
v -0.482751 1.162604 -0.929451
v -0.502138 1.162660 -0.921419
v -0.510168 1.162451 -0.902033
v -0.502138 1.162098 -0.882649
v -0.455335 1.161963 -0.902040
v -0.463365 1.162315 -0.921424
v -0.576030 1.006004 -1.170778
v -0.608763 0.990255 -1.155997
v -0.622322 0.983296 -1.119862
v -0.608764 0.989205 -1.083540
v -0.576031 1.004519 -1.068308
v -0.543297 1.020268 -1.083089
v -0.529738 1.027226 -1.119224
v -0.543296 1.021318 -1.155546
v -0.657024 1.176666 -1.168305
v -0.689758 1.160917 -1.153524
v -0.703317 1.153959 -1.117389
v -0.689758 1.159867 -1.081067
v -0.624291 1.190930 -1.080616
v -0.610732 1.197889 -1.116751
v -0.657025 1.175181 -1.065836
v -0.624290 1.191981 -1.153073
v -0.664929 1.192978 -1.144244
v -0.689700 1.180827 -1.117000
v -0.647415 1.200610 -1.097323
v -0.640159 1.204334 -1.116658
v -0.647414 1.201172 -1.136094
v -0.682445 1.184551 -1.136335
v -0.682445 1.183989 -1.097564
v -0.664930 1.192183 -1.089414
v -0.576031 1.004445 -1.063185
v -0.608765 0.988696 -1.048404
v -0.622324 0.981737 -1.012269
v -0.608765 0.987645 -0.975947
v -0.576032 1.002960 -0.960715
v -0.543298 1.018709 -0.975496
v -0.529739 1.025667 -1.011631
v -0.543297 1.019759 -1.047953
v -0.657025 1.175107 -1.060712
v -0.689759 1.159358 -1.045931
v -0.703318 1.152399 -1.009796
v -0.689760 1.158308 -0.973475
v -0.657026 1.173622 -0.958243
v -0.624292 1.190421 -1.045480
v -0.624293 1.189371 -0.973024
v -0.610733 1.196330 -1.009159
v -0.689701 1.179268 -1.009407
v -0.682446 1.182430 -0.989972
v -0.664931 1.190624 -0.981822
v -0.640161 1.202775 -1.009066
v -0.664931 1.191419 -1.036651
v -0.682446 1.182992 -1.028742
v -0.647416 1.199051 -0.989730
v -0.647415 1.199613 -1.028501
v -0.576032 1.002885 -0.955592
v -0.608766 0.987136 -0.940811
v -0.622325 0.980178 -0.904676
v -0.608767 0.986086 -0.868354
v -0.576033 1.001400 -0.853123
v -0.543299 1.017150 -0.867903
v -0.529740 1.024108 -0.904039
v -0.543299 1.018200 -0.940360
v -0.703319 1.150840 -0.902204
v -0.624294 1.187812 -0.865431
v -0.657026 1.173548 -0.953120
v -0.689760 1.157799 -0.938339
v -0.689761 1.156749 -0.865882
v -0.657027 1.172063 -0.850650
v -0.610735 1.194770 -0.901566
v -0.624293 1.188862 -0.937888
v -0.682447 1.181432 -0.921149
v -0.682447 1.180870 -0.882379
v -0.664932 1.189065 -0.874229
v -0.647417 1.198054 -0.920908
v -0.664932 1.189859 -0.929059
v -0.689702 1.177709 -0.901814
v -0.647417 1.197492 -0.882138
v -0.640162 1.201215 -0.901473
v 0.504011 0.958735 -1.171450
v 0.540241 0.958841 -1.156439
v 0.555248 0.958449 -1.120208
v 0.540240 0.957790 -1.083982
v 0.504009 0.957250 -1.068981
v 0.467779 0.957145 -1.083992
v 0.452772 0.957537 -1.120223
v 0.467780 0.958195 -1.156449
v 0.538559 1.147736 -1.153701
v 0.502327 1.146146 -1.066243
v 0.502328 1.147631 -1.168713
v 0.553566 1.147345 -1.117471
v 0.538558 1.146686 -1.081244
v 0.466096 1.146041 -1.081255
v 0.451089 1.146432 -1.117485
v 0.466097 1.147091 -1.153712
v 0.521550 1.165778 -1.136593
v 0.521550 1.165216 -1.097823
v 0.502163 1.164927 -1.089796
v 0.482777 1.164871 -1.097828
v 0.474747 1.165081 -1.117214
v 0.502164 1.165722 -1.144626
v 0.529580 1.165569 -1.117207
v 0.482777 1.165433 -1.136599
v 0.504009 0.957176 -1.063857
v 0.540240 0.957281 -1.048846
v 0.555247 0.956890 -1.012615
v 0.540239 0.956231 -0.976389
v 0.504008 0.955691 -0.961388
v 0.467778 0.955586 -0.976399
v 0.452771 0.955977 -1.012630
v 0.467778 0.956636 -1.048856
v 0.538557 1.146177 -1.046108
v 0.553564 1.145785 -1.009878
v 0.451088 1.144873 -1.009892
v 0.466096 1.145532 -1.046119
v 0.502327 1.146072 -1.061120
v 0.538557 1.145127 -0.973652
v 0.502326 1.144587 -0.958650
v 0.466095 1.144481 -0.973662
v 0.521548 1.163657 -0.990230
v 0.474745 1.163521 -1.009622
v 0.502162 1.164163 -1.037033
v 0.521549 1.164219 -1.029001
v 0.529579 1.164010 -1.009614
v 0.502162 1.163368 -0.982203
v 0.482775 1.163312 -0.990236
v 0.482776 1.163874 -1.029006
v 0.504008 0.955617 -0.956265
v 0.540239 0.955722 -0.941253
v 0.555246 0.955331 -0.905023
v 0.540238 0.954672 -0.868796
v 0.504007 0.954132 -0.853795
v 0.467776 0.954027 -0.868806
v 0.452770 0.954418 -0.905037
v 0.467777 0.955077 -0.941263
v 0.538556 1.144618 -0.938515
v 0.538555 1.143568 -0.866059
v 0.502324 1.143027 -0.851058
v 0.466095 1.143972 -0.938526
v 0.502326 1.144512 -0.953527
v 0.553563 1.144226 -0.902285
v 0.466094 1.142922 -0.866069
v 0.451087 1.143314 -0.902300
v 0.502161 1.162603 -0.929440
v 0.521548 1.162660 -0.921408
v 0.529577 1.162450 -0.902021
v 0.474744 1.161962 -0.902029
v 0.521547 1.162098 -0.882637
v 0.502160 1.161809 -0.874610
v 0.482774 1.161753 -0.882643
v 0.482775 1.162314 -0.921413
v 0.595445 1.006003 -1.170764
v 0.628178 0.990254 -1.155982
v 0.641737 0.983296 -1.119847
v 0.628178 0.989204 -1.083526
v 0.595444 1.004518 -1.068295
v 0.562710 1.020267 -1.083076
v 0.549152 1.027226 -1.119212
v 0.562711 1.021318 -1.155533
v 0.676439 1.176666 -1.168290
v 0.709173 1.160916 -1.153508
v 0.722731 1.153958 -1.117373
v 0.676438 1.175181 -1.065820
v 0.643705 1.190930 -1.080602
v 0.709172 1.159866 -1.081051
v 0.630147 1.197888 -1.116737
v 0.643706 1.191980 -1.153059
v 0.684344 1.192977 -1.144229
v 0.701859 1.184550 -1.136319
v 0.709114 1.180827 -1.116984
v 0.701859 1.183988 -1.097548
v 0.666828 1.200610 -1.097308
v 0.684344 1.192183 -1.089399
v 0.659574 1.204333 -1.116643
v 0.666829 1.201172 -1.136079
v 0.595444 1.004444 -1.063171
v 0.628177 0.988695 -1.048390
v 0.641735 0.981736 -1.012254
v 0.628176 0.987645 -0.975933
v 0.595443 1.002959 -0.960702
v 0.562709 1.018708 -0.975484
v 0.549151 1.025667 -1.011619
v 0.562710 1.019758 -1.047940
v 0.676438 1.175106 -1.060697
v 0.709172 1.159357 -1.045915
v 0.709171 1.158307 -0.973459
v 0.676437 1.173621 -0.958227
v 0.630145 1.196329 -1.009145
v 0.643705 1.190421 -1.045466
v 0.722730 1.152399 -1.009780
v 0.643704 1.189371 -0.973009
v 0.701858 1.182991 -1.028726
v 0.709113 1.179268 -1.009391
v 0.684342 1.190623 -0.981806
v 0.666827 1.199050 -0.989715
v 0.666828 1.199612 -1.028486
v 0.684343 1.191418 -1.036636
v 0.701858 1.182429 -0.989956
v 0.659572 1.202774 -1.009051
v 0.595442 1.002885 -0.955579
v 0.628176 0.987136 -0.940797
v 0.641734 0.980177 -0.904662
v 0.628175 0.986086 -0.868340
v 0.595441 1.001400 -0.853109
v 0.562708 1.017149 -0.867891
v 0.549150 1.024108 -0.904026
v 0.562709 1.018199 -0.940347
v 0.676437 1.173547 -0.953104
v 0.722729 1.150840 -0.902187
v 0.643702 1.187811 -0.865417
v 0.630144 1.194770 -0.901552
v 0.643703 1.188861 -0.937873
v 0.709170 1.157798 -0.938323
v 0.709170 1.156748 -0.865866
v 0.676436 1.172062 -0.850635
v 0.684342 1.189859 -0.929043
v 0.709112 1.177708 -0.901798
v 0.666826 1.197491 -0.882123
v 0.659571 1.201215 -0.901458
v 0.701857 1.181432 -0.921134
v 0.701857 1.180870 -0.882363
v 0.684341 1.189064 -0.874213
v 0.666826 1.198053 -0.920893
v -0.248644 0.991605 -0.752272
v -0.228480 0.991898 -0.772433
v -0.248643 0.992190 -0.792595
v -0.268807 0.991898 -0.772434
v -0.248644 1.170158 -0.749684
v -0.228652 1.167819 -0.769884
v -0.248643 1.170743 -0.790008
v -0.268635 1.173082 -0.769808
v -0.236642 1.214946 -0.749035
v -0.219179 1.205157 -0.769343
v -0.236641 1.215530 -0.789358
v -0.254104 1.225319 -0.769051
v -0.203851 1.247733 -0.748560
v -0.193769 1.230564 -0.768974
v -0.203851 1.248317 -0.788883
v -0.213933 1.265485 -0.768468
v -0.159059 1.259733 -0.748385
v -0.156427 1.240036 -0.768836
v -0.159059 1.260318 -0.788708
v -0.161691 1.280015 -0.768257
v 0.268050 0.991605 -0.752266
v 0.247886 0.991897 -0.772428
v 0.268050 0.992190 -0.792589
v 0.288214 0.991897 -0.772427
v 0.268050 1.170158 -0.749678
v 0.248059 1.167819 -0.769878
v 0.268050 1.170742 -0.790002
v 0.288041 1.173082 -0.769802
v 0.256048 1.214946 -0.749030
v 0.238586 1.205157 -0.769337
v 0.256048 1.215530 -0.789353
v 0.273510 1.225318 -0.769045
v 0.223257 1.247732 -0.748555
v 0.213176 1.230564 -0.768970
v 0.223258 1.248317 -0.788878
v 0.233339 1.265485 -0.768463
v 0.178465 1.259733 -0.748381
v 0.175833 1.240036 -0.768833
v 0.178466 1.260318 -0.788704
v 0.181097 1.280015 -0.768253
v -0.058853 1.259733 -0.748384
v 0.078259 1.259733 -0.748382
v -0.058853 1.239935 -0.768837
v 0.078259 1.239935 -0.768835
v -0.058853 1.260318 -0.788707
v 0.078259 1.260318 -0.788706
v 0.078259 1.280118 -0.768253
v -0.058853 1.280118 -0.768255
v -0.058853 1.259545 -0.735386
v 0.078259 1.259545 -0.735384
v 0.078259 1.293117 -0.768064
v -0.058853 1.293117 -0.768066
v -0.058853 1.226936 -0.769025
v 0.078259 1.226936 -0.769023
v -0.058852 1.260506 -0.801706
v 0.078260 1.260506 -0.801704
v -0.218999 0.980904 -0.847612
v -0.218999 1.089789 -0.846035
v -0.218998 0.982482 -0.956497
v -0.218997 1.091367 -0.954919
v -0.110103 0.980904 -0.847611
v -0.110103 1.089789 -0.846033
v -0.110101 0.982482 -0.956496
v -0.110101 1.091367 -0.954918
v -0.341526 0.777658 -0.884279
v -0.320795 0.777533 -0.875693
v -0.300063 0.777658 -0.884279
v -0.291476 0.777958 -0.905008
v -0.300063 0.778259 -0.925737
v -0.320794 0.778383 -0.934324
v -0.341525 0.778259 -0.925738
v -0.350113 0.777958 -0.905009
v -0.341349 0.993849 -0.881146
v -0.320795 0.991019 -0.872599
v -0.300240 0.988437 -0.881224
v -0.291726 0.987617 -0.901970
v -0.300240 0.989038 -0.922683
v -0.320794 0.991868 -0.931230
v -0.341348 0.994449 -0.922605
v -0.349862 0.995270 -0.901860
v -0.332760 1.023854 -0.880711
v -0.314806 1.013365 -0.872275
v -0.296852 1.003124 -0.881011
v -0.289415 0.999132 -0.901803
v -0.296852 1.003725 -0.922470
v -0.314806 1.014214 -0.930906
v -0.332760 1.024454 -0.922170
v -0.340197 1.028447 -0.901378
v -0.308812 1.047799 -0.880364
v -0.298446 1.029723 -0.872038
v -0.288081 1.011895 -0.880884
v -0.283787 1.004760 -0.901721
v -0.288080 1.012496 -0.922343
v -0.298446 1.030573 -0.930669
v -0.308811 1.048400 -0.921823
v -0.313105 1.055536 -0.900986
v -0.278804 1.056387 -0.880239
v -0.276098 1.035710 -0.871951
v -0.273392 1.015283 -0.880835
v -0.272271 1.007071 -0.901688
v -0.273391 1.015884 -0.922293
v -0.276097 1.036560 -0.930582
v -0.278803 1.056988 -0.921698
v -0.279925 1.065200 -0.900845
v -0.218998 1.056564 -0.880236
v -0.218998 1.035710 -0.871950
v -0.218998 1.015106 -0.880837
v -0.218998 1.006820 -0.901691
v -0.218998 1.015706 -0.922296
v -0.218998 1.036560 -0.930581
v -0.218998 1.057165 -0.921695
v -0.218998 1.065451 -0.900841
v 0.238407 0.980904 -0.847607
v 0.238407 1.089788 -0.846029
v 0.238408 0.982482 -0.956492
v 0.238408 1.091366 -0.954914
v 0.129511 0.980904 -0.847608
v 0.129511 1.089788 -0.846030
v 0.129512 0.982482 -0.956493
v 0.129512 1.091366 -0.954915
v 0.360935 0.777657 -0.884271
v 0.340203 0.777533 -0.875685
v 0.319472 0.777657 -0.884272
v 0.310885 0.777958 -0.905001
v 0.319472 0.778258 -0.925730
v 0.340204 0.778383 -0.934316
v 0.360935 0.778258 -0.925730
v 0.369522 0.777958 -0.905000
v 0.360757 0.993848 -0.881138
v 0.340203 0.991018 -0.872592
v 0.319649 0.988437 -0.881217
v 0.311136 0.987617 -0.901963
v 0.319650 0.989038 -0.922676
v 0.340204 0.991868 -0.931223
v 0.360758 0.994449 -0.922597
v 0.369271 0.995270 -0.901851
v 0.352169 1.023853 -0.880703
v 0.334215 1.013364 -0.872268
v 0.316261 1.003124 -0.881004
v 0.308825 0.999131 -0.901796
v 0.316262 1.003725 -0.922463
v 0.334216 1.014214 -0.930899
v 0.352169 1.024454 -0.922162
v 0.359606 1.028447 -0.901371
v 0.328221 1.047799 -0.880357
v 0.317855 1.029723 -0.872031
v 0.307489 1.011895 -0.880877
v 0.303196 1.004759 -0.901714
v 0.307490 1.012496 -0.922336
v 0.317856 1.030572 -0.930662
v 0.328221 1.048400 -0.921815
v 0.332515 1.055535 -0.900978
v 0.298213 1.056386 -0.880233
v 0.295507 1.035710 -0.871944
v 0.292801 1.015283 -0.880828
v 0.291680 1.007070 -0.901681
v 0.292801 1.015884 -0.922287
v 0.295507 1.036560 -0.930575
v 0.298213 1.056987 -0.921691
v 0.299334 1.065200 -0.900839
v 0.238407 1.056564 -0.880231
v 0.238407 1.035710 -0.871945
v 0.238407 1.015105 -0.880832
v 0.238407 1.006819 -0.901685
v 0.238408 1.015706 -0.922290
v 0.238408 1.036560 -0.930576
v 0.238408 1.057165 -0.921690
v 0.238407 1.065451 -0.900836
v -0.241742 1.297473 -0.514457
v -0.241742 1.381411 -0.513240
v -0.241741 1.299322 -0.642043
v -0.241741 1.383260 -0.640826
v 0.241787 1.297473 -0.514451
v 0.241787 1.381410 -0.513235
v 0.241789 1.299322 -0.642037
v 0.241789 1.383259 -0.640821
v -0.115734 1.392855 -0.501458
v -0.170975 1.392855 -0.501458
v -0.170974 1.395041 -0.652270
v -0.115732 1.395041 -0.652269
v 0.171020 1.392855 -0.501454
v 0.115779 1.392855 -0.501455
v 0.115780 1.395041 -0.652267
v 0.171022 1.395041 -0.652266
v 0.115780 1.299322 -0.642038
v 0.171022 1.299322 -0.642038
v -0.170974 1.299322 -0.642042
v -0.115732 1.299322 -0.642041
v -0.115732 1.383260 -0.640825
v -0.170974 1.383260 -0.640825
v 0.171022 1.383259 -0.640821
v 0.115780 1.383259 -0.640822
v -0.115734 1.297473 -0.514455
v -0.170975 1.297473 -0.514456
v 0.171020 1.297473 -0.514452
v 0.115779 1.297473 -0.514453
v 0.115779 1.381410 -0.513236
v 0.171020 1.381410 -0.513236
v -0.170975 1.381410 -0.513240
v -0.115734 1.381410 -0.513239
v -0.170974 1.287877 -0.653823
v -0.115732 1.287877 -0.653822
v -0.115734 1.285692 -0.503011
v -0.170975 1.285692 -0.503011
v 0.115780 1.287877 -0.653820
v 0.171022 1.287877 -0.653819
v 0.171020 1.285691 -0.503007
v 0.115779 1.285691 -0.503008
v -0.021557 1.299322 -0.642040
v 0.021605 1.299322 -0.642040
v 0.021605 1.383259 -0.640823
v -0.021557 1.383259 -0.640824
v 0.021603 1.297473 -0.514454
v -0.021558 1.297473 -0.514454
v -0.021558 1.381410 -0.513238
v 0.021603 1.381410 -0.513237
v 0.021605 1.401742 -0.640555
v -0.021557 1.401742 -0.640556
v -0.021558 1.399893 -0.512970
v 0.021603 1.399893 -0.512969
v 0.021605 1.447429 -0.639893
v -0.021557 1.447429 -0.639894
v -0.021558 1.445580 -0.512308
v 0.021603 1.445580 -0.512307
v -0.021558 1.422737 -0.512639
v -0.021557 1.424586 -0.640225
v 0.021603 1.422737 -0.512638
v 0.021605 1.424586 -0.640224
v -0.067913 1.422737 -0.512640
v -0.067911 1.424586 -0.640225
v 0.067958 1.422737 -0.512638
v 0.067959 1.424586 -0.640224
v -0.047977 1.401742 -0.640556
v -0.067911 1.421674 -0.640267
v -0.062072 1.407580 -0.640471
v -0.067913 1.419825 -0.512682
v -0.047978 1.399893 -0.512970
v -0.062074 1.405731 -0.512886
v 0.048023 1.399893 -0.512969
v 0.067958 1.419825 -0.512680
v 0.062119 1.405731 -0.512884
v 0.067959 1.421674 -0.640266
v 0.048025 1.401742 -0.640555
v 0.062120 1.407580 -0.640470
v -0.067911 1.427497 -0.640183
v -0.047977 1.447429 -0.639894
v -0.062072 1.441591 -0.639979
v -0.047978 1.445580 -0.512308
v -0.067913 1.425648 -0.512597
v -0.062074 1.439742 -0.512393
v 0.067958 1.425648 -0.512596
v 0.048023 1.445580 -0.512307
v 0.062119 1.439742 -0.512392
v 0.048025 1.447429 -0.639893
v 0.067959 1.427497 -0.640182
v 0.062120 1.441591 -0.639977
v -0.583631 0.888511 -1.729207
v -0.583633 1.223085 -1.546218
v -0.583626 0.889647 -2.182022
v -0.583627 1.408090 -2.081507
v -0.272103 1.408090 -2.081503
v -0.272107 0.888511 -1.729204
v -0.272109 1.223085 -1.546215
v -0.272102 0.889647 -2.182019
v -0.583631 0.972154 -1.683460
v -0.583632 1.055798 -1.637713
v -0.583632 1.139441 -1.591965
v -0.583626 1.278480 -2.106636
v -0.583626 1.148869 -2.131765
v -0.583626 1.019258 -2.156893
v -0.272102 1.278479 -2.106632
v -0.272102 1.148869 -2.131761
v -0.272102 1.019258 -2.156890
v -0.272107 0.972154 -1.683456
v -0.272108 1.055798 -1.637709
v -0.272108 1.139441 -1.591962
v -0.427864 0.889647 -2.182021
v -0.427869 0.888511 -1.729206
v -0.427871 1.223085 -1.546216
v -0.427865 1.408090 -2.081505
v -0.427869 0.972154 -1.683458
v -0.427870 1.055798 -1.637711
v -0.427870 1.139441 -1.591964
v -0.427864 1.278479 -2.106634
v -0.427864 1.148869 -2.131763
v -0.427864 1.019258 -2.156892
v -0.410181 1.001899 -2.160257
v -0.410181 0.907006 -2.178655
v -0.289784 0.907006 -2.178653
v -0.289785 1.001898 -2.160256
v -0.410182 1.390731 -2.084871
v -0.410182 1.295839 -2.103268
v -0.289785 1.295839 -2.103267
v -0.289785 1.390731 -2.084869
v -0.410182 1.261120 -2.110000
v -0.410182 1.166228 -2.128397
v -0.289785 1.166228 -2.128396
v -0.289785 1.261120 -2.109998
v -0.410182 1.131509 -2.135128
v -0.410181 1.036617 -2.153526
v -0.289785 1.036617 -2.153525
v -0.289785 1.131509 -2.135127
v -0.565943 1.131509 -2.135130
v -0.565943 1.036617 -2.153528
v -0.445546 1.036617 -2.153526
v -0.445547 1.131509 -2.135129
v -0.565944 1.261120 -2.110001
v -0.565943 1.166228 -2.128399
v -0.445547 1.166228 -2.128397
v -0.445547 1.261120 -2.110000
v -0.565944 1.390731 -2.084872
v -0.565944 1.295839 -2.103270
v -0.445547 1.295839 -2.103269
v -0.445547 1.390731 -2.084871
v -0.565943 1.001899 -2.160259
v -0.565943 0.907006 -2.178656
v -0.445546 0.907006 -2.178655
v -0.445546 1.001899 -2.160258
v -0.583628 0.889079 -1.955615
v -0.583630 1.250220 -1.814810
v -0.272106 1.250220 -1.814806
v -0.272104 0.889079 -1.955611
v -0.272105 0.995706 -1.920173
v -0.272105 1.036966 -1.885683
v -0.272105 1.143593 -1.850245
v -0.583628 0.995706 -1.920177
v -0.583629 1.102333 -1.884739
v -0.583629 1.143593 -1.850248
v -0.427866 0.889079 -1.955613
v -0.427868 1.250220 -1.814808
v 0.583703 0.888511 -1.729194
v 0.583701 1.223085 -1.546205
v 0.583708 0.889647 -2.182009
v 0.583707 1.408090 -2.081493
v 0.272183 1.408090 -2.081497
v 0.272180 0.888510 -1.729198
v 0.272177 1.223084 -1.546208
v 0.272185 0.889647 -2.182013
v 0.583703 0.972154 -1.683446
v 0.583702 1.055798 -1.637700
v 0.583702 1.139441 -1.591952
v 0.583708 1.278479 -2.106622
v 0.583708 1.148868 -2.131751
v 0.583708 1.019258 -2.156880
v 0.272184 1.278479 -2.106626
v 0.272184 1.148868 -2.131755
v 0.272184 1.019258 -2.156884
v 0.272179 0.972154 -1.683450
v 0.272178 1.055797 -1.637703
v 0.272178 1.139441 -1.591956
v 0.427947 0.889647 -2.182011
v 0.427941 0.888510 -1.729196
v 0.427939 1.223085 -1.546206
v 0.427945 1.408090 -2.081495
v 0.427941 0.972154 -1.683448
v 0.427940 1.055798 -1.637701
v 0.427940 1.139441 -1.591954
v 0.427946 1.278479 -2.106624
v 0.427946 1.148868 -2.131753
v 0.427946 1.019258 -2.156882
v 0.410264 1.001898 -2.160248
v 0.410264 0.907006 -2.178645
v 0.289867 0.907006 -2.178647
v 0.289867 1.001898 -2.160249
v 0.410263 1.390731 -2.084861
v 0.410263 1.295839 -2.103259
v 0.289866 1.295839 -2.103260
v 0.289866 1.390731 -2.084862
v 0.410263 1.261120 -2.109990
v 0.410263 1.166228 -2.128388
v 0.289867 1.166228 -2.128389
v 0.289866 1.261120 -2.109992
v 0.410264 1.131509 -2.135119
v 0.410264 1.036617 -2.153517
v 0.289867 1.036617 -2.153518
v 0.289867 1.131509 -2.135120
v 0.566025 1.131509 -2.135117
v 0.566026 1.036617 -2.153515
v 0.445629 1.036617 -2.153516
v 0.445629 1.131509 -2.135119
v 0.566025 1.261120 -2.109988
v 0.566025 1.166228 -2.128386
v 0.445628 1.166228 -2.128387
v 0.445628 1.261120 -2.109990
v 0.566025 1.390731 -2.084859
v 0.566025 1.295839 -2.103257
v 0.445628 1.295839 -2.103259
v 0.445628 1.390731 -2.084861
v 0.566026 1.001898 -2.160246
v 0.566026 0.907006 -2.178643
v 0.445629 0.907006 -2.178645
v 0.445629 1.001898 -2.160248
v 0.583706 0.889079 -1.955601
v 0.583704 1.250220 -1.814796
v 0.272180 1.250220 -1.814800
v 0.272182 0.889079 -1.955605
v 0.272182 0.995706 -1.920167
v 0.272181 1.036966 -1.885676
v 0.272181 1.143593 -1.850239
v 0.583705 0.995706 -1.920163
v 0.583705 1.102333 -1.884725
v 0.583705 1.143593 -1.850235
v 0.427944 0.889079 -1.955603
v 0.427942 1.250220 -1.814798
v -0.309589 0.823081 -2.180841
v -0.314164 0.825481 -2.184753
v -0.318740 0.823534 -2.180597
v -0.314164 0.821134 -2.176684
v -0.303664 0.915715 -2.130933
v -0.308232 0.918249 -2.134769
v -0.312819 0.916092 -2.130731
v -0.308252 0.913559 -2.126895
v -0.300056 0.997472 -2.077335
v -0.304617 1.000135 -2.081091
v -0.309215 0.997775 -2.077181
v -0.304654 0.995111 -2.073425
v -0.449480 0.996379 -2.076835
v -0.454052 0.994162 -2.072812
v -0.458624 0.996911 -2.076492
v -0.454052 0.999128 -2.080515
v -0.457447 0.917328 -2.127762
v -0.460780 0.912185 -2.125656
v -0.464156 0.912108 -2.131188
v -0.460823 0.917251 -2.133294
v -0.359414 0.919300 -2.128544
v -0.359357 0.912946 -2.127270
v -0.359382 0.911672 -2.133625
v -0.359439 0.918027 -2.134898
v -0.308285 0.919718 -2.128292
v -0.308240 0.913363 -2.127018
v -0.308198 0.912090 -2.133373
v -0.308244 0.918444 -2.134646
v -0.257129 0.920135 -2.128039
v -0.257084 0.913781 -2.126766
v -0.257042 0.912507 -2.133120
v -0.257088 0.918862 -2.134393
v -0.653673 0.821023 -2.184466
v -0.658236 0.823965 -2.188005
v -0.662800 0.821711 -2.183993
v -0.658236 0.818769 -2.180454
v -0.643578 0.912454 -2.121524
v -0.648027 0.915926 -2.124712
v -0.652419 0.914463 -2.120176
v -0.647970 0.910991 -2.116988
v -0.600133 0.991587 -2.075463
v -0.604357 0.995575 -2.078336
v -0.608414 0.994883 -2.073329
v -0.604190 0.990895 -2.070457
v -0.702534 0.912825 -2.111804
v -0.702909 0.908573 -2.116680
v -0.703283 0.913463 -2.120916
v -0.702909 0.917716 -2.116040
v -0.647624 0.913140 -2.116294
v -0.647999 0.908887 -2.121170
v -0.648373 0.913778 -2.125406
v -0.647999 0.918030 -2.120530
v -0.560332 0.913077 -2.123775
v -0.565105 0.910450 -2.127284
v -0.564077 0.914822 -2.131956
v -0.559304 0.917450 -2.128447
v -0.569822 0.819915 -2.179830
v -0.576097 0.821197 -2.180825
v -0.574590 0.824323 -2.186299
v -0.568316 0.823041 -2.185303
v -0.464686 0.822302 -2.182282
v -0.469255 0.824892 -2.186080
v -0.473823 0.822934 -2.181921
v -0.469255 0.820345 -2.178123
v -0.457432 0.917402 -2.127911
v -0.460822 0.917044 -2.133423
v -0.464171 0.912034 -2.131038
v -0.460780 0.912392 -2.125527
v -0.558812 0.916612 -2.126316
v -0.562332 0.916375 -2.131752
v -0.565598 0.911288 -2.129415
v -0.562078 0.911525 -2.123979
v -0.548351 0.995341 -2.076377
v -0.553054 0.998100 -2.079880
v -0.557470 0.995926 -2.075664
v -0.552767 0.993168 -2.072161
v -0.361731 0.822605 -2.164128
v -0.366303 0.825052 -2.168014
v -0.370876 0.823133 -2.163841
v -0.366303 0.820686 -2.159956
v -0.354822 0.915018 -2.114048
v -0.359387 0.917586 -2.117865
v -0.363974 0.915457 -2.113812
v -0.359409 0.912890 -2.109994
v -0.350615 0.997232 -2.060243
v -0.355173 0.999916 -2.063987
v -0.359772 0.997582 -2.060063
v -0.355214 0.994898 -2.056318
v -0.258009 0.823081 -2.180840
v -0.262585 0.825481 -2.184753
v -0.267160 0.823534 -2.180596
v -0.262585 0.821134 -2.176684
v -0.252085 0.915715 -2.130932
v -0.256652 0.918249 -2.134769
v -0.261240 0.916092 -2.130731
v -0.256672 0.913559 -2.126894
v -0.248477 0.997472 -2.077335
v -0.253038 1.000135 -2.081090
v -0.257636 0.997775 -2.077180
v -0.253074 0.995111 -2.073425
v 0.309672 0.823081 -2.180834
v 0.314247 0.825481 -2.184746
v 0.318822 0.823534 -2.180590
v 0.314247 0.821134 -2.176677
v 0.303746 0.915715 -2.130925
v 0.308313 0.918249 -2.134762
v 0.312901 0.916092 -2.130724
v 0.308334 0.913559 -2.126888
v 0.300137 0.997472 -2.077328
v 0.304698 1.000135 -2.081084
v 0.309296 0.997775 -2.077173
v 0.304734 0.995111 -2.073418
v 0.449561 0.996378 -2.076825
v 0.454132 0.994162 -2.072802
v 0.458704 0.996911 -2.076482
v 0.454132 0.999127 -2.080505
v 0.457529 0.917328 -2.127751
v 0.460862 0.912185 -2.125646
v 0.464237 0.912107 -2.131177
v 0.460904 0.917251 -2.133283
v 0.359496 0.919300 -2.128536
v 0.359439 0.912946 -2.127262
v 0.359463 0.911672 -2.133616
v 0.359520 0.918026 -2.134890
v 0.308367 0.919717 -2.128284
v 0.308321 0.913363 -2.127011
v 0.308280 0.912090 -2.133365
v 0.308325 0.918444 -2.134639
v 0.257211 0.920135 -2.128033
v 0.257165 0.913781 -2.126760
v 0.257124 0.912507 -2.133114
v 0.257169 0.918862 -2.134388
v 0.653755 0.821023 -2.184452
v 0.658319 0.823965 -2.187989
v 0.662883 0.821711 -2.183978
v 0.658319 0.818769 -2.180439
v 0.643660 0.912454 -2.121509
v 0.648109 0.915926 -2.124697
v 0.652500 0.914463 -2.120161
v 0.648052 0.910991 -2.116974
v 0.600213 0.991586 -2.075449
v 0.604438 0.995574 -2.078322
v 0.608495 0.994883 -2.073315
v 0.604270 0.990895 -2.070443
v 0.702616 0.912825 -2.111788
v 0.702990 0.908573 -2.116664
v 0.703365 0.913463 -2.120900
v 0.702990 0.917715 -2.116024
v 0.647706 0.913139 -2.116279
v 0.648080 0.908887 -2.121155
v 0.648455 0.913777 -2.125391
v 0.648080 0.918030 -2.120515
v 0.560414 0.913077 -2.123762
v 0.565187 0.910450 -2.127271
v 0.564159 0.914822 -2.131943
v 0.559386 0.917450 -2.128434
v 0.569905 0.819915 -2.179817
v 0.576180 0.821196 -2.180812
v 0.574673 0.824322 -2.186285
v 0.568399 0.823041 -2.185290
v 0.464769 0.822302 -2.182271
v 0.469338 0.824892 -2.186069
v 0.473906 0.822934 -2.181910
v 0.469337 0.820345 -2.178112
v 0.457514 0.917402 -2.127901
v 0.460904 0.917044 -2.133413
v 0.464252 0.912034 -2.131028
v 0.460862 0.912391 -2.125516
v 0.558893 0.916611 -2.126303
v 0.562414 0.916374 -2.131739
v 0.565680 0.911288 -2.129402
v 0.562159 0.911525 -2.123966
v 0.548432 0.995341 -2.076365
v 0.553135 0.998100 -2.079867
v 0.557550 0.995926 -2.075651
v 0.552847 0.993167 -2.072148
v 0.361813 0.822605 -2.164119
v 0.366386 0.825052 -2.168005
v 0.370959 0.823133 -2.163833
v 0.366386 0.820685 -2.159947
v 0.354903 0.915018 -2.114039
v 0.359468 0.917586 -2.117857
v 0.364055 0.915457 -2.113804
v 0.359491 0.912890 -2.109986
v 0.350695 0.997231 -2.060235
v 0.355253 0.999916 -2.063979
v 0.359852 0.997582 -2.060055
v 0.355294 0.994898 -2.056310
v 0.258092 0.823081 -2.180835
v 0.262668 0.825481 -2.184747
v 0.267243 0.823534 -2.180590
v 0.262668 0.821134 -2.176678
v 0.252166 0.915715 -2.130926
v 0.256734 0.918249 -2.134763
v 0.261322 0.916092 -2.130725
v 0.256754 0.913559 -2.126888
v 0.248557 0.997472 -2.077329
v 0.253118 1.000135 -2.081084
v 0.257716 0.997775 -2.077174
v 0.253155 0.995111 -2.073419
v -0.458407 0.664058 -2.207766
v -0.501319 0.639285 -2.208126
v -0.501319 0.589739 -2.208844
v -0.458407 0.564966 -2.209202
v -0.415495 0.589739 -2.208843
v -0.415495 0.639285 -2.208125
v -0.458409 0.661477 -2.029665
v -0.501321 0.636704 -2.030025
v -0.501321 0.587158 -2.030743
v -0.458409 0.562385 -2.031101
v -0.415497 0.587158 -2.030742
v -0.415497 0.636704 -2.030024
v -0.458407 0.644974 -2.208043
v -0.484791 0.599281 -2.208705
v -0.458407 0.584050 -2.208926
v -0.432023 0.629743 -2.208263
v -0.484791 0.629743 -2.208264
v -0.432023 0.599281 -2.208705
v 0.458490 0.664058 -2.207756
v 0.501403 0.639285 -2.208114
v 0.501403 0.589739 -2.208832
v 0.458491 0.564966 -2.209192
v 0.415578 0.589739 -2.208833
v 0.415578 0.639285 -2.208115
v 0.458488 0.661476 -2.029655
v 0.501401 0.636704 -2.030013
v 0.501401 0.587158 -2.030731
v 0.458488 0.562385 -2.031091
v 0.415576 0.587158 -2.030732
v 0.415576 0.636704 -2.030014
v 0.458490 0.644974 -2.208032
v 0.432107 0.599281 -2.208695
v 0.432107 0.629743 -2.208253
v 0.484874 0.629743 -2.208253
v 0.484874 0.599281 -2.208694
v 0.458491 0.584050 -2.208915
v -0.368520 0.665329 2.356882
v -0.000011 0.665512 2.370268
v -0.000011 0.678816 2.363488
v -0.000011 0.692121 2.356707
v -0.000011 0.705425 2.349927
v -0.000011 0.718729 2.343147
v -0.000010 0.732034 2.336366
v -0.000010 0.745338 2.329586
v -0.000010 0.758642 2.322805
v -0.000010 0.771947 2.316025
v -0.000010 0.785251 2.309245
v -0.368519 0.785257 2.306225
v -0.368519 0.771932 2.311854
v -0.368519 0.758606 2.317482
v -0.368519 0.745281 2.323111
v -0.368519 0.731956 2.328740
v -0.368519 0.718630 2.334368
v -0.368519 0.705305 2.339997
v -0.368519 0.691980 2.345625
v -0.368520 0.678654 2.351254
v 0.368498 0.665329 2.356891
v 0.368499 0.785257 2.306234
v 0.368499 0.771932 2.311862
v 0.368499 0.758606 2.317491
v 0.368499 0.745281 2.323119
v 0.368498 0.731956 2.328748
v 0.368498 0.718630 2.334377
v 0.368498 0.705305 2.340005
v 0.368498 0.691980 2.345634
v 0.368498 0.678654 2.351262
v -0.381881 0.678464 2.333040
v -0.552011 0.679345 2.325325
v -0.552019 0.786028 2.292977
v -0.381872 0.785902 2.297964
v -0.578746 0.679787 2.324934
v -0.754994 0.681001 2.314738
v -0.734722 0.785919 2.292168
v -0.578722 0.785760 2.291579
v 0.381860 0.678464 2.333049
v 0.551990 0.679345 2.325337
v 0.551999 0.786028 2.292989
v 0.381852 0.785902 2.297973
v 0.578725 0.679787 2.324947
v 0.754973 0.681000 2.314755
v 0.734702 0.785918 2.292185
v 0.578702 0.785760 2.291592
v -0.552911 0.985378 -2.059011
v -0.637147 0.981444 -2.056348
v -0.562205 0.903694 -2.110856
v -0.572206 0.811863 -2.166055
v -0.702909 0.902889 -2.099351
v -0.713298 0.810630 -2.167966
v -0.355193 0.987400 -2.060298
v -0.359398 0.905231 -2.114075
v -0.366303 0.812862 -2.164129
v -0.257086 0.906066 -2.113570
v -0.262025 0.813242 -2.163290
v -0.254078 0.987335 -2.060199
v 0.552991 0.985378 -2.058998
v 0.637227 0.981444 -2.056333
v 0.562286 0.903694 -2.110843
v 0.572289 0.811863 -2.166042
v 0.702990 0.902888 -2.099334
v 0.713380 0.810630 -2.167950
v 0.355273 0.987400 -2.060290
v 0.359479 0.905231 -2.114067
v 0.366386 0.812862 -2.164121
v 0.257167 0.906066 -2.113564
v 0.262108 0.813242 -2.163284
v 0.254158 0.987335 -2.060194
v 0.000040 0.867703 -2.043561
v 0.000039 0.922453 -2.007175
v 0.000040 0.812882 -2.071979
v -0.182697 0.865711 -2.044725
v -0.185037 0.811846 -2.073355
v -0.180913 0.922365 -2.007427
v 0.182777 0.865711 -2.044721
v 0.185118 0.811846 -2.073351
v 0.180992 0.922365 -2.007423
v -0.539171 0.633255 2.361210
v -0.539565 0.564196 2.336254
v -0.638176 0.633296 2.353904
v -0.639193 0.564110 2.330448
v -0.420446 0.632655 2.364798
v -0.421669 0.564039 2.343558
v 0.539150 0.633255 2.361222
v 0.539544 0.564195 2.336266
v 0.638154 0.633296 2.353919
v 0.639172 0.564110 2.330463
v 0.420424 0.632655 2.364808
v 0.421648 0.564038 2.343568
v -0.494116 1.160849 -0.528936
v -0.494110 1.168575 -1.062039
v 0.513517 1.160849 -0.528925
v 0.513523 1.168575 -1.062028
v -0.488761 0.333617 1.974952
v 0.447320 0.333754 1.965487
v -0.524127 0.384298 -1.522185
v 0.411954 0.384435 -1.531649
v -0.909375 0.424692 1.033479
v -0.899055 0.429804 0.941436
v -0.881186 0.644127 2.145222
v -0.843509 0.463036 2.163750
v -0.835264 0.438819 2.110302
v -0.835264 0.438819 2.110302
v -0.560946 0.645026 2.393545
v -0.698438 0.645192 2.382115
v -0.507539 0.987373 -2.051840
v -0.637147 0.981319 -2.047742
v -0.637147 0.981319 -2.047742
v -0.713298 0.810506 -2.159361
v -0.713298 0.810506 -2.159361
v -0.702909 0.902764 -2.090745
v -0.702909 0.902764 -2.090745
v -0.421444 0.812537 -2.155968
v -0.262026 0.813117 -2.154685
v 0.000040 0.987048 -2.051347
v -0.254078 0.987211 -2.051594
v -0.242763 0.792569 -2.075682
v -0.242763 0.792569 -2.075682
v 0.000040 0.793482 -2.073786
v -0.242534 0.829653 -2.145891
v -0.242534 0.829653 -2.145891
v -0.617987 0.573392 -2.164694
v -0.901469 0.586965 2.106515
v -0.901469 0.586965 2.106515
v -0.901469 0.498941 2.105239
v -0.901469 0.498941 2.105239
v -0.816367 0.929554 0.600613
v -0.825010 0.878931 0.599878
v -0.825010 0.878931 0.599878
v -0.852418 0.670573 2.166427
v -0.843510 0.468246 2.282457
v -0.843510 0.468246 2.282457
v -0.868713 0.642024 2.290308
v -0.868713 0.642024 2.290308
v -0.773820 0.699407 -2.189518
v -0.750111 0.810993 -2.196223
v -0.000008 0.441385 2.115710
v -0.309722 0.442429 2.112324
v -0.542070 0.549711 2.360137
v -0.653099 0.549421 2.353599
v -0.653099 0.549421 2.353599
v -0.368519 0.798688 2.293287
v -0.368519 0.798688 2.293287
v -0.649906 0.637257 2.348399
v -0.649906 0.637257 2.348399
v -0.651038 0.560351 2.322326
v -0.651038 0.560351 2.322326
v -0.714924 0.838005 -2.201539
v -0.714924 0.838005 -2.201539
v -0.714924 0.838005 -2.201539
v -0.705133 0.930047 -2.133036
v -0.813438 0.496891 2.246699
v -0.813438 0.496891 2.246699
v -0.813436 0.498941 2.105241
v -0.813436 0.498941 2.105241
v -1.088940 0.900812 0.532478
v -1.088940 0.900812 0.532478
v -1.088940 0.900812 0.532478
v -0.918454 0.898008 0.585175
v -0.918454 0.898008 0.585175
v -0.918454 0.898008 0.585175
v -0.863963 0.874700 -0.284308
v -0.863963 0.874700 -0.284308
v -0.863573 0.881839 -0.430396
v -0.863573 0.881839 -0.430396
v -0.895111 0.887382 -0.283873
v -0.895111 0.887382 -0.283873
v -0.842344 0.932461 -0.420446
v -0.842344 0.932461 -0.420446
v -0.873493 0.945143 -0.420011
v -0.873493 0.945143 -0.420011
v -0.874720 0.938473 -0.278957
v -0.874720 0.938473 -0.278957
v 0.688544 0.667144 2.359125
v 0.553573 0.666160 2.365933
v 0.783653 0.667852 2.354226
v 0.783653 0.667852 2.354226
v 0.541601 0.626482 2.387893
v 0.651946 0.626326 2.379687
v 0.651946 0.626326 2.379687
v 0.254920 1.014686 -2.093798
v 0.409966 1.014685 -2.094002
v 0.422167 0.837936 -2.199448
v 0.262507 0.837912 -2.198512
v 0.000042 0.699731 -2.211854
v 0.267626 0.699727 -2.211591
v 0.242843 0.792569 -2.075676
v 0.242843 0.792569 -2.075676
v 0.865865 0.525117 -2.092169
v 0.865865 0.525117 -2.092169
v 0.817679 0.573162 -2.148851
v 0.817679 0.573162 -2.148851
v 0.901452 0.496890 2.246719
v 0.901452 0.496890 2.246719
v 0.813419 0.496890 2.246717
v 0.813419 0.496890 2.246717
v 0.908774 0.957972 0.595670
v 0.917418 0.907349 0.594934
v 0.917418 0.907349 0.594934
v 0.795942 0.974479 0.601283
v 0.795942 0.974479 0.601283
v 0.799077 0.972724 0.722342
v 0.799077 0.972724 0.722342
v 0.816386 0.929554 0.600632
v 0.894764 0.894521 -0.429941
v 0.894764 0.894521 -0.429941
v 0.863615 0.881839 -0.430376
v 0.863615 0.881839 -0.430376
v 0.909383 0.425281 1.070661
v 0.909384 0.424692 1.033500
v 0.843490 0.468246 2.282477
v 0.843490 0.468246 2.282477
v 0.868693 0.642024 2.290328
v 0.868693 0.642024 2.290328
v 0.802912 0.326262 2.112872
v 0.812298 0.351492 2.100805
v 0.812298 0.351492 2.100805
v 0.309706 0.442429 2.112331
v 0.368498 0.665435 2.349581
v 0.368498 0.665435 2.349581
v 0.409222 0.560272 2.336908
v 0.409222 0.560272 2.336908
v 0.410703 0.549739 2.368350
v 0.410703 0.549739 2.368350
v 0.407862 0.636544 2.360518
v 0.407862 0.636544 2.360518
v 0.920553 0.906566 0.649003
v 0.920553 0.906566 0.649003
v 0.912021 0.956886 0.649731
v 0.873535 0.945143 -0.419991
v 0.873535 0.945143 -0.419991
v -0.874792 0.572154 2.179884
v -0.874965 0.460356 2.101958
v -0.874965 0.460356 2.101958
v -0.874965 0.460356 2.101958
v -0.884886 0.470144 2.098951
v -0.884886 0.470144 2.098951
v -0.884886 0.470144 2.098951
v -0.884874 0.577920 2.171614
v -0.884874 0.566408 2.188168
v -0.885184 0.451152 2.105717
v -0.885184 0.451152 2.105717
v -0.885184 0.451152 2.105717
v -0.894956 0.572174 2.179897
v -0.895106 0.460940 2.102709
v -0.895106 0.460940 2.102709
v -0.895106 0.460940 2.102709
v -0.886273 0.503152 1.952847
v -0.886273 0.503152 1.952847
v -0.894570 0.511626 1.960760
v -0.894570 0.511626 1.960760
v -0.897452 0.494723 1.950151
v -0.897452 0.494723 1.950151
v -0.905750 0.503198 1.958064
v -0.905750 0.503198 1.958064
v -0.930362 0.601759 1.878181
v -0.938259 0.608608 1.887877
v -0.942133 0.595730 1.872853
v -0.950030 0.602579 1.882550
v -0.914568 0.694064 1.796710
v -0.922499 0.703241 1.804205
v -0.926352 0.688895 1.790569
v -0.934283 0.698071 1.798064
v -0.908354 0.772611 1.691199
v -0.916039 0.783565 1.696121
v -0.920323 0.766103 1.686994
v -0.928009 0.777058 1.691916
v -0.895261 0.814994 1.550553
v -0.902721 0.827035 1.552178
v -0.907383 0.807751 1.548580
v -0.914843 0.819792 1.550205
v -0.891509 0.821413 1.418227
v -0.898895 0.833588 1.417508
v -0.903705 0.814036 1.418602
v -0.911090 0.826211 1.417884
v -0.895296 0.792532 1.241430
v -0.902735 0.804054 1.237531
v -0.907449 0.785684 1.244379
v -0.914888 0.797205 1.240480
v -0.901851 0.724788 1.127058
v -0.909425 0.734448 1.119804
v -0.913921 0.719079 1.132059
v -0.921495 0.728739 1.124806
v -0.904719 0.611996 1.016684
v -0.912336 0.620317 1.007964
v -0.916771 0.606848 1.022299
v -0.924388 0.615170 1.013580
v -0.904711 0.472085 0.889431
v -0.912378 0.478233 0.879102
v -0.916727 0.468557 0.896249
v -0.924393 0.474706 0.885919
v -0.909186 0.393859 0.865456
v -0.916771 0.398566 0.854339
v -0.921126 0.388995 0.871544
v -0.928711 0.393702 0.860426
v -0.877078 0.311885 0.800840
v -0.877078 0.311885 0.800840
v -0.885868 0.321660 0.795318
v -0.885868 0.321660 0.795318
v -0.888038 0.302895 0.802371
v -0.888038 0.302895 0.802371
v -0.896828 0.312669 0.796849
v -0.896828 0.312669 0.796849
v -0.876894 0.333496 0.620361
v -0.886239 0.344242 0.621068
v -0.887663 0.324172 0.619748
v -0.897008 0.334917 0.620454
v -0.876934 0.342051 -0.319120
v -0.886229 0.352730 -0.317430
v -0.887651 0.332657 -0.318700
v -0.896946 0.343335 -0.317010
v -0.920924 0.370983 -0.534171
v -0.920924 0.370983 -0.534171
v -0.920924 0.370983 -0.534171
v -0.929434 0.379122 -0.526132
v -0.929434 0.379122 -0.526132
v -0.929434 0.379122 -0.526132
v -0.932241 0.363529 -0.538604
v -0.932241 0.363529 -0.538604
v -0.932241 0.363529 -0.538604
v -0.940751 0.371668 -0.530566
v -0.940751 0.371668 -0.530566
v -0.940751 0.371668 -0.530566
v -0.920912 0.534144 -0.590666
v -0.929067 0.537470 -0.579455
v -0.932607 0.531824 -0.598485
v -0.940763 0.535151 -0.587273
v -0.920978 0.757569 -0.646051
v -0.929076 0.761847 -0.635124
v -0.932597 0.756504 -0.654245
v -0.940695 0.760783 -0.643318
v -0.893071 0.869078 -0.685980
v -0.900695 0.875985 -0.676108
v -0.904730 0.867794 -0.694086
v -0.912354 0.874701 -0.684215
v -0.881907 0.915677 -0.717786
v -0.888995 0.924989 -0.709641
v -0.894118 0.911920 -0.724116
v -0.901205 0.921232 -0.715972
v -0.877328 0.949200 -0.763813
v -0.884054 0.960337 -0.757982
v -0.889816 0.944042 -0.768367
v -0.896542 0.955180 -0.762537
v -0.864299 0.998883 -0.869311
v -0.864299 0.998883 -0.869311
v -0.869665 1.011788 -0.866489
v -0.869665 1.011788 -0.866489
v -0.874380 0.996851 -0.879187
v -0.874380 0.996851 -0.879187
v -0.879746 1.009756 -0.876365
v -0.879746 1.009756 -0.876365
v -0.703958 1.045198 -0.921424
v -0.707445 1.058932 -0.919840
v -0.708556 1.045586 -0.934914
v -0.712044 1.059319 -0.933331
v -0.874834 0.567878 2.233939
v -0.863444 0.490102 2.135124
v -0.863444 0.490102 2.135124
v -0.863444 0.490102 2.135124
v -0.873704 0.499848 2.133384
v -0.873704 0.499848 2.133384
v -0.873704 0.499848 2.133384
v -0.884874 0.575222 2.226972
v -0.884874 0.559401 2.239473
v -0.873341 0.480063 2.137259
v -0.873341 0.480063 2.137259
v -0.873341 0.480063 2.137259
v -0.894915 0.566745 2.232506
v -0.883602 0.489809 2.135518
v -0.883602 0.489809 2.135518
v -0.883602 0.489809 2.135518
v -0.886264 0.542669 1.953514
v -0.886264 0.542669 1.953514
v -0.895133 0.550514 1.961456
v -0.895133 0.550514 1.961456
v -0.896889 0.533625 1.950582
v -0.896889 0.533625 1.950582
v -0.905759 0.541470 1.958524
v -0.905759 0.541470 1.958524
v -0.930282 0.641021 1.879099
v -0.938721 0.647217 1.888778
v -0.941671 0.634910 1.873080
v -0.950110 0.641106 1.882758
v -0.914489 0.738391 1.805482
v -0.922966 0.747285 1.812716
v -0.925886 0.732831 1.798963
v -0.934362 0.741725 1.806197
v -0.908269 0.811893 1.692015
v -0.916475 0.822694 1.696405
v -0.919888 0.804763 1.687837
v -0.928094 0.815565 1.692227
v -0.895164 0.854338 1.551200
v -0.903178 0.866031 1.552732
v -0.906926 0.846544 1.549154
v -0.914940 0.858237 1.550686
v -0.891408 0.860764 1.418765
v -0.899352 0.872583 1.418065
v -0.903248 0.852830 1.419173
v -0.911191 0.864650 1.418473
v -0.895198 0.831855 1.241835
v -0.903192 0.843047 1.238076
v -0.906992 0.824480 1.244961
v -0.914987 0.835671 1.241203
v -0.901759 0.763973 1.127213
v -0.909906 0.773414 1.120302
v -0.913439 0.757902 1.132689
v -0.921587 0.767343 1.125778
v -0.909010 0.651321 1.016918
v -0.917284 0.658225 1.007582
v -0.920617 0.646730 1.023809
v -0.928891 0.653635 1.014473
v -0.909002 0.504346 0.943041
v -0.917306 0.508997 0.932425
v -0.920592 0.501013 0.950646
v -0.928896 0.505665 0.940031
v -0.909084 0.393293 0.901470
v -0.909084 0.393293 0.901470
v -0.917576 0.399950 0.892151
v -0.917576 0.399950 0.892151
v -0.920321 0.386210 0.906651
v -0.920321 0.386210 0.906651
v -0.928814 0.392867 0.897332
v -0.928814 0.392867 0.897332
v -0.876991 0.347128 0.803501
v -0.886495 0.357027 0.799631
v -0.887411 0.337428 0.804281
v -0.896915 0.347327 0.800411
v -0.876874 0.338290 0.621778
v -0.886655 0.348661 0.621620
v -0.887247 0.328509 0.621928
v -0.897029 0.338881 0.621769
v -0.876924 0.354688 -0.319019
v -0.886554 0.364862 -0.316362
v -0.887327 0.344945 -0.319414
v -0.896956 0.355119 -0.316757
v -0.920897 0.414496 -0.513165
v -0.920897 0.414496 -0.513165
v -0.920897 0.414496 -0.513165
v -0.929686 0.421475 -0.504371
v -0.929686 0.421475 -0.504371
v -0.929686 0.421475 -0.504371
v -0.931990 0.407379 -0.518604
v -0.931990 0.407379 -0.518604
v -0.931990 0.407379 -0.518604
v -0.940779 0.414358 -0.509810
v -0.940779 0.414358 -0.509810
v -0.940779 0.414358 -0.509810
v -0.920863 0.606576 -0.566829
v -0.929370 0.609641 -0.555805
v -0.932305 0.604298 -0.575025
v -0.940812 0.607363 -0.564000
v -0.920950 0.800521 -0.620323
v -0.929351 0.805149 -0.609774
v -0.932323 0.799275 -0.628833
v -0.940723 0.803903 -0.618283
v -0.893049 0.898568 -0.658201
v -0.900965 0.905656 -0.648694
v -0.904460 0.897128 -0.666628
v -0.912376 0.904216 -0.657121
v -0.881840 0.945361 -0.690149
v -0.889263 0.954566 -0.682182
v -0.893850 0.941348 -0.696703
v -0.901273 0.950553 -0.688736
v -0.877238 0.978997 -0.736317
v -0.884325 0.989991 -0.730644
v -0.889546 0.973393 -0.740833
v -0.896633 0.984388 -0.735160
v -0.865138 1.036990 -0.865928
v -0.865138 1.036990 -0.865928
v -0.870839 1.049828 -0.863484
v -0.870839 1.049828 -0.863484
v -0.875191 1.034386 -0.875698
v -0.875191 1.034386 -0.875698
v -0.880891 1.047224 -0.873254
v -0.880891 1.047224 -0.873254
v -0.715795 1.080471 -0.915263
v -0.719479 1.094203 -0.914188
v -0.720329 1.080313 -0.928780
v -0.724014 1.094044 -0.927704
v 0.874775 0.572154 2.179904
v 0.874949 0.460356 2.101978
v 0.874949 0.460356 2.101978
v 0.874949 0.460356 2.101978
v 0.884871 0.470144 2.098971
v 0.884871 0.470144 2.098971
v 0.884871 0.470144 2.098971
v 0.884857 0.577920 2.171634
v 0.884856 0.566407 2.188188
v 0.885169 0.451152 2.105737
v 0.885169 0.451152 2.105737
v 0.885169 0.451152 2.105737
v 0.894938 0.572174 2.179918
v 0.895090 0.460940 2.102730
v 0.895090 0.460940 2.102730
v 0.895090 0.460940 2.102730
v 0.886261 0.503151 1.952868
v 0.886261 0.503151 1.952868
v 0.894558 0.511626 1.960781
v 0.894558 0.511626 1.960781
v 0.897440 0.494723 1.950171
v 0.897440 0.494723 1.950171
v 0.905738 0.503198 1.958085
v 0.905738 0.503198 1.958085
v 0.930352 0.601759 1.878202
v 0.938248 0.608608 1.887899
v 0.942123 0.595730 1.872875
v 0.950019 0.602579 1.882572
v 0.914560 0.694064 1.796731
v 0.922491 0.703240 1.804226
v 0.926343 0.688894 1.790591
v 0.934274 0.698071 1.798086
v 0.908349 0.772610 1.691220
v 0.916033 0.783565 1.696142
v 0.920317 0.766103 1.687015
v 0.928002 0.777057 1.691937
v 0.895259 0.814994 1.550574
v 0.902718 0.827035 1.552199
v 0.907380 0.807750 1.548601
v 0.914840 0.819792 1.550226
v 0.891509 0.821413 1.418248
v 0.898895 0.833587 1.417529
v 0.903705 0.814036 1.418623
v 0.911091 0.826211 1.417905
v 0.895301 0.792532 1.241451
v 0.902739 0.804053 1.237552
v 0.907454 0.785683 1.244400
v 0.914892 0.797205 1.240501
v 0.901857 0.724788 1.127079
v 0.909432 0.734447 1.119825
v 0.913927 0.719079 1.132080
v 0.921502 0.728739 1.124827
v 0.904728 0.611996 1.016704
v 0.912346 0.620317 1.007986
v 0.916780 0.606848 1.022321
v 0.924398 0.615169 1.013602
v 0.904724 0.472084 0.889452
v 0.912390 0.478233 0.879123
v 0.916739 0.468557 0.896270
v 0.924406 0.474706 0.885940
v 0.909199 0.393859 0.865477
v 0.916784 0.398565 0.854360
v 0.921139 0.388995 0.871565
v 0.928724 0.393702 0.860448
v 0.877093 0.311885 0.800860
v 0.877093 0.311885 0.800860
v 0.885882 0.321659 0.795339
v 0.885882 0.321659 0.795339
v 0.888053 0.302894 0.802391
v 0.888053 0.302894 0.802391
v 0.896842 0.312669 0.796870
v 0.896842 0.312669 0.796870
v 0.876913 0.333496 0.620381
v 0.886258 0.344242 0.621088
v 0.887681 0.324172 0.619769
v 0.897026 0.334917 0.620475
v 0.876974 0.342051 -0.319099
v 0.886270 0.352730 -0.317409
v 0.887691 0.332656 -0.318679
v 0.896986 0.343335 -0.316989
v 0.920969 0.370982 -0.534149
v 0.920969 0.370982 -0.534149
v 0.920969 0.370982 -0.534149
v 0.929479 0.379122 -0.526111
v 0.929479 0.379122 -0.526111
v 0.929479 0.379122 -0.526111
v 0.932287 0.363529 -0.538582
v 0.932287 0.363529 -0.538582
v 0.932287 0.363529 -0.538582
v 0.940796 0.371668 -0.530544
v 0.940796 0.371668 -0.530544
v 0.940796 0.371668 -0.530544
v 0.920958 0.534144 -0.590645
v 0.929114 0.537470 -0.579433
v 0.932653 0.531824 -0.598464
v 0.940809 0.535150 -0.587252
v 0.921026 0.757568 -0.646030
v 0.929123 0.761847 -0.635103
v 0.932645 0.756504 -0.654224
v 0.940743 0.760782 -0.643297
v 0.893119 0.869078 -0.685959
v 0.900743 0.875985 -0.676087
v 0.904778 0.867794 -0.694065
v 0.912402 0.874701 -0.684194
v 0.881957 0.915676 -0.717766
v 0.889044 0.924988 -0.709620
v 0.894167 0.911920 -0.724096
v 0.901255 0.921232 -0.715951
v 0.877378 0.949199 -0.763793
v 0.884105 0.960337 -0.757962
v 0.889866 0.944042 -0.768347
v 0.896593 0.955179 -0.762516
v 0.864352 0.998883 -0.869291
v 0.864352 0.998883 -0.869291
v 0.869718 1.011788 -0.866469
v 0.869718 1.011788 -0.866469
v 0.874433 0.996851 -0.879167
v 0.874433 0.996851 -0.879167
v 0.879799 1.009756 -0.876345
v 0.879799 1.009756 -0.876345
v 0.704012 1.045198 -0.921407
v 0.707499 1.058932 -0.919824
v 0.708611 1.045586 -0.934897
v 0.712098 1.059319 -0.933314
v 0.874816 0.567878 2.233960
v 0.863428 0.490102 2.135144
v 0.863428 0.490102 2.135144
v 0.863428 0.490102 2.135144
v 0.873688 0.499848 2.133404
v 0.873688 0.499848 2.133404
v 0.873688 0.499848 2.133404
v 0.884856 0.575222 2.226993
v 0.884856 0.559401 2.239494
v 0.873325 0.480063 2.137279
v 0.873325 0.480063 2.137279
v 0.873325 0.480063 2.137279
v 0.894896 0.566745 2.232527
v 0.883585 0.489809 2.135539
v 0.883585 0.489809 2.135539
v 0.883585 0.489809 2.135539
v 0.886252 0.542669 1.953534
v 0.886252 0.542669 1.953534
v 0.895121 0.550514 1.961477
v 0.895121 0.550514 1.961477
v 0.896877 0.533625 1.950603
v 0.896877 0.533625 1.950603
v 0.905746 0.541470 1.958545
v 0.905746 0.541470 1.958545
v 0.930271 0.641021 1.879121
v 0.938711 0.647217 1.888799
v 0.941661 0.634910 1.873102
v 0.950100 0.641106 1.882780
v 0.914480 0.738391 1.805503
v 0.922957 0.747284 1.812737
v 0.925877 0.732831 1.798984
v 0.934353 0.741725 1.806219
v 0.908263 0.811893 1.692036
v 0.916469 0.822694 1.696426
v 0.919882 0.804763 1.687858
v 0.928088 0.815565 1.692248
v 0.895161 0.854338 1.551221
v 0.903175 0.866031 1.552753
v 0.906923 0.846544 1.549175
v 0.914938 0.858237 1.550707
v 0.891408 0.860763 1.418786
v 0.899352 0.872583 1.418086
v 0.903248 0.852830 1.419194
v 0.911192 0.864649 1.418494
v 0.895202 0.831855 1.241855
v 0.903196 0.843047 1.238097
v 0.906997 0.824480 1.244982
v 0.914991 0.835671 1.241224
v 0.901766 0.763973 1.127234
v 0.909913 0.773414 1.120323
v 0.913446 0.757902 1.132710
v 0.921594 0.767343 1.125799
v 0.909019 0.651320 1.016939
v 0.917293 0.658225 1.007603
v 0.920626 0.646729 1.023830
v 0.928900 0.653634 1.014495
v 0.909014 0.504346 0.943062
v 0.917318 0.508997 0.932446
v 0.920604 0.501013 0.950668
v 0.928908 0.505664 0.940052
v 0.909096 0.393293 0.901491
v 0.909096 0.393293 0.901491
v 0.917589 0.399950 0.892172
v 0.917589 0.399950 0.892172
v 0.920333 0.386210 0.906672
v 0.920333 0.386210 0.906672
v 0.928826 0.392867 0.897353
v 0.928826 0.392867 0.897353
v 0.877005 0.347128 0.803521
v 0.886509 0.357027 0.799652
v 0.887425 0.337428 0.804301
v 0.896930 0.347326 0.800432
v 0.876892 0.338289 0.621799
v 0.886674 0.348661 0.621640
v 0.887265 0.328508 0.621948
v 0.897047 0.338880 0.621790
v 0.876964 0.354688 -0.318998
v 0.886593 0.364862 -0.316341
v 0.887367 0.344945 -0.319393
v 0.896996 0.355119 -0.316736
v 0.920942 0.414496 -0.513143
v 0.920942 0.414496 -0.513143
v 0.920942 0.414496 -0.513143
v 0.929730 0.421475 -0.504349
v 0.929730 0.421475 -0.504349
v 0.929730 0.421475 -0.504349
v 0.932035 0.407379 -0.518582
v 0.932035 0.407379 -0.518582
v 0.932035 0.407379 -0.518582
v 0.940824 0.414358 -0.509788
v 0.940824 0.414358 -0.509788
v 0.940824 0.414358 -0.509788
v 0.920909 0.606576 -0.566808
v 0.929415 0.609641 -0.555783
v 0.932351 0.604297 -0.575003
v 0.940858 0.607362 -0.563979
v 0.920997 0.800521 -0.620302
v 0.929398 0.805149 -0.609752
v 0.932370 0.799275 -0.628811
v 0.940770 0.803903 -0.618261
v 0.893097 0.898568 -0.658181
v 0.901013 0.905656 -0.648674
v 0.904508 0.897128 -0.666607
v 0.912424 0.904215 -0.657099
v 0.881889 0.945361 -0.690129
v 0.889312 0.954565 -0.682162
v 0.893899 0.941348 -0.696682
v 0.901322 0.950552 -0.688715
v 0.877288 0.978997 -0.736297
v 0.884374 0.989991 -0.730623
v 0.889596 0.973393 -0.740813
v 0.896683 0.984387 -0.735139
v 0.865191 1.036990 -0.865908
v 0.865191 1.036990 -0.865908
v 0.870891 1.049828 -0.863464
v 0.870891 1.049828 -0.863464
v 0.875244 1.034386 -0.875678
v 0.875244 1.034386 -0.875678
v 0.880944 1.047224 -0.873234
v 0.880944 1.047224 -0.873234
v 0.715849 1.080471 -0.915246
v 0.719533 1.094202 -0.914171
v 0.720383 1.080313 -0.928763
v 0.724068 1.094044 -0.927687
v -0.877837 0.757155 1.111794
v -0.877837 0.757155 1.111794
v -0.883810 0.714773 1.066113
v -0.883810 0.714773 1.066113
v -0.878356 0.764013 -0.792564
v -0.878356 0.764013 -0.792564
v -0.878356 0.802126 -0.823281
v -0.878356 0.802126 -0.823281
v -0.880024 0.719284 0.777442
v -0.878500 0.796663 -0.523322
v -0.878872 0.755420 -0.498701
v -0.877735 0.761375 0.796661
v -0.904409 0.759856 1.111662
v -0.904409 0.759856 1.111662
v -0.910383 0.717474 1.065981
v -0.910383 0.717474 1.065981
v -0.905065 0.764119 -0.792591
v -0.905065 0.764119 -0.792591
v -0.905065 0.802232 -0.823308
v -0.905065 0.802232 -0.823308
v -0.906689 0.720823 0.777405
v -0.905207 0.797009 -0.523334
v -0.905574 0.756034 -0.498696
v -0.904368 0.763392 0.796585
v 0.877844 0.757155 1.111814
v 0.877844 0.757155 1.111814
v 0.883819 0.714773 1.066134
v 0.883819 0.714773 1.066134
v 0.878407 0.764013 -0.792544
v 0.878407 0.764013 -0.792544
v 0.878407 0.802126 -0.823261
v 0.878407 0.802126 -0.823261
v 0.880038 0.719284 0.777462
v 0.878545 0.796662 -0.523302
v 0.878916 0.755419 -0.498681
v 0.877749 0.761375 0.796681
v 0.904416 0.759856 1.111683
v 0.904416 0.759856 1.111683
v 0.910391 0.717473 1.066002
v 0.910391 0.717473 1.066002
v 0.905116 0.764119 -0.792570
v 0.905116 0.764119 -0.792570
v 0.905116 0.802232 -0.823287
v 0.905116 0.802232 -0.823287
v 0.906704 0.720822 0.777426
v 0.905252 0.797009 -0.523314
v 0.905618 0.756034 -0.498675
v 0.904382 0.763392 0.796605
v -0.612161 0.364312 0.588501
v -0.612174 0.347246 1.766124
v -0.612174 0.347246 1.766124
v 0.714303 0.347284 1.763472
v 0.714303 0.347284 1.763472
v 0.714317 0.364350 0.585849
v 0.714342 0.396181 -1.610575
v 0.714342 0.396181 -1.610575
v -0.718255 0.396181 -1.610592
v -0.718255 0.396181 -1.610592
v -0.612162 0.745259 0.681067
v -0.612179 0.724062 2.143771
v -0.612179 0.724062 2.143771
v 0.714299 0.724100 2.141119
v 0.714299 0.724100 2.141119
v 0.714316 0.745297 0.678415
v 0.714347 0.784834 -2.049722
v 0.714347 0.784834 -2.049722
v -0.718249 0.784834 -2.049739
v -0.718249 0.784834 -2.049739
v -0.494111 0.438409 -1.072621
v -0.494111 0.438409 -1.072621
v -0.494117 0.430683 -0.539518
v -0.494117 0.430683 -0.539518
v -0.494116 0.963787 -0.531792
v -0.494116 0.963787 -0.531792
v -0.494116 0.963787 -0.531792
v -0.494110 0.971513 -1.064895
v -0.494110 0.971513 -1.064895
v -0.494110 0.971513 -1.064895
v 0.513523 0.438409 -1.072609
v 0.513523 0.438409 -1.072609
v 0.513523 0.971512 -1.064883
v 0.513523 0.971512 -1.064883
v 0.513523 0.971512 -1.064883
v 0.513517 0.430683 -0.539506
v 0.513517 0.430683 -0.539506
v 0.513517 0.963786 -0.531781
v 0.513517 0.963786 -0.531781
v 0.513517 0.963786 -0.531781
v -0.148769 1.077180 -1.384518
v -0.148769 1.077180 -1.384518
v -0.148773 1.071650 -1.002952
v -0.148773 1.071650 -1.002952
v 0.168185 1.071650 -1.002948
v 0.168185 1.071650 -1.002948
v 0.168189 1.077180 -1.384514
v 0.168189 1.077180 -1.384514
v 0.307515 1.077180 -1.384513
v 0.307515 1.077180 -1.384513
v 0.307520 1.082709 -1.766078
v -0.288090 1.082710 -1.766085
v -0.288095 1.077180 -1.384520
v -0.288095 1.077180 -1.384520
v -0.148769 0.788966 -1.388695
v -0.148769 0.788966 -1.388695
v -0.148773 0.783437 -1.007129
v -0.148773 0.783437 -1.007129
v 0.168185 0.783437 -1.007125
v 0.168185 0.783437 -1.007125
v 0.168189 0.788966 -1.388691
v 0.168189 0.788966 -1.388691
v 0.307515 0.788966 -1.388690
v 0.307515 0.788966 -1.388690
v 0.307519 0.794496 -1.770255
v -0.288090 0.794496 -1.770262
v -0.288095 0.788966 -1.388696
v -0.288095 0.788966 -1.388696
v 0.307515 0.933073 -1.386601
v 0.168189 0.933073 -1.386603
v -0.148769 0.933073 -1.386606
v -0.288095 0.933073 -1.386608
v -0.288090 1.083154 -1.796724
v -0.288090 1.083154 -1.796724
v -0.288088 0.797377 -1.969031
v -0.288088 0.797377 -1.969031
v -0.148773 0.927544 -1.005040
v 0.168185 0.927543 -1.005037
v 0.168194 1.083153 -1.796719
v -0.148764 1.083154 -1.796722
v 0.307520 1.083153 -1.796717
v 0.307520 1.083153 -1.796717
v 0.168196 0.797377 -1.969026
v -0.148762 0.797377 -1.969029
v 0.307522 0.797376 -1.969024
v 0.307522 0.797376 -1.969024
v -0.288089 0.940787 -1.918863
v 0.307521 0.940786 -1.918856
v -0.129054 0.908349 -0.990022
v -0.129054 0.908349 -0.990022
v -0.129058 0.902820 -0.608456
v -0.129058 0.902820 -0.608456
v 0.148461 0.902819 -0.608453
v 0.148461 0.902819 -0.608453
v 0.148465 0.908349 -0.990019
v 0.148465 0.908349 -0.990019
v -0.129054 1.166440 -0.986282
v -0.129054 1.166440 -0.986282
v -0.129058 1.160910 -0.604716
v -0.129058 1.160910 -0.604716
v 0.148461 1.160910 -0.604712
v 0.148461 1.160910 -0.604712
v 0.148465 1.166440 -0.986279
v 0.148465 1.166440 -0.986279
v -0.032269 1.236366 -1.226920
v 0.009709 1.236529 -1.238166
v -0.062999 1.235921 -1.196194
v -0.074247 1.235313 -1.154221
v -0.062999 1.234704 -1.112248
v -0.032270 1.234259 -1.081522
v 0.009707 1.234096 -1.070274
v 0.051684 1.234259 -1.081521
v 0.082414 1.234704 -1.112246
v 0.093662 1.235313 -1.154219
v 0.082415 1.235921 -1.196192
v 0.051686 1.236366 -1.226918
v -0.020721 1.256960 -1.206616
v 0.009708 1.257078 -1.214769
v -0.042997 1.256637 -1.184344
v -0.051150 1.256196 -1.153918
v -0.042997 1.255755 -1.123492
v -0.020722 1.255432 -1.101219
v 0.009707 1.255314 -1.093066
v 0.040136 1.255432 -1.101218
v 0.062412 1.255755 -1.123491
v 0.070566 1.256196 -1.153916
v 0.062413 1.256637 -1.184342
v 0.040137 1.256960 -1.206616
v -0.005759 1.256830 -1.197663
v -0.005759 1.256830 -1.197663
v 0.009708 1.256928 -1.204431
v 0.009708 1.256928 -1.204431
v -0.017082 1.256562 -1.179174
v -0.021227 1.256196 -1.153918
v -0.017082 1.255830 -1.128661
v -0.005760 1.255562 -1.110171
v -0.005760 1.255562 -1.110171
v 0.009707 1.255464 -1.103404
v 0.009707 1.255464 -1.103404
v 0.025174 1.255562 -1.110171
v 0.025174 1.255562 -1.110171
v 0.036497 1.255830 -1.128660
v 0.040642 1.256196 -1.153917
v 0.036498 1.256562 -1.179174
v 0.025175 1.256830 -1.197663
v 0.025175 1.256830 -1.197663
v -0.005759 1.458327 -1.194743
v -0.005759 1.458327 -1.194743
v 0.009708 1.458425 -1.201511
v 0.009708 1.458425 -1.201511
v 0.009708 1.458425 -1.201511
v -0.017082 1.458059 -1.176254
v -0.021226 1.457693 -1.150997
v -0.017082 1.457327 -1.125741
v -0.005760 1.457059 -1.107251
v -0.005760 1.457059 -1.107251
v 0.009707 1.456961 -1.100484
v 0.009707 1.456961 -1.100484
v 0.009707 1.456961 -1.100484
v 0.025174 1.457059 -1.107251
v 0.025174 1.457059 -1.107251
v 0.036497 1.457327 -1.125740
v 0.040642 1.457693 -1.150997
v 0.036498 1.458059 -1.176254
v 0.025175 1.458327 -1.194743
v 0.025175 1.458327 -1.194743
v -0.001996 1.468460 -1.183952
v 0.009708 1.468534 -1.189073
v 0.009708 1.468534 -1.189073
v -0.010565 1.468257 -1.169961
v -0.013701 1.467980 -1.150848
v -0.010565 1.467703 -1.131736
v -0.001997 1.467501 -1.117744
v 0.009707 1.467427 -1.112623
v 0.009707 1.467427 -1.112623
v 0.021412 1.467501 -1.117744
v 0.029980 1.467703 -1.131736
v 0.033116 1.467980 -1.150848
v 0.029981 1.468257 -1.169960
v 0.021412 1.468460 -1.183952
v -0.774781 1.098378 -1.481414
v -0.774781 1.098378 -1.481414
v -0.756331 1.109029 -1.481259
v -0.756331 1.109029 -1.481259
v -0.774781 1.077076 -1.481722
v -0.774781 1.077076 -1.481722
v -0.756331 1.066425 -1.481876
v -0.756331 1.066425 -1.481876
v -0.737881 1.077076 -1.481722
v -0.737881 1.077076 -1.481722
v -0.737881 1.098378 -1.481413
v -0.737881 1.098378 -1.481413
v -0.774788 1.090367 -0.928623
v -0.774788 1.090367 -0.928623
v -0.756338 1.101018 -0.928468
v -0.756338 1.101018 -0.928468
v -0.774788 1.069065 -0.928931
v -0.774788 1.069065 -0.928931
v -0.756338 1.058414 -0.929086
v -0.756338 1.058414 -0.929086
v -0.737888 1.069065 -0.928931
v -0.737888 1.069065 -0.928931
v -0.737888 1.090367 -0.928623
v -0.737888 1.090367 -0.928623
v -0.756338 1.086131 -0.928684
v -0.757065 1.085741 -0.901780
v -0.749924 1.079713 -0.928604
v -0.750678 1.079334 -0.902477
v -0.762751 1.079718 -0.928951
v -0.763452 1.079317 -0.901269
v -0.756338 1.073301 -0.928870
v -0.757065 1.072911 -0.901966
v -0.753635 1.085514 -0.886115
v -0.747811 1.079138 -0.888899
v -0.759459 1.079060 -0.883518
v -0.753635 1.072684 -0.886301
v -0.743469 1.085320 -0.872745
v -0.739319 1.078976 -0.877730
v -0.747619 1.078834 -0.867946
v -0.743469 1.072490 -0.872931
v -0.729290 1.085211 -0.865252
v -0.727000 1.078883 -0.871337
v -0.731579 1.078710 -0.859352
v -0.729290 1.072381 -0.865438
v -0.558801 1.084566 -0.822839
v -0.557851 1.078313 -0.829345
v -0.560953 1.078056 -0.816896
v -0.560003 1.071803 -0.823402
v -0.532171 1.078918 -0.816301
v -0.532983 1.073126 -0.823238
v -0.536107 1.072875 -0.810795
v -0.536918 1.067083 -0.817732
v -0.509078 1.062937 -0.810792
v -0.511898 1.058535 -0.818208
v -0.515046 1.058300 -0.805771
v -0.517865 1.053898 -0.813186
v -0.493648 1.039088 -0.807302
v -0.497809 1.036759 -0.815021
v -0.500973 1.036550 -0.802588
v -0.505134 1.034221 -0.810307
v -0.488260 1.011632 -0.806360
v -0.492862 1.011120 -0.814163
v -0.496032 1.010932 -0.801730
v -0.500634 1.010420 -0.809533
v -0.488230 0.954348 -0.807183
v -0.492862 0.954461 -0.814984
v -0.496032 0.954281 -0.802552
v -0.500664 0.954394 -0.810352
v -0.736703 1.131933 -1.480927
v -0.736703 1.131933 -1.480927
v -0.718253 1.142584 -1.480772
v -0.718253 1.142584 -1.480772
v -0.736703 1.110631 -1.481236
v -0.736703 1.110631 -1.481236
v -0.718253 1.099980 -1.481390
v -0.718253 1.099980 -1.481390
v -0.699803 1.110631 -1.481235
v -0.699803 1.110631 -1.481235
v -0.699803 1.131933 -1.480927
v -0.699803 1.131933 -1.480927
v -0.736709 1.123922 -0.928136
v -0.736709 1.123922 -0.928136
v -0.718259 1.134573 -0.927982
v -0.718259 1.134573 -0.927982
v -0.736709 1.102620 -0.928445
v -0.736709 1.102620 -0.928445
v -0.718259 1.091969 -0.928599
v -0.718259 1.091969 -0.928599
v -0.699809 1.102620 -0.928445
v -0.699809 1.102620 -0.928445
v -0.699809 1.123922 -0.928136
v -0.699809 1.123922 -0.928136
v -0.718259 1.119686 -0.928197
v -0.718987 1.119296 -0.901293
v -0.711846 1.113269 -0.928117
v -0.712600 1.112890 -0.901990
v -0.724673 1.113274 -0.928464
v -0.725374 1.112872 -0.900782
v -0.718259 1.106856 -0.928383
v -0.718987 1.106466 -0.901479
v -0.715557 1.119069 -0.885628
v -0.709733 1.112693 -0.888412
v -0.721381 1.112615 -0.883031
v -0.715557 1.106239 -0.885814
v -0.705390 1.118876 -0.872258
v -0.701240 1.112531 -0.877243
v -0.709540 1.112390 -0.867459
v -0.705390 1.106045 -0.872444
v -0.691211 1.118767 -0.864765
v -0.688922 1.112439 -0.870850
v -0.693501 1.112265 -0.858865
v -0.691211 1.105937 -0.864951
v -0.520722 1.118121 -0.822352
v -0.519772 1.111868 -0.828858
v -0.522875 1.111612 -0.816410
v -0.521925 1.105359 -0.822915
v -0.494093 1.112473 -0.815815
v -0.494905 1.106682 -0.822751
v -0.498028 1.106431 -0.810308
v -0.498840 1.100639 -0.817245
v -0.471000 1.096492 -0.810305
v -0.473820 1.092090 -0.817721
v -0.476967 1.091856 -0.805284
v -0.479787 1.087453 -0.812700
v -0.455570 1.072644 -0.806815
v -0.459731 1.070315 -0.814534
v -0.462895 1.070105 -0.802101
v -0.467056 1.067777 -0.809820
v -0.450182 1.045187 -0.805874
v -0.454784 1.044675 -0.813676
v -0.457953 1.044488 -0.801243
v -0.462556 1.043976 -0.809046
v -0.450152 0.987904 -0.806696
v -0.454784 0.988017 -0.814497
v -0.457953 0.987836 -0.802065
v -0.462586 0.987950 -0.809865
v 0.774849 1.098377 -1.481396
v 0.774849 1.098377 -1.481396
v 0.756398 1.109028 -1.481242
v 0.756398 1.109028 -1.481242
v 0.774848 1.077075 -1.481704
v 0.774848 1.077075 -1.481704
v 0.756398 1.066424 -1.481859
v 0.756398 1.066424 -1.481859
v 0.737948 1.077075 -1.481705
v 0.737948 1.077075 -1.481705
v 0.737948 1.098377 -1.481396
v 0.737948 1.098377 -1.481396
v 0.774842 1.090366 -0.928605
v 0.774842 1.090366 -0.928605
v 0.756392 1.101017 -0.928451
v 0.756392 1.101017 -0.928451
v 0.774842 1.069064 -0.928914
v 0.774842 1.069064 -0.928914
v 0.756392 1.058413 -0.929069
v 0.756392 1.058413 -0.929069
v 0.737942 1.069064 -0.928914
v 0.737942 1.069064 -0.928914
v 0.737942 1.090366 -0.928606
v 0.737942 1.090366 -0.928606
v 0.756392 1.086130 -0.928667
v 0.757119 1.085740 -0.901762
v 0.749979 1.079713 -0.928587
v 0.750732 1.079334 -0.902459
v 0.762805 1.079718 -0.928933
v 0.763506 1.079316 -0.901252
v 0.756392 1.073300 -0.928853
v 0.757119 1.072910 -0.901948
v 0.753689 1.085513 -0.886098
v 0.747864 1.079137 -0.888881
v 0.759513 1.079059 -0.883500
v 0.753688 1.072683 -0.886284
v 0.743522 1.085320 -0.872728
v 0.739372 1.078975 -0.877713
v 0.747672 1.078834 -0.867929
v 0.743522 1.072489 -0.872914
v 0.729342 1.085211 -0.865235
v 0.727053 1.078883 -0.871320
v 0.731632 1.078709 -0.859335
v 0.729342 1.072381 -0.865421
v 0.558853 1.084565 -0.822826
v 0.557903 1.078312 -0.829332
v 0.561005 1.078056 -0.816884
v 0.560055 1.071803 -0.823389
v 0.532223 1.078918 -0.816289
v 0.533035 1.073126 -0.823225
v 0.536158 1.072875 -0.810783
v 0.536970 1.067083 -0.817719
v 0.509130 1.062936 -0.810780
v 0.511950 1.058534 -0.818196
v 0.515097 1.058300 -0.805759
v 0.517917 1.053897 -0.813174
v 0.493700 1.039088 -0.807291
v 0.497861 1.036759 -0.815009
v 0.501025 1.036549 -0.802576
v 0.505186 1.034221 -0.810295
v 0.488312 1.011632 -0.806349
v 0.492914 1.011119 -0.814151
v 0.496083 1.010932 -0.801719
v 0.500685 1.010420 -0.809521
v 0.488281 0.954348 -0.807172
v 0.492914 0.954461 -0.814972
v 0.496083 0.954281 -0.802540
v 0.500715 0.954394 -0.810341
v 0.736770 1.131933 -1.480910
v 0.736770 1.131933 -1.480910
v 0.718320 1.142584 -1.480756
v 0.718320 1.142584 -1.480756
v 0.736770 1.110631 -1.481219
v 0.736770 1.110631 -1.481219
v 0.718320 1.099980 -1.481373
v 0.718320 1.099980 -1.481373
v 0.699870 1.110631 -1.481219
v 0.699870 1.110631 -1.481219
v 0.699870 1.131933 -1.480910
v 0.699870 1.131933 -1.480910
v 0.736764 1.123922 -0.928119
v 0.736764 1.123922 -0.928119
v 0.718314 1.134573 -0.927965
v 0.718314 1.134573 -0.927965
v 0.736764 1.102620 -0.928428
v 0.736764 1.102620 -0.928428
v 0.718314 1.091969 -0.928582
v 0.718314 1.091969 -0.928582
v 0.699863 1.102620 -0.928428
v 0.699863 1.102620 -0.928428
v 0.699864 1.123922 -0.928120
v 0.699864 1.123922 -0.928120
v 0.718314 1.119686 -0.928181
v 0.719040 1.119296 -0.901276
v 0.711900 1.113268 -0.928101
v 0.712653 1.112889 -0.901973
v 0.724727 1.113273 -0.928447
v 0.725428 1.112872 -0.900766
v 0.718314 1.106856 -0.928367
v 0.719041 1.106466 -0.901462
v 0.715610 1.119069 -0.885612
v 0.709786 1.112693 -0.888396
v 0.721434 1.112615 -0.883014
v 0.715610 1.106239 -0.885798
v 0.705443 1.118875 -0.872242
v 0.701293 1.112531 -0.877227
v 0.709593 1.112389 -0.867443
v 0.705443 1.106045 -0.872428
v 0.691264 1.118766 -0.864749
v 0.688975 1.112438 -0.870835
v 0.693554 1.112264 -0.858849
v 0.691264 1.105936 -0.864935
v 0.520774 1.118121 -0.822340
v 0.519824 1.111868 -0.828846
v 0.522927 1.111611 -0.816398
v 0.521976 1.105358 -0.822903
v 0.494145 1.112473 -0.815803
v 0.494956 1.106681 -0.822740
v 0.498080 1.106430 -0.810297
v 0.498891 1.100638 -0.817234
v 0.471052 1.096492 -0.810294
v 0.473871 1.092090 -0.817710
v 0.477019 1.091855 -0.805273
v 0.479838 1.087453 -0.812689
v 0.455622 1.072643 -0.806805
v 0.459783 1.070315 -0.814524
v 0.462946 1.070105 -0.802090
v 0.467107 1.067776 -0.809809
v 0.450233 1.045187 -0.805863
v 0.454836 1.044675 -0.813665
v 0.458004 1.044487 -0.801233
v 0.462607 1.043975 -0.809036
v 0.450203 0.987903 -0.806686
v 0.454835 0.988016 -0.814487
v 0.458005 0.987836 -0.802054
v 0.462637 0.987949 -0.809855
v -0.082637 1.149042 -1.739909
v -0.082637 1.149042 -1.739909
v 0.012977 1.149413 -1.765525
v -0.152632 1.148027 -1.669923
v -0.152632 1.148027 -1.669923
v -0.178253 1.146642 -1.574319
v -0.152635 1.145256 -1.478715
v -0.082641 1.144242 -1.408727
v -0.082641 1.144242 -1.408727
v 0.012973 1.143871 -1.383109
v 0.108587 1.144242 -1.408725
v 0.108587 1.144242 -1.408725
v 0.178582 1.145256 -1.478711
v 0.178582 1.145256 -1.478711
v 0.204203 1.146642 -1.574315
v 0.178584 1.148027 -1.669919
v 0.108591 1.149041 -1.739907
v 0.108591 1.149041 -1.739907
v 0.108591 1.092063 -1.740733
v -0.082637 1.092063 -1.740735
v 0.108587 1.087263 -1.409551
v 0.178582 1.088278 -1.479537
v -0.082641 1.087263 -1.409553
v -0.152632 1.091049 -1.670749
v -0.065679 1.148616 -1.710539
v 0.012977 1.148921 -1.731611
v -0.123260 1.147782 -1.652966
v -0.144336 1.146642 -1.574319
v -0.123261 1.145502 -1.495671
v -0.065682 1.144668 -1.438097
v 0.012973 1.144362 -1.417023
v 0.091629 1.144668 -1.438095
v 0.149209 1.145502 -1.495668
v 0.170286 1.146642 -1.574315
v 0.149211 1.147781 -1.652963
v 0.091632 1.148616 -1.710537
v -0.044305 1.179831 -1.673060
v 0.012976 1.180054 -1.688406
v -0.086237 1.179224 -1.631133
v -0.101586 1.178394 -1.573858
v -0.086239 1.177564 -1.516583
v -0.044307 1.176956 -1.474655
v 0.012973 1.176734 -1.459308
v 0.070254 1.176956 -1.474654
v 0.112187 1.177564 -1.516581
v 0.127536 1.178394 -1.573856
v 0.112188 1.179224 -1.631130
v 0.070256 1.179831 -1.673059
v -0.039891 1.179721 -1.665416
v -0.039891 1.179721 -1.665416
v 0.012976 1.179926 -1.679580
v -0.078593 1.179160 -1.626719
v -0.078593 1.179160 -1.626719
v -0.092759 1.178394 -1.573858
v -0.092759 1.178394 -1.573858
v -0.078594 1.177628 -1.520996
v -0.039893 1.177067 -1.482299
v 0.012974 1.176862 -1.468134
v 0.065841 1.177067 -1.482297
v 0.065841 1.177067 -1.482297
v 0.104543 1.177628 -1.520994
v 0.104543 1.177628 -1.520994
v 0.118709 1.178394 -1.573856
v 0.118709 1.178394 -1.573856
v 0.104544 1.179160 -1.626717
v 0.065843 1.179721 -1.665415
v -0.042605 1.190025 -1.658682
v -0.042605 1.190025 -1.658682
v 0.010262 1.190230 -1.672846
v -0.081307 1.189464 -1.619985
v -0.081307 1.189464 -1.619985
v -0.095473 1.188698 -1.567124
v -0.095473 1.188698 -1.567124
v -0.081308 1.187932 -1.514262
v -0.042607 1.187371 -1.475564
v 0.010260 1.187165 -1.461400
v 0.063127 1.187371 -1.475563
v 0.063127 1.187371 -1.475563
v 0.101829 1.187932 -1.514260
v 0.101829 1.187932 -1.514260
v 0.115995 1.188698 -1.567122
v 0.115995 1.188698 -1.567122
v 0.101830 1.189464 -1.619983
v 0.063129 1.190025 -1.658681
v 0.157004 1.093392 -1.715214
v 0.164391 1.093285 -1.707827
v 0.164391 1.093285 -1.707827
v 0.149617 1.093499 -1.722600
v 0.149617 1.093499 -1.722600
v 0.121624 1.093093 -1.694611
v 0.121624 1.093093 -1.694611
v -0.164308 1.089630 -1.455640
v -0.164308 1.089630 -1.455640
v -0.169532 1.089761 -1.464686
v 0.114016 1.093870 -1.748197
v 0.104968 1.093946 -1.753421
v 0.104968 1.093946 -1.753421
v 0.123063 1.093794 -1.742974
v 0.123063 1.093794 -1.742974
v 0.103269 1.093297 -1.708694
v 0.103269 1.093297 -1.708694
v 0.094221 1.093373 -1.713917
v -0.157752 1.091265 -1.568460
v -0.157752 1.091417 -1.578906
v -0.157752 1.091417 -1.578906
v -0.197340 1.091417 -1.578906
v -0.197340 1.091417 -1.578906
v 0.085174 1.093449 -1.719141
v 0.085174 1.093449 -1.719141
v 0.053708 1.093616 -1.730698
v 0.043617 1.093656 -1.733401
v 0.043617 1.093656 -1.733401
v -0.197340 1.091265 -1.568460
v 0.063954 1.094170 -1.768932
v 0.074045 1.094131 -1.766228
v 0.074045 1.094131 -1.766228
v 0.155706 1.092482 -1.652437
v 0.160930 1.092351 -1.643391
v 0.160930 1.092351 -1.643391
v 0.150483 1.092613 -1.661484
v 0.150483 1.092613 -1.661484
v -0.033246 1.093616 -1.730699
v -0.023155 1.093656 -1.733402
v -0.023155 1.093656 -1.733402
v -0.033400 1.094210 -1.771637
v -0.033400 1.094210 -1.771637
v 0.020674 1.088257 -1.360911
v 0.020674 1.088257 -1.360911
v 0.020674 1.088831 -1.400494
v 0.020674 1.088831 -1.400494
v 0.010227 1.088257 -1.360911
v -0.000220 1.088257 -1.360911
v -0.000220 1.088257 -1.360911
v 0.213429 1.091897 -1.612082
v 0.213429 1.091897 -1.612082
v 0.175191 1.091749 -1.601838
v 0.175191 1.091749 -1.601838
v -0.136546 1.089138 -1.421701
v -0.143933 1.089245 -1.429088
v -0.143933 1.089245 -1.429088
v 0.074041 1.088399 -1.370685
v 0.074041 1.088399 -1.370685
v 0.074041 1.138795 -1.369955
v 0.074041 1.138795 -1.369955
v -0.129159 1.089031 -1.414315
v -0.129159 1.089031 -1.414315
v 0.085171 1.089081 -1.417773
v 0.085171 1.089081 -1.417773
v 0.085171 1.139478 -1.417043
v 0.085171 1.139478 -1.417043
v 0.123059 1.139132 -1.393208
v 0.123059 1.139132 -1.393208
v 0.123059 1.088736 -1.393938
v 0.123059 1.088736 -1.393938
v -0.187562 1.142586 -1.631537
v -0.187562 1.142586 -1.631537
v -0.187562 1.092190 -1.632267
v -0.187562 1.092190 -1.632267
v 0.043617 1.144052 -1.732671
v 0.043617 1.144052 -1.732671
v -0.073760 1.093373 -1.713919
v -0.082807 1.093297 -1.708696
v -0.082807 1.093297 -1.708696
v -0.192970 1.091897 -1.612087
v -0.192970 1.091897 -1.612087
v -0.192970 1.142294 -1.611357
v -0.192970 1.142294 -1.611357
v -0.084506 1.093946 -1.753423
v -0.084506 1.093946 -1.753423
v -0.064712 1.093449 -1.719142
v -0.064712 1.093449 -1.719142
v -0.187564 1.140737 -1.503922
v -0.187564 1.140737 -1.503922
v -0.187564 1.090340 -1.504653
v -0.187564 1.090340 -1.504653
v 0.136398 1.143276 -1.679108
v 0.136398 1.143276 -1.679108
v 0.136398 1.092879 -1.679838
v 0.136398 1.092879 -1.679838
v -0.154732 1.091749 -1.601841
v -0.154732 1.091749 -1.601841
v -0.154732 1.142146 -1.601111
v -0.154732 1.142146 -1.601111
v -0.149324 1.142438 -1.621291
v -0.149324 1.142438 -1.621291
v -0.149324 1.092041 -1.622022
v -0.149324 1.092041 -1.622022
v -0.033250 1.088914 -1.406218
v -0.043341 1.088953 -1.408921
v -0.043341 1.088953 -1.408921
v 0.210724 1.090487 -1.514738
v 0.208020 1.090340 -1.504648
v 0.208020 1.090340 -1.504648
v 0.213428 1.090633 -1.524828
v 0.213428 1.090633 -1.524828
v 0.172486 1.090635 -1.524984
v 0.175190 1.090781 -1.535074
v 0.175190 1.090781 -1.535074
v 0.085174 1.143845 -1.718410
v 0.085174 1.143845 -1.718410
v -0.197340 1.141813 -1.578176
v -0.197340 1.141813 -1.578176
v 0.169782 1.090489 -1.514894
v 0.169782 1.090489 -1.514894
v -0.102605 1.088736 -1.393941
v -0.102605 1.088736 -1.393941
v -0.102605 1.139133 -1.393211
v -0.102605 1.139133 -1.393211
v 0.169782 1.140885 -1.514163
v 0.169782 1.140885 -1.514163
v -0.157752 1.141813 -1.578175
v -0.157752 1.141813 -1.578175
v -0.136542 1.093392 -1.715217
v -0.143930 1.093285 -1.707831
v -0.143930 1.093285 -1.707831
v 0.020674 1.138654 -1.360180
v 0.020674 1.138654 -1.360180
v -0.084510 1.138981 -1.382765
v -0.084510 1.138981 -1.382765
v -0.084510 1.088585 -1.383495
v -0.084510 1.088585 -1.383495
v 0.136396 1.140047 -1.456344
v 0.136396 1.140047 -1.456344
v 0.136396 1.089651 -1.457074
v 0.136396 1.089651 -1.457074
v 0.164388 1.089245 -1.429084
v 0.164388 1.089245 -1.429084
v 0.164388 1.139642 -1.428354
v 0.164388 1.139642 -1.428354
v 0.103269 1.143694 -1.707964
v 0.103269 1.143694 -1.707964
v -0.143930 1.143682 -1.707100
v -0.143930 1.143682 -1.707100
v -0.108550 1.092986 -1.687227
v -0.101163 1.093094 -1.694614
v -0.101163 1.093094 -1.694614
v -0.115937 1.092879 -1.679841
v -0.115937 1.092879 -1.679841
v 0.123063 1.144191 -1.742244
v 0.123063 1.144191 -1.742244
v -0.064716 1.139478 -1.417044
v -0.064716 1.139478 -1.417044
v -0.064716 1.089082 -1.417775
v -0.064716 1.089082 -1.417775
v -0.033405 1.138717 -1.364549
v -0.033405 1.138717 -1.364549
v -0.033405 1.088321 -1.365280
v -0.033405 1.088321 -1.365280
v 0.149613 1.139428 -1.413581
v 0.149613 1.139428 -1.413581
v 0.149613 1.089031 -1.414312
v 0.149613 1.089031 -1.414312
v 0.121621 1.089437 -1.442302
v 0.121621 1.089437 -1.442302
v 0.121621 1.139833 -1.441571
v 0.121621 1.139833 -1.441571
v -0.129155 1.093499 -1.722604
v -0.129155 1.093499 -1.722604
v 0.104968 1.144342 -1.752690
v 0.104968 1.144342 -1.752690
v 0.217798 1.091265 -1.568455
v 0.217798 1.091114 -1.558009
v 0.217798 1.091114 -1.558009
v 0.217798 1.091416 -1.578901
v 0.217798 1.091416 -1.578901
v -0.082811 1.089233 -1.428221
v -0.082811 1.089233 -1.428221
v -0.082811 1.139629 -1.427491
v -0.082811 1.139629 -1.427491
v 0.175190 1.141178 -1.534343
v 0.175190 1.141178 -1.534343
v -0.164308 1.140027 -1.454909
v -0.164308 1.140027 -1.454909
v -0.197340 1.141510 -1.557284
v -0.197340 1.141510 -1.557284
v -0.197340 1.091114 -1.558014
v -0.197340 1.091114 -1.558014
v 0.178210 1.091114 -1.558009
v 0.178210 1.091114 -1.558009
v -0.157752 1.091114 -1.558013
v -0.157752 1.091114 -1.558013
v -0.157752 1.141510 -1.557283
v -0.157752 1.141510 -1.557283
v 0.178210 1.091265 -1.568456
v 0.178210 1.091416 -1.578902
v 0.178210 1.091416 -1.578902
v 0.178210 1.141813 -1.578171
v 0.178210 1.141813 -1.578171
v -0.043496 1.088360 -1.367983
v -0.053587 1.088399 -1.370687
v -0.053587 1.088399 -1.370687
v 0.213428 1.141029 -1.524098
v 0.213428 1.141029 -1.524098
v -0.023158 1.088875 -1.403514
v -0.023158 1.088875 -1.403514
v -0.023158 1.139271 -1.402784
v -0.023158 1.139271 -1.402784
v 0.208020 1.140737 -1.503918
v 0.208020 1.140737 -1.503918
v 0.121624 1.143490 -1.693881
v 0.121624 1.143490 -1.693881
v -0.102601 1.093794 -1.742977
v -0.102601 1.093794 -1.742977
v -0.093553 1.093870 -1.748200
v 0.149617 1.143895 -1.721870
v 0.149617 1.143895 -1.721870
v -0.043341 1.139350 -1.408191
v -0.043341 1.139350 -1.408191
v -0.102601 1.144191 -1.742246
v -0.102601 1.144191 -1.742246
v -0.053587 1.138796 -1.369957
v -0.053587 1.138796 -1.369957
v -0.169529 1.092769 -1.672233
v -0.174753 1.092638 -1.663187
v -0.174753 1.092638 -1.663187
v -0.149325 1.090489 -1.514897
v -0.149325 1.090489 -1.514897
v -0.149325 1.140885 -1.514167
v -0.149325 1.140885 -1.514167
v -0.192971 1.141029 -1.524103
v -0.192971 1.141029 -1.524103
v -0.192971 1.090633 -1.524833
v -0.192971 1.090633 -1.524833
v -0.154733 1.090781 -1.535077
v -0.154733 1.090781 -1.535077
v -0.154733 1.141178 -1.534347
v -0.154733 1.141178 -1.534347
v 0.164391 1.143681 -1.707097
v 0.164391 1.143681 -1.707097
v -0.164306 1.092900 -1.681280
v -0.164306 1.092900 -1.681280
v 0.184764 1.089630 -1.455636
v 0.184764 1.089630 -1.455636
v 0.150481 1.089917 -1.475428
v 0.150481 1.089917 -1.475428
v 0.195211 1.089892 -1.473729
v 0.195211 1.089892 -1.473729
v 0.160928 1.090179 -1.493520
v 0.160928 1.090179 -1.493520
v 0.210726 1.092044 -1.622172
v 0.208022 1.092190 -1.632262
v 0.208022 1.092190 -1.632262
v 0.189988 1.089761 -1.464682
v 0.155704 1.090048 -1.484474
v 0.178210 1.141510 -1.557279
v 0.178210 1.141510 -1.557279
v -0.023155 1.144052 -1.732672
v -0.023155 1.144052 -1.732672
v -0.084506 1.144342 -1.752692
v -0.084506 1.144342 -1.752692
v -0.053583 1.094131 -1.766230
v -0.053583 1.094131 -1.766230
v -0.043337 1.093577 -1.727995
v -0.043337 1.093577 -1.727995
v 0.010227 1.088831 -1.400494
v -0.000220 1.088831 -1.400494
v -0.000220 1.088831 -1.400494
v -0.043491 1.094170 -1.768933
v -0.064712 1.143845 -1.718412
v -0.064712 1.143845 -1.718412
v -0.174753 1.143034 -1.662456
v -0.174753 1.143034 -1.662456
v -0.140470 1.092351 -1.643394
v -0.140470 1.092351 -1.643394
v -0.140470 1.142748 -1.642664
v -0.140470 1.142748 -1.642664
v -0.130022 1.143010 -1.660757
v -0.130022 1.143010 -1.660757
v -0.130022 1.092613 -1.661487
v -0.130022 1.092613 -1.661487
v 0.010231 1.093699 -1.736421
v -0.000216 1.093699 -1.736421
v -0.000216 1.093699 -1.736421
v -0.101166 1.139833 -1.441574
v -0.101166 1.139833 -1.441574
v -0.101166 1.089437 -1.442304
v -0.101166 1.089437 -1.442304
v -0.082807 1.143694 -1.707966
v -0.082807 1.143694 -1.707966
v 0.020678 1.093699 -1.736421
v 0.020678 1.093699 -1.736421
v -0.115940 1.089651 -1.457078
v -0.115940 1.089651 -1.457078
v -0.115940 1.140048 -1.456347
v -0.115940 1.140048 -1.456347
v -0.130024 1.140314 -1.474701
v -0.130024 1.140314 -1.474701
v -0.130024 1.089917 -1.475431
v -0.130024 1.089917 -1.475431
v 0.169783 1.092041 -1.622018
v 0.169783 1.092041 -1.622018
v 0.169783 1.142438 -1.621288
v 0.169783 1.142438 -1.621288
v -0.053582 1.144528 -1.765499
v -0.053582 1.144528 -1.765499
v 0.175191 1.142145 -1.601108
v 0.175191 1.142145 -1.601108
v 0.217798 1.141813 -1.578171
v 0.217798 1.141813 -1.578171
v 0.213429 1.142294 -1.611352
v 0.213429 1.142294 -1.611352
v 0.217798 1.141510 -1.557279
v 0.217798 1.141510 -1.557279
v 0.053858 1.138717 -1.364548
v 0.053858 1.138717 -1.364548
v 0.053858 1.088321 -1.365278
v 0.053858 1.088321 -1.365278
v 0.043613 1.088875 -1.403513
v 0.043613 1.088875 -1.403513
v 0.043613 1.139271 -1.402783
v 0.043613 1.139271 -1.402783
v -0.152028 1.091895 -1.611932
v -0.190266 1.092044 -1.622177
v 0.189990 1.092769 -1.672229
v 0.195214 1.092638 -1.663182
v 0.195214 1.092638 -1.663182
v 0.020674 1.139228 -1.399764
v 0.020674 1.139228 -1.399764
v -0.129159 1.139428 -1.413584
v -0.129159 1.139428 -1.413584
v -0.000220 1.138654 -1.360181
v -0.000220 1.138654 -1.360181
v 0.184767 1.092900 -1.681276
v 0.184767 1.092900 -1.681276
v -0.000220 1.139228 -1.399764
v -0.000220 1.139228 -1.399764
v -0.140471 1.140576 -1.492794
v -0.140471 1.140576 -1.492794
v -0.140471 1.090179 -1.493524
v -0.140471 1.090179 -1.493524
v -0.174755 1.089892 -1.473733
v -0.174755 1.089892 -1.473733
v -0.174755 1.140289 -1.473002
v -0.174755 1.140289 -1.473002
v -0.129155 1.143896 -1.721873
v -0.129155 1.143896 -1.721873
v -0.043337 1.143974 -1.727265
v -0.043337 1.143974 -1.727265
v 0.053704 1.088914 -1.406217
v 0.063795 1.088953 -1.408920
v 0.063795 1.088953 -1.408920
v 0.063795 1.139350 -1.408190
v 0.063795 1.139350 -1.408190
v -0.033400 1.144606 -1.770906
v -0.033400 1.144606 -1.770906
v -0.135248 1.090048 -1.484478
v -0.000216 1.144096 -1.735691
v -0.000216 1.144096 -1.735691
v 0.150483 1.143010 -1.660754
v 0.150483 1.143010 -1.660754
v 0.063950 1.088360 -1.367982
v 0.020678 1.144096 -1.735691
v 0.020678 1.144096 -1.735691
v 0.208022 1.142586 -1.631532
v 0.208022 1.142586 -1.631532
v -0.143933 1.139642 -1.428358
v -0.143933 1.139642 -1.428358
v 0.160930 1.142748 -1.642661
v 0.160930 1.142748 -1.642661
v 0.195214 1.143034 -1.662452
v 0.195214 1.143034 -1.662452
v -0.115937 1.143276 -1.679111
v -0.115937 1.143276 -1.679111
v 0.160928 1.140576 -1.492790
v 0.160928 1.140576 -1.492790
v 0.157001 1.089138 -1.421698
v 0.129008 1.089544 -1.449688
v 0.195211 1.140289 -1.472998
v 0.195211 1.140289 -1.472998
v 0.020679 1.094273 -1.776005
v 0.020679 1.094273 -1.776005
v 0.020679 1.144669 -1.775274
v 0.020679 1.144669 -1.775274
v 0.129011 1.092986 -1.687225
v -0.101163 1.143490 -1.693883
v -0.101163 1.143490 -1.693883
v 0.104964 1.088585 -1.383493
v 0.104964 1.088585 -1.383493
v -0.000216 1.144669 -1.775275
v -0.000216 1.144669 -1.775275
v -0.000216 1.094273 -1.776005
v -0.000216 1.094273 -1.776005
v 0.094218 1.089157 -1.422996
v 0.114011 1.088660 -1.388716
v 0.103266 1.089233 -1.428219
v 0.103266 1.089233 -1.428219
v 0.103266 1.139629 -1.427489
v 0.103266 1.139629 -1.427489
v 0.184764 1.140027 -1.454905
v 0.184764 1.140027 -1.454905
v 0.150481 1.140313 -1.474698
v 0.150481 1.140313 -1.474698
v 0.184767 1.143297 -1.680545
v 0.184767 1.143297 -1.680545
v 0.104964 1.138981 -1.382762
v 0.104964 1.138981 -1.382762
v 0.074045 1.144528 -1.765498
v 0.074045 1.144528 -1.765498
v 0.063799 1.093577 -1.727994
v 0.063799 1.093577 -1.727994
v 0.063799 1.143974 -1.727264
v 0.063799 1.143974 -1.727264
v -0.164306 1.143297 -1.680549
v -0.164306 1.143297 -1.680549
v 0.053863 1.144606 -1.770905
v 0.053863 1.144606 -1.770905
v 0.053863 1.094210 -1.771636
v 0.053863 1.094210 -1.771636
v -0.152029 1.090635 -1.524987
v 0.114011 1.139057 -1.387985
v -0.152029 1.141032 -1.524257
v -0.190268 1.140883 -1.514013
v -0.169532 1.140158 -1.463956
v -0.093557 1.139057 -1.387988
v -0.073763 1.139554 -1.422268
v -0.136542 1.143789 -1.714487
v 0.178210 1.141662 -1.567725
v -0.033250 1.139310 -1.405488
v -0.135246 1.142879 -1.651711
v -0.093553 1.144266 -1.747469
v -0.108553 1.139941 -1.448960
v 0.172487 1.142292 -1.611198
v 0.210726 1.142440 -1.621442
v 0.010227 1.139228 -1.399764
v -0.033246 1.144013 -1.729969
v -0.043491 1.144567 -1.768203
v 0.010232 1.144669 -1.775275
v 0.053708 1.144013 -1.729967
v 0.063954 1.144567 -1.768202
v 0.063950 1.138756 -1.367252
v -0.197340 1.141662 -1.567730
v -0.157752 1.141662 -1.567729
v 0.129011 1.143383 -1.686494
v 0.094218 1.139554 -1.422266
v 0.129008 1.139940 -1.448958
v 0.157001 1.139535 -1.420968
v 0.053704 1.139310 -1.405487
v -0.135248 1.140445 -1.483747
v 0.189990 1.143165 -1.671499
v -0.190266 1.142440 -1.621447
v -0.152028 1.142292 -1.611201
v 0.010231 1.144096 -1.735691
v 0.155704 1.140445 -1.483744
v 0.189988 1.140158 -1.463952
v -0.169529 1.143166 -1.671503
v -0.043496 1.138756 -1.367253
v 0.217798 1.141662 -1.567725
v -0.108550 1.143383 -1.686497
v 0.172486 1.141032 -1.524254
v 0.210724 1.140883 -1.514008
v -0.073760 1.143770 -1.713189
v -0.136546 1.139535 -1.420971
v 0.010227 1.138654 -1.360181
v 0.155706 1.142879 -1.651707
v 0.094221 1.143770 -1.713187
v 0.114016 1.144266 -1.747467
v 0.157004 1.143788 -1.714483
v 0.010231 1.094273 -1.776005
v 0.172487 1.091895 -1.611928
v -0.108553 1.089544 -1.449691
v -0.135246 1.092482 -1.652441
v -0.073763 1.089157 -1.422998
v -0.093557 1.088660 -1.388718
v -0.190268 1.090487 -1.514743
v -0.250335 0.791806 -1.379748
v -0.250335 0.791806 -1.379748
v -0.250339 0.786038 -0.981746
v -0.250339 0.786038 -0.981746
v -0.250339 1.251029 -0.975007
v -0.250339 1.251029 -0.975007
v -0.250335 1.256797 -1.373009
v -0.250335 1.256797 -1.373009
v -0.144636 0.791806 -1.379747
v -0.144636 0.791806 -1.379747
v -0.144636 1.256797 -1.373008
v -0.144636 1.256797 -1.373008
v -0.144640 0.786038 -0.981745
v -0.144640 0.786038 -0.981745
v -0.144640 1.251029 -0.975006
v -0.144640 1.251029 -0.975006
v 0.269755 0.791806 -1.379742
v 0.269755 0.791806 -1.379742
v 0.269750 0.786038 -0.981740
v 0.269750 0.786038 -0.981740
v 0.269751 1.251029 -0.975001
v 0.269751 1.251029 -0.975001
v 0.269755 1.256797 -1.373003
v 0.269755 1.256797 -1.373003
v 0.164056 0.791806 -1.379743
v 0.164056 0.791806 -1.379743
v 0.164056 1.256797 -1.373004
v 0.164056 1.256797 -1.373004
v 0.164051 0.786038 -0.981741
v 0.164051 0.786038 -0.981741
v 0.164051 1.251029 -0.975003
v 0.164051 1.251029 -0.975003
v -0.519143 1.147737 -1.153713
v -0.519143 1.147737 -1.153713
v -0.482912 1.147631 -1.168724
v -0.482912 1.147631 -1.168724
v -0.534151 1.147345 -1.117483
v -0.534151 1.147345 -1.117483
v -0.519144 1.146687 -1.081256
v -0.519144 1.146687 -1.081256
v -0.520827 0.957791 -1.083994
v -0.520826 0.958841 -1.156451
v -0.535834 0.958450 -1.120221
v -0.446683 1.146041 -1.081265
v -0.446683 1.146041 -1.081265
v -0.448366 0.957146 -1.084002
v -0.484595 0.958736 -1.171461
v -0.446682 1.147091 -1.153722
v -0.446682 1.147091 -1.153722
v -0.431675 1.146433 -1.117495
v -0.431675 1.146433 -1.117495
v -0.463363 1.164872 -1.097839
v -0.482749 1.164928 -1.089807
v -0.510166 1.165569 -1.117219
v -0.502135 1.165779 -1.136605
v -0.502136 1.165217 -1.097834
v -0.463362 1.165433 -1.136610
v -0.455332 1.165081 -1.117225
v -0.482915 1.144587 -0.958662
v -0.482915 1.144587 -0.958662
v -0.519145 1.145127 -0.973664
v -0.519145 1.145127 -0.973664
v -0.446684 1.144482 -0.973673
v -0.446684 1.144482 -0.973673
v -0.482914 1.146072 -1.061131
v -0.482914 1.146072 -1.061131
v -0.446683 1.145532 -1.046129
v -0.446683 1.145532 -1.046129
v -0.520828 0.956232 -0.976401
v -0.484598 0.955692 -0.961399
v -0.448366 0.956636 -1.048867
v -0.448367 0.955586 -0.976410
v -0.484597 0.957177 -1.063869
v -0.534152 1.145786 -1.009890
v -0.534152 1.145786 -1.009890
v -0.519145 1.146177 -1.046120
v -0.519145 1.146177 -1.046120
v -0.502136 1.164220 -1.029012
v -0.482750 1.164163 -1.037044
v -0.482750 1.163369 -0.982214
v -0.502137 1.163658 -0.990242
v -0.463364 1.163312 -0.990246
v -0.463363 1.163874 -1.029017
v -0.455333 1.163522 -1.009632
v -0.482916 1.143028 -0.851069
v -0.482916 1.143028 -0.851069
v -0.484599 0.954132 -0.853806
v -0.520829 0.955723 -0.941265
v -0.519146 1.144618 -0.938528
v -0.519146 1.144618 -0.938528
v -0.519147 1.143568 -0.866071
v -0.519147 1.143568 -0.866071
v -0.534154 1.144227 -0.902298
v -0.534154 1.144227 -0.902298
v -0.431678 1.143314 -0.902310
v -0.431678 1.143314 -0.902310
v -0.446685 1.142923 -0.866080
v -0.446685 1.142923 -0.866080
v -0.446684 1.143973 -0.938536
v -0.446684 1.143973 -0.938536
v -0.482915 1.144513 -0.953538
v -0.482915 1.144513 -0.953538
v -0.463365 1.161753 -0.882653
v -0.482752 1.161809 -0.874621
v -0.502138 1.162660 -0.921419
v -0.482751 1.162604 -0.929451
v -0.510168 1.162451 -0.902033
v -0.502138 1.162098 -0.882649
v -0.463365 1.162315 -0.921424
v -0.455335 1.161963 -0.902040
v -0.689758 1.160917 -1.153524
v -0.689758 1.160917 -1.153524
v -0.657024 1.176666 -1.168305
v -0.657024 1.176666 -1.168305
v -0.703317 1.153959 -1.117389
v -0.703317 1.153959 -1.117389
v -0.689758 1.159867 -1.081067
v -0.689758 1.159867 -1.081067
v -0.610732 1.197889 -1.116751
v -0.610732 1.197889 -1.116751
v -0.624291 1.190930 -1.080616
v -0.624291 1.190930 -1.080616
v -0.608764 0.989205 -1.083540
v -0.608763 0.990255 -1.155997
v -0.622322 0.983296 -1.119862
v -0.529738 1.027226 -1.119224
v -0.543297 1.020268 -1.083089
v -0.576030 1.006004 -1.170778
v -0.640159 1.204334 -1.116658
v -0.647415 1.200610 -1.097323
v -0.647414 1.201172 -1.136094
v -0.664929 1.192978 -1.144244
v -0.664930 1.192183 -1.089414
v -0.682445 1.183989 -1.097564
v -0.689759 1.159358 -1.045931
v -0.689759 1.159358 -1.045931
v -0.657025 1.175107 -1.060712
v -0.657025 1.175107 -1.060712
v -0.703318 1.152399 -1.009796
v -0.703318 1.152399 -1.009796
v -0.689760 1.158308 -0.973475
v -0.689760 1.158308 -0.973475
v -0.657026 1.173622 -0.958243
v -0.657026 1.173622 -0.958243
v -0.624292 1.190421 -1.045480
v -0.624292 1.190421 -1.045480
v -0.608765 0.987645 -0.975947
v -0.576032 1.002960 -0.960715
v -0.608765 0.988696 -1.048404
v -0.622324 0.981737 -1.012269
v -0.543297 1.019759 -1.047953
v -0.576031 1.004445 -1.063185
v -0.610733 1.196330 -1.009159
v -0.610733 1.196330 -1.009159
v -0.624293 1.189371 -0.973024
v -0.624293 1.189371 -0.973024
v -0.682446 1.182430 -0.989972
v -0.689701 1.179268 -1.009407
v -0.664931 1.190624 -0.981822
v -0.682446 1.182992 -1.028742
v -0.664931 1.191419 -1.036651
v -0.647415 1.199613 -1.028501
v -0.703319 1.150840 -0.902204
v -0.703319 1.150840 -0.902204
v -0.622325 0.980178 -0.904676
v -0.624294 1.187812 -0.865431
v -0.624294 1.187812 -0.865431
v -0.543299 1.017150 -0.867903
v -0.689760 1.157799 -0.938339
v -0.689760 1.157799 -0.938339
v -0.657026 1.173548 -0.953120
v -0.657026 1.173548 -0.953120
v -0.657027 1.172063 -0.850650
v -0.657027 1.172063 -0.850650
v -0.689761 1.156749 -0.865882
v -0.689761 1.156749 -0.865882
v -0.624293 1.188862 -0.937888
v -0.624293 1.188862 -0.937888
v -0.610735 1.194770 -0.901566
v -0.610735 1.194770 -0.901566
v -0.664932 1.189065 -0.874229
v -0.682447 1.180870 -0.882379
v -0.640162 1.201215 -0.901473
v -0.647417 1.197492 -0.882138
v 0.502327 1.146146 -1.066243
v 0.502327 1.146146 -1.066243
v 0.504009 0.957250 -1.068981
v 0.540241 0.958841 -1.156439
v 0.538559 1.147736 -1.153701
v 0.538559 1.147736 -1.153701
v 0.538558 1.146686 -1.081244
v 0.538558 1.146686 -1.081244
v 0.553566 1.147345 -1.117471
v 0.553566 1.147345 -1.117471
v 0.451089 1.146432 -1.117485
v 0.451089 1.146432 -1.117485
v 0.466096 1.146041 -1.081255
v 0.466096 1.146041 -1.081255
v 0.466097 1.147091 -1.153712
v 0.466097 1.147091 -1.153712
v 0.502328 1.147631 -1.168713
v 0.502328 1.147631 -1.168713
v 0.502163 1.164927 -1.089796
v 0.521550 1.165216 -1.097823
v 0.482777 1.164871 -1.097828
v 0.474747 1.165081 -1.117214
v 0.502164 1.165722 -1.144626
v 0.482777 1.165433 -1.136599
v 0.553564 1.145785 -1.009878
v 0.553564 1.145785 -1.009878
v 0.538557 1.146177 -1.046108
v 0.538557 1.146177 -1.046108
v 0.466096 1.145532 -1.046119
v 0.466096 1.145532 -1.046119
v 0.451088 1.144873 -1.009892
v 0.451088 1.144873 -1.009892
v 0.540240 0.957281 -1.048846
v 0.555247 0.956890 -1.012615
v 0.452771 0.955977 -1.012630
v 0.467778 0.956636 -1.048856
v 0.502326 1.144587 -0.958650
v 0.502326 1.144587 -0.958650
v 0.538557 1.145127 -0.973652
v 0.538557 1.145127 -0.973652
v 0.466095 1.144481 -0.973662
v 0.466095 1.144481 -0.973662
v 0.521549 1.164219 -1.029001
v 0.502162 1.164163 -1.037033
v 0.529579 1.164010 -1.009614
v 0.482775 1.163312 -0.990236
v 0.502162 1.163368 -0.982203
v 0.482776 1.163874 -1.029006
v 0.502324 1.143027 -0.851058
v 0.502324 1.143027 -0.851058
v 0.538555 1.143568 -0.866059
v 0.538555 1.143568 -0.866059
v 0.540238 0.954672 -0.868796
v 0.504007 0.954132 -0.853795
v 0.540239 0.955722 -0.941253
v 0.538556 1.144618 -0.938515
v 0.538556 1.144618 -0.938515
v 0.466095 1.143972 -0.938526
v 0.466095 1.143972 -0.938526
v 0.467777 0.955077 -0.941263
v 0.451087 1.143314 -0.902300
v 0.451087 1.143314 -0.902300
v 0.466094 1.142922 -0.866069
v 0.466094 1.142922 -0.866069
v 0.521548 1.162660 -0.921408
v 0.502161 1.162603 -0.929440
v 0.529577 1.162450 -0.902021
v 0.502160 1.161809 -0.874610
v 0.521547 1.162098 -0.882637
v 0.482774 1.161753 -0.882643
v 0.709173 1.160916 -1.153508
v 0.709173 1.160916 -1.153508
v 0.676439 1.176666 -1.168290
v 0.676439 1.176666 -1.168290
v 0.722731 1.153958 -1.117373
v 0.722731 1.153958 -1.117373
v 0.643705 1.190930 -1.080602
v 0.643705 1.190930 -1.080602
v 0.676438 1.175181 -1.065820
v 0.676438 1.175181 -1.065820
v 0.595444 1.004518 -1.068295
v 0.628178 0.990254 -1.155982
v 0.641737 0.983296 -1.119847
v 0.562710 1.020267 -1.083076
v 0.595445 1.006003 -1.170764
v 0.643706 1.191980 -1.153059
v 0.643706 1.191980 -1.153059
v 0.630147 1.197888 -1.116737
v 0.630147 1.197888 -1.116737
v 0.701859 1.184550 -1.136319
v 0.684344 1.192977 -1.144229
v 0.709114 1.180827 -1.116984
v 0.701859 1.183988 -1.097548
v 0.666829 1.201172 -1.136079
v 0.659574 1.204333 -1.116643
v 0.709172 1.159357 -1.045915
v 0.709172 1.159357 -1.045915
v 0.676438 1.175106 -1.060697
v 0.676438 1.175106 -1.060697
v 0.676437 1.173621 -0.958227
v 0.676437 1.173621 -0.958227
v 0.709171 1.158307 -0.973459
v 0.709171 1.158307 -0.973459
v 0.643705 1.190421 -1.045466
v 0.643705 1.190421 -1.045466
v 0.630145 1.196329 -1.009145
v 0.630145 1.196329 -1.009145
v 0.628176 0.987645 -0.975933
v 0.595443 1.002959 -0.960702
v 0.628177 0.988695 -1.048390
v 0.549151 1.025667 -1.011619
v 0.562710 1.019758 -1.047940
v 0.595444 1.004444 -1.063171
v 0.709113 1.179268 -1.009391
v 0.701858 1.182991 -1.028726
v 0.666827 1.199050 -0.989715
v 0.684342 1.190623 -0.981806
v 0.630144 1.194770 -0.901552
v 0.630144 1.194770 -0.901552
v 0.643702 1.187811 -0.865417
v 0.643702 1.187811 -0.865417
v 0.643703 1.188861 -0.937873
v 0.643703 1.188861 -0.937873
v 0.676437 1.173547 -0.953104
v 0.676437 1.173547 -0.953104
v 0.722729 1.150840 -0.902187
v 0.722729 1.150840 -0.902187
v 0.641734 0.980177 -0.904662
v 0.549150 1.024108 -0.904026
v 0.562709 1.018199 -0.940347
v 0.562708 1.017149 -0.867891
v 0.595442 1.002885 -0.955579
v 0.676436 1.172062 -0.850635
v 0.676436 1.172062 -0.850635
v 0.709170 1.156748 -0.865866
v 0.709170 1.156748 -0.865866
v 0.659571 1.201215 -0.901458
v 0.666826 1.197491 -0.882123
v 0.684341 1.189064 -0.874213
v 0.701857 1.180870 -0.882363
v -0.248644 0.991605 -0.752272
v -0.248644 1.170158 -0.749684
v -0.268807 0.991898 -0.772434
v -0.268635 1.173082 -0.769808
v -0.228480 0.991898 -0.772433
v -0.228652 1.167819 -0.769884
v -0.248643 0.992190 -0.792595
v -0.248643 1.170743 -0.790008
v -0.236642 1.214946 -0.749035
v -0.254104 1.225319 -0.769051
v -0.219179 1.205157 -0.769343
v -0.236641 1.215530 -0.789358
v -0.203851 1.247733 -0.748560
v -0.213933 1.265485 -0.768468
v -0.193769 1.230564 -0.768974
v -0.203851 1.248317 -0.788883
v -0.159059 1.259733 -0.748385
v -0.161691 1.280015 -0.768257
v -0.156427 1.240036 -0.768836
v -0.159059 1.260318 -0.788708
v 0.268050 0.991605 -0.752266
v 0.268050 1.170158 -0.749678
v 0.288214 0.991897 -0.772427
v 0.288041 1.173082 -0.769802
v 0.247886 0.991897 -0.772428
v 0.248059 1.167819 -0.769878
v 0.268050 0.992190 -0.792589
v 0.268050 1.170742 -0.790002
v 0.256048 1.214946 -0.749030
v 0.273510 1.225318 -0.769045
v 0.238586 1.205157 -0.769337
v 0.256048 1.215530 -0.789353
v 0.223257 1.247732 -0.748555
v 0.233339 1.265485 -0.768463
v 0.213176 1.230564 -0.768970
v 0.223258 1.248317 -0.788878
v 0.178465 1.259733 -0.748381
v 0.181097 1.280015 -0.768253
v 0.175833 1.240036 -0.768833
v 0.178466 1.260318 -0.788704
v 0.078259 1.259733 -0.748382
v 0.078259 1.259733 -0.748382
v 0.078259 1.280118 -0.768253
v 0.078259 1.280118 -0.768253
v -0.058853 1.280118 -0.768255
v -0.058853 1.280118 -0.768255
v -0.058853 1.259733 -0.748384
v -0.058853 1.259733 -0.748384
v -0.058853 1.239935 -0.768837
v -0.058853 1.239935 -0.768837
v 0.078259 1.239935 -0.768835
v 0.078259 1.239935 -0.768835
v -0.058853 1.260318 -0.788707
v -0.058853 1.260318 -0.788707
v 0.078259 1.260318 -0.788706
v 0.078259 1.260318 -0.788706
v -0.058853 1.259545 -0.735386
v -0.058853 1.259545 -0.735386
v 0.078259 1.259545 -0.735384
v 0.078259 1.259545 -0.735384
v 0.078259 1.293117 -0.768064
v 0.078259 1.293117 -0.768064
v -0.058853 1.293117 -0.768066
v -0.058853 1.293117 -0.768066
v -0.058853 1.226936 -0.769025
v -0.058853 1.226936 -0.769025
v 0.078259 1.226936 -0.769023
v 0.078259 1.226936 -0.769023
v -0.058852 1.260506 -0.801706
v -0.058852 1.260506 -0.801706
v 0.078260 1.260506 -0.801704
v 0.078260 1.260506 -0.801704
v -0.482914 1.146146 -1.066254
v -0.482914 1.146146 -1.066254
v -0.484596 0.957251 -1.068992
v -0.433358 0.957537 -1.120233
v -0.448365 0.958196 -1.156459
v -0.482749 1.165722 -1.144637
v -0.431676 1.144873 -1.009902
v -0.431676 1.144873 -1.009902
v -0.520827 0.957282 -1.048858
v -0.535835 0.956890 -1.012628
v -0.433359 0.955978 -1.012640
v -0.510167 1.164010 -1.009626
v -0.520829 0.954673 -0.868809
v -0.535836 0.955331 -0.905035
v -0.433360 0.954418 -0.905047
v -0.448367 0.955077 -0.941274
v -0.448368 0.954027 -0.868817
v -0.484598 0.955617 -0.956276
v -0.657025 1.175181 -1.065836
v -0.657025 1.175181 -1.065836
v -0.624290 1.191981 -1.153073
v -0.624290 1.191981 -1.153073
v -0.576031 1.004519 -1.068308
v -0.543296 1.021318 -1.155546
v -0.682445 1.184551 -1.136335
v -0.689700 1.180827 -1.117000
v -0.529739 1.025667 -1.011631
v -0.543298 1.018709 -0.975496
v -0.647416 1.199051 -0.989730
v -0.640161 1.202775 -1.009066
v -0.608767 0.986086 -0.868354
v -0.576033 1.001400 -0.853123
v -0.608766 0.987136 -0.940811
v -0.529740 1.024108 -0.904039
v -0.543299 1.018200 -0.940360
v -0.576032 1.002885 -0.955592
v -0.682447 1.181432 -0.921149
v -0.664932 1.189859 -0.929059
v -0.689702 1.177709 -0.901814
v -0.647417 1.198054 -0.920908
v 0.540240 0.957790 -1.083982
v 0.555248 0.958449 -1.120208
v 0.452772 0.957537 -1.120223
v 0.467780 0.958195 -1.156449
v 0.467779 0.957145 -1.083992
v 0.504011 0.958735 -1.171450
v 0.521550 1.165778 -1.136593
v 0.529580 1.165569 -1.117207
v 0.502327 1.146072 -1.061120
v 0.502327 1.146072 -1.061120
v 0.540239 0.956231 -0.976389
v 0.504008 0.955691 -0.961388
v 0.467778 0.955586 -0.976399
v 0.504009 0.957176 -1.063857
v 0.521548 1.163657 -0.990230
v 0.474745 1.163521 -1.009622
v 0.502326 1.144512 -0.953527
v 0.502326 1.144512 -0.953527
v 0.553563 1.144226 -0.902285
v 0.553563 1.144226 -0.902285
v 0.555246 0.955331 -0.905023
v 0.452770 0.954418 -0.905037
v 0.467776 0.954027 -0.868806
v 0.504008 0.955617 -0.956265
v 0.474744 1.161962 -0.902029
v 0.482775 1.162314 -0.921413
v 0.709172 1.159866 -1.081051
v 0.709172 1.159866 -1.081051
v 0.628178 0.989204 -1.083526
v 0.549152 1.027226 -1.119212
v 0.562711 1.021318 -1.155533
v 0.684344 1.192183 -1.089399
v 0.666828 1.200610 -1.097308
v 0.722730 1.152399 -1.009780
v 0.722730 1.152399 -1.009780
v 0.643704 1.189371 -0.973009
v 0.643704 1.189371 -0.973009
v 0.641735 0.981736 -1.012254
v 0.562709 1.018708 -0.975484
v 0.684343 1.191418 -1.036636
v 0.701858 1.182429 -0.989956
v 0.659572 1.202774 -1.009051
v 0.666828 1.199612 -1.028486
v 0.709170 1.157798 -0.938323
v 0.709170 1.157798 -0.938323
v 0.628175 0.986086 -0.868340
v 0.595441 1.001400 -0.853109
v 0.628176 0.987136 -0.940797
v 0.701857 1.181432 -0.921134
v 0.684342 1.189859 -0.929043
v 0.709112 1.177708 -0.901798
v 0.666826 1.198053 -0.920893
v -0.218998 0.982482 -0.956497
v -0.218998 0.982482 -0.956497
v -0.218999 0.980904 -0.847612
v -0.218999 0.980904 -0.847612
v -0.218999 1.089789 -0.846035
v -0.218999 1.089789 -0.846035
v -0.218997 1.091367 -0.954919
v -0.218997 1.091367 -0.954919
v -0.110101 0.982482 -0.956496
v -0.110101 0.982482 -0.956496
v -0.110101 1.091367 -0.954918
v -0.110101 1.091367 -0.954918
v -0.110103 0.980904 -0.847611
v -0.110103 0.980904 -0.847611
v -0.110103 1.089789 -0.846033
v -0.110103 1.089789 -0.846033
v -0.341526 0.777658 -0.884279
v -0.341349 0.993849 -0.881146
v -0.350113 0.777958 -0.905009
v -0.349862 0.995270 -0.901860
v -0.320795 0.777533 -0.875693
v -0.320795 0.991019 -0.872599
v -0.300063 0.777658 -0.884279
v -0.300240 0.988437 -0.881224
v -0.291476 0.777958 -0.905008
v -0.291726 0.987617 -0.901970
v -0.300063 0.778259 -0.925737
v -0.300240 0.989038 -0.922683
v -0.320794 0.778383 -0.934324
v -0.320794 0.991868 -0.931230
v -0.341525 0.778259 -0.925738
v -0.341348 0.994449 -0.922605
v -0.332760 1.023854 -0.880711
v -0.340197 1.028447 -0.901378
v -0.314806 1.013365 -0.872275
v -0.296852 1.003124 -0.881011
v -0.296852 1.003124 -0.881011
v -0.289415 0.999132 -0.901803
v -0.289415 0.999132 -0.901803
v -0.289415 0.999132 -0.901803
v -0.296852 1.003725 -0.922470
v -0.296852 1.003725 -0.922470
v -0.314806 1.014214 -0.930906
v -0.332760 1.024454 -0.922170
v -0.308812 1.047799 -0.880364
v -0.313105 1.055536 -0.900986
v -0.298446 1.029723 -0.872038
v -0.288081 1.011895 -0.880884
v -0.288081 1.011895 -0.880884
v -0.283787 1.004760 -0.901721
v -0.283787 1.004760 -0.901721
v -0.283787 1.004760 -0.901721
v -0.288080 1.012496 -0.922343
v -0.288080 1.012496 -0.922343
v -0.298446 1.030573 -0.930669
v -0.308811 1.048400 -0.921823
v -0.278804 1.056387 -0.880239
v -0.279925 1.065200 -0.900845
v -0.276098 1.035710 -0.871951
v -0.273392 1.015283 -0.880835
v -0.272271 1.007071 -0.901688
v -0.273391 1.015884 -0.922293
v -0.276097 1.036560 -0.930582
v -0.278803 1.056988 -0.921698
v -0.218998 1.056564 -0.880236
v -0.218998 1.065451 -0.900841
v -0.218998 1.035710 -0.871950
v -0.218998 1.015106 -0.880837
v -0.218998 1.006820 -0.901691
v -0.218998 1.015706 -0.922296
v -0.218998 1.036560 -0.930581
v -0.218998 1.057165 -0.921695
v 0.238408 0.982482 -0.956492
v 0.238408 0.982482 -0.956492
v 0.238407 0.980904 -0.847607
v 0.238407 0.980904 -0.847607
v 0.238407 1.089788 -0.846029
v 0.238407 1.089788 -0.846029
v 0.238408 1.091366 -0.954914
v 0.238408 1.091366 -0.954914
v 0.129512 0.982482 -0.956493
v 0.129512 0.982482 -0.956493
v 0.129512 1.091366 -0.954915
v 0.129512 1.091366 -0.954915
v 0.129511 0.980904 -0.847608
v 0.129511 0.980904 -0.847608
v 0.129511 1.089788 -0.846030
v 0.129511 1.089788 -0.846030
v 0.360935 0.777657 -0.884271
v 0.360757 0.993848 -0.881138
v 0.369522 0.777958 -0.905000
v 0.369271 0.995270 -0.901851
v 0.340203 0.777533 -0.875685
v 0.340203 0.991018 -0.872592
v 0.319472 0.777657 -0.884272
v 0.319649 0.988437 -0.881217
v 0.310885 0.777958 -0.905001
v 0.311136 0.987617 -0.901963
v 0.319472 0.778258 -0.925730
v 0.319650 0.989038 -0.922676
v 0.340204 0.778383 -0.934316
v 0.340204 0.991868 -0.931223
v 0.360935 0.778258 -0.925730
v 0.360758 0.994449 -0.922597
v 0.352169 1.023853 -0.880703
v 0.359606 1.028447 -0.901371
v 0.334215 1.013364 -0.872268
v 0.316261 1.003124 -0.881004
v 0.316261 1.003124 -0.881004
v 0.308825 0.999131 -0.901796
v 0.308825 0.999131 -0.901796
v 0.308825 0.999131 -0.901796
v 0.316262 1.003725 -0.922463
v 0.316262 1.003725 -0.922463
v 0.334216 1.014214 -0.930899
v 0.352169 1.024454 -0.922162
v 0.328221 1.047799 -0.880357
v 0.332515 1.055535 -0.900978
v 0.317855 1.029723 -0.872031
v 0.307489 1.011895 -0.880877
v 0.307489 1.011895 -0.880877
v 0.303196 1.004759 -0.901714
v 0.303196 1.004759 -0.901714
v 0.303196 1.004759 -0.901714
v 0.307490 1.012496 -0.922336
v 0.307490 1.012496 -0.922336
v 0.317856 1.030572 -0.930662
v 0.328221 1.048400 -0.921815
v 0.298213 1.056386 -0.880233
v 0.299334 1.065200 -0.900839
v 0.295507 1.035710 -0.871944
v 0.292801 1.015283 -0.880828
v 0.291680 1.007070 -0.901681
v 0.292801 1.015884 -0.922287
v 0.295507 1.036560 -0.930575
v 0.298213 1.056987 -0.921691
v 0.238407 1.056564 -0.880231
v 0.238407 1.065451 -0.900836
v 0.238407 1.035710 -0.871945
v 0.238407 1.015105 -0.880832
v 0.238407 1.006819 -0.901685
v 0.238408 1.015706 -0.922290
v 0.238408 1.036560 -0.930576
v 0.238408 1.057165 -0.921690
v -0.241741 1.299322 -0.642043
v -0.241741 1.299322 -0.642043
v -0.241742 1.297473 -0.514457
v -0.241742 1.297473 -0.514457
v -0.241742 1.381411 -0.513240
v -0.241742 1.381411 -0.513240
v -0.241741 1.383260 -0.640826
v -0.241741 1.383260 -0.640826
v 0.115779 1.285691 -0.503008
v 0.115779 1.285691 -0.503008
v 0.115780 1.287877 -0.653820
v 0.115780 1.287877 -0.653820
v -0.115732 1.287877 -0.653822
v -0.115732 1.287877 -0.653822
v -0.115734 1.285692 -0.503011
v -0.115734 1.285692 -0.503011
v 0.241789 1.383259 -0.640821
v 0.241789 1.383259 -0.640821
v 0.241789 1.299322 -0.642037
v 0.241789 1.299322 -0.642037
v 0.241787 1.297473 -0.514451
v 0.241787 1.297473 -0.514451
v 0.241787 1.381410 -0.513235
v 0.241787 1.381410 -0.513235
v -0.115732 1.395041 -0.652269
v -0.115732 1.395041 -0.652269
v -0.170974 1.395041 -0.652270
v -0.170974 1.395041 -0.652270
v 0.171022 1.395041 -0.652266
v 0.171022 1.395041 -0.652266
v 0.115780 1.395041 -0.652267
v 0.115780 1.395041 -0.652267
v -0.115734 1.392855 -0.501458
v -0.115734 1.392855 -0.501458
v -0.170975 1.392855 -0.501458
v -0.170975 1.392855 -0.501458
v -0.170975 1.285692 -0.503011
v -0.170975 1.285692 -0.503011
v 0.171022 1.287877 -0.653819
v 0.171022 1.287877 -0.653819
v -0.170974 1.287877 -0.653823
v -0.170974 1.287877 -0.653823
v 0.115779 1.392855 -0.501455
v 0.115779 1.392855 -0.501455
v 0.171020 1.392855 -0.501454
v 0.171020 1.392855 -0.501454
v 0.171020 1.285691 -0.503007
v 0.171020 1.285691 -0.503007
v 0.115780 1.383259 -0.640822
v 0.115780 1.383259 -0.640822
v 0.115779 1.381410 -0.513236
v 0.115779 1.381410 -0.513236
v 0.171020 1.381410 -0.513236
v 0.171020 1.381410 -0.513236
v 0.171022 1.383259 -0.640821
v 0.171022 1.383259 -0.640821
v -0.170974 1.383260 -0.640825
v -0.170974 1.383260 -0.640825
v -0.170975 1.381410 -0.513240
v -0.170975 1.381410 -0.513240
v -0.115734 1.381410 -0.513239
v -0.115734 1.381410 -0.513239
v -0.115732 1.383260 -0.640825
v -0.115732 1.383260 -0.640825
v -0.115732 1.299322 -0.642041
v -0.115732 1.299322 -0.642041
v -0.115734 1.297473 -0.514455
v -0.115734 1.297473 -0.514455
v -0.170975 1.297473 -0.514456
v -0.170975 1.297473 -0.514456
v -0.170974 1.299322 -0.642042
v -0.170974 1.299322 -0.642042
v 0.171022 1.299322 -0.642038
v 0.171022 1.299322 -0.642038
v 0.171020 1.297473 -0.514452
v 0.171020 1.297473 -0.514452
v 0.115779 1.297473 -0.514453
v 0.115779 1.297473 -0.514453
v 0.115780 1.299322 -0.642038
v 0.115780 1.299322 -0.642038
v -0.021557 1.299322 -0.642040
v 0.021605 1.299322 -0.642040
v 0.021603 1.297473 -0.514454
v -0.021558 1.297473 -0.514454
v -0.021557 1.383259 -0.640824
v -0.021557 1.383259 -0.640824
v -0.021558 1.381410 -0.513238
v -0.021558 1.381410 -0.513238
v 0.021603 1.381410 -0.513237
v 0.021603 1.381410 -0.513237
v 0.021605 1.383259 -0.640823
v 0.021605 1.383259 -0.640823
v -0.021557 1.401742 -0.640556
v -0.021557 1.401742 -0.640556
v -0.021558 1.399893 -0.512970
v -0.021558 1.399893 -0.512970
v 0.021603 1.399893 -0.512969
v 0.021603 1.399893 -0.512969
v 0.021605 1.401742 -0.640555
v 0.021605 1.401742 -0.640555
v 0.021605 1.447429 -0.639893
v -0.021557 1.447429 -0.639894
v -0.021558 1.445580 -0.512308
v 0.021603 1.445580 -0.512307
v -0.062072 1.407580 -0.640471
v -0.062072 1.407580 -0.640471
v -0.047977 1.401742 -0.640556
v -0.047978 1.399893 -0.512970
v -0.062074 1.405731 -0.512886
v -0.062074 1.405731 -0.512886
v -0.067911 1.421674 -0.640267
v -0.067913 1.419825 -0.512682
v 0.062119 1.405731 -0.512884
v 0.062119 1.405731 -0.512884
v 0.048023 1.399893 -0.512969
v 0.048025 1.401742 -0.640555
v 0.062120 1.407580 -0.640470
v 0.062120 1.407580 -0.640470
v 0.067958 1.419825 -0.512680
v 0.067959 1.421674 -0.640266
v -0.062072 1.441591 -0.639979
v -0.062072 1.441591 -0.639979
v -0.067911 1.427497 -0.640183
v -0.067913 1.425648 -0.512597
v -0.062074 1.439742 -0.512393
v -0.062074 1.439742 -0.512393
v -0.047977 1.447429 -0.639894
v -0.047978 1.445580 -0.512308
v 0.062119 1.439742 -0.512392
v 0.062119 1.439742 -0.512392
v 0.067958 1.425648 -0.512596
v 0.067959 1.427497 -0.640182
v 0.062120 1.441591 -0.639977
v 0.062120 1.441591 -0.639977
v 0.048023 1.445580 -0.512307
v 0.048025 1.447429 -0.639893
v -0.067911 1.424586 -0.640225
v -0.067913 1.422737 -0.512640
v 0.067958 1.422737 -0.512638
v 0.067959 1.424586 -0.640224
v -0.583628 0.889079 -1.955615
v -0.583631 0.888511 -1.729207
v -0.583631 0.888511 -1.729207
v -0.583632 1.139441 -1.591965
v -0.583633 1.223085 -1.546218
v -0.583633 1.223085 -1.546218
v -0.583630 1.250220 -1.814810
v -0.583627 1.408090 -2.081507
v -0.583627 1.408090 -2.081507
v -0.583626 1.019258 -2.156893
v -0.583626 0.889647 -2.182022
v -0.583626 0.889647 -2.182022
v -0.427864 0.889647 -2.182021
v -0.272102 0.889647 -2.182019
v -0.272102 0.889647 -2.182019
v -0.272106 1.250220 -1.814806
v -0.272103 1.408090 -2.081503
v -0.272103 1.408090 -2.081503
v -0.272102 1.019258 -2.156890
v -0.427869 0.888511 -1.729206
v -0.272108 1.139441 -1.591962
v -0.272109 1.223085 -1.546215
v -0.272109 1.223085 -1.546215
v -0.427871 1.223085 -1.546216
v -0.427865 1.408090 -2.081505
v -0.272104 0.889079 -1.955611
v -0.272107 0.888511 -1.729204
v -0.272107 0.888511 -1.729204
v -0.583631 0.972154 -1.683460
v -0.583632 1.055798 -1.637713
v -0.583626 1.278480 -2.106636
v -0.583626 1.148869 -2.131765
v -0.272102 1.278479 -2.106632
v -0.272102 1.148869 -2.131761
v -0.272107 0.972154 -1.683456
v -0.272108 1.055798 -1.637709
v 0.583706 0.889079 -1.955601
v 0.583703 0.888511 -1.729194
v 0.583703 0.888511 -1.729194
v 0.583702 1.139441 -1.591952
v 0.583701 1.223085 -1.546205
v 0.583701 1.223085 -1.546205
v 0.583704 1.250220 -1.814796
v 0.583707 1.408090 -2.081493
v 0.583707 1.408090 -2.081493
v 0.583708 1.019258 -2.156880
v 0.583708 0.889647 -2.182009
v 0.583708 0.889647 -2.182009
v 0.427947 0.889647 -2.182011
v 0.272185 0.889647 -2.182013
v 0.272185 0.889647 -2.182013
v 0.272180 1.250220 -1.814800
v 0.272183 1.408090 -2.081497
v 0.272183 1.408090 -2.081497
v 0.272184 1.019258 -2.156884
v 0.427941 0.888510 -1.729196
v 0.272178 1.139441 -1.591956
v 0.272177 1.223084 -1.546208
v 0.272177 1.223084 -1.546208
v 0.427939 1.223085 -1.546206
v 0.427945 1.408090 -2.081495
v 0.272182 0.889079 -1.955605
v 0.272180 0.888510 -1.729198
v 0.272180 0.888510 -1.729198
v 0.583703 0.972154 -1.683446
v 0.583702 1.055798 -1.637700
v 0.583708 1.278479 -2.106622
v 0.583708 1.148868 -2.131751
v 0.272184 1.278479 -2.106626
v 0.272184 1.148868 -2.131755
v 0.272179 0.972154 -1.683450
v 0.272178 1.055797 -1.637703
v -0.309589 0.823081 -2.180841
v -0.303664 0.915715 -2.130933
v -0.314164 0.821134 -2.176684
v -0.308252 0.913559 -2.126895
v -0.314164 0.825481 -2.184753
v -0.308232 0.918249 -2.134769
v -0.318740 0.823534 -2.180597
v -0.312819 0.916092 -2.130731
v -0.300056 0.997472 -2.077335
v -0.304654 0.995111 -2.073425
v -0.304617 1.000135 -2.081091
v -0.309215 0.997775 -2.077181
v -0.449480 0.996379 -2.076835
v -0.457447 0.917328 -2.127762
v -0.457447 0.917328 -2.127762
v -0.457447 0.917328 -2.127762
v -0.460823 0.917251 -2.133294
v -0.460823 0.917251 -2.133294
v -0.460823 0.917251 -2.133294
v -0.454052 0.999128 -2.080515
v -0.454052 0.994162 -2.072812
v -0.460780 0.912185 -2.125656
v -0.460780 0.912185 -2.125656
v -0.460780 0.912185 -2.125656
v -0.458624 0.996911 -2.076492
v -0.464156 0.912108 -2.131188
v -0.464156 0.912108 -2.131188
v -0.464156 0.912108 -2.131188
v -0.359414 0.919300 -2.128544
v -0.359439 0.918027 -2.134898
v -0.359357 0.912946 -2.127270
v -0.359382 0.911672 -2.133625
v -0.308285 0.919718 -2.128292
v -0.308244 0.918444 -2.134646
v -0.308240 0.913363 -2.127018
v -0.308198 0.912090 -2.133373
v -0.257129 0.920135 -2.128039
v -0.257088 0.918862 -2.134393
v -0.257084 0.913781 -2.126766
v -0.257042 0.912507 -2.133120
v -0.653673 0.821023 -2.184466
v -0.643578 0.912454 -2.121524
v -0.658236 0.818769 -2.180454
v -0.647970 0.910991 -2.116988
v -0.658236 0.823965 -2.188005
v -0.648027 0.915926 -2.124712
v -0.662800 0.821711 -2.183993
v -0.652419 0.914463 -2.120176
v -0.600133 0.991587 -2.075463
v -0.604190 0.990895 -2.070457
v -0.604357 0.995575 -2.078336
v -0.608414 0.994883 -2.073329
v -0.702534 0.912825 -2.111804
v -0.647624 0.913140 -2.116294
v -0.702909 0.917716 -2.116040
v -0.647999 0.918030 -2.120530
v -0.702909 0.908573 -2.116680
v -0.647999 0.908887 -2.121170
v -0.703283 0.913463 -2.120916
v -0.648373 0.913778 -2.125406
v -0.560332 0.913077 -2.123775
v -0.560332 0.913077 -2.123775
v -0.559304 0.917450 -2.128447
v -0.559304 0.917450 -2.128447
v -0.565105 0.910450 -2.127284
v -0.565105 0.910450 -2.127284
v -0.564077 0.914822 -2.131956
v -0.564077 0.914822 -2.131956
v -0.569822 0.819915 -2.179830
v -0.568316 0.823041 -2.185303
v -0.576097 0.821197 -2.180825
v -0.574590 0.824323 -2.186299
v -0.464686 0.822302 -2.182282
v -0.457432 0.917402 -2.127911
v -0.457432 0.917402 -2.127911
v -0.457432 0.917402 -2.127911
v -0.460780 0.912392 -2.125527
v -0.460780 0.912392 -2.125527
v -0.460780 0.912392 -2.125527
v -0.469255 0.820345 -2.178123
v -0.469255 0.824892 -2.186080
v -0.460822 0.917044 -2.133423
v -0.460822 0.917044 -2.133423
v -0.460822 0.917044 -2.133423
v -0.473823 0.822934 -2.181921
v -0.464171 0.912034 -2.131038
v -0.464171 0.912034 -2.131038
v -0.464171 0.912034 -2.131038
v -0.558812 0.916612 -2.126316
v -0.558812 0.916612 -2.126316
v -0.558812 0.916612 -2.126316
v -0.562078 0.911525 -2.123979
v -0.562078 0.911525 -2.123979
v -0.562078 0.911525 -2.123979
v -0.562332 0.916375 -2.131752
v -0.562332 0.916375 -2.131752
v -0.562332 0.916375 -2.131752
v -0.565598 0.911288 -2.129415
v -0.565598 0.911288 -2.129415
v -0.565598 0.911288 -2.129415
v -0.548351 0.995341 -2.076377
v -0.552767 0.993168 -2.072161
v -0.553054 0.998100 -2.079880
v -0.557470 0.995926 -2.075664
v -0.361731 0.822605 -2.164128
v -0.354822 0.915018 -2.114048
v -0.366303 0.820686 -2.159956
v -0.359409 0.912890 -2.109994
v -0.366303 0.825052 -2.168014
v -0.359387 0.917586 -2.117865
v -0.370876 0.823133 -2.163841
v -0.363974 0.915457 -2.113812
v -0.350615 0.997232 -2.060243
v -0.355214 0.994898 -2.056318
v -0.355173 0.999916 -2.063987
v -0.359772 0.997582 -2.060063
v -0.258009 0.823081 -2.180840
v -0.252085 0.915715 -2.130932
v -0.262585 0.821134 -2.176684
v -0.256672 0.913559 -2.126894
v -0.262585 0.825481 -2.184753
v -0.256652 0.918249 -2.134769
v -0.267160 0.823534 -2.180596
v -0.261240 0.916092 -2.130731
v -0.248477 0.997472 -2.077335
v -0.253074 0.995111 -2.073425
v -0.253038 1.000135 -2.081090
v -0.257636 0.997775 -2.077180
v 0.309672 0.823081 -2.180834
v 0.303746 0.915715 -2.130925
v 0.314247 0.821134 -2.176677
v 0.308334 0.913559 -2.126888
v 0.314247 0.825481 -2.184746
v 0.308313 0.918249 -2.134762
v 0.318822 0.823534 -2.180590
v 0.312901 0.916092 -2.130724
v 0.300137 0.997472 -2.077328
v 0.304734 0.995111 -2.073418
v 0.304698 1.000135 -2.081084
v 0.309296 0.997775 -2.077173
v 0.449561 0.996378 -2.076825
v 0.457529 0.917328 -2.127751
v 0.457529 0.917328 -2.127751
v 0.457529 0.917328 -2.127751
v 0.460904 0.917251 -2.133283
v 0.460904 0.917251 -2.133283
v 0.460904 0.917251 -2.133283
v 0.454132 0.999127 -2.080505
v 0.454132 0.994162 -2.072802
v 0.460862 0.912185 -2.125646
v 0.460862 0.912185 -2.125646
v 0.460862 0.912185 -2.125646
v 0.458704 0.996911 -2.076482
v 0.464237 0.912107 -2.131177
v 0.464237 0.912107 -2.131177
v 0.464237 0.912107 -2.131177
v 0.359496 0.919300 -2.128536
v 0.359520 0.918026 -2.134890
v 0.359439 0.912946 -2.127262
v 0.359463 0.911672 -2.133616
v 0.308367 0.919717 -2.128284
v 0.308325 0.918444 -2.134639
v 0.308321 0.913363 -2.127011
v 0.308280 0.912090 -2.133365
v 0.257211 0.920135 -2.128033
v 0.257169 0.918862 -2.134388
v 0.257165 0.913781 -2.126760
v 0.257124 0.912507 -2.133114
v 0.653755 0.821023 -2.184452
v 0.643660 0.912454 -2.121509
v 0.658319 0.818769 -2.180439
v 0.648052 0.910991 -2.116974
v 0.658319 0.823965 -2.187989
v 0.648109 0.915926 -2.124697
v 0.662883 0.821711 -2.183978
v 0.652500 0.914463 -2.120161
v 0.600213 0.991586 -2.075449
v 0.604270 0.990895 -2.070443
v 0.604438 0.995574 -2.078322
v 0.608495 0.994883 -2.073315
v 0.702616 0.912825 -2.111788
v 0.647706 0.913139 -2.116279
v 0.702990 0.917715 -2.116024
v 0.648080 0.918030 -2.120515
v 0.702990 0.908573 -2.116664
v 0.648080 0.908887 -2.121155
v 0.703365 0.913463 -2.120900
v 0.648455 0.913777 -2.125391
v 0.560414 0.913077 -2.123762
v 0.560414 0.913077 -2.123762
v 0.559386 0.917450 -2.128434
v 0.559386 0.917450 -2.128434
v 0.565187 0.910450 -2.127271
v 0.565187 0.910450 -2.127271
v 0.564159 0.914822 -2.131943
v 0.564159 0.914822 -2.131943
v 0.569905 0.819915 -2.179817
v 0.568399 0.823041 -2.185290
v 0.576180 0.821196 -2.180812
v 0.574673 0.824322 -2.186285
v 0.464769 0.822302 -2.182271
v 0.457514 0.917402 -2.127901
v 0.457514 0.917402 -2.127901
v 0.457514 0.917402 -2.127901
v 0.460862 0.912391 -2.125516
v 0.460862 0.912391 -2.125516
v 0.460862 0.912391 -2.125516
v 0.469337 0.820345 -2.178112
v 0.469338 0.824892 -2.186069
v 0.460904 0.917044 -2.133413
v 0.460904 0.917044 -2.133413
v 0.460904 0.917044 -2.133413
v 0.473906 0.822934 -2.181910
v 0.464252 0.912034 -2.131028
v 0.464252 0.912034 -2.131028
v 0.464252 0.912034 -2.131028
v 0.558893 0.916611 -2.126303
v 0.558893 0.916611 -2.126303
v 0.558893 0.916611 -2.126303
v 0.562159 0.911525 -2.123966
v 0.562159 0.911525 -2.123966
v 0.562159 0.911525 -2.123966
v 0.562414 0.916374 -2.131739
v 0.562414 0.916374 -2.131739
v 0.562414 0.916374 -2.131739
v 0.565680 0.911288 -2.129402
v 0.565680 0.911288 -2.129402
v 0.565680 0.911288 -2.129402
v 0.548432 0.995341 -2.076365
v 0.552847 0.993167 -2.072148
v 0.553135 0.998100 -2.079867
v 0.557550 0.995926 -2.075651
v 0.361813 0.822605 -2.164119
v 0.354903 0.915018 -2.114039
v 0.366386 0.820685 -2.159947
v 0.359491 0.912890 -2.109986
v 0.366386 0.825052 -2.168005
v 0.359468 0.917586 -2.117857
v 0.370959 0.823133 -2.163833
v 0.364055 0.915457 -2.113804
v 0.350695 0.997231 -2.060235
v 0.355294 0.994898 -2.056310
v 0.355253 0.999916 -2.063979
v 0.359852 0.997582 -2.060055
v 0.258092 0.823081 -2.180835
v 0.252166 0.915715 -2.130926
v 0.262668 0.821134 -2.176678
v 0.256754 0.913559 -2.126888
v 0.262668 0.825481 -2.184747
v 0.256734 0.918249 -2.134763
v 0.267243 0.823534 -2.180590
v 0.261322 0.916092 -2.130725
v 0.248557 0.997472 -2.077329
v 0.253155 0.995111 -2.073419
v 0.253118 1.000135 -2.081084
v 0.257716 0.997775 -2.077174
v -0.501319 0.639285 -2.208126
v -0.501319 0.639285 -2.208126
v -0.458407 0.664058 -2.207766
v -0.458407 0.664058 -2.207766
v -0.501319 0.589739 -2.208844
v -0.501319 0.589739 -2.208844
v -0.458407 0.564966 -2.209202
v -0.458407 0.564966 -2.209202
v -0.415495 0.589739 -2.208843
v -0.415495 0.589739 -2.208843
v -0.415495 0.639285 -2.208125
v -0.415495 0.639285 -2.208125
v -0.458409 0.562385 -2.031101
v -0.415497 0.587158 -2.030742
v -0.501321 0.636704 -2.030025
v -0.501321 0.587158 -2.030743
v -0.415497 0.636704 -2.030024
v -0.458409 0.661477 -2.029665
v 0.501403 0.639285 -2.208114
v 0.501403 0.639285 -2.208114
v 0.458490 0.664058 -2.207756
v 0.458490 0.664058 -2.207756
v 0.501403 0.589739 -2.208832
v 0.501403 0.589739 -2.208832
v 0.458491 0.564966 -2.209192
v 0.458491 0.564966 -2.209192
v 0.415578 0.589739 -2.208833
v 0.415578 0.589739 -2.208833
v 0.415578 0.639285 -2.208115
v 0.415578 0.639285 -2.208115
v 0.458488 0.562385 -2.031091
v 0.415576 0.587158 -2.030732
v 0.501401 0.636704 -2.030013
v 0.501401 0.587158 -2.030731
v 0.415576 0.636704 -2.030014
v 0.458488 0.661476 -2.029655
v -0.909375 0.425281 1.070640
v -0.828253 0.298098 1.037208
v -0.909247 0.373714 -1.635109
v -0.912139 0.387829 -1.719415
v -0.917937 0.450601 -0.781433
v -0.899281 0.443695 -0.301581
v -0.824704 0.664023 -2.143948
v -0.865785 0.525117 -2.092189
v -0.865785 0.525117 -2.092189
v -0.816872 0.645327 2.372770
v -0.816872 0.645327 2.372770
v -0.816872 0.645327 2.372770
v -0.783675 0.667852 2.354208
v -0.825860 0.668712 2.294837
v -0.368520 0.665070 2.374746
v -0.000011 0.663052 2.385908
v -0.371888 0.644935 2.399830
v -0.688565 0.667144 2.359109
v -0.553595 0.666160 2.365921
v -0.384770 0.956122 0.895360
v -0.817597 0.573163 -2.148869
v -0.817597 0.573163 -2.148869
v -0.640346 1.008241 -2.090201
v -0.409885 1.014685 -2.094011
v -0.794013 0.810522 -2.163712
v -0.790973 0.477236 2.322667
v -0.790973 0.477236 2.322667
v -0.352240 0.478058 2.347870
v -0.352240 0.478058 2.347870
v -0.535650 0.477769 2.335474
v -0.682784 0.477462 2.328094
v -0.812314 0.351492 2.100786
v -0.812314 0.351492 2.100786
v -0.771797 0.444801 2.110081
v -0.666571 0.444097 2.110053
v -0.523467 0.443141 2.110016
v -0.368519 0.665435 2.349572
v -0.368519 0.665435 2.349572
v -0.000011 0.644895 2.402632
v -0.368519 0.665626 2.336432
v -0.368519 0.665626 2.336432
v -0.000011 0.479855 2.352273
v -0.000011 0.479855 2.352273
v -0.000011 0.479855 2.352273
v -0.651968 0.626326 2.379672
v -0.651968 0.626326 2.379672
v -0.409365 0.626011 2.391950
v -0.409365 0.626011 2.391950
v -0.541623 0.626482 2.387880
v -0.410724 0.549739 2.368340
v -0.410724 0.549739 2.368340
v -0.407883 0.636544 2.360508
v -0.407883 0.636544 2.360508
v -0.539855 0.637211 2.356520
v -0.409243 0.560272 2.336899
v -0.409243 0.560272 2.336899
v -0.540294 0.560446 2.328779
v -0.597353 0.374109 -1.595955
v -0.793954 1.042385 -1.499017
v -0.688380 1.148719 -1.524461
v -0.688380 1.148719 -1.524461
v -0.524209 0.837951 -2.200058
v -0.262423 0.837912 -2.198519
v 0.000042 0.837872 -2.196975
v -0.408662 0.987310 -2.051745
v -0.523414 0.812165 -2.156789
v 0.000041 0.814072 -2.152575
v -0.267543 0.699727 -2.211598
v -0.254839 1.014686 -2.093804
v -0.422084 0.837936 -2.199457
v 0.000041 0.830567 -2.143995
v 0.000040 0.971549 -2.061617
v -0.236052 0.971687 -2.061826
v -0.236052 0.971687 -2.061826
v -0.238507 0.905301 -2.105299
v 0.000039 0.927875 -1.995305
v -0.236066 0.928012 -1.995514
v -0.236066 0.928012 -1.995514
v -0.238632 0.864983 -2.036895
v -0.901471 0.496891 2.246698
v -0.901471 0.496891 2.246698
v -0.901471 0.584915 2.247973
v -0.901471 0.584915 2.247973
v -0.813436 0.586965 2.106516
v -0.813436 0.586965 2.106516
v -0.813438 0.584915 2.247974
v -0.813438 0.584915 2.247974
v 0.883791 1.011793 0.586844
v 0.883791 1.011793 0.586844
v 0.883791 1.011793 0.586844
v 0.888040 1.010731 0.660116
v 0.888040 1.010731 0.660116
v 1.087144 1.012456 0.541119
v 1.087144 1.012456 0.541119
v 1.082840 1.012557 0.534122
v 1.082840 1.012557 0.534122
v 1.082840 1.012557 0.534122
v 0.918474 0.898007 0.585196
v 0.918474 0.898007 0.585196
v 0.918474 0.898007 0.585196
v 0.922723 0.896946 0.658467
v 0.922723 0.896946 0.658467
v 1.093264 0.900710 0.539500
v 1.093264 0.900710 0.539500
v 1.088961 0.900811 0.532503
v 1.088961 0.900811 0.532503
v 1.088961 0.900811 0.532503
v 0.908273 0.957960 0.586064
v 0.908273 0.957960 0.586064
v 1.095591 0.960141 0.533363
v 1.095591 0.960141 0.533363
v 1.099895 0.960039 0.540360
v 0.912522 0.956898 0.659336
v 0.828164 0.877177 0.720960
v 0.828164 0.877177 0.720960
v 0.888330 1.002897 0.596321
v 0.888330 1.002897 0.596321
v 0.891466 1.002114 0.650385
v 0.891466 1.002114 0.650385
v 0.825029 0.878931 0.599897
v 0.825029 0.878931 0.599897
v 0.813485 0.925542 0.726476
v -0.883771 1.011793 0.586824
v -0.883771 1.011793 0.586824
v -0.883771 1.011793 0.586824
v -0.888022 1.010732 0.660095
v -0.888022 1.010732 0.660095
v -1.087123 1.012456 0.541094
v -1.087123 1.012456 0.541094
v -1.082819 1.012558 0.534097
v -1.082819 1.012558 0.534097
v -1.082819 1.012558 0.534097
v -0.922706 0.896946 0.658446
v -0.922706 0.896946 0.658446
v -1.093244 0.900710 0.539475
v -1.093244 0.900710 0.539475
v -0.908254 0.957960 0.586044
v -0.908254 0.957960 0.586044
v -1.095571 0.960141 0.533338
v -1.095571 0.960141 0.533338
v -1.099874 0.960040 0.540334
v -0.912505 0.956899 0.659315
v -0.920536 0.906566 0.648982
v -0.920536 0.906566 0.648982
v -0.828148 0.877177 0.720941
v -0.828148 0.877177 0.720941
v -0.888311 1.002897 0.596301
v -0.888311 1.002897 0.596301
v -0.891448 1.002114 0.650365
v -0.891448 1.002114 0.650365
v -0.917398 0.907350 0.594913
v -0.917398 0.907350 0.594913
v -0.908755 0.957972 0.595649
v -0.912003 0.956887 0.649710
v -0.795923 0.974479 0.601265
v -0.795923 0.974479 0.601265
v -0.799060 0.972725 0.722324
v -0.799060 0.972725 0.722324
v -0.813469 0.925542 0.726457
v -0.843572 0.925790 -0.279392
v -0.843572 0.925790 -0.279392
v -0.894721 0.894521 -0.429962
v -0.894721 0.894521 -0.429962
v 0.828262 0.298098 1.037227
v 0.909317 0.373714 -1.635088
v 0.912212 0.387829 -1.719394
v 0.917987 0.450832 -0.736034
v 0.899066 0.429804 0.941456
v 0.899321 0.443695 -0.301560
v 0.881169 0.644127 2.145243
v 0.824786 0.664023 -2.143929
v 0.698416 0.645192 2.382132
v 0.816850 0.645327 2.372788
v 0.816850 0.645327 2.372788
v 0.816850 0.645327 2.372788
v 0.825840 0.668712 2.294856
v 0.852401 0.670573 2.166446
v 0.368498 0.665070 2.374755
v 0.371866 0.644935 2.399839
v 0.560923 0.645026 2.393558
v 0.773903 0.699407 -2.189501
v 0.509140 1.014684 -2.094132
v 0.640427 1.008241 -2.090186
v 0.618070 0.573392 -2.164680
v 0.637227 0.981319 -2.047728
v 0.637227 0.981319 -2.047728
v 0.750195 0.810993 -2.196206
v 0.794096 0.810522 -2.163693
v 0.790952 0.477236 2.322685
v 0.790952 0.477236 2.322685
v 0.352219 0.478058 2.347878
v 0.352219 0.478058 2.347878
v 0.535629 0.477769 2.335486
v 0.682763 0.477462 2.328109
v 0.843492 0.463035 2.163769
v 0.835248 0.438819 2.110321
v 0.835248 0.438819 2.110321
v 0.771781 0.444800 2.110098
v 0.666555 0.444097 2.110068
v 0.523451 0.443141 2.110028
v 0.368499 0.798688 2.293295
v 0.368499 0.798688 2.293295
v 0.368498 0.665626 2.336441
v 0.368498 0.665626 2.336441
v 0.653077 0.549421 2.353614
v 0.653077 0.549421 2.353614
v 0.409342 0.626011 2.391960
v 0.409342 0.626011 2.391960
v 0.542049 0.549711 2.360149
v 0.649885 0.637256 2.348414
v 0.649885 0.637256 2.348414
v 0.651017 0.560351 2.322340
v 0.651017 0.560351 2.322340
v 0.539834 0.637211 2.356532
v 0.540273 0.560446 2.328792
v 0.597422 0.374109 -1.595941
v 0.794022 1.042385 -1.498999
v 0.688448 1.148719 -1.524445
v 0.688448 1.148719 -1.524445
v 0.702990 0.902764 -2.090729
v 0.702990 0.902764 -2.090729
v 0.705215 0.930047 -2.133019
v 0.715008 0.838004 -2.201523
v 0.715008 0.838004 -2.201523
v 0.715008 0.838004 -2.201523
v 0.713380 0.810506 -2.159345
v 0.713380 0.810506 -2.159345
v 0.524293 0.837951 -2.200046
v 0.507619 0.987373 -2.051829
v 0.408742 0.987309 -2.051735
v 0.523497 0.812165 -2.156777
v 0.262108 0.813117 -2.154679
v 0.254158 0.987211 -2.051589
v 0.421526 0.812536 -2.155958
v 0.242616 0.829653 -2.145886
v 0.242616 0.829653 -2.145886
v 0.236132 0.971687 -2.061821
v 0.236132 0.971687 -2.061821
v 0.238588 0.905301 -2.105294
v 0.236144 0.928012 -1.995509
v 0.236144 0.928012 -1.995509
v 0.238711 0.864983 -2.036889
v 0.901454 0.498940 2.105260
v 0.901454 0.498940 2.105260
v 0.901452 0.584914 2.247994
v 0.901452 0.584914 2.247994
v 0.901454 0.586964 2.106536
v 0.901454 0.586964 2.106536
v 0.813420 0.498940 2.105259
v 0.813420 0.498940 2.105259
v 0.813420 0.586964 2.106535
v 0.813420 0.586964 2.106535
v 0.813419 0.584914 2.247993
v 0.813419 0.584914 2.247993
v 0.864002 0.874699 -0.284288
v 0.864002 0.874699 -0.284288
v 0.842387 0.932461 -0.420426
v 0.842387 0.932461 -0.420426
v 0.843611 0.925790 -0.279373
v 0.843611 0.925790 -0.279373
v 0.895151 0.887382 -0.283853
v 0.895151 0.887382 -0.283853
v 0.874760 0.938472 -0.278937
v 0.874760 0.938472 -0.278937
vn -0.8420 -0.5394 0.0070
vn -0.8527 -0.5216 -0.0270
vn -0.8556 -0.5162 -0.0371
vn -0.8710 -0.4895 -0.0420
vn -0.8726 -0.4873 -0.0339
vn -0.8547 -0.5176 0.0389
vn -0.8811 -0.4720 0.0307
vn -0.8784 -0.4763 0.0399
vn -0.8514 -0.5236 0.0309
vn -0.8368 -0.5475 -0.0018
vn -0.8871 -0.4616 -0.0035
vn -0.8870 -0.4618 -0.0035
vn 0.0387 -0.9977 0.0557
vn 0.1057 -0.9929 0.0538
vn 0.0961 -0.9675 0.2341
vn 0.0467 -0.9707 0.2359
vn -0.9674 0.1684 -0.1893
vn -0.9776 0.1883 -0.0941
vn -0.9794 0.1849 -0.0814
vn -0.9801 0.1347 -0.1461
vn -0.5693 0.8033 0.1749
vn -0.4778 0.8247 0.3026
vn -0.5339 0.8144 0.2272
vn -0.0168 0.7657 0.6430
vn -0.0000 0.7379 0.6749
vn -0.0162 0.7631 0.6461
vn -0.6511 0.7569 0.0570
vn -0.6331 0.7701 0.0788
vn -0.0424 0.7321 0.6798
vn -0.0318 0.7775 0.6281
vn -0.0300 0.7798 0.6254
vn -0.0417 0.7421 0.6690
vn -0.8802 -0.4745 -0.0036
vn -0.8814 -0.4723 -0.0036
vn -0.5845 0.2614 -0.7681
vn -0.5249 0.3455 -0.7779
vn -0.6628 0.0416 -0.7477
vn -0.6956 0.0019 -0.7184
vn -0.7109 -0.0175 -0.7031
vn -0.0036 -0.5659 -0.8245
vn -0.0000 -0.5598 -0.8286
vn -0.0000 -0.7267 -0.6870
vn -0.0033 -0.7295 -0.6839
vn 0.0039 0.2301 -0.9732
vn -0.0000 0.2337 -0.9723
vn -0.0000 0.0048 -1.0000
vn 0.0023 -0.0017 -1.0000
vn -0.0715 0.0266 -0.9971
vn -0.0278 0.1462 -0.9889
vn -0.0009 -0.2221 -0.9750
vn -0.0831 -0.1817 -0.9798
vn -0.0364 -0.3367 -0.9409
vn -0.0815 -0.2886 -0.9540
vn -0.0049 0.8714 0.4905
vn -0.0049 0.8715 0.4904
vn -0.0000 0.8759 0.4824
vn 0.0121 -0.8407 -0.5414
vn 0.0120 -0.8407 -0.5414
vn 0.0237 -0.8415 -0.5397
vn -0.9726 0.2005 -0.1176
vn -0.9755 0.1963 -0.0997
vn -0.7322 -0.2188 0.6450
vn -0.0312 0.1788 0.9834
vn -0.0247 0.2065 0.9781
vn -0.0190 -0.0050 0.9998
vn -0.0215 -0.0591 0.9980
vn -0.0034 -0.9983 0.0587
vn -0.0046 -0.9721 0.2344
vn -0.0000 -0.9974 0.0719
vn -0.0016 -0.9977 0.0672
vn -0.0043 -0.9707 0.2402
vn -0.0000 -0.9704 0.2414
vn -0.0173 0.2253 0.9741
vn -0.0000 0.2321 0.9727
vn -0.0000 0.0506 0.9987
vn -0.0154 0.0351 0.9993
vn 0.0077 -0.1025 0.9947
vn -0.0147 0.1609 0.9869
vn -0.0047 -0.0940 0.9956
vn -0.0186 0.4039 0.9146
vn -0.0000 0.4048 0.9144
vn -0.0393 0.3963 0.9173
vn -0.0274 0.4004 0.9159
vn -0.0063 0.4161 0.9093
vn -0.0259 0.4038 0.9145
vn -0.9742 -0.2201 0.0501
vn -0.9772 -0.2074 0.0460
vn -0.9624 -0.2670 0.0500
vn -0.9563 -0.2871 0.0546
vn 0.0824 -0.9049 0.4176
vn 0.0344 -0.9116 0.4096
vn -0.0057 -0.9153 0.4028
vn -0.0065 -0.9148 0.4039
vn -0.0049 -0.9715 0.2372
vn -0.0073 -0.9142 0.4051
vn -0.0000 -0.9140 0.4058
vn -0.9833 -0.1753 0.0481
vn -0.9813 -0.1873 0.0451
vn -0.0200 0.9463 0.3228
vn -0.0207 0.9452 0.3257
vn -0.0373 0.3001 0.9532
vn -0.0312 0.2785 0.9599
vn -0.0313 0.2789 0.9598
vn -0.0445 0.7048 0.7080
vn -1.0000 -0.0000 -0.0000
vn -0.0188 0.4223 0.9063
vn -0.0000 0.4224 0.9064
vn -0.0252 0.2569 0.9661
vn -0.0297 -0.3045 0.9520
vn -0.0000 -0.2951 0.9555
vn -0.0238 -0.3016 0.9531
vn -0.0033 -0.9981 0.0620
vn -0.0055 0.9996 0.0283
vn -0.0194 0.9473 0.3198
vn -0.0697 -0.3026 0.9506
vn -0.0588 -0.3044 0.9507
vn -0.0561 -0.3131 0.9481
vn -0.0723 -0.3226 0.9438
vn -0.0757 -0.3173 0.9453
vn -0.0708 -0.3033 0.9503
vn -0.0347 -0.3145 0.9486
vn -0.0634 -0.3325 0.9410
vn -0.0422 -0.3286 0.9435
vn -0.0556 -0.3229 0.9448
vn -0.0561 -0.3230 0.9447
vn -0.0499 -0.3112 0.9490
vn -0.0565 -0.3037 0.9511
vn -0.0485 -0.3178 0.9469
vn -0.0533 -0.3233 0.9448
vn -0.0535 -0.3234 0.9447
vn -0.0446 -0.3173 0.9473
vn -0.0621 -0.3293 0.9422
vn 0.0246 -0.9453 -0.3254
vn 0.0151 -0.9463 -0.3229
vn 0.0152 -0.9463 -0.3229
vn 0.0057 -0.9473 -0.3204
vn 0.9980 -0.0331 0.0542
vn -0.9989 0.0293 -0.0372
vn -0.0433 0.8191 0.5720
vn -0.0408 0.8635 0.5028
vn -0.0929 0.8677 0.4883
vn -0.0865 0.9614 0.2612
vn -0.1055 0.8916 0.4404
vn -0.0000 0.8147 0.5799
vn -0.0000 0.8610 0.5087
vn -0.0363 0.9741 0.2230
vn -0.0339 0.9101 0.4129
vn -0.0000 0.9120 0.4103
vn -0.0000 0.9759 0.2184
vn -0.0779 0.9687 0.2359
vn -0.0736 0.9059 0.4169
vn -0.1201 0.9641 0.2367
vn -0.0979 0.9020 0.4206
vn -0.1120 0.9007 0.4198
vn -0.0548 0.9701 0.2363
vn -0.0000 -0.2542 0.9671
vn -0.0000 -0.2404 0.9707
vn -0.0000 -0.2345 0.9721
vn -0.0092 0.8484 0.5293
vn -0.0071 0.8550 0.5186
vn -0.0072 0.8548 0.5189
vn 0.9956 -0.0508 -0.0783
vn -0.0158 0.3154 -0.9488
vn -0.0372 0.1721 -0.9844
vn 0.0052 0.4479 -0.8941
vn 0.0039 0.2245 -0.9745
vn -0.0442 0.5418 -0.8394
vn -0.0231 0.5262 -0.8500
vn -0.0160 0.5159 -0.8565
vn -0.0325 0.5460 -0.8372
vn -0.0070 0.8842 0.4670
vn -0.0000 0.8842 0.4670
vn 0.9995 -0.0280 -0.0164
vn 0.9992 -0.0357 -0.0191
vn -0.0637 0.5346 -0.8427
vn -0.0302 0.5410 -0.8405
vn 0.0004 -0.8392 -0.5438
vn 0.8047 -0.4755 -0.3556
vn 0.0004 -0.8379 -0.5458
vn 0.0004 -0.8379 -0.5459
vn 0.0004 0.5471 -0.8371
vn 0.0017 0.5128 -0.8585
vn 0.0029 0.4781 -0.8783
vn 0.0052 0.4491 -0.8935
vn -0.0050 0.8641 0.5032
vn -0.0050 0.8641 0.5034
vn 0.0248 -0.2784 -0.9601
vn 0.0626 -0.7175 -0.6937
vn -0.7206 0.6796 -0.1376
vn -0.7133 0.6910 -0.1172
vn -0.7116 0.6998 -0.0620
vn -0.6405 0.7611 -0.1025
vn -0.7115 0.6892 -0.1371
vn -0.0000 0.2327 0.9725
vn -0.0000 0.4498 -0.8931
vn -0.0000 -0.8371 -0.5471
vn 0.0007 0.5490 -0.8358
vn 0.0007 0.5121 -0.8589
vn 0.0025 0.4717 -0.8818
vn -0.0000 0.4631 -0.8863
vn 0.0019 0.4678 -0.8838
vn 0.0010 0.5501 -0.8351
vn -0.0000 0.5518 -0.8340
vn -0.0003 0.5110 -0.8596
vn 0.0016 0.5077 -0.8615
vn -0.0000 0.5096 -0.8604
vn -0.0000 0.4661 -0.8847
vn 0.0029 0.4661 -0.8847
vn 0.0002 0.5511 -0.8344
vn -0.0000 0.5511 -0.8344
vn 0.9988 -0.0434 -0.0217
vn -0.0000 -0.8351 -0.5500
vn 0.2333 -0.9264 -0.2956
vn 0.1125 -0.9566 -0.2690
vn 0.1745 -0.9515 -0.2534
vn 0.0702 -0.9547 -0.2892
vn 0.0761 -0.9486 -0.3072
vn 0.0550 -0.9714 -0.2308
vn 0.0352 -0.9890 -0.1437
vn -0.0000 -0.8596 -0.5110
vn -0.0037 -0.8568 -0.5156
vn -0.0000 -0.9999 0.0101
vn 0.1969 -0.8747 -0.4429
vn 0.1310 -0.9156 -0.3801
vn 0.1347 -0.8991 -0.4166
vn 0.1381 -0.8974 -0.4190
vn -0.0000 0.0145 -0.9999
vn 1.0000 -0.0000 -0.0000
vn -0.0000 -0.0145 0.9999
vn -0.0000 -0.9999 -0.0145
vn -0.0000 0.9999 0.0145
vn 0.0114 -0.9998 -0.0157
vn 0.5335 0.0987 0.8400
vn 0.5536 0.0045 0.8328
vn 0.5370 0.0840 0.8394
vn 0.8507 0.0589 -0.5224
vn 0.8480 -0.0872 -0.5228
vn 0.8504 0.0652 -0.5221
vn 0.5486 0.2378 0.8015
vn 0.5732 0.1638 0.8029
vn 0.5732 0.1640 0.8029
vn 0.5942 0.0892 0.7994
vn 0.8341 0.2103 -0.5100
vn 0.5153 0.1684 0.8403
vn -0.9090 -0.4140 0.0470
vn -0.9090 -0.4141 0.0470
vn -0.9842 -0.1684 0.0539
vn -0.9843 -0.1681 0.0539
vn -0.9545 -0.2938 0.0507
vn -0.9546 -0.2934 0.0507
vn -0.9562 -0.2926 -0.0059
vn -0.9734 -0.2291 -0.0044
vn -0.9565 -0.2917 -0.0059
vn -0.9352 -0.3541 -0.0074
vn 0.2893 -0.9569 -0.0242
vn -0.0531 -0.0018 -0.9986
vn -0.0510 -0.0087 -0.9987
vn -0.0552 0.0051 -0.9985
vn -0.2893 0.9569 0.0242
vn -0.0113 -0.9998 -0.0157
vn 0.2729 -0.0346 -0.9614
vn 0.2708 -0.0431 -0.9617
vn 0.2826 0.0054 -0.9592
vn -0.5335 0.0987 0.8400
vn -0.5370 0.0840 0.8394
vn -0.5536 0.0045 0.8328
vn -0.8507 0.0589 -0.5224
vn -0.8504 0.0652 -0.5221
vn -0.8480 -0.0872 -0.5228
vn -0.5487 0.2378 0.8015
vn -0.5732 0.1640 0.8029
vn -0.5732 0.1638 0.8029
vn -0.5942 0.0892 0.7993
vn -0.8341 0.2103 -0.5100
vn -0.5153 0.1684 0.8403
vn 0.2619 -0.0779 -0.9619
vn 0.9090 -0.4141 0.0470
vn 0.9090 -0.4142 0.0470
vn 0.9842 -0.1684 0.0540
vn 0.9843 -0.1681 0.0540
vn 0.9545 -0.2938 0.0507
vn 0.9546 -0.2935 0.0507
vn 0.9546 -0.2934 0.0507
vn 0.9562 -0.2926 -0.0059
vn 0.9565 -0.2917 -0.0059
vn 0.9734 -0.2291 -0.0044
vn 0.9352 -0.3541 -0.0074
vn -0.2893 -0.9569 -0.0242
vn 0.0531 -0.0018 -0.9986
vn 0.0510 -0.0087 -0.9987
vn 0.0552 0.0051 -0.9985
vn 0.2893 0.9569 0.0242
vn -0.2631 -0.0931 -0.9603
vn -0.2636 -0.0960 -0.9598
vn -0.2694 -0.0640 -0.9609
vn -0.2670 -0.0688 -0.9612
vn -0.2799 0.0214 -0.9598
vn -0.2790 0.0279 -0.9599
vn -0.2773 -0.0155 -0.9607
vn -0.2786 -0.0102 -0.9603
vn -0.2655 -0.0765 -0.9611
vn -0.2679 -0.0602 -0.9616
vn -0.2732 -0.0012 -0.9620
vn -0.2729 -0.0166 -0.9619
vn 0.9261 -0.3771 -0.0129
vn -0.9261 0.3771 0.0129
vn -0.0216 -0.0872 0.9960
vn 0.0555 0.1701 -0.9839
vn 0.3772 0.9249 0.0470
vn -0.3772 -0.9250 -0.0462
vn 0.8420 -0.5394 0.0071
vn 0.8556 -0.5162 -0.0371
vn 0.8527 -0.5216 -0.0270
vn 0.8726 -0.4873 -0.0339
vn 0.8710 -0.4895 -0.0419
vn 0.8547 -0.5176 0.0389
vn 0.8514 -0.5236 0.0309
vn 0.8784 -0.4763 0.0399
vn 0.8811 -0.4720 0.0307
vn 0.8368 -0.5475 -0.0018
vn 0.8871 -0.4616 -0.0035
vn 0.8870 -0.4618 -0.0035
vn -0.0387 -0.9977 0.0557
vn -0.0467 -0.9707 0.2359
vn -0.0961 -0.9675 0.2341
vn -0.1057 -0.9929 0.0538
vn 0.9674 0.1684 -0.1892
vn 0.9801 0.1347 -0.1461
vn 0.9794 0.1849 -0.0814
vn 0.9776 0.1883 -0.0941
vn 0.5693 0.8033 0.1749
vn 0.5339 0.8144 0.2272
vn 0.4778 0.8247 0.3026
vn 0.0168 0.7657 0.6430
vn 0.0162 0.7631 0.6461
vn 0.6511 0.7569 0.0571
vn 0.6331 0.7701 0.0788
vn 0.0424 0.7321 0.6798
vn 0.0416 0.7421 0.6690
vn 0.0300 0.7798 0.6254
vn 0.0318 0.7775 0.6281
vn 0.8814 -0.4723 -0.0036
vn 0.8802 -0.4745 -0.0036
vn 0.5845 0.2614 -0.7681
vn 0.6957 0.0019 -0.7184
vn 0.6628 0.0416 -0.7476
vn 0.5249 0.3455 -0.7779
vn 0.7109 -0.0175 -0.7031
vn 0.0036 -0.5659 -0.8245
vn 0.0033 -0.7295 -0.6839
vn -0.0038 0.2301 -0.9732
vn -0.0023 -0.0017 -1.0000
vn 0.0715 0.0266 -0.9971
vn 0.0831 -0.1817 -0.9798
vn 0.0010 -0.2221 -0.9750
vn 0.0278 0.1462 -0.9889
vn 0.0815 -0.2887 -0.9540
vn 0.0365 -0.3367 -0.9409
vn 0.0049 0.8714 0.4905
vn 0.0049 0.8715 0.4904
vn -0.0120 -0.8407 -0.5414
vn -0.0237 -0.8415 -0.5397
vn 0.9755 0.1963 -0.0996
vn 0.9726 0.2005 -0.1176
vn 0.7322 -0.2188 0.6450
vn 0.0312 0.1788 0.9834
vn 0.0215 -0.0591 0.9980
vn 0.0190 -0.0050 0.9998
vn 0.0246 0.2065 0.9781
vn 0.0034 -0.9983 0.0587
vn 0.0046 -0.9721 0.2344
vn 0.0043 -0.9707 0.2402
vn 0.0016 -0.9977 0.0672
vn 0.0173 0.2253 0.9741
vn 0.0153 0.0351 0.9993
vn -0.0078 -0.1024 0.9947
vn 0.0047 -0.0940 0.9956
vn 0.0147 0.1609 0.9869
vn 0.0186 0.4039 0.9146
vn 0.0392 0.3963 0.9173
vn 0.0274 0.4004 0.9159
vn 0.0063 0.4161 0.9093
vn 0.0259 0.4038 0.9145
vn 0.9742 -0.2201 0.0501
vn 0.9563 -0.2871 0.0546
vn 0.9624 -0.2670 0.0500
vn 0.9772 -0.2074 0.0460
vn -0.0344 -0.9116 0.4096
vn -0.0824 -0.9049 0.4176
vn 0.0049 -0.9715 0.2372
vn 0.0065 -0.9148 0.4039
vn 0.0057 -0.9153 0.4028
vn 0.0073 -0.9142 0.4051
vn 0.9813 -0.1873 0.0451
vn 0.9833 -0.1753 0.0482
vn 0.0200 0.9463 0.3228
vn 0.0207 0.9452 0.3257
vn 0.0373 0.3001 0.9532
vn 0.0313 0.2789 0.9598
vn 0.0312 0.2785 0.9599
vn 0.0444 0.7048 0.7080
vn 0.0188 0.4223 0.9063
vn 0.0252 0.2569 0.9661
vn 0.0296 -0.3045 0.9520
vn 0.0238 -0.3016 0.9531
vn 0.0033 -0.9981 0.0620
vn 0.0055 0.9996 0.0283
vn 0.0194 0.9473 0.3198
vn 0.0697 -0.3026 0.9506
vn 0.0723 -0.3226 0.9438
vn 0.0561 -0.3131 0.9481
vn 0.0587 -0.3044 0.9507
vn 0.0707 -0.3033 0.9503
vn 0.0757 -0.3173 0.9453
vn 0.0347 -0.3145 0.9486
vn 0.0422 -0.3286 0.9435
vn 0.0634 -0.3326 0.9410
vn 0.0556 -0.3229 0.9448
vn 0.0499 -0.3112 0.9490
vn 0.0560 -0.3230 0.9447
vn 0.0485 -0.3178 0.9469
vn 0.0565 -0.3037 0.9511
vn 0.0532 -0.3233 0.9448
vn 0.0446 -0.3173 0.9473
vn 0.0535 -0.3234 0.9447
vn 0.0621 -0.3293 0.9422
vn -0.0246 -0.9453 -0.3254
vn -0.0152 -0.9463 -0.3229
vn -0.0151 -0.9463 -0.3229
vn -0.0057 -0.9473 -0.3204
vn -0.9980 -0.0331 0.0542
vn 0.9989 0.0293 -0.0372
vn 0.0432 0.8191 0.5720
vn 0.0865 0.9614 0.2612
vn 0.0929 0.8677 0.4883
vn 0.0407 0.8635 0.5028
vn 0.1055 0.8916 0.4404
vn 0.0363 0.9741 0.2230
vn 0.0339 0.9101 0.4129
vn 0.0778 0.9687 0.2359
vn 0.0736 0.9059 0.4170
vn 0.1201 0.9641 0.2367
vn 0.0979 0.9020 0.4206
vn 0.1120 0.9007 0.4198
vn 0.0548 0.9701 0.2363
vn 0.0092 0.8484 0.5293
vn 0.0071 0.8548 0.5189
vn 0.0071 0.8550 0.5186
vn -0.9956 -0.0508 -0.0783
vn 0.0159 0.3154 -0.9488
vn 0.0373 0.1721 -0.9844
vn -0.0052 0.4479 -0.8941
vn -0.0038 0.2244 -0.9745
vn 0.0442 0.5418 -0.8394
vn 0.0325 0.5460 -0.8372
vn 0.0160 0.5159 -0.8565
vn 0.0231 0.5262 -0.8500
vn 0.0070 0.8842 0.4670
vn -0.9995 -0.0280 -0.0165
vn -0.9992 -0.0357 -0.0191
vn 0.0637 0.5346 -0.8427
vn 0.0302 0.5410 -0.8405
vn -0.0003 -0.8392 -0.5438
vn -0.8047 -0.4755 -0.3556
vn -0.0004 -0.8379 -0.5458
vn -0.0004 -0.8379 -0.5459
vn -0.0016 0.5128 -0.8585
vn -0.0004 0.5471 -0.8371
vn -0.0029 0.4781 -0.8783
vn -0.0052 0.4491 -0.8935
vn 0.0050 0.8641 0.5034
vn 0.0050 0.8641 0.5032
vn -0.0248 -0.2784 -0.9601
vn -0.0626 -0.7175 -0.6937
vn 0.7206 0.6796 -0.1376
vn 0.7115 0.6892 -0.1371
vn 0.6405 0.7611 -0.1024
vn 0.7116 0.6998 -0.0620
vn 0.7133 0.6910 -0.1171
vn -0.0006 0.5121 -0.8589
vn -0.0007 0.5490 -0.8358
vn -0.0024 0.4717 -0.8818
vn -0.0019 0.4678 -0.8838
vn -0.0009 0.5501 -0.8351
vn 0.0004 0.5110 -0.8596
vn -0.0016 0.5077 -0.8615
vn -0.0029 0.4661 -0.8847
vn -0.0002 0.5511 -0.8344
vn -0.9988 -0.0434 -0.0217
vn -0.1745 -0.9515 -0.2534
vn -0.1125 -0.9566 -0.2690
vn -0.2333 -0.9264 -0.2956
vn -0.0702 -0.9547 -0.2892
vn -0.0352 -0.9890 -0.1437
vn -0.0550 -0.9714 -0.2308
vn -0.0761 -0.9486 -0.3072
vn 0.0038 -0.8568 -0.5156
vn -0.1969 -0.8747 -0.4429
vn -0.1309 -0.9156 -0.3801
vn -0.1381 -0.8974 -0.4190
vn -0.1347 -0.8991 -0.4166
vn 1.0000 -0.0000 0.0001
vn -0.2729 -0.0346 -0.9614
vn -0.2826 0.0054 -0.9592
vn -0.2708 -0.0431 -0.9617
vn -0.2619 -0.0778 -0.9620
vn 0.2632 -0.0931 -0.9602
vn 0.2670 -0.0688 -0.9612
vn 0.2695 -0.0640 -0.9609
vn 0.2637 -0.0960 -0.9598
vn 0.2799 0.0214 -0.9598
vn 0.2787 -0.0102 -0.9603
vn 0.2773 -0.0155 -0.9607
vn 0.2790 0.0279 -0.9599
vn 0.2679 -0.0602 -0.9616
vn 0.2656 -0.0765 -0.9610
vn 0.2729 -0.0166 -0.9619
vn 0.2732 -0.0012 -0.9620
vn -0.9261 -0.3771 -0.0129
vn 0.9261 0.3771 0.0129
vn 0.0216 -0.0872 0.9960
vn -0.0555 0.1701 -0.9839
vn -0.3772 0.9249 0.0470
vn 0.3772 -0.9250 -0.0462
vn 0.6708 0.4191 -0.6119
vn 0.6730 -0.4277 0.6035
vn -0.6724 -0.4255 0.6057
vn -0.6712 0.4189 -0.6115
vn 0.7197 0.6786 0.1465
vn 0.7612 0.6165 0.2013
vn 0.7613 0.6163 0.2014
vn 0.6064 -0.7515 -0.2600
vn -0.7195 -0.6803 -0.1396
vn -0.7615 -0.6171 -0.1984
vn -0.7616 -0.6169 -0.1986
vn -0.6051 0.7505 0.2657
vn 0.8224 0.4267 0.3763
vn 0.8224 0.4264 0.3766
vn 0.5053 -0.3691 -0.7800
vn 0.5406 -0.4902 -0.6837
vn 0.5406 -0.4903 -0.6836
vn -0.8224 -0.4266 -0.3764
vn -0.8224 -0.4264 -0.3766
vn -0.5039 0.3657 0.7825
vn -0.5401 0.4881 0.6856
vn -0.5401 0.4883 0.6855
vn 0.8308 0.3576 0.4265
vn 0.5555 -0.6441 -0.5259
vn 0.5555 -0.6442 -0.5258
vn -0.8308 -0.3581 -0.4260
vn -0.5555 0.6441 0.5259
vn 0.8391 0.4570 0.2952
vn 0.5419 -0.7667 -0.3442
vn -0.8390 -0.4570 -0.2952
vn -0.5418 0.7669 0.3441
vn 0.8505 0.5074 0.1383
vn 0.5222 -0.8452 -0.1141
vn -0.8505 -0.5074 -0.1383
vn -0.5222 0.8451 0.1145
vn 0.8547 0.5184 -0.0265
vn 0.8547 0.5184 -0.0264
vn 0.5163 -0.8549 0.0504
vn -0.8547 -0.5184 0.0264
vn -0.5164 0.8548 -0.0507
vn 0.8538 0.4782 -0.2059
vn 0.5238 -0.8069 0.2730
vn -0.8538 -0.4781 0.2060
vn -0.5238 0.8069 -0.2731
vn 0.8461 0.4012 -0.3508
vn 0.5313 -0.6773 0.5089
vn 0.5313 -0.6774 0.5089
vn -0.8461 -0.4011 0.3511
vn -0.5313 0.6777 -0.5084
vn 0.8430 0.3634 -0.3966
vn 0.5314 -0.5849 0.6128
vn -0.8430 -0.3636 0.3964
vn -0.5314 0.5848 -0.6129
vn 0.8474 0.2429 -0.4721
vn 0.8474 0.2430 -0.4720
vn 0.5374 -0.4304 0.7252
vn 0.5374 -0.4306 0.7251
vn -0.8475 -0.2447 0.4710
vn -0.8475 -0.2448 0.4710
vn -0.5374 0.4310 -0.7249
vn -0.5374 0.4311 -0.7249
vn 0.8358 0.3413 -0.4300
vn 0.8360 0.3403 -0.4306
vn 0.5168 -0.3450 0.7835
vn 0.5169 -0.3449 0.7835
vn -0.8357 -0.3424 0.4294
vn -0.8358 -0.3415 0.4299
vn -0.5147 0.3402 -0.7870
vn -0.5147 0.3401 -0.7871
vn 0.7768 0.6201 -0.1100
vn 0.7768 0.6199 -0.1105
vn 0.5019 -0.4111 0.7610
vn -0.7769 -0.6197 0.1111
vn -0.7770 -0.6194 0.1119
vn -0.4978 0.3996 -0.7697
vn 0.7465 0.6639 0.0446
vn 0.7465 0.6639 0.0445
vn 0.6397 -0.7634 -0.0892
vn 0.6489 -0.7594 -0.0480
vn 0.6489 -0.7594 -0.0481
vn -0.7466 -0.6639 -0.0438
vn -0.6389 0.7629 0.0985
vn -0.6487 0.7593 0.0527
vn -0.6486 0.7593 0.0527
vn 0.7336 0.6792 -0.0244
vn 0.7336 0.6791 -0.0244
vn 0.6412 -0.7582 -0.1186
vn 0.6412 -0.7582 -0.1188
vn -0.7342 -0.6785 0.0219
vn -0.7343 -0.6785 0.0219
vn -0.6412 0.7585 0.1163
vn -0.6411 0.7585 0.1166
vn 0.7110 0.7010 -0.0548
vn 0.6172 -0.7527 -0.2292
vn -0.7125 -0.6999 0.0497
vn -0.6174 0.7538 0.2249
vn 0.7960 0.1948 0.5731
vn 0.8086 0.1664 0.5643
vn 0.8086 0.1663 0.5643
vn 0.5408 -0.2781 -0.7938
vn 0.5581 -0.2377 -0.7950
vn 0.5581 -0.2378 -0.7950
vn -0.7967 -0.2012 -0.5699
vn -0.8090 -0.1695 -0.5628
vn -0.5398 0.2729 0.7963
vn -0.5576 0.2352 0.7961
vn -0.5575 0.2353 0.7961
vn 0.8127 0.0763 0.5777
vn 0.5666 -0.3002 -0.7673
vn 0.5666 -0.3003 -0.7673
vn -0.8126 -0.0762 -0.5778
vn -0.5666 0.3003 0.7673
vn -0.5666 0.3004 0.7673
vn 0.8192 0.0896 0.5665
vn 0.5342 -0.4844 -0.6928
vn 0.5342 -0.4845 -0.6928
vn -0.8190 -0.0890 -0.5669
vn -0.5342 0.4846 0.6927
vn -0.5342 0.4847 0.6926
vn 0.8584 0.2605 0.4419
vn 0.4981 -0.6528 -0.5707
vn -0.8586 -0.2606 -0.4415
vn -0.4981 0.6528 0.5707
vn 0.8828 0.3509 0.3124
vn 0.4760 -0.7792 -0.4077
vn 0.4761 -0.7791 -0.4080
vn -0.8817 -0.3487 -0.3178
vn -0.4759 0.7795 0.4074
vn -0.4759 0.7793 0.4077
vn 0.8944 0.3492 0.2796
vn 0.3663 -0.9061 -0.2116
vn 0.3665 -0.9060 -0.2118
vn -0.8924 -0.3437 -0.2923
vn -0.3665 0.9061 0.2113
vn -0.3667 0.9060 0.2116
vn 0.3232 -0.0489 0.9451
vn 0.2511 -0.9638 -0.0900
vn -0.3318 0.0455 -0.9423
vn -0.2521 0.9634 0.0906
vn 0.6844 0.6075 -0.4033
vn 0.6858 -0.5334 0.4951
vn -0.6846 -0.6096 0.3997
vn -0.6840 0.5283 -0.5029
vn 0.6929 0.7109 0.1208
vn 0.7347 0.6447 0.2113
vn 0.7347 0.6445 0.2115
vn 0.6589 -0.6967 -0.2837
vn -0.6927 -0.7114 -0.1188
vn -0.7348 -0.6447 -0.2107
vn -0.7349 -0.6445 -0.2110
vn -0.6584 0.6961 0.2864
vn 0.7933 0.4339 0.4270
vn 0.7934 0.4335 0.4273
vn 0.5456 -0.3402 -0.7659
vn 0.5787 -0.4451 -0.6834
vn 0.5787 -0.4453 -0.6832
vn -0.7934 -0.4338 -0.4271
vn -0.7934 -0.4335 -0.4274
vn -0.5444 0.3370 0.7682
vn -0.5782 0.4435 0.6848
vn -0.5783 0.4436 0.6847
vn 0.8068 0.3824 0.4504
vn 0.5944 -0.6239 -0.5074
vn 0.5944 -0.6240 -0.5073
vn -0.8068 -0.3830 -0.4498
vn -0.5944 0.6238 0.5075
vn -0.5944 0.6239 0.5074
vn 0.8132 0.5021 0.2942
vn 0.5765 -0.7570 -0.3075
vn -0.8132 -0.5022 -0.2940
vn -0.5765 0.7570 0.3076
vn 0.8256 0.5458 0.1433
vn 0.5616 -0.8204 -0.1075
vn -0.8256 -0.5457 -0.1434
vn -0.5616 0.8204 0.1078
vn -0.5616 0.8204 0.1077
vn 0.8297 0.5575 -0.0288
vn 0.5555 -0.8301 0.0492
vn -0.8297 -0.5575 0.0287
vn -0.5555 0.8300 -0.0494
vn 0.8286 0.5154 -0.2186
vn 0.5630 -0.7835 0.2631
vn 0.5630 -0.7835 0.2630
vn -0.8286 -0.5154 0.2186
vn -0.5629 0.7835 -0.2631
vn 0.8185 0.4268 -0.3845
vn 0.5702 -0.6628 0.4853
vn -0.8185 -0.4267 0.3847
vn -0.5702 0.6628 -0.4853
vn -0.5702 0.6629 -0.4852
vn 0.8146 0.3217 -0.4827
vn 0.5818 -0.4836 0.6539
vn 0.5818 -0.4837 0.6539
vn -0.8146 -0.3217 0.4827
vn -0.5817 0.4838 -0.6538
vn -0.5817 0.4839 -0.6538
vn 0.8076 0.2348 -0.5410
vn 0.8076 0.2348 -0.5409
vn 0.5731 -0.3291 0.7505
vn -0.8078 -0.2379 0.5394
vn -0.5730 0.3283 -0.7509
vn -0.5730 0.3283 -0.7510
vn 0.8029 0.2067 -0.5592
vn 0.6039 -0.4658 0.6468
vn 0.6038 -0.4655 0.6470
vn -0.8034 -0.2131 0.5561
vn -0.6038 0.4646 -0.6478
vn -0.6037 0.4643 -0.6481
vn 0.7097 0.6986 -0.0914
vn 0.7189 0.6924 -0.0621
vn 0.6681 -0.6929 0.2711
vn 0.6680 -0.6927 0.2718
vn -0.7117 -0.6957 0.0978
vn -0.7199 -0.6910 0.0654
vn -0.6683 0.6931 -0.2702
vn -0.6682 0.6929 -0.2709
vn 0.7276 0.6859 -0.0105
vn 0.6847 -0.7288 0.0117
vn -0.7276 -0.6859 0.0105
vn -0.6846 0.7288 -0.0106
vn 0.7138 0.6995 0.0348
vn 0.6701 -0.7183 -0.1870
vn 0.6700 -0.7183 -0.1874
vn -0.7145 -0.6987 -0.0372
vn -0.6700 0.7187 0.1856
vn -0.6700 0.7187 0.1860
vn 0.6993 0.7125 0.0576
vn 0.6346 -0.6859 -0.3562
vn -0.7007 -0.7107 -0.0624
vn -0.6348 0.6869 0.3537
vn 0.7830 0.1650 0.5997
vn 0.7935 0.1617 0.5867
vn 0.5710 -0.2232 -0.7900
vn 0.5848 -0.2181 -0.7813
vn -0.7836 -0.1702 -0.5975
vn -0.7938 -0.1642 -0.5856
vn -0.5704 0.2197 0.7914
vn -0.5845 0.2166 0.7819
vn -0.5845 0.2166 0.7820
vn 0.7947 0.0894 0.6004
vn 0.5884 -0.3247 -0.7405
vn 0.5884 -0.3248 -0.7405
vn -0.7947 -0.0892 -0.6004
vn -0.5884 0.3247 0.7405
vn -0.5883 0.3248 0.7405
vn 0.8020 0.1003 0.5888
vn 0.5542 -0.4972 -0.6676
vn 0.5542 -0.4973 -0.6675
vn -0.8018 -0.0997 -0.5892
vn -0.8018 -0.0996 -0.5892
vn -0.5542 0.4973 0.6675
vn -0.5542 0.4974 0.6674
vn 0.8441 0.2790 0.4579
vn 0.8441 0.2790 0.4580
vn 0.5220 -0.6451 -0.5579
vn 0.5220 -0.6451 -0.5580
vn -0.8442 -0.2791 -0.4576
vn -0.5219 0.6453 0.5579
vn -0.5219 0.6452 0.5579
vn 0.8716 0.3801 0.3095
vn 0.5019 -0.7686 -0.3966
vn 0.5019 -0.7685 -0.3968
vn -0.8708 -0.3784 -0.3140
vn -0.5017 0.7689 0.3962
vn -0.5018 0.7688 0.3965
vn 0.8850 0.3864 0.2598
vn 0.3886 -0.9024 -0.1864
vn 0.3887 -0.9023 -0.1866
vn -0.8837 -0.3819 -0.2707
vn -0.3889 0.9023 0.1862
vn -0.3890 0.9022 0.1864
vn 0.3190 -0.0128 0.9477
vn 0.2654 -0.9627 -0.0521
vn -0.3285 0.0091 -0.9445
vn -0.2667 0.9623 0.0529
vn -0.6708 0.4191 -0.6119
vn -0.6730 -0.4277 0.6035
vn 0.6724 -0.4255 0.6057
vn 0.6713 0.4189 -0.6115
vn -0.7197 0.6786 0.1465
vn -0.7613 0.6163 0.2014
vn -0.7612 0.6165 0.2012
vn -0.6063 -0.7515 -0.2600
vn 0.7195 -0.6803 -0.1396
vn 0.7616 -0.6169 -0.1986
vn 0.7615 -0.6171 -0.1983
vn 0.6052 0.7505 0.2657
vn -0.8225 0.4263 0.3766
vn -0.8224 0.4266 0.3763
vn -0.5052 -0.3691 -0.7800
vn -0.5406 -0.4903 -0.6836
vn -0.5406 -0.4902 -0.6837
vn 0.8225 -0.4263 -0.3765
vn 0.8224 -0.4266 -0.3763
vn 0.5039 0.3656 0.7826
vn 0.5401 0.4883 0.6855
vn 0.5400 0.4881 0.6856
vn -0.8308 0.3576 0.4265
vn -0.8308 0.3576 0.4264
vn -0.5555 -0.6442 -0.5258
vn -0.5555 -0.6441 -0.5259
vn 0.8308 -0.3581 -0.4260
vn 0.5555 0.6441 0.5259
vn -0.8391 0.4570 0.2951
vn -0.5419 -0.7667 -0.3442
vn 0.8391 -0.4570 -0.2952
vn 0.5418 0.7668 0.3441
vn -0.8505 0.5074 0.1382
vn -0.8505 0.5074 0.1383
vn -0.5222 -0.8452 -0.1141
vn 0.8505 -0.5074 -0.1382
vn 0.8505 -0.5074 -0.1383
vn 0.5222 0.8451 0.1145
vn -0.8547 0.5184 -0.0265
vn -0.5164 -0.8549 0.0504
vn 0.8547 -0.5184 0.0264
vn 0.5163 0.8549 -0.0507
vn -0.8538 0.4782 -0.2059
vn -0.5238 -0.8069 0.2730
vn 0.8538 -0.4781 0.2060
vn 0.5237 0.8069 -0.2731
vn -0.8461 0.4012 -0.3509
vn -0.8461 0.4013 -0.3509
vn -0.5313 -0.6774 0.5088
vn -0.5313 -0.6773 0.5089
vn 0.8461 -0.4011 0.3511
vn 0.5313 0.6777 -0.5084
vn -0.8430 0.3634 -0.3966
vn -0.5314 -0.5849 0.6128
vn 0.8430 -0.3636 0.3964
vn 0.5314 0.5848 -0.6129
vn -0.8475 0.2430 -0.4720
vn -0.8474 0.2429 -0.4721
vn -0.5374 -0.4306 0.7251
vn -0.5374 -0.4304 0.7252
vn 0.8475 -0.2448 0.4710
vn 0.8475 -0.2447 0.4711
vn 0.5374 0.4311 -0.7249
vn 0.5374 0.4310 -0.7249
vn -0.8360 0.3403 -0.4306
vn -0.8358 0.3413 -0.4300
vn -0.5169 -0.3449 0.7835
vn -0.5168 -0.3450 0.7835
vn 0.8358 -0.3415 0.4300
vn 0.8357 -0.3424 0.4294
vn 0.5147 0.3401 -0.7871
vn 0.5147 0.3402 -0.7870
vn -0.7768 0.6199 -0.1105
vn -0.7768 0.6201 -0.1100
vn -0.5019 -0.4111 0.7610
vn 0.7771 -0.6194 0.1118
vn 0.7770 -0.6196 0.1112
vn 0.4978 0.3996 -0.7697
vn -0.7465 0.6639 0.0445
vn -0.6397 -0.7634 -0.0892
vn -0.6489 -0.7594 -0.0481
vn -0.6489 -0.7593 -0.0480
vn 0.7466 -0.6638 -0.0438
vn 0.7466 -0.6639 -0.0438
vn 0.6389 0.7629 0.0986
vn 0.6487 0.7593 0.0528
vn 0.6487 0.7592 0.0527
vn -0.7336 0.6792 -0.0244
vn -0.7336 0.6792 -0.0245
vn -0.6412 -0.7581 -0.1188
vn -0.6412 -0.7581 -0.1186
vn 0.7343 -0.6785 0.0219
vn 0.6411 0.7585 0.1166
vn 0.6412 0.7585 0.1164
vn -0.7110 0.7011 -0.0548
vn -0.6172 -0.7527 -0.2292
vn 0.7125 -0.6999 0.0497
vn 0.6174 0.7538 0.2249
vn -0.7960 0.1948 0.5731
vn -0.8086 0.1663 0.5643
vn -0.8086 0.1664 0.5643
vn -0.5408 -0.2781 -0.7939
vn -0.5581 -0.2378 -0.7950
vn -0.5581 -0.2377 -0.7950
vn 0.7967 -0.2012 -0.5699
vn 0.8090 -0.1695 -0.5628
vn 0.5399 0.2728 0.7963
vn 0.5576 0.2353 0.7961
vn 0.5576 0.2352 0.7961
vn -0.8127 0.0763 0.5777
vn -0.5666 -0.3003 -0.7673
vn -0.5666 -0.3002 -0.7673
vn 0.8126 -0.0762 -0.5778
vn 0.5666 0.3004 0.7673
vn 0.5666 0.3003 0.7673
vn -0.8192 0.0896 0.5664
vn -0.5342 -0.4845 -0.6928
vn -0.5342 -0.4844 -0.6928
vn 0.8190 -0.0890 -0.5669
vn 0.5342 0.4847 0.6927
vn 0.5342 0.4846 0.6927
vn -0.8584 0.2605 0.4419
vn -0.8584 0.2605 0.4418
vn -0.4981 -0.6528 -0.5707
vn -0.4981 -0.6529 -0.5707
vn 0.8586 -0.2607 -0.4415
vn 0.4981 0.6528 0.5708
vn 0.4981 0.6528 0.5707
vn -0.8828 0.3509 0.3124
vn -0.4760 -0.7791 -0.4080
vn -0.4760 -0.7792 -0.4077
vn 0.8817 -0.3487 -0.3178
vn 0.4759 0.7793 0.4077
vn 0.4759 0.7795 0.4074
vn -0.8944 0.3492 0.2796
vn -0.3665 -0.9060 -0.2118
vn -0.3663 -0.9061 -0.2116
vn 0.8924 -0.3437 -0.2923
vn 0.3667 0.9060 0.2115
vn 0.3665 0.9061 0.2113
vn -0.3232 -0.0489 0.9451
vn -0.2511 -0.9638 -0.0900
vn 0.3318 0.0455 -0.9422
vn 0.2521 0.9634 0.0906
vn -0.6844 0.6075 -0.4033
vn -0.6858 -0.5334 0.4951
vn 0.6846 -0.6096 0.3997
vn 0.6841 0.5283 -0.5029
vn -0.6929 0.7109 0.1208
vn -0.7347 0.6445 0.2115
vn -0.7346 0.6447 0.2113
vn -0.6589 -0.6967 -0.2837
vn 0.6927 -0.7114 -0.1188
vn 0.7349 -0.6445 -0.2110
vn 0.7348 -0.6447 -0.2107
vn 0.6584 0.6961 0.2864
vn -0.7934 0.4335 0.4274
vn -0.7933 0.4339 0.4270
vn -0.5456 -0.3402 -0.7659
vn -0.5787 -0.4453 -0.6832
vn -0.5787 -0.4451 -0.6834
vn 0.7934 -0.4335 -0.4273
vn 0.7934 -0.4338 -0.4271
vn 0.5443 0.3370 0.7682
vn 0.5783 0.4436 0.6847
vn 0.5782 0.4435 0.6848
vn -0.8067 0.3825 0.4504
vn -0.5944 -0.6240 -0.5073
vn -0.5944 -0.6239 -0.5074
vn 0.8068 -0.3830 -0.4498
vn 0.5944 0.6239 0.5074
vn 0.5944 0.6238 0.5075
vn -0.8132 0.5021 0.2942
vn -0.5765 -0.7570 -0.3075
vn 0.8132 -0.5023 -0.2940
vn 0.5765 0.7570 0.3077
vn 0.5765 0.7570 0.3076
vn -0.8256 0.5458 0.1433
vn -0.5616 -0.8204 -0.1075
vn 0.8256 -0.5458 -0.1433
vn 0.8256 -0.5458 -0.1434
vn 0.5616 0.8204 0.1078
vn -0.8297 0.5575 -0.0288
vn -0.5555 -0.8301 0.0492
vn 0.8297 -0.5575 0.0287
vn 0.5555 0.8300 -0.0494
vn -0.8286 0.5154 -0.2186
vn -0.5630 -0.7835 0.2630
vn 0.8286 -0.5154 0.2186
vn 0.5629 0.7835 -0.2631
vn -0.8185 0.4268 -0.3845
vn -0.5702 -0.6628 0.4853
vn 0.8185 -0.4267 0.3847
vn 0.5702 0.6629 -0.4852
vn 0.5702 0.6628 -0.4852
vn -0.8146 0.3217 -0.4827
vn -0.5818 -0.4837 0.6539
vn 0.8146 -0.3217 0.4827
vn 0.5817 0.4838 -0.6538
vn -0.8076 0.2348 -0.5410
vn -0.5732 -0.3291 0.7505
vn -0.5732 -0.3291 0.7504
vn 0.8078 -0.2379 0.5394
vn 0.5730 0.3283 -0.7509
vn -0.8028 0.2067 -0.5592
vn -0.6038 -0.4655 0.6470
vn -0.6039 -0.4658 0.6468
vn 0.8034 -0.2131 0.5561
vn 0.6037 0.4642 -0.6481
vn 0.6038 0.4646 -0.6478
vn -0.7096 0.6986 -0.0914
vn -0.7188 0.6924 -0.0622
vn -0.7189 0.6924 -0.0622
vn -0.6680 -0.6927 0.2717
vn -0.6681 -0.6929 0.2711
vn 0.7116 -0.6957 0.0979
vn 0.7199 -0.6910 0.0654
vn 0.6682 0.6929 -0.2709
vn 0.6683 0.6930 -0.2702
vn -0.7276 0.6859 -0.0105
vn -0.6847 -0.7288 0.0116
vn 0.7276 -0.6859 0.0105
vn 0.6847 0.7288 -0.0106
vn -0.7138 0.6995 0.0348
vn -0.6700 -0.7183 -0.1874
vn -0.6701 -0.7183 -0.1871
vn 0.7145 -0.6987 -0.0371
vn 0.7145 -0.6987 -0.0372
vn 0.6700 0.7187 0.1860
vn 0.6700 0.7187 0.1856
vn -0.6994 0.7124 0.0576
vn -0.6346 -0.6859 -0.3562
vn 0.7007 -0.7107 -0.0624
vn 0.6348 0.6870 0.3537
vn -0.7831 0.1650 0.5997
vn -0.7936 0.1617 0.5866
vn -0.7935 0.1617 0.5866
vn -0.5710 -0.2232 -0.7900
vn -0.5848 -0.2181 -0.7813
vn 0.7835 -0.1702 -0.5976
vn 0.7938 -0.1642 -0.5856
vn 0.5704 0.2197 0.7914
vn 0.5845 0.2166 0.7820
vn 0.5845 0.2166 0.7819
vn -0.7947 0.0894 0.6004
vn -0.7947 0.0894 0.6003
vn -0.5883 -0.3248 -0.7405
vn -0.5883 -0.3247 -0.7406
vn 0.7947 -0.0892 -0.6004
vn 0.5883 0.3248 0.7405
vn 0.5883 0.3247 0.7405
vn -0.8020 0.1003 0.5888
vn -0.5541 -0.4973 -0.6676
vn -0.5542 -0.4972 -0.6676
vn 0.8018 -0.0996 -0.5892
vn 0.8018 -0.0997 -0.5892
vn 0.5542 0.4974 0.6675
vn -0.8441 0.2790 0.4580
vn -0.8441 0.2790 0.4579
vn -0.5220 -0.6451 -0.5580
vn 0.8442 -0.2791 -0.4576
vn 0.5219 0.6452 0.5579
vn 0.5219 0.6453 0.5579
vn -0.8716 0.3801 0.3094
vn -0.8716 0.3801 0.3095
vn -0.5019 -0.7685 -0.3968
vn -0.5019 -0.7686 -0.3966
vn 0.8708 -0.3784 -0.3140
vn 0.8707 -0.3784 -0.3140
vn 0.5018 0.7688 0.3965
vn 0.5017 0.7689 0.3963
vn -0.8850 0.3864 0.2597
vn -0.3887 -0.9023 -0.1866
vn -0.3886 -0.9024 -0.1864
vn 0.8837 -0.3819 -0.2707
vn 0.3890 0.9022 0.1864
vn 0.3889 0.9023 0.1862
vn -0.3190 -0.0128 0.9477
vn -0.2654 -0.9627 -0.0521
vn 0.3285 0.0091 -0.9445
vn 0.2667 0.9623 0.0529
vn 0.9999 -0.0130 0.0005
vn 0.9997 -0.0230 -0.0002
vn 1.0000 -0.0040 0.0010
vn 0.9949 -0.1011 0.0049
vn 0.9983 -0.0576 0.0014
vn 0.9971 -0.0755 0.0028
vn -0.9999 0.0130 -0.0004
vn -1.0000 0.0039 -0.0010
vn -0.9997 0.0232 0.0002
vn -0.9949 0.1010 -0.0050
vn -0.9971 0.0754 -0.0029
vn -0.9983 0.0578 -0.0014
vn 0.0263 0.9994 0.0219
vn 0.0662 0.9976 0.0192
vn 0.0663 0.9976 0.0191
vn 0.0883 0.9960 0.0123
vn 0.0084 0.9998 0.0178
vn -0.0017 -0.6275 -0.7786
vn -0.0269 -0.9992 -0.0282
vn -0.0135 -0.9995 -0.0284
vn -0.0598 -0.9980 -0.0213
vn -0.0599 -0.9980 -0.0213
vn -0.0793 -0.9967 -0.0146
vn -0.0772 -0.7258 0.6835
vn -0.9999 -0.0130 0.0004
vn -1.0000 -0.0040 0.0010
vn -0.9997 -0.0230 -0.0002
vn -0.9949 -0.1011 0.0049
vn -0.9971 -0.0755 0.0028
vn -0.9983 -0.0576 0.0014
vn 0.9999 0.0130 -0.0004
vn 0.9997 0.0232 0.0002
vn 1.0000 0.0039 -0.0010
vn 0.9949 0.1010 -0.0050
vn 0.9983 0.0578 -0.0014
vn 0.9971 0.0754 -0.0028
vn -0.0264 0.9994 0.0219
vn -0.0663 0.9976 0.0191
vn -0.0662 0.9976 0.0192
vn -0.0263 0.9994 0.0219
vn -0.0883 0.9960 0.0123
vn -0.0085 0.9998 0.0178
vn 0.0017 -0.6275 -0.7786
vn 0.0269 -0.9992 -0.0282
vn 0.0135 -0.9995 -0.0284
vn 0.0597 -0.9980 -0.0213
vn 0.0599 -0.9980 -0.0213
vn 0.0793 -0.9967 -0.0146
vn 0.0771 -0.7258 0.6835
vn -0.0000 -0.7488 -0.6627
vn 0.0014 -0.7079 0.7063
vn -0.9996 0.0111 0.0247
vn -0.9998 0.0084 0.0186
vn -0.9989 0.0195 0.0433
vn -0.0000 0.4993 -0.8664
vn -0.0000 0.3302 -0.9439
vn -0.0000 0.6511 -0.7590
vn -0.4916 0.1707 0.8540
vn -0.0000 0.1688 0.9857
vn -0.8514 0.1901 -0.4889
vn -0.9831 0.1830 0.0026
vn 0.9831 0.1830 0.0027
vn 0.8514 0.1901 -0.4888
vn 0.4915 0.1707 0.8540
vn -0.8514 0.1759 0.4941
vn 0.4916 0.1954 -0.8486
vn -0.0000 0.1973 -0.9804
vn -0.4915 0.1954 -0.8487
vn 0.8514 0.1759 0.4942
vn 0.5809 0.7465 -0.3246
vn 0.3354 0.7500 -0.5700
vn -0.0000 0.7514 -0.6599
vn -0.3353 0.7501 -0.5700
vn 0.3354 0.7332 0.5915
vn 0.5808 0.7368 0.3461
vn 0.5809 0.7368 0.3461
vn -0.5809 0.7368 0.3461
vn -0.3354 0.7332 0.5915
vn -0.5808 0.7465 -0.3246
vn 0.6707 0.7416 0.0108
vn -0.0000 0.7319 0.6814
vn -0.6707 0.7416 0.0108
vn -0.9373 -0.0050 0.3485
vn 0.9373 0.0051 -0.3485
vn 0.8528 0.0076 -0.5222
vn -0.4009 0.0133 -0.9160
vn 0.8528 -0.0076 0.5222
vn 0.9373 -0.0051 0.3485
vn -0.8528 -0.0076 0.5221
vn 0.4009 0.0133 -0.9160
vn -0.8528 0.0076 -0.5222
vn -0.9373 0.0051 -0.3485
vn -0.4009 -0.0133 0.9160
vn 0.4009 -0.0133 0.9160
vn 0.2704 0.7292 0.6287
vn 0.4327 0.7118 0.5532
vn 0.5007 0.6967 0.5137
vn -0.8071 0.5903 0.0086
vn -0.7199 0.6257 0.3004
vn -0.7450 0.6159 0.2562
vn 0.7199 0.6342 -0.2821
vn 0.4327 0.7276 -0.5323
vn 0.5007 0.7113 -0.4933
vn 0.7450 0.6231 -0.2382
vn -0.2704 0.7471 -0.6072
vn -0.4327 0.7276 -0.5323
vn -0.5007 0.7113 -0.4933
vn 0.7199 0.6257 0.3004
vn 0.7450 0.6159 0.2562
vn -0.4327 0.7118 0.5532
vn -0.5007 0.6967 0.5137
vn 0.2704 0.7471 -0.6072
vn -0.7199 0.6342 -0.2821
vn -0.7450 0.6231 -0.2382
vn 0.8071 0.5903 0.0086
vn -0.2704 0.7292 0.6286
vn 0.7082 0.7054 0.0300
vn 0.7050 0.7071 -0.0551
vn 0.7050 0.7071 -0.0549
vn -0.7082 0.7060 -0.0083
vn -0.7046 0.7053 0.0783
vn -0.7045 0.7053 0.0785
vn -0.7081 -0.7055 -0.0287
vn -0.7045 -0.7073 0.0580
vn -0.7045 -0.7073 0.0579
vn 0.7081 -0.7060 0.0095
vn 0.7050 -0.7052 -0.0754
vn 0.7049 -0.7052 -0.0756
vn 0.6409 0.7129 -0.2848
vn 0.6410 0.7129 -0.2846
vn -0.6402 0.7041 0.3073
vn -0.6401 0.7041 0.3075
vn -0.6401 -0.7127 0.2870
vn -0.6402 -0.7127 0.2868
vn 0.6410 -0.7043 -0.3051
vn 0.6409 -0.7043 -0.3053
vn 0.4557 0.7164 -0.5283
vn 0.4555 0.7164 -0.5285
vn -0.4574 0.7006 0.5476
vn -0.4576 0.7006 0.5475
vn -0.4576 -0.7162 0.5270
vn -0.4574 -0.7162 0.5271
vn 0.4555 -0.7008 -0.5490
vn 0.4557 -0.7008 -0.5489
vn 0.2514 0.7172 -0.6500
vn 0.2513 0.7172 -0.6500
vn -0.2539 0.6961 0.6715
vn -0.2540 0.6961 0.6715
vn -0.2535 -0.7174 0.6490
vn -0.2534 -0.7174 0.6490
vn 0.2518 -0.6959 -0.6726
vn 0.2519 -0.6959 -0.6725
vn 0.2382 0.7165 -0.6557
vn 0.2382 0.7165 -0.6556
vn -0.1036 0.6903 0.7160
vn -0.1037 0.6903 0.7160
vn -0.2370 -0.7167 0.6559
vn -0.2370 -0.7167 0.6558
vn 0.1048 -0.6905 -0.7157
vn 0.4342 0.6646 -0.6080
vn 0.4343 0.6646 -0.6080
vn 0.0894 0.6368 0.7658
vn 0.0893 0.6369 0.7658
vn -0.4331 -0.6650 0.6084
vn -0.4332 -0.6650 0.6084
vn -0.0883 -0.6373 -0.7656
vn -0.0882 -0.6373 -0.7656
vn 0.6577 0.5110 -0.5534
vn 0.6577 0.5111 -0.5534
vn 0.3107 0.4852 0.8173
vn -0.6577 -0.5111 0.5534
vn -0.3107 -0.4852 -0.8173
vn 0.8062 0.2800 -0.5211
vn 0.8062 0.2801 -0.5211
vn 0.4568 0.2570 0.8516
vn 0.4569 0.2569 0.8516
vn -0.8066 -0.2788 0.5212
vn -0.8066 -0.2789 0.5212
vn -0.4572 -0.2558 -0.8518
vn -0.4572 -0.2557 -0.8518
vn 0.8571 0.0780 -0.5093
vn 0.8571 0.0781 -0.5093
vn 0.5081 0.0574 0.8594
vn 0.5081 0.0573 0.8594
vn -0.8573 -0.0765 0.5092
vn -0.8573 -0.0766 0.5092
vn -0.5084 -0.0560 -0.8593
vn -0.5084 -0.0559 -0.8593
vn 0.8605 0.0076 -0.5094
vn 0.5115 -0.0123 0.8592
vn -0.8605 -0.0072 0.5094
vn -0.5116 0.0126 -0.8591
vn 0.7081 0.7054 0.0300
vn -0.7081 0.7060 -0.0083
vn -0.7045 0.7053 0.0783
vn -0.7081 -0.7055 -0.0288
vn -0.7045 -0.7073 0.0578
vn 0.7082 -0.7060 0.0096
vn 0.7050 -0.7052 -0.0756
vn 0.4557 0.7164 -0.5284
vn -0.2535 -0.7174 0.6489
vn -0.1036 0.6904 0.7160
vn -0.1037 0.6904 0.7160
vn 0.1048 -0.6906 -0.7156
vn 0.0895 0.6369 0.7657
vn 0.0894 0.6369 0.7657
vn -0.0883 -0.6372 -0.7656
vn 0.3108 0.4852 0.8173
vn -0.6577 -0.5110 0.5535
vn 0.8062 0.2800 -0.5212
vn 0.8062 0.2801 -0.5212
vn 0.4569 0.2570 0.8516
vn 0.8570 0.0780 -0.5093
vn 0.8570 0.0781 -0.5093
vn 0.5082 0.0574 0.8593
vn 0.5082 0.0573 0.8593
vn -0.8572 -0.0765 0.5092
vn -0.8572 -0.0766 0.5092
vn 0.5116 -0.0123 0.8591
vn -0.8604 -0.0072 0.5095
vn -0.5116 0.0126 -0.8592
vn -0.7081 0.7054 0.0300
vn -0.7050 0.7071 -0.0550
vn -0.7050 0.7071 -0.0551
vn 0.7082 0.7060 -0.0083
vn 0.7045 0.7053 0.0785
vn 0.7045 0.7053 0.0783
vn 0.7082 -0.7055 -0.0288
vn 0.7045 -0.7073 0.0578
vn 0.7045 -0.7073 0.0580
vn -0.7082 -0.7060 0.0095
vn -0.7050 -0.7052 -0.0756
vn -0.7050 -0.7052 -0.0754
vn -0.6409 0.7129 -0.2846
vn -0.6409 0.7129 -0.2848
vn 0.6401 0.7041 0.3075
vn 0.6402 0.7041 0.3073
vn 0.6402 -0.7127 0.2868
vn 0.6401 -0.7127 0.2870
vn -0.6409 -0.7043 -0.3054
vn -0.6410 -0.7043 -0.3052
vn -0.4555 0.7164 -0.5285
vn -0.4557 0.7164 -0.5284
vn 0.4576 0.7006 0.5475
vn 0.4574 0.7006 0.5477
vn 0.4574 -0.7162 0.5271
vn 0.4576 -0.7162 0.5270
vn -0.4557 -0.7008 -0.5489
vn -0.4555 -0.7008 -0.5490
vn -0.2512 0.7172 -0.6500
vn -0.2514 0.7172 -0.6500
vn 0.2540 0.6961 0.6715
vn 0.2539 0.6961 0.6715
vn 0.2534 -0.7174 0.6490
vn 0.2535 -0.7174 0.6490
vn -0.2519 -0.6959 -0.6725
vn -0.2518 -0.6959 -0.6726
vn -0.2382 0.7165 -0.6557
vn 0.1037 0.6903 0.7160
vn 0.1036 0.6903 0.7160
vn 0.2370 -0.7167 0.6559
vn -0.1048 -0.6906 -0.7156
vn -0.1048 -0.6906 -0.7157
vn -0.4343 0.6646 -0.6080
vn -0.4342 0.6646 -0.6081
vn -0.0894 0.6369 0.7658
vn -0.0895 0.6368 0.7658
vn 0.4332 -0.6649 0.6085
vn 0.4331 -0.6650 0.6085
vn 0.0882 -0.6373 -0.7656
vn 0.0883 -0.6373 -0.7656
vn -0.6576 0.5110 -0.5535
vn -0.6577 0.5110 -0.5535
vn -0.3108 0.4852 0.8173
vn 0.6576 -0.5110 0.5535
vn 0.6577 -0.5110 0.5535
vn 0.3108 -0.4852 -0.8173
vn -0.8062 0.2801 -0.5212
vn -0.8062 0.2800 -0.5212
vn -0.4569 0.2569 0.8516
vn -0.4569 0.2570 0.8516
vn 0.8066 -0.2789 0.5212
vn 0.8066 -0.2788 0.5212
vn 0.4573 -0.2557 -0.8518
vn 0.4572 -0.2558 -0.8518
vn -0.8570 0.0781 -0.5094
vn -0.8570 0.0780 -0.5094
vn -0.5082 0.0573 0.8593
vn -0.5082 0.0574 0.8593
vn 0.8572 -0.0766 0.5092
vn 0.5084 -0.0559 -0.8593
vn 0.5084 -0.0560 -0.8593
vn -0.8604 0.0076 -0.5095
vn -0.5116 -0.0123 0.8592
vn 0.8605 -0.0072 0.5094
vn 0.5116 0.0126 -0.8591
vn -0.7082 0.7054 0.0300
vn 0.7081 0.7060 -0.0083
vn 0.7081 -0.7055 -0.0287
vn 0.7045 -0.7073 0.0579
vn -0.7081 -0.7061 0.0095
vn -0.7049 -0.7053 -0.0756
vn -0.7049 -0.7053 -0.0754
vn -0.6410 0.7129 -0.2846
vn -0.6408 -0.7043 -0.3053
vn -0.6409 -0.7043 -0.3051
vn -0.4557 0.7164 -0.5283
vn -0.2514 0.7172 -0.6499
vn 0.2535 -0.7174 0.6489
vn -0.2517 -0.6959 -0.6726
vn -0.2382 0.7165 -0.6556
vn 0.1036 0.6903 0.7161
vn 0.2370 -0.7167 0.6558
vn -0.1048 -0.6905 -0.7157
vn -0.1047 -0.6905 -0.7157
vn -0.4342 0.6647 -0.6080
vn -0.0893 0.6369 0.7658
vn -0.0894 0.6368 0.7658
vn 0.4332 -0.6650 0.6084
vn 0.4331 -0.6650 0.6084
vn 0.0883 -0.6372 -0.7656
vn -0.6577 0.5111 -0.5534
vn 0.6577 -0.5111 0.5534
vn 0.3107 -0.4852 -0.8173
vn -0.8062 0.2800 -0.5211
vn -0.4570 0.2569 0.8516
vn -0.8570 0.0781 -0.5093
vn -0.8570 0.0780 -0.5093
vn 0.8572 -0.0765 0.5092
vn -0.8605 0.0076 -0.5095
vn -0.5116 -0.0123 0.8591
vn 0.5115 0.0126 -0.8592
vn -0.8660 -0.0072 0.4999
vn 0.8660 0.0072 -0.4999
vn 0.7071 0.0102 -0.7070
vn -0.2588 0.0140 -0.9658
vn 0.7071 -0.0102 0.7070
vn -0.7071 -0.0102 0.7070
vn 0.2588 0.0140 -0.9658
vn -0.7071 0.0102 -0.7070
vn 0.9659 -0.0038 0.2588
vn -0.2588 -0.0140 0.9658
vn -0.9659 0.0038 -0.2588
vn 0.2588 -0.0140 0.9658
vn 0.1578 0.8011 -0.5773
vn 0.1578 0.8012 -0.5773
vn -0.4310 0.7989 -0.4195
vn -0.4311 0.7989 -0.4195
vn 0.5888 0.7903 0.1693
vn 0.5888 0.7903 0.1692
vn -0.1578 0.7841 0.6003
vn -0.5888 0.7949 -0.1463
vn 0.5888 0.7949 -0.1463
vn 0.1578 0.7841 0.6002
vn 0.1577 0.7841 0.6003
vn 0.1578 0.7841 0.6003
vn -0.5888 0.7903 0.1692
vn 0.4311 0.7989 -0.4195
vn -0.1578 0.8011 -0.5773
vn -0.1578 0.8012 -0.5773
vn 0.4311 0.7864 0.4425
vn 0.4310 0.7864 0.4425
vn -0.4310 0.7864 0.4425
vn -0.4311 0.7864 0.4425
vn -0.4311 0.7863 0.4425
vn -0.0000 0.9999 0.0144
vn -0.8919 -0.3874 0.2334
vn -0.7976 -0.4629 0.3868
vn -0.7308 -0.4977 0.4671
vn 0.7308 0.4977 -0.4671
vn 0.4057 0.5725 -0.7125
vn 0.4242 0.5711 -0.7028
vn 0.7976 0.4629 -0.3868
vn 0.0267 0.5518 -0.8336
vn -0.2274 0.4901 -0.8415
vn -0.0348 0.5403 -0.8408
vn 0.6838 -0.2643 0.6801
vn -0.4242 -0.5711 0.7028
vn -0.4057 -0.5725 0.7125
vn -0.6838 0.2643 -0.6801
vn 0.9622 0.0841 0.2591
vn 0.0348 -0.5403 0.8407
vn -0.0267 -0.5518 0.8335
vn -0.9622 -0.0841 -0.2591
vn 0.8919 0.3874 -0.2334
vn 0.2273 -0.4901 0.8415
vn 0.1674 0.9464 -0.2762
vn -0.0000 0.9471 -0.3210
vn -0.0000 0.9831 -0.1828
vn 0.0985 0.9828 -0.1564
vn -0.0985 0.9828 -0.1564
vn -0.1706 0.9817 -0.0843
vn -0.1970 0.9803 0.0142
vn -0.1706 0.9789 0.1127
vn -0.0985 0.9778 0.1848
vn -0.0000 0.9774 0.2112
vn 0.0985 0.9778 0.1848
vn 0.1706 0.9789 0.1127
vn 0.1970 0.9803 0.0142
vn 0.1706 0.9817 -0.0843
vn -0.1674 0.9464 -0.2762
vn -0.2899 0.9446 -0.1537
vn 0.2899 0.9398 0.1810
vn 0.3347 0.9422 0.0137
vn -0.1674 0.9380 0.3035
vn -0.0000 0.9374 0.3484
vn -0.3347 0.9422 0.0137
vn 0.2899 0.9446 -0.1537
vn 0.1674 0.9380 0.3035
vn -0.2899 0.9398 0.1810
vn 0.2982 0.8102 -0.5047
vn -0.0000 0.8113 -0.5846
vn -0.2981 0.8102 -0.5047
vn -0.5164 0.8070 -0.2865
vn 0.5164 0.7984 0.3098
vn 0.5963 0.8027 0.0116
vn 0.5164 0.7983 0.3098
vn -0.2982 0.7952 0.5280
vn -0.0000 0.7940 0.6079
vn -0.5963 0.8027 0.0116
vn 0.5164 0.8070 -0.2865
vn 0.2981 0.7952 0.5280
vn -0.5164 0.7983 0.3098
vn -0.5000 0.0125 -0.8659
vn -0.0000 -0.9999 -0.0146
vn -0.0000 -0.9999 -0.0144
vn 0.9659 0.0037 -0.2588
vn 0.8660 0.0072 -0.5000
vn 0.5000 -0.0126 0.8659
vn 0.5000 -0.0126 0.8660
vn -0.0001 -0.9999 -0.0145
vn 0.0001 -0.9999 -0.0145
vn -0.9659 0.0037 -0.2588
vn -0.7071 0.0102 -0.7071
vn -0.9659 -0.0037 0.2588
vn -0.9659 -0.0037 0.2587
vn -0.5000 -0.0125 0.8659
vn -0.5001 -0.0126 0.8659
vn -0.8660 0.0072 -0.4999
vn -0.8660 0.0072 -0.5000
vn -0.2589 -0.0140 0.9658
vn -0.9659 -0.0038 0.2588
vn 0.7071 -0.0102 0.7071
vn -0.8660 0.0073 -0.5000
vn -0.0001 -0.0145 0.9999
vn 0.8660 -0.0072 0.5000
vn 0.5000 0.0125 -0.8659
vn 0.5001 0.0126 -0.8659
vn -0.7071 -0.0103 0.7070
vn 0.5000 0.0126 -0.8659
vn -0.5000 0.0126 -0.8659
vn 0.9659 0.0038 -0.2588
vn -0.8660 -0.0072 0.5000
vn 0.9659 -0.0037 0.2588
vn 0.5000 -0.0125 0.8660
vn 0.5000 -0.0125 0.8659
vn -0.5000 -0.0126 0.8659
vn -0.2589 0.0140 -0.9658
vn 0.7071 0.0103 -0.7070
vn 0.8661 0.0072 -0.4999
vn -0.8661 -0.0072 0.4999
vn 0.9659 0.0037 -0.2587
vn 0.2589 -0.0140 0.9658
vn 0.8660 -0.0072 0.4999
vn 0.2589 0.0140 -0.9658
vn 0.8661 -0.0072 0.4999
vn -0.8661 0.0072 -0.4999
vn -0.0000 0.9999 0.0146
vn 0.0001 0.9999 0.0145
vn 0.0001 0.9999 0.0144
vn -0.3827 -0.0100 0.9238
vn -0.9238 0.0138 -0.3825
vn 0.9238 -0.0027 -0.3828
vn 0.3827 -0.0168 0.9237
vn -0.9238 0.0027 0.3828
vn -0.3827 0.0168 -0.9237
vn 0.3827 0.0100 -0.9238
vn 0.9238 -0.0138 0.3825
vn 0.0070 0.7818 0.6235
vn -0.4258 0.7883 0.4443
vn -0.6050 0.7961 0.0115
vn -0.4257 0.8008 -0.4213
vn 0.4398 0.7931 -0.4214
vn 0.6191 0.7852 0.0114
vn 0.4398 0.7805 0.4442
vn 0.0070 0.7995 -0.6006
vn 0.0071 0.7995 -0.6006
vn 0.0089 0.9999 0.0145
vn -0.4258 0.7882 0.4443
vn -0.4258 0.8008 -0.4213
vn 0.9238 -0.0027 -0.3827
vn -0.3457 -0.1774 0.9214
vn -0.8347 -0.3905 -0.3884
vn 0.8347 0.4016 -0.3769
vn 0.3457 0.1507 0.9262
vn -0.8347 -0.4016 0.3769
vn -0.3457 -0.1507 -0.9262
vn 0.3457 0.1774 -0.9214
vn 0.8347 0.3905 0.3884
vn -0.3390 0.7055 0.6224
vn -0.7300 0.5225 0.4404
vn -0.8920 0.4520 0.0065
vn -0.7300 0.5351 -0.4251
vn 0.0520 0.9062 -0.4197
vn 0.2140 0.9767 0.0142
vn 0.0520 0.8936 0.4458
vn -0.3390 0.7232 -0.6017
vn -0.4287 0.9033 0.0131
vn -0.7300 0.5226 0.4404
vn 0.3827 -0.0100 0.9238
vn 0.9238 0.0138 -0.3825
vn -0.9238 -0.0027 -0.3828
vn -0.3827 -0.0168 0.9237
vn 0.9238 0.0027 0.3828
vn 0.3827 0.0168 -0.9237
vn -0.3827 0.0100 -0.9238
vn -0.9238 -0.0138 0.3825
vn -0.0070 0.7818 0.6235
vn 0.4257 0.7883 0.4443
vn -0.0071 0.7818 0.6235
vn 0.6050 0.7961 0.0115
vn 0.4258 0.8008 -0.4212
vn -0.4398 0.7931 -0.4214
vn -0.6191 0.7852 0.0114
vn -0.4398 0.7806 0.4442
vn -0.0070 0.7996 -0.6006
vn -0.0089 0.9999 0.0145
vn 0.4258 0.7883 0.4443
vn -0.4398 0.7805 0.4442
vn -0.0070 0.7995 -0.6006
vn -0.9239 -0.0138 0.3825
vn 0.6050 0.7961 0.0116
vn 0.3457 -0.1774 0.9214
vn 0.8347 -0.3905 -0.3884
vn -0.8347 0.4016 -0.3769
vn -0.3457 0.1507 0.9262
vn 0.8347 -0.4016 0.3769
vn 0.3457 -0.1507 -0.9262
vn -0.3457 0.1774 -0.9214
vn -0.8347 0.3905 0.3884
vn 0.3390 0.7055 0.6224
vn 0.7300 0.5225 0.4404
vn 0.8920 0.4520 0.0066
vn 0.7301 0.5351 -0.4251
vn -0.0520 0.9062 -0.4197
vn -0.2140 0.9767 0.0142
vn -0.0520 0.8936 0.4458
vn 0.3390 0.7232 -0.6017
vn 0.4287 0.9033 0.0131
vn -0.3458 0.1507 0.9262
vn 0.7300 0.5351 -0.4251
vn -0.2140 0.9767 0.0141
vn 0.7300 0.5226 0.4404
vn -0.7086 -0.0099 0.7055
vn -0.7021 0.0846 0.7070
vn -0.7021 0.0844 0.7070
vn 0.7086 -0.0099 0.7055
vn 0.7030 -0.1005 0.7040
vn 0.7030 -0.1008 0.7040
vn 0.7086 0.0106 -0.7055
vn 0.7030 -0.0804 -0.7066
vn 0.7031 -0.0801 -0.7066
vn -0.7086 0.0106 -0.7055
vn -0.7021 0.1048 -0.7043
vn -0.7021 0.1050 -0.7043
vn -0.6093 0.3443 0.7143
vn -0.6095 0.3439 0.7143
vn 0.6112 -0.3607 0.7045
vn 0.6109 -0.3612 0.7045
vn 0.6109 -0.3406 -0.7146
vn 0.6112 -0.3402 -0.7146
vn -0.6095 0.3644 -0.7041
vn -0.6093 0.3648 -0.7040
vn -0.3546 0.5990 0.7180
vn -0.3542 0.5992 0.7180
vn 0.3505 -0.6214 0.7007
vn 0.3509 -0.6212 0.7007
vn 0.3510 -0.6006 -0.7184
vn 0.3505 -0.6008 -0.7184
vn -0.3542 0.6197 -0.7003
vn -0.3546 0.6195 -0.7003
vn -0.0948 0.6921 0.7156
vn -0.0946 0.6921 0.7156
vn 0.0903 -0.7135 0.6948
vn 0.0906 -0.7135 0.6948
vn 0.0906 -0.6930 -0.7152
vn 0.0903 -0.6931 -0.7152
vn -0.0946 0.7126 -0.6952
vn -0.0948 0.7125 -0.6952
vn -0.0903 -0.7135 0.6948
vn -0.0906 -0.7135 0.6948
vn 0.0004 -0.7194 0.6946
vn -0.0004 0.6989 0.7152
vn -0.0906 -0.6930 -0.7152
vn -0.0903 -0.6931 -0.7152
vn 0.0004 -0.6990 -0.7152
vn 0.0946 0.7126 -0.6952
vn 0.0949 0.7125 -0.6952
vn 0.0004 0.7194 -0.6946
vn 0.7021 0.0844 0.7071
vn 0.7021 0.0846 0.7070
vn -0.7030 -0.1008 0.7040
vn -0.7031 -0.1005 0.7040
vn -0.7031 -0.0801 -0.7066
vn -0.7030 -0.0804 -0.7066
vn 0.7021 0.1050 -0.7043
vn 0.7021 0.1048 -0.7043
vn 0.6095 0.3439 0.7143
vn 0.6093 0.3443 0.7143
vn -0.6109 -0.3612 0.7045
vn -0.6112 -0.3607 0.7045
vn -0.6112 -0.3402 -0.7146
vn -0.6109 -0.3406 -0.7146
vn 0.6093 0.3648 -0.7040
vn 0.6095 0.3644 -0.7040
vn 0.3542 0.5992 0.7180
vn 0.3546 0.5990 0.7180
vn -0.3509 -0.6212 0.7007
vn -0.3505 -0.6214 0.7007
vn -0.3505 -0.6008 -0.7184
vn -0.3509 -0.6006 -0.7184
vn 0.3546 0.6195 -0.7003
vn 0.3542 0.6197 -0.7003
vn 0.0946 0.6921 0.7156
vn 0.0948 0.6921 0.7156
vn -0.0004 -0.6990 -0.7152
vn 0.0004 0.6989 0.7152
vn -0.0004 0.7194 -0.6946
vn -0.0004 -0.7194 0.6946
vn -0.0000 0.6975 0.7166
vn -0.0000 -0.7180 0.6960
vn -0.0000 -0.6976 -0.7165
vn -0.0000 0.7180 -0.6960
vn -0.9245 -0.0046 0.3812
vn -0.9150 0.1248 0.3837
vn -0.9151 0.1242 0.3837
vn -0.3841 -0.0132 0.9232
vn -0.3802 0.0390 0.9241
vn -0.3802 0.0387 0.9241
vn 0.3841 -0.0132 0.9232
vn 0.3816 -0.0607 0.9223
vn 0.3815 -0.0612 0.9223
vn 0.9245 -0.0046 0.3812
vn 0.9199 -0.1033 0.3782
vn 0.9198 -0.1045 0.3782
vn 0.9245 0.0065 -0.3812
vn 0.9198 -0.0935 -0.3811
vn 0.9199 -0.0923 -0.3811
vn 0.3841 0.0135 -0.9232
vn 0.3816 -0.0345 -0.9237
vn 0.3816 -0.0340 -0.9237
vn -0.3841 0.0135 -0.9232
vn -0.3802 0.0655 -0.9226
vn -0.3802 0.0658 -0.9226
vn -0.9244 0.0064 -0.3813
vn -0.9150 0.1353 -0.3800
vn -0.9150 0.1359 -0.3800
vn -0.7947 0.4644 0.3909
vn -0.7953 0.4634 0.3909
vn -0.3286 0.1791 0.9273
vn -0.3289 0.1786 0.9273
vn 0.3306 -0.2008 0.9222
vn 0.3302 -0.2016 0.9221
vn 0.9061 -0.2025 0.3714
vn 0.9061 -0.1916 -0.3771
vn 0.3302 -0.1748 -0.9276
vn 0.3307 -0.1740 -0.9276
vn -0.3289 0.2054 -0.9218
vn -0.3286 0.2059 -0.9217
vn -0.7952 0.4745 -0.3774
vn -0.7947 0.4755 -0.3773
vn -0.4700 0.7890 0.3956
vn -0.4690 0.7896 0.3957
vn -0.1925 0.3152 0.9293
vn -0.1920 0.3155 0.9293
vn 0.1874 -0.3440 0.9201
vn 0.1882 -0.3436 0.9201
vn 0.6565 -0.6618 0.3619
vn 0.6565 -0.6510 -0.3809
vn 0.1882 -0.3168 -0.9296
vn 0.1874 -0.3172 -0.9296
vn -0.1920 0.3423 -0.9198
vn -0.1925 0.3420 -0.9198
vn -0.4690 0.8007 -0.3726
vn -0.4700 0.8002 -0.3726
vn -0.1316 0.9092 0.3951
vn -0.1309 0.9093 0.3951
vn -0.0526 0.3668 0.9288
vn -0.0523 0.3668 0.9288
vn 0.0471 -0.3950 0.9175
vn 0.0476 -0.3949 0.9175
vn 0.1971 -0.9115 0.3611
vn 0.0964 -0.9255 0.3663
vn 0.0977 -0.9254 0.3663
vn 0.1971 -0.9006 -0.3874
vn 0.0977 -0.9144 -0.3930
vn 0.0964 -0.9145 -0.3930
vn 0.0476 -0.3682 -0.9285
vn 0.0471 -0.3682 -0.9286
vn -0.0523 0.3935 -0.9178
vn -0.0526 0.3935 -0.9178
vn -0.1309 0.9203 -0.3686
vn -0.1316 0.9203 -0.3685
vn -0.0033 0.9188 0.3947
vn -0.0006 0.3706 0.9288
vn -0.0006 -0.3975 0.9176
vn -0.0037 -0.9299 0.3677
vn -0.0037 -0.9189 -0.3945
vn -0.0006 -0.3707 -0.9288
vn -0.0006 0.3974 -0.9177
vn -0.0033 0.9299 -0.3679
vn 0.9244 -0.0046 0.3813
vn 0.9151 0.1242 0.3837
vn 0.9150 0.1248 0.3837
vn 0.3840 -0.0132 0.9232
vn 0.3802 0.0387 0.9241
vn 0.3802 0.0390 0.9241
vn -0.3816 -0.0612 0.9223
vn -0.3816 -0.0607 0.9223
vn -0.9198 -0.1045 0.3782
vn -0.9199 -0.1033 0.3782
vn -0.9245 0.0065 -0.3812
vn -0.9199 -0.0923 -0.3811
vn -0.9198 -0.0935 -0.3811
vn -0.3816 -0.0340 -0.9237
vn -0.3816 -0.0345 -0.9237
vn 0.3802 0.0658 -0.9226
vn 0.3802 0.0655 -0.9226
vn 0.9245 0.0064 -0.3812
vn 0.9150 0.1359 -0.3799
vn 0.9151 0.1353 -0.3799
vn 0.7953 0.4634 0.3909
vn 0.7947 0.4643 0.3909
vn 0.3289 0.1786 0.9273
vn 0.3286 0.1791 0.9273
vn -0.3302 -0.2016 0.9221
vn -0.3306 -0.2008 0.9221
vn -0.9061 -0.2025 0.3714
vn -0.9061 -0.1916 -0.3771
vn -0.3307 -0.1740 -0.9276
vn -0.3302 -0.1748 -0.9276
vn 0.3286 0.2059 -0.9217
vn 0.3289 0.2054 -0.9217
vn 0.7947 0.4755 -0.3773
vn 0.7953 0.4745 -0.3773
vn 0.4690 0.7896 0.3957
vn 0.4700 0.7890 0.3957
vn 0.1920 0.3155 0.9293
vn 0.1925 0.3152 0.9293
vn -0.1882 -0.3436 0.9201
vn -0.1874 -0.3440 0.9201
vn -0.6565 -0.6618 0.3619
vn -0.6565 -0.6511 -0.3810
vn -0.1874 -0.3172 -0.9296
vn -0.1882 -0.3168 -0.9296
vn 0.1926 0.3420 -0.9198
vn 0.1920 0.3423 -0.9198
vn 0.4700 0.8002 -0.3726
vn 0.4690 0.8007 -0.3726
vn 0.1309 0.9093 0.3951
vn 0.1316 0.9092 0.3951
vn 0.0523 0.3668 0.9288
vn 0.0526 0.3668 0.9288
vn -0.0476 -0.3949 0.9175
vn -0.0471 -0.3950 0.9175
vn -0.1971 -0.9114 0.3612
vn -0.0977 -0.9253 0.3663
vn -0.0964 -0.9255 0.3664
vn -0.1971 -0.9006 -0.3874
vn -0.0964 -0.9145 -0.3930
vn -0.0977 -0.9143 -0.3930
vn -0.0471 -0.3682 -0.9286
vn -0.0476 -0.3682 -0.9285
vn 0.0526 0.3935 -0.9178
vn 0.0523 0.3936 -0.9178
vn 0.1316 0.9202 -0.3686
vn 0.1309 0.9203 -0.3686
vn 0.0033 0.9188 0.3947
vn 0.0006 0.3706 0.9288
vn 0.0006 -0.3975 0.9176
vn 0.0037 -0.9299 0.3678
vn 0.0037 -0.9189 -0.3946
vn 0.0006 -0.3707 -0.9288
vn 0.0006 0.3974 -0.9177
vn 0.0033 0.9298 -0.3679
vn 0.1951 0.9807 0.0142
vn -0.1951 -0.9807 -0.0142
vn 0.9808 0.1951 0.0028
vn -0.9808 0.1951 0.0028
vn -0.1951 0.9807 0.0142
vn 0.1951 -0.9807 -0.0142
vn 0.9808 -0.1951 -0.0028
vn -0.3827 -0.9238 -0.0134
vn -0.9239 -0.3827 -0.0056
vn -0.9808 -0.1951 -0.0028
vn 0.3827 -0.9238 -0.0134
vn 0.9239 -0.3827 -0.0055
vn -0.9239 0.3827 0.0055
vn -0.3827 0.9238 0.0134
vn 0.9239 0.3827 0.0056
vn 0.3827 0.9238 0.0134
vn -0.0000 0.1903 -0.9817
vn -0.0000 0.9500 0.3123
vn -0.0000 0.8605 0.5094
vn -0.0000 -0.4799 0.8773
vn -0.0000 -0.4799 0.8774
vn -0.0000 -0.4798 0.8774
vn -0.0000 -1.0000 -0.0025
vn -0.0000 0.9949 0.1005
vn 0.7059 -0.3704 0.6038
vn 0.7049 -0.3908 0.5919
vn 0.7058 0.3005 -0.6415
vn 0.7080 0.3326 -0.6229
vn -0.7058 0.3704 -0.6038
vn -0.7049 0.3908 -0.5919
vn -0.7058 -0.3004 0.6415
vn -0.7081 -0.3326 0.6229
vn 0.7036 -0.4111 0.5796
vn 0.7093 0.3643 -0.6035
vn -0.7036 0.4110 -0.5796
vn -0.7093 -0.3643 0.6034
vn 0.7637 0.2988 -0.5722
vn 0.7640 -0.3973 0.5083
vn -0.7624 -0.3101 0.5679
vn -0.7628 0.3893 -0.5164
vn -0.0150 0.9940 -0.1086
vn -0.0110 0.9882 -0.1529
vn -0.0110 0.9882 -0.1527
vn 0.0077 0.2800 0.9600
vn 0.0006 0.2385 0.9711
vn 0.0006 0.2384 0.9712
vn 0.0038 -0.9937 0.1118
vn 0.0054 -0.9880 0.1544
vn 0.0054 -0.9880 0.1543
vn -0.0184 -0.2771 -0.9607
vn -0.0060 -0.2370 -0.9715
vn -0.0059 -0.2368 -0.9715
vn -0.0070 0.9805 -0.1966
vn -0.0064 0.1965 0.9805
vn 0.0070 -0.9805 0.1965
vn 0.0064 -0.1964 -0.9805
vn 0.7068 -0.4526 0.5437
vn 0.6839 -0.5365 0.4944
vn 0.7069 0.3463 -0.6168
vn 0.6751 0.2277 -0.7017
vn -0.7067 0.4528 -0.5436
vn -0.6839 0.5365 -0.4944
vn -0.7067 -0.3458 0.6172
vn -0.6751 -0.2278 0.7017
vn 0.6541 -0.6151 0.4403
vn 0.6283 0.1041 -0.7710
vn -0.6542 0.6148 -0.4404
vn -0.6286 -0.1047 0.7707
vn 0.0578 0.6561 0.7524
vn 0.0617 0.6729 0.7372
vn 0.0578 -0.7546 0.6536
vn 0.0569 -0.7717 0.6334
vn 0.0568 -0.7717 0.6334
vn -0.0578 -0.6561 -0.7524
vn -0.0508 -0.6737 -0.7372
vn -0.0509 -0.6737 -0.7373
vn -0.0578 0.7546 -0.6537
vn -0.0556 0.7714 -0.6339
vn 0.0656 0.6893 0.7215
vn -0.1177 -0.6515 0.7495
vn -0.1176 -0.6515 0.7494
vn -0.0439 -0.6909 -0.7216
vn 0.1184 0.6519 -0.7490
vn 0.1187 0.6517 -0.7491
vn 0.9784 -0.1686 0.1198
vn -0.2835 -0.4703 0.8357
vn -0.9771 0.1825 -0.1093
vn 0.2829 0.4722 -0.8349
vn 0.7630 -0.3679 0.5315
vn 0.7627 0.2716 -0.5869
vn -0.7641 0.3758 -0.5243
vn -0.7637 -0.2609 0.5905
vn 0.0107 0.4178 0.9085
vn -0.0080 0.9988 -0.0493
vn -0.0118 -0.4172 -0.9087
vn 0.0087 -0.9988 0.0488
vn 0.7835 -0.3989 0.4765
vn 0.7436 0.2906 -0.6021
vn -0.7826 0.3900 -0.4853
vn -0.7425 -0.3018 0.5980
vn 0.7055 -0.3777 0.5997
vn 0.7045 -0.3960 0.5889
vn 0.7045 -0.3961 0.5889
vn 0.7054 0.2962 -0.6439
vn 0.7079 0.3284 -0.6253
vn -0.7055 0.3777 -0.5997
vn -0.7045 0.3961 -0.5889
vn -0.7054 -0.2962 0.6440
vn -0.7079 -0.3284 0.6253
vn 0.7032 -0.4142 0.5779
vn 0.7095 0.3601 -0.6058
vn -0.7032 0.4142 -0.5779
vn -0.7095 -0.3602 0.6058
vn 0.7058 -0.3704 0.6038
vn 0.7050 -0.3908 0.5918
vn 0.7059 0.3005 -0.6415
vn 0.7081 0.3326 -0.6229
vn -0.7059 0.3704 -0.6038
vn -0.7058 -0.3005 0.6415
vn -0.7080 -0.3327 0.6229
vn -0.7080 -0.3326 0.6230
vn 0.7037 -0.4110 0.5796
vn -0.7092 -0.3644 0.6035
vn -0.7058 -0.3704 0.6038
vn -0.7049 -0.3909 0.5919
vn -0.7059 0.3005 -0.6415
vn -0.7081 0.3326 -0.6229
vn 0.7059 0.3704 -0.6038
vn 0.7050 0.3908 -0.5918
vn 0.7058 -0.3004 0.6415
vn 0.7080 -0.3326 0.6229
vn -0.7036 -0.4111 0.5796
vn -0.7094 0.3643 -0.6034
vn 0.7036 0.4110 -0.5796
vn 0.7093 -0.3644 0.6035
vn -0.7638 0.2988 -0.5722
vn -0.7640 -0.3973 0.5083
vn 0.7624 -0.3101 0.5679
vn 0.7628 0.3893 -0.5164
vn 0.0150 0.9940 -0.1087
vn 0.0110 0.9882 -0.1528
vn 0.0110 0.9882 -0.1529
vn -0.0077 0.2799 0.9600
vn -0.0006 0.2383 0.9712
vn -0.0006 0.2384 0.9712
vn -0.0038 -0.9937 0.1120
vn -0.0054 -0.9880 0.1544
vn -0.0054 -0.9880 0.1545
vn 0.0184 -0.2772 -0.9606
vn 0.0060 -0.2370 -0.9715
vn 0.0060 -0.2371 -0.9715
vn 0.0070 0.9805 -0.1965
vn 0.0064 0.1964 0.9805
vn -0.0070 -0.9805 0.1965
vn -0.0064 -0.1965 -0.9805
vn -0.0070 -0.9805 0.1966
vn -0.7068 -0.4526 0.5437
vn -0.6838 -0.5365 0.4945
vn -0.7068 0.3464 -0.6169
vn -0.6750 0.2278 -0.7017
vn 0.7067 0.4528 -0.5436
vn 0.6839 0.5365 -0.4944
vn 0.7068 -0.3458 0.6172
vn 0.6751 -0.2278 0.7017
vn -0.6540 -0.6151 0.4403
vn -0.6283 0.1041 -0.7710
vn 0.6543 0.6148 -0.4404
vn 0.6285 -0.1047 0.7707
vn -0.0578 0.6562 0.7524
vn -0.0617 0.6728 0.7372
vn -0.0617 0.6729 0.7372
vn -0.0578 -0.7546 0.6536
vn -0.0569 -0.7718 0.6333
vn -0.0569 -0.7717 0.6334
vn 0.0578 -0.6562 -0.7524
vn 0.0509 -0.6737 -0.7372
vn 0.0509 -0.6738 -0.7372
vn 0.0578 0.7546 -0.6537
vn 0.0556 0.7714 -0.6339
vn 0.0556 0.7714 -0.6340
vn -0.0657 0.6892 0.7216
vn 0.1176 -0.6516 0.7494
vn 0.1176 -0.6515 0.7494
vn 0.0439 -0.6909 -0.7216
vn -0.1186 0.6517 -0.7492
vn -0.1183 0.6519 -0.7490
vn -0.9784 -0.1686 0.1197
vn 0.2834 -0.4703 0.8358
vn 0.9771 0.1825 -0.1093
vn -0.2828 0.4722 -0.8349
vn -0.7631 -0.3679 0.5314
vn -0.7627 0.2716 -0.5870
vn 0.7642 0.3758 -0.5243
vn 0.7638 -0.2608 0.5904
vn -0.0107 0.4179 0.9085
vn 0.0080 0.9988 -0.0492
vn 0.0119 -0.4173 -0.9087
vn -0.0087 -0.9988 0.0487
vn -0.7835 -0.3989 0.4764
vn -0.7436 0.2906 -0.6022
vn 0.7826 0.3900 -0.4853
vn 0.7425 -0.3018 0.5980
vn -0.7054 -0.3777 0.5997
vn -0.7044 -0.3961 0.5890
vn -0.7054 0.2962 -0.6439
vn -0.7079 0.3284 -0.6253
vn 0.7054 0.3777 -0.5997
vn 0.7044 0.3961 -0.5890
vn 0.7055 -0.2962 0.6439
vn 0.7080 -0.3284 0.6252
vn -0.7031 -0.4143 0.5780
vn -0.7095 0.3601 -0.6058
vn 0.7031 0.4142 -0.5779
vn 0.7095 -0.3601 0.6057
vn -0.7058 -0.3705 0.6038
vn -0.7058 0.3005 -0.6415
vn -0.7080 0.3326 -0.6229
vn 0.7059 0.3704 -0.6037
vn 0.7050 0.3909 -0.5918
vn -0.7093 0.3643 -0.6035
vn 0.7093 -0.3643 0.6035
vn 0.5000 -0.8659 -0.0125
vn -0.5000 -0.8659 -0.0126
vn -0.5000 0.8659 0.0125
vn 0.5000 0.8659 0.0126
vn -0.0317 0.4222 0.9060
vn -0.0088 0.4224 0.9064
vn -0.0146 0.4224 0.9063
vn -0.0203 0.4223 0.9062
vn -0.0260 0.4222 0.9061
vn 0.0317 0.4222 0.9060
vn 0.0088 0.4223 0.9064
vn 0.0145 0.4223 0.9063
vn 0.0203 0.4223 0.9062
vn 0.0260 0.4223 0.9061
vn -0.0443 0.5492 -0.8345
vn -0.0294 0.5319 -0.8463
vn -0.0199 0.5309 -0.8472
vn -0.0322 0.5603 -0.8277
vn -0.0644 0.5305 -0.8452
vn -0.0376 0.5371 -0.8427
vn -0.0067 0.5455 -0.8381
vn -0.0042 0.5153 -0.8570
vn 0.0004 0.5483 -0.8363
vn 0.0016 0.5128 -0.8585
vn 0.0029 0.4742 -0.8804
vn -0.0016 0.4859 -0.8740
vn 0.0444 0.5492 -0.8345
vn 0.0323 0.5603 -0.8277
vn 0.0199 0.5309 -0.8472
vn 0.0294 0.5319 -0.8463
vn 0.0644 0.5305 -0.8452
vn 0.0376 0.5371 -0.8427
vn 0.0042 0.5153 -0.8570
vn 0.0067 0.5455 -0.8381
vn -0.0004 0.5483 -0.8363
vn 0.0017 0.4859 -0.8740
vn -0.0029 0.4742 -0.8804
vn 0.0012 0.5076 -0.8616
vn -0.0000 0.5092 -0.8607
vn -0.0000 0.4647 -0.8855
vn 0.0023 0.4647 -0.8855
vn 0.0001 0.5517 -0.8341
vn -0.0000 0.5517 -0.8341
vn -0.0012 0.5076 -0.8616
vn -0.0023 0.4647 -0.8855
vn -0.0001 0.5517 -0.8341
vn -0.0347 0.3002 0.9533
vn -0.0269 0.2586 0.9656
vn 0.0347 0.3002 0.9533
vn 0.0268 0.2586 0.9656
vn -0.8624 0.5060 0.0118
vn -0.8820 0.4708 0.0207
vn -0.9062 0.4229 0.0064
vn -0.9000 0.4355 0.0167
vn -0.8317 0.5550 0.0146
vn -0.8129 0.5822 -0.0182
vn 0.8624 0.5060 0.0118
vn 0.8129 0.5822 -0.0182
vn 0.8317 0.5550 0.0146
vn 0.9000 0.4355 0.0167
vn 0.9062 0.4229 0.0064
vn 0.8820 0.4708 0.0207
vt 0.628730 0.881421
vt 0.631191 0.878961
vt 0.631191 0.878960
vt 0.512773 0.931222
vt 0.504960 0.884347
vt 0.507536 0.934328
vt 0.507537 0.934328
vt 0.505076 0.878961
vt 0.628730 0.881422
vt 0.628730 0.880191
vt 0.627500 0.880191
vt 0.504961 0.884347
vt 0.504460 0.881421
vt 0.504461 0.881421
vt 0.504461 0.881422
vt 0.631191 0.880191
vt 0.503007 0.880441
vt 0.636719 0.951172
vt 0.751953 0.902344
vt 0.886343 0.891264
vt 0.512773 0.894018
vt 0.885999 0.884449
vt 0.629960 0.877730
vt 0.629961 0.877730
vt 0.886343 0.881421
vt 0.505859 0.917969
vt 0.524608 0.909720
vt 0.770686 0.935559
vt 0.388672 0.021484
vt 0.003906 0.839844
vt 0.392578 0.023438
vt 0.753461 0.923255
vt 0.755921 0.888804
vt 0.392578 0.689453
vt 0.512735 0.919922
vt 0.383829 0.792969
vt 0.384766 0.890625
vt 0.638672 0.900391
vt 0.630859 0.906250
vt 0.630422 0.916142
vt 0.629191 0.879230
vt 0.255921 0.910490
vt 0.880960 0.880960
vt 0.880021 0.880191
vt 0.257152 0.559059
vt 0.381421 0.695632
vt 0.011074 0.988466
vt 0.011074 0.988465
vt 0.011073 0.988465
vt 0.022039 0.549390
vt 0.254691 0.559059
vt 0.267663 0.835817
vt 0.005537 0.992157
vt 0.130883 0.244079
vt 0.906604 0.266254
vt 0.901887 0.270072
vt 0.098482 0.920295
vt 0.099498 0.919473
vt 0.907729 0.265343
vt 0.096687 0.921748
s 1
usemtl baseGradient.005
f 5481/1/1 2651/1/2 1/1/3 5482/1/1
f 2651/1/2 2652/1/4 87/1/5 1/1/3
f 3/1/6 90/1/7 89/1/8 5/1/9
f 2/1/10 3/1/6 5/1/9 5485/1/10
f 5486/1/11 89/1/8 90/1/7 102/1/12
f 5506/1/13 2685/1/14 122/1/15 125/1/16
f 88/2/17 5487/2/18 5488/2/19 4/2/20
f 2687/1/21 5491/1/22 5493/1/22 5494/1/23
f 5497/1/24 8/1/25 5496/1/25 5495/1/26
f 2653/1/27 2687/1/21 5494/1/23 2683/1/28
f 2658/1/29 2657/1/30 5499/1/31 5498/1/32
f 2652/1/4 98/1/33 11/1/34 87/1/5
f 98/1/33 5486/1/11 102/1/12 11/1/34
f 5505/2/35 2689/2/36 104/2/37 6/2/38
f 6/2/38 104/2/37 5501/2/39 5489/2/39
f 167/3/40 2738/2/41 61/2/42 62/2/43
f 54/2/44 16/2/45 174/2/46 5548/3/47
f 108/2/48 110/2/49 105/2/50 2688/2/51
f 2688/2/51 105/2/50 2675/2/52 5502/2/53
f 5543/4/54 166/4/55 56/4/56 5544/4/56
f 50/5/57 2659/5/58 2660/5/59 5503/5/59
f 88/2/17 103/2/60 109/2/61 5487/2/18
f 2684/1/62 5507/1/62 5492/1/62 2686/1/62
f 121/1/63 118/1/64 128/1/65 129/1/66
f 5511/1/67 5506/1/13 125/1/16 127/1/68
f 5523/1/69 5509/1/70 31/1/71 24/1/72
f 119/1/73 120/1/74 135/1/75 2691/1/76
f 5513/1/77 117/1/78 126/1/79 2656/1/77
f 30/1/80 21/1/81 120/1/74 119/1/73
f 35/1/82 20/1/83 118/1/64 121/1/63
f 116/1/84 19/1/85 117/1/78 5512/1/84
f 2654/1/86 22/1/87 124/1/88 2655/1/89
f 122/1/15 123/1/90 5514/1/91 125/1/16
f 127/1/68 5515/1/92 5516/1/93 23/1/94
f 31/1/71 130/1/95 2690/1/96 24/1/72
f 2654/1/86 18/1/97 10/1/97 91/1/98 22/1/87
f 2692/1/99 5537/1/99 2700/1/100 2693/1/100
f 5520/6/101 2695/7/101 27/6/102 131/6/103
f 5490/1/104 2658/1/29 5498/1/32 9/1/104
f 2657/1/30 5497/1/24 5495/1/26 5499/1/31
f 5521/8/105 5517/8/105 2696/8/105
f 133/8/106 5518/8/106 132/8/107 26/8/107
f 131/6/103 27/6/102 29/6/108 134/6/108 25/6/108 28/6/108
f 23/1/94 5516/1/93 130/1/95 31/1/71
f 20/1/83 30/1/80 119/1/73 118/1/64
f 118/1/64 119/1/73 2691/1/76 128/1/65
f 113/1/109 5522/1/110 5519/1/110 93/1/111
f 5509/1/70 5510/1/112 23/1/94 31/1/71
f 5508/1/113 32/1/113 5524/1/113
f 125/1/16 5514/1/91 5515/1/92 127/1/68
f 19/1/85 35/1/82 121/1/63 117/1/78
f 5510/1/112 5511/1/67 127/1/68 23/1/94
f 117/1/78 121/1/63 129/1/66 126/1/79
f 5530/1/114 5535/1/114 5537/1/99 2692/1/99
f 139/9/115 142/1/116 2694/1/117 5525/1/118
f 5525/1/118 92/1/119 36/1/120 139/9/115
f 5527/1/121 93/1/111 94/1/122 5529/1/123
f 34/1/124 114/1/125 113/1/109 5531/1/126
f 142/1/116 112/1/127 115/1/128 2694/1/117
f 139/9/115 36/1/120 112/1/127 142/1/116
f 5529/1/123 94/1/122 92/1/119 5525/1/118
f 5531/1/126 113/1/109 93/1/111 5527/1/121
f 2694/1/117 115/1/128 114/1/125 34/1/124
f 5534/1/129 37/1/130 5536/1/131 5532/1/131
f 37/1/130 5534/1/129 2697/1/132 2699/1/132
f 5526/1/133 2698/1/133 143/1/134 141/1/135
f 141/1/135 143/1/134 5533/1/136 5528/1/136
f 138/1/137 39/1/137 38/1/137 137/1/137
f 140/1/138 40/1/138 144/1/138 33/1/138
f 5500/10/139 145/10/140 146/10/141 97/10/142
f 97/10/142 146/10/141 45/10/143
f 95/10/144 42/10/145 145/10/140 5500/10/139
f 12/11/146 148/11/147 44/11/148 101/11/149
f 100/11/150 147/11/151 148/11/147 12/11/146
f 99/11/152 43/11/153 147/11/151 100/11/150
f 41/11/154 45/11/143 43/11/153 99/11/152
f 45/10/143 41/10/154 96/10/155 97/10/142
f 85/1/156 46/1/156 151/1/157 84/1/158
f 2702/5/159 2663/5/159 5546/5/160 5542/5/161
f 2704/12/162 2664/12/162 2662/5/162 2701/5/162
f 154/4/163 110/4/49 108/4/48 2703/4/164
f 5550/4/165 168/4/166 110/4/49 154/4/163
f 2665/4/167 163/4/168 155/4/169 158/4/170
f 2673/13/171 2670/13/171 2672/14/172 51/14/172
f 5554/15/173 5558/15/173 5559/15/174 164/15/174
f 2661/4/175 161/4/176 163/4/168 2665/4/167
f 5504/12/177 5545/12/177 2659/5/58 50/5/57
f 48/5/178 106/5/178 156/12/178 157/12/178
f 5549/12/179 2669/12/180 5545/12/177 5504/12/177
f 161/4/176 162/4/181 171/4/182 163/4/168
f 163/4/168 171/4/182 2666/4/183 155/4/169
f 159/4/184 54/4/44 168/4/166 5550/4/165
f 5542/5/161 5546/5/160 172/5/185 169/5/186
f 110/2/49 168/2/166 52/2/187 105/2/50
f 105/2/50 52/2/187 181/2/188 2675/2/52
f 153/16/189 47/16/190 5539/16/191 5540/16/192 17/16/193
f 152/16/194 173/16/194 53/16/194 5541/16/194
f 160/4/195 16/4/45 54/4/44 159/4/184
f 49/17/196 2668/17/196 2669/17/180 5549/17/179
f 162/4/181 170/4/197 55/4/198 171/4/182
f 171/4/182 55/4/198 2667/4/199 2666/4/183
f 169/5/186 172/5/185 166/5/55 5543/5/54
f 168/2/166 54/2/44 5548/3/47 52/2/187
f 52/2/187 167/3/40 62/2/43 181/2/188
f 5551/14/200 5547/13/200 2667/13/199 2674/13/201
f 5553/15/202 170/15/197 175/15/203 177/15/203
f 5555/15/204 55/14/198 170/15/197 5553/15/202
f 2674/13/201 2667/13/199 55/14/198 5555/15/204
f 165/15/205 57/15/206 59/14/207 2671/13/208
f 5557/15/209 58/15/210 57/15/206 165/15/205
f 164/15/174 5559/15/174 179/13/211 176/13/211
f 5552/15/212 5556/15/212 60/15/212 178/15/212
f 181/2/188 66/2/213 65/2/214 180/2/215
f 5484/4/216 63/4/217 5538/4/218 5483/4/219
f 61/2/42 64/2/220 182/2/221 62/2/43
f 5483/4/219 5538/4/218 86/4/222
f 7/2/223 183/2/224 63/2/217 5484/2/216
f 62/2/43 182/2/221 66/2/213 181/2/188
f 180/2/215 65/2/214 184/2/225 15/2/226
f 15/2/226 184/2/225 183/2/224 7/2/223
f 67/18/105 190/18/105 191/18/105 189/18/105
f 2678/19/227 2676/19/227 5564/19/227 2708/19/227
f 2707/19/228 5565/19/228 5566/19/228 2705/19/228
f 2706/19/229 5567/19/229 5562/19/229 71/19/229
f 2679/19/230 69/19/230 68/19/230 5561/19/230
f 70/19/231 2677/19/231 5563/19/231 188/19/231
f 67/19/105 189/19/105 185/19/105 5560/19/105
f 190/19/105 67/19/105 5560/19/105 186/19/105
f 191/19/105 190/19/105 186/19/105 187/19/105
f 189/19/105 191/19/105 187/19/105 185/19/105
f 5571/20/231 5573/20/231 5575/20/231 5568/20/231
f 5581/20/232 5578/20/232 5585/20/232 5583/20/232
f 5593/20/233 5582/20/234 5584/20/234 5592/20/235
f 388/20/236 385/20/237 265/20/237 5591/20/238
f 5599/20/239 2756/20/239 395/20/240 2782/20/241
f 2782/20/241 395/20/240 5594/20/242 2780/20/242
f 5574/20/243 388/20/236 5591/20/238 382/20/243
f 5572/20/244 5593/20/233 5592/20/235 381/20/244
f 5598/20/245 380/20/245 5570/20/246 5596/20/246
f 2751/20/247 5580/20/247 384/20/248 2781/20/248
f 2750/20/249 5589/20/249 5580/20/247 2751/20/247
f 266/20/250 389/20/250 380/20/245 5598/20/245
f 5596/20/246 5570/20/246 5589/20/249 2750/20/249
f 2781/20/248 384/20/248 389/20/250 266/20/250
f 2757/20/251 5600/20/252 5595/20/252 5602/20/253
f 2753/20/254 2757/20/251 5602/20/253 2755/20/254
f 390/20/255 391/20/255 5601/20/255 2752/20/255
f 394/20/256 396/20/256 2754/20/257 5597/20/257
f 393/20/258 399/20/258 396/20/256 394/20/256
f 392/20/259 397/20/259 398/20/259 264/20/259
f 5606/20/231 5603/20/231 5610/20/231 5608/20/231
f 5613/20/260 5615/20/260 2710/20/260 2713/20/260
f 5620/20/261 5618/20/262 2712/20/263 2709/20/263
f 5622/20/264 5621/20/265 5616/20/266 5614/20/266
f 200/20/267 371/20/268 2711/20/269 197/20/269
f 5630/20/270 5634/20/271 378/20/272 5638/20/270
f 5634/20/271 5623/20/273 5625/20/273 378/20/272
f 5609/20/274 74/20/274 371/20/268 200/20/267
f 5607/20/275 194/20/275 5621/20/265 5622/20/264
f 5611/20/276 5604/20/276 5618/20/262 5620/20/261
f 5629/20/277 5627/20/278 5605/20/278 193/20/277
f 5631/20/279 5624/20/280 196/20/280 2714/20/279
f 5633/20/281 5631/20/279 2714/20/279 5617/20/281
f 75/20/282 5629/20/277 193/20/277 201/20/283
f 5627/20/278 5633/20/281 5617/20/281 5605/20/278
f 5624/20/280 75/20/282 201/20/283 196/20/280
f 2680/20/284 5639/20/285 5626/20/286 2681/20/286
f 5635/20/287 5637/20/287 5639/20/285 2680/20/284
f 372/20/288 5632/20/288 2682/20/288 373/20/288
f 377/20/289 5628/20/290 5636/20/290 204/20/289
f 203/20/291 377/20/289 204/20/289 206/20/291
f 376/20/292 202/20/292 77/20/292 205/20/292
f 207/20/293 5569/20/294 5576/20/295 72/20/296
f 208/20/297 5586/20/298 5579/20/299 209/20/300
f 209/20/300 5579/20/299 5588/20/301 192/20/302
f 72/20/296 5576/20/295 5590/20/303 73/20/304
f 192/20/302 5588/20/301 5569/20/294 207/20/293
f 73/20/304 5590/20/303 5586/20/298 208/20/297
f 2715/21/305 2717/21/305 2722/21/305 5640/21/305
f 2720/21/306 2725/21/306 2724/21/306 5642/21/306
f 5641/21/307 2726/21/307 2719/21/307 2716/21/307
f 2718/21/308 5643/21/308 2723/21/308 2721/21/308
f 80/21/309 82/21/309 83/21/309 210/21/309
f 78/21/310 81/21/310 211/21/310 79/21/310
f 2762/1/311 5644/1/311 212/1/312 2763/1/313
f 2763/1/313 212/1/312 216/1/314 5648/1/315
f 215/1/316 5647/1/317 272/1/318 274/1/319
f 213/1/320 217/1/320 5647/1/317 215/1/316
f 5649/1/321 287/1/322 274/1/319 272/1/318
f 5669/1/323 311/1/324 225/1/325 2765/1/326
f 271/2/327 5646/2/328 2743/2/329 5651/2/330
f 2767/1/331 5656/1/332 2729/1/333 5654/1/333
f 5659/1/334 5658/1/335 5496/1/25 8/1/25
f 5650/1/336 5657/1/337 5656/1/332 2767/1/331
f 237/1/338 2727/1/339 2728/1/340 5660/1/341
f 5648/1/315 216/1/314 219/1/342 282/1/343
f 282/1/343 219/1/342 287/1/322 5649/1/321
f 5668/2/344 276/2/345 5661/2/346 5667/2/347
f 276/2/345 2742/2/348 2744/2/348 5661/2/346
f 2739/3/349 291/2/350 61/2/42 2738/2/41
f 298/2/351 346/3/352 174/2/46 16/2/45
f 295/2/353 220/2/354 221/2/355 297/2/356
f 220/2/354 2745/2/357 5664/2/358 221/2/355
f 342/4/359 5544/4/56 56/4/56 251/4/360
f 5662/5/361 5663/5/362 5665/5/362 5709/5/361
f 271/2/327 5651/2/330 296/2/363 290/2/364
f 2764/1/365 2766/1/365 5655/1/365 5670/1/365
f 308/1/366 314/1/367 313/1/368 306/1/369
f 5674/1/370 312/1/371 311/1/324 5669/1/323
f 5523/1/69 24/1/72 315/1/372 5671/1/373
f 307/1/374 316/1/375 135/1/75 120/1/74
f 2770/1/376 5677/1/376 227/1/377 305/1/378
f 323/1/379 307/1/374 120/1/74 21/1/81
f 324/1/380 308/1/366 306/1/369 224/1/381
f 2768/1/382 2769/1/382 305/1/378 304/1/383
f 5675/1/384 5676/1/385 226/1/386 309/1/387
f 225/1/325 311/1/324 5678/1/388 310/1/389
f 312/1/371 228/1/390 5680/1/391 5679/1/392
f 315/1/372 24/1/72 2690/1/96 2771/1/393
f 5675/1/384 309/1/387 275/1/394 218/1/395 223/1/395
f 5689/1/396 5686/1/397 5693/1/397 5695/1/396
f 5683/6/398 229/6/399 322/6/400 5681/7/398
f 5653/1/401 2730/1/401 2727/1/339 237/1/338
f 5660/1/341 2728/1/340 5658/1/335 5659/1/334
f 5684/8/228 5682/8/228 2772/8/228
f 321/8/402 26/8/107 132/8/107 2773/8/402
f 229/6/399 319/6/403 320/6/403 230/6/403 231/6/403 322/6/400
f 228/1/390 315/1/372 2771/1/393 5680/1/391
f 224/1/381 306/1/369 307/1/374 323/1/379
f 306/1/369 313/1/368 316/1/375 307/1/374
f 5672/1/404 278/1/405 5519/1/110 5522/1/110
f 5671/1/373 315/1/372 228/1/390 5673/1/406
f 301/1/407 136/1/407 233/1/407
f 311/1/324 312/1/371 5679/1/392 5678/1/388
f 304/1/383 305/1/378 308/1/366 324/1/380
f 5673/1/406 228/1/390 312/1/371 5674/1/370
f 305/1/378 227/1/377 314/1/367 308/1/366
f 2776/1/408 5689/1/396 5695/1/396 2774/1/408
f 234/9/409 2732/1/410 5685/1/411 236/1/412
f 2732/1/410 234/9/409 277/1/413 5652/1/414
f 5687/1/415 2731/1/416 279/1/417 278/1/405
f 317/1/418 2777/1/419 5672/1/404 302/1/420
f 236/1/412 5685/1/411 303/1/421 300/1/422
f 234/9/409 236/1/412 300/1/422 277/1/413
f 2731/1/416 2732/1/410 5652/1/414 279/1/417
f 2777/1/419 5687/1/415 278/1/405 5672/1/404
f 5685/1/411 317/1/418 302/1/420 303/1/421
f 5694/1/423 2778/1/424 2775/1/424 318/1/425
f 318/1/425 5692/1/426 5690/1/426 5694/1/423
f 2733/1/427 328/1/428 329/1/429 5691/1/427
f 328/1/428 5688/1/430 2779/1/430 329/1/429
f 326/1/431 325/1/431 238/1/431 330/1/431
f 327/1/432 235/1/432 240/1/432 239/1/432
f 232/10/433 281/10/434 331/10/435 241/10/436
f 281/10/434 244/10/437 331/10/435
f 95/10/144 232/10/433 241/10/436 42/10/145
f 286/11/438 101/11/149 44/11/148 332/11/439
f 285/11/440 286/11/438 332/11/439 243/11/441
f 283/11/442 285/11/440 243/11/441 242/11/443
f 284/11/444 283/11/442 242/11/443 244/11/437
f 244/10/437 281/10/434 280/10/445 284/10/444
f 270/1/156 269/1/158 334/1/157 246/1/156
f 5703/5/446 5708/5/447 5711/5/448 5706/5/446
f 5702/12/449 5704/5/449 5707/5/449 5701/12/449
f 338/4/450 5705/4/451 295/4/353 297/4/356
f 2736/4/452 338/4/450 297/4/356 347/4/453
f 5700/4/454 341/4/455 339/4/456 344/4/457
f 5716/13/458 51/14/172 2672/14/172 2740/13/458
f 5718/15/459 5719/15/460 5722/15/460 5721/15/459
f 5666/4/461 5700/4/454 344/4/457 249/4/462
f 2735/12/463 5662/5/361 5709/5/361 5710/12/463
f 292/5/464 247/12/464 340/12/464 294/5/464
f 2734/12/465 2735/12/463 5710/12/463 5713/12/466
f 249/4/462 344/4/457 350/4/467 343/4/468
f 344/4/457 339/4/456 5714/4/469 350/4/467
f 2737/4/470 2736/4/452 347/4/453 298/4/351
f 5708/5/447 348/5/471 351/5/472 5711/5/448
f 297/2/356 221/2/355 293/2/473 347/2/453
f 221/2/355 5664/2/358 254/2/474 293/2/473
f 336/16/475 222/16/476 5698/16/477 5697/16/478 337/16/479
f 335/16/194 5699/16/194 250/16/194 352/16/194
f 160/4/195 2737/4/470 298/4/351 16/4/45
f 49/17/196 2734/17/465 5713/17/466 2668/17/196
f 343/4/468 350/4/467 353/4/480 349/4/481
f 350/4/467 5714/4/469 5712/4/482 353/4/480
f 348/5/471 342/5/359 251/5/360 351/5/472
f 347/2/453 293/2/473 346/3/352 298/2/351
f 293/2/473 254/2/474 291/2/350 2739/3/349
f 5551/14/200 5715/13/483 5712/13/482 5547/13/200
f 5717/15/484 177/15/203 175/15/203 349/15/481
f 252/15/485 5717/15/484 349/15/481 353/14/480
f 5715/13/483 252/15/485 353/14/480 5712/13/482
f 345/15/486 2741/13/487 59/14/207 57/15/206
f 5720/15/488 345/15/486 57/15/206 58/15/210
f 5719/15/460 354/13/489 356/13/489 5722/15/460
f 5552/15/212 355/15/212 253/15/212 5556/15/212
f 254/2/474 359/2/490 361/2/491 360/2/492
f 273/4/493 5645/4/494 5696/4/495 255/4/496
f 61/2/42 291/2/350 256/2/497 64/2/220
f 5645/4/494 214/4/222 5696/4/495
f 357/2/498 273/2/493 255/2/496 362/2/499
f 291/2/350 254/2/474 360/2/492 256/2/497
f 359/2/490 358/2/500 363/2/501 361/2/491
f 358/2/500 357/2/498 362/2/499 363/2/501
f 257/18/228 369/18/228 370/18/228 258/18/228
f 5724/19/227 5729/19/227 5731/19/227 5728/19/227
f 5730/19/105 2749/19/105 5733/19/105 5732/19/105
f 2748/19/229 2746/19/229 5725/19/229 5734/19/229
f 5723/19/230 2747/19/230 368/19/230 260/19/230
f 367/19/231 259/19/231 5726/19/231 5727/19/231
f 257/19/228 365/19/228 364/19/502 369/19/228
f 258/19/228 366/19/228 365/19/228 257/19/228
f 370/19/228 261/19/502 366/19/228 258/19/228
f 369/19/228 364/19/502 261/19/502 370/19/228
f 387/20/503 5587/20/504 383/20/504 386/20/505
f 5577/20/506 387/20/503 386/20/505 379/20/506
f 263/20/507 262/20/508 5612/20/509 76/20/510
f 400/20/511 401/20/512 195/20/513 198/20/514
f 401/20/512 374/20/515 199/20/516 195/20/513
f 262/20/508 375/20/517 5619/20/518 5612/20/509
f 374/20/515 263/20/507 76/20/510 199/20/516
f 375/20/517 400/20/511 198/20/514 5619/20/518
f 5735/21/519 5739/21/519 5737/21/519 2761/21/519
f 5741/21/520 2759/21/520 2783/21/520 5743/21/520
f 5740/21/521 5736/21/521 5742/21/521 5744/21/521
f 2760/21/522 5738/21/522 2784/21/522 2758/21/522
f 267/21/523 404/21/523 268/21/523 407/21/523
f 402/21/524 403/21/524 406/21/524 405/21/524
f 2785/22/525 2786/22/525 2789/22/525 2792/22/525
f 2793/22/526 2794/22/526 2787/22/526 408/22/526
f 2797/22/527 2798/22/527 2795/22/527 409/22/527
f 411/22/528 2790/22/528 2799/22/528 410/22/528
f 2788/22/529 2801/22/530 2803/22/531 2791/22/529
f 2796/22/532 2805/22/532 2802/22/532 412/22/532
f 2800/22/533 2807/22/534 2806/22/535 413/22/533
f 415/22/536 2804/22/536 2808/22/536 414/22/536
f 2801/22/530 2809/22/537 2810/22/538 2803/22/531
f 417/22/539 2811/22/540 420/22/541 416/22/539
f 2807/22/534 2812/22/542 421/22/543 2806/22/535
f 419/22/544 423/22/545 422/22/546 418/22/544
f 2809/22/537 2813/22/547 2814/22/547 2810/22/538
f 2811/22/540 2815/22/548 424/22/549 420/22/541
f 2812/22/542 2816/22/550 425/22/550 421/22/543
f 423/22/545 427/22/551 426/22/551 422/22/546
f 2813/22/547 2817/22/552 2818/22/552 2814/22/547
f 2815/22/548 2819/22/553 428/22/553 424/22/549
f 2816/22/550 2820/22/554 429/22/554 425/22/550
f 427/22/551 431/22/555 430/22/555 426/22/551
f 2817/22/552 2821/22/556 2822/22/556 2818/22/552
f 2819/22/553 2823/22/557 432/22/557 428/22/553
f 2820/22/554 2824/22/558 433/22/558 429/22/554
f 431/22/555 435/22/559 434/22/559 430/22/555
f 2821/22/556 2825/22/560 2826/22/561 2822/22/556
f 2823/22/557 2827/22/562 436/22/562 432/22/557
f 2824/22/558 2828/22/563 437/22/563 433/22/558
f 435/22/559 439/22/564 438/22/564 434/22/559
f 2825/22/560 2829/22/565 2830/22/565 2826/22/561
f 2827/22/562 2831/22/566 440/22/566 436/22/562
f 2828/22/563 2832/22/567 441/22/567 437/22/563
f 439/22/564 443/22/568 442/22/568 438/22/564
f 2829/22/565 2833/22/569 2834/22/569 2830/22/565
f 2831/22/566 2835/22/570 444/22/571 440/22/566
f 2832/22/567 2836/22/572 445/22/572 441/22/567
f 443/22/568 447/22/573 446/22/573 442/22/568
f 2833/22/569 2837/22/574 2838/22/574 2834/22/569
f 2835/22/570 2839/22/575 448/22/575 444/22/571
f 2836/22/572 2840/22/576 449/22/576 445/22/572
f 447/22/573 451/22/577 450/22/577 446/22/573
f 2837/22/574 2841/22/578 2842/22/579 2838/22/574
f 2839/22/575 2843/22/580 452/22/581 448/22/575
f 2840/22/576 2844/22/582 453/22/583 449/22/576
f 451/22/577 455/22/584 454/22/585 450/22/577
f 2841/22/578 2845/22/586 2846/22/587 2842/22/579
f 2843/22/580 2847/22/588 456/22/589 452/22/581
f 2844/22/582 2848/22/590 457/22/591 453/22/583
f 455/22/584 459/22/592 458/22/593 454/22/585
f 2845/22/586 2849/22/594 2851/22/595 2846/22/587
f 2847/22/588 2853/22/596 2850/22/596 456/22/589
f 2848/22/590 2855/22/597 2854/22/598 457/22/591
f 459/22/592 2852/22/599 2856/22/599 458/22/593
f 2849/22/594 2857/22/600 2858/22/601 2851/22/595
f 461/22/602 2859/22/603 464/22/604 460/22/602
f 2855/22/597 2860/22/605 465/22/605 2854/22/598
f 463/22/606 467/22/607 466/22/608 462/22/606
f 2857/22/600 2861/22/609 2862/22/610 2858/22/601
f 2859/22/603 2863/22/611 468/22/612 464/22/604
f 2860/22/605 2864/22/613 469/22/614 465/22/605
f 467/22/607 471/22/615 470/22/616 466/22/608
f 2861/22/609 2865/22/617 2868/22/617 2862/22/610
f 2863/22/611 2871/22/618 2866/22/618 468/22/612
f 2864/22/613 2874/22/619 2872/22/619 469/22/614
f 471/22/615 2869/22/620 2875/22/620 470/22/616
f 2867/22/621 2877/22/622 2878/22/623 2870/22/621
f 2873/22/624 2879/22/625 476/22/626 472/22/624
f 2876/22/627 2880/22/628 477/22/628 473/22/627
f 475/22/629 479/22/630 478/22/631 474/22/629
f 2877/22/622 2881/22/632 2882/22/632 2878/22/623
f 2879/22/625 2883/22/633 480/22/634 476/22/626
f 2880/22/628 2884/22/635 481/22/635 477/22/628
f 479/22/630 483/22/636 482/22/637 478/22/631
f 2881/22/632 2885/22/638 2886/22/638 2882/22/632
f 2883/22/633 2887/22/639 484/22/640 480/22/634
f 2884/22/635 2888/22/641 485/22/641 481/22/635
f 483/22/636 487/22/642 486/22/643 482/22/637
f 2885/22/638 2889/22/644 2890/22/644 2886/22/638
f 2887/22/639 2891/22/645 488/22/645 484/22/640
f 2888/22/641 2892/22/646 489/22/646 485/22/641
f 487/22/642 491/22/647 490/22/647 486/22/643
f 2889/22/644 2893/22/648 2894/22/648 2890/22/644
f 2891/22/645 2895/22/649 492/22/650 488/22/645
f 2892/22/646 2896/22/651 493/22/651 489/22/646
f 491/22/647 495/22/652 494/22/653 490/22/647
f 2893/22/648 2897/22/654 2899/22/654 2894/22/648
f 2895/22/649 2901/22/655 2898/22/656 492/22/650
f 2896/22/651 2903/22/657 2902/22/657 493/22/651
f 495/22/652 2900/22/658 2904/22/659 494/22/653
f 496/22/660 2905/22/660 2906/22/660 499/22/660
f 2901/22/655 2907/22/661 500/22/661 2898/22/656
f 498/22/662 2908/22/662 501/22/662 497/22/662
f 2900/22/658 503/22/663 502/22/663 2904/22/659
f 2909/22/664 2910/22/664 2913/22/664 2916/22/664
f 2917/22/665 2918/22/665 2911/22/665 504/22/665
f 2921/22/666 2922/22/666 2919/22/666 505/22/666
f 507/22/667 2914/22/667 2923/22/667 506/22/667
f 2912/22/668 2925/22/669 2927/22/670 2915/22/668
f 2920/22/671 2929/22/671 2926/22/671 508/22/671
f 2924/22/672 2931/22/673 2930/22/674 509/22/672
f 511/22/675 2928/22/675 2932/22/675 510/22/675
f 2925/22/669 2933/22/676 2934/22/677 2927/22/670
f 513/22/678 2935/22/679 516/22/680 512/22/678
f 2931/22/673 2936/22/681 517/22/682 2930/22/674
f 515/22/683 519/22/684 518/22/685 514/22/683
f 2933/22/676 2937/22/686 2938/22/686 2934/22/677
f 2935/22/679 2939/22/687 520/22/688 516/22/680
f 2936/22/681 2940/22/689 521/22/689 517/22/682
f 519/22/684 523/22/690 522/22/691 518/22/685
f 2937/22/686 2941/22/692 2942/22/692 2938/22/686
f 2939/22/687 2943/22/693 524/22/693 520/22/688
f 2940/22/689 2944/22/694 525/22/694 521/22/689
f 523/22/690 527/22/695 526/22/695 522/22/691
f 2941/22/692 2945/22/696 2946/22/696 2942/22/692
f 2943/22/693 2947/22/697 528/22/697 524/22/693
f 2944/22/694 2948/22/698 529/22/698 525/22/694
f 527/22/695 531/22/699 530/22/700 526/22/695
f 2945/22/696 2949/22/701 2950/22/701 2946/22/696
f 2947/22/697 2951/22/702 532/22/702 528/22/697
f 2948/22/698 2952/22/703 533/22/703 529/22/698
f 531/22/699 535/22/704 534/22/704 530/22/700
f 2949/22/701 2953/22/705 2954/22/705 2950/22/701
f 2951/22/702 2955/22/706 536/22/707 532/22/702
f 2952/22/703 2956/22/708 537/22/708 533/22/703
f 535/22/704 539/22/709 538/22/709 534/22/704
f 2953/22/705 2957/22/710 2958/22/710 2954/22/705
f 2955/22/706 2959/22/711 540/22/711 536/22/707
f 2956/22/708 2960/22/712 541/22/712 537/22/708
f 539/22/709 543/22/713 542/22/714 538/22/709
f 2957/22/710 2961/22/715 2962/22/715 2958/22/710
f 2959/22/711 2963/22/716 544/22/717 540/22/711
f 2960/22/712 2964/22/718 545/22/718 541/22/712
f 543/22/713 547/22/719 546/22/720 542/22/714
f 2961/22/715 2965/22/721 2966/22/722 2962/22/715
f 2963/22/716 2967/22/723 548/22/723 544/22/717
f 2964/22/718 2968/22/724 549/22/724 545/22/718
f 547/22/719 551/22/725 550/22/726 546/22/720
f 2965/22/721 2969/22/727 2971/22/727 2966/22/722
f 2967/22/723 2973/22/728 2970/22/729 548/22/723
f 2968/22/724 2975/22/730 2974/22/730 549/22/724
f 551/22/725 2972/22/731 2976/22/732 550/22/726
f 552/22/733 2977/22/734 2978/22/734 555/22/733
f 2973/22/728 2979/22/735 556/22/736 2970/22/729
f 554/22/737 2980/22/738 557/22/738 553/22/737
f 2972/22/731 559/22/739 558/22/740 2976/22/732
f 2977/22/734 2981/22/741 2982/22/741 2978/22/734
f 2979/22/735 2983/22/742 560/22/742 556/22/736
f 2980/22/738 2984/22/743 561/22/743 557/22/738
f 559/22/739 563/22/744 562/22/744 558/22/740
f 2981/22/741 2985/22/745 2986/22/745 2982/22/741
f 2983/22/742 2987/22/746 564/22/747 560/22/742
f 2984/22/743 2988/22/748 565/22/748 561/22/743
f 563/22/744 567/22/749 566/22/750 562/22/744
f 2985/22/745 2989/22/751 2992/22/751 2986/22/745
f 2987/22/746 2995/22/752 2990/22/752 564/22/747
f 2988/22/748 2998/22/753 2996/22/753 565/22/748
f 567/22/749 2993/22/754 2999/22/754 566/22/750
f 2991/22/755 3001/22/756 3002/22/756 2994/22/755
f 2997/22/757 3003/22/758 572/22/758 568/22/757
f 3000/22/759 3004/22/760 573/22/760 569/22/759
f 571/22/761 575/22/762 574/22/763 570/22/761
f 3001/22/756 3005/22/764 3006/22/764 3002/22/756
f 3003/22/758 3007/22/765 576/22/766 572/22/758
f 3004/22/760 3008/22/767 577/22/767 573/22/760
f 575/22/762 579/22/768 578/22/769 574/22/763
f 3005/22/764 3009/22/770 3010/22/770 3006/22/764
f 3007/22/765 3011/22/771 580/22/772 576/22/766
f 3008/22/767 3012/22/773 581/22/774 577/22/767
f 579/22/768 583/22/775 582/22/776 578/22/769
f 3009/22/770 3013/22/777 3014/22/778 3010/22/770
f 3011/22/771 3015/22/779 584/22/780 580/22/772
f 3012/22/773 3016/22/781 585/22/781 581/22/774
f 583/22/775 587/22/782 586/22/783 582/22/776
f 3013/22/777 3017/22/784 3018/22/784 3014/22/778
f 3015/22/779 3019/22/785 588/22/786 584/22/780
f 3016/22/781 3020/22/787 589/22/787 585/22/781
f 587/22/782 591/22/788 590/22/789 586/22/783
f 3017/22/784 3021/22/790 3023/22/790 3018/22/784
f 3019/22/785 3025/22/791 3022/22/792 588/22/786
f 3020/22/787 3027/22/793 3026/22/793 589/22/787
f 591/22/788 3024/22/794 3028/22/795 590/22/789
f 592/22/796 3029/22/796 3030/22/796 595/22/796
f 3025/22/791 3031/22/797 596/22/797 3022/22/792
f 594/22/798 3032/22/798 597/22/798 593/22/798
f 3024/22/794 599/22/799 598/22/799 3028/22/795
f 3033/22/800 3040/22/800 3037/22/800 3034/22/800
f 3041/22/801 600/22/801 3035/22/801 3042/22/801
f 3045/22/802 601/22/802 3043/22/802 3046/22/802
f 603/22/803 602/22/803 3047/22/803 3038/22/803
f 3036/22/804 3039/22/804 3051/22/805 3049/22/806
f 3044/22/807 604/22/807 3050/22/807 3053/22/807
f 3048/22/808 605/22/808 3054/22/809 3055/22/810
f 607/22/811 606/22/811 3056/22/811 3052/22/811
f 3049/22/806 3051/22/805 3058/22/812 3057/22/813
f 609/22/814 608/22/814 612/22/815 3059/22/816
f 3055/22/810 3054/22/809 613/22/817 3060/22/818
f 611/22/819 610/22/819 614/22/820 615/22/821
f 3057/22/813 3058/22/812 3062/22/822 3061/22/823
f 3059/22/816 612/22/815 616/22/824 3063/22/825
f 3060/22/818 613/22/817 617/22/826 3064/22/826
f 615/22/821 614/22/820 618/22/827 619/22/827
f 3061/22/823 3062/22/822 3066/22/828 3065/22/828
f 3063/22/825 616/22/824 620/22/829 3067/22/829
f 3064/22/826 617/22/826 621/22/830 3068/22/830
f 619/22/827 618/22/827 622/22/831 623/22/831
f 3065/22/828 3066/22/828 3070/22/832 3069/22/833
f 3067/22/829 620/22/829 624/22/834 3071/22/834
f 3068/22/830 621/22/830 625/22/835 3072/22/836
f 623/22/831 622/22/831 626/22/837 627/22/837
f 3069/22/833 3070/22/832 3074/22/838 3073/22/838
f 3071/22/834 624/22/834 628/22/839 3075/22/839
f 3072/22/836 625/22/835 629/22/840 3076/22/840
f 627/22/837 626/22/837 630/22/841 631/22/841
f 3073/22/838 3074/22/838 3078/22/842 3077/22/842
f 3075/22/839 628/22/839 632/22/843 3079/22/843
f 3076/22/840 629/22/840 633/22/844 3080/22/844
f 631/22/841 630/22/841 634/22/845 635/22/845
f 3077/22/842 3078/22/842 3082/22/846 3081/22/847
f 3079/22/843 632/22/843 636/22/848 3083/22/849
f 3080/22/844 633/22/844 637/22/850 3084/22/850
f 635/22/845 634/22/845 638/22/851 639/22/851
f 3081/22/847 3082/22/846 3086/22/852 3085/22/852
f 3083/22/849 636/22/848 640/22/853 3087/22/853
f 3084/22/850 637/22/850 641/22/854 3088/22/854
f 639/22/851 638/22/851 642/22/855 643/22/855
f 3085/22/852 3086/22/852 3090/22/856 3089/22/857
f 3087/22/853 640/22/853 644/22/858 3091/22/859
f 3088/22/854 641/22/854 645/22/860 3092/22/861
f 643/22/855 642/22/855 646/22/862 647/22/863
f 3089/22/857 3090/22/856 3094/22/864 3093/22/865
f 3091/22/859 644/22/858 648/22/866 3095/22/867
f 3092/22/861 645/22/860 649/22/868 3096/22/869
f 647/22/863 646/22/862 650/22/870 651/22/871
f 3093/22/865 3094/22/864 3099/22/872 3097/22/873
f 3095/22/867 648/22/866 3098/22/874 3101/22/874
f 3096/22/869 649/22/868 3102/22/875 3103/22/876
f 651/22/871 650/22/870 3104/22/877 3100/22/877
f 3097/22/873 3099/22/872 3106/22/878 3105/22/878
f 653/22/879 652/22/879 656/22/880 3107/22/881
f 3103/22/876 3102/22/875 657/22/882 3108/22/883
f 655/22/884 654/22/884 658/22/885 659/22/886
f 3105/22/878 3106/22/878 3110/22/887 3109/22/888
f 3107/22/881 656/22/880 660/22/889 3111/22/890
f 3108/22/883 657/22/882 661/22/891 3112/22/891
f 659/22/886 658/22/885 662/22/892 663/22/893
f 3109/22/888 3110/22/887 3116/22/894 3113/22/894
f 3111/22/890 660/22/889 3114/22/895 3119/22/895
f 3112/22/891 661/22/891 3120/22/896 3122/22/896
f 663/22/893 662/22/892 3123/22/897 3117/22/897
f 3115/22/898 3118/22/898 3126/22/899 3125/22/900
f 3121/22/901 664/22/901 668/22/902 3127/22/903
f 3124/22/904 665/22/904 669/22/905 3128/22/905
f 667/22/906 666/22/906 670/22/907 671/22/908
f 3125/22/900 3126/22/899 3130/22/909 3129/22/909
f 3127/22/903 668/22/902 672/22/910 3131/22/911
f 3128/22/905 669/22/905 673/22/912 3132/22/912
f 671/22/908 670/22/907 674/22/913 675/22/914
f 3129/22/909 3130/22/909 3134/22/915 3133/22/915
f 3131/22/911 672/22/910 676/22/916 3135/22/917
f 3132/22/912 673/22/912 677/22/918 3136/22/918
f 675/22/914 674/22/913 678/22/919 679/22/920
f 3133/22/915 3134/22/915 3138/22/921 3137/22/922
f 3135/22/917 676/22/916 680/22/923 3139/22/924
f 3136/22/918 677/22/918 681/22/925 3140/22/925
f 679/22/920 678/22/919 682/22/926 683/22/927
f 3137/22/922 3138/22/921 3142/22/928 3141/22/928
f 3139/22/924 680/22/923 684/22/929 3143/22/930
f 3140/22/925 681/22/925 685/22/931 3144/22/931
f 683/22/927 682/22/926 686/22/932 687/22/933
f 3141/22/928 3142/22/928 3147/22/934 3145/22/934
f 3143/22/930 684/22/929 3146/22/935 3149/22/936
f 3144/22/931 685/22/931 3150/22/937 3151/22/937
f 687/22/933 686/22/932 3152/22/938 3148/22/939
f 688/22/940 691/22/940 3154/22/940 3153/22/940
f 3149/22/936 3146/22/935 692/22/941 3155/22/941
f 690/22/942 689/22/942 693/22/942 3156/22/942
f 3148/22/939 3152/22/938 694/22/943 695/22/943
f 3157/22/944 3164/22/944 3161/22/944 3158/22/944
f 3165/22/945 696/22/945 3159/22/945 3166/22/945
f 3169/22/946 697/22/946 3167/22/946 3170/22/946
f 699/22/947 698/22/947 3171/22/947 3162/22/947
f 3160/22/948 3163/22/948 3175/22/949 3173/22/950
f 3168/22/951 700/22/951 3174/22/951 3177/22/951
f 3172/22/952 701/22/952 3178/22/953 3179/22/954
f 703/22/955 702/22/955 3180/22/955 3176/22/955
f 3173/22/950 3175/22/949 3182/22/956 3181/22/957
f 705/22/958 704/22/958 708/22/959 3183/22/960
f 3179/22/954 3178/22/953 709/22/961 3184/22/962
f 707/22/963 706/22/963 710/22/964 711/22/965
f 3181/22/957 3182/22/956 3186/22/966 3185/22/966
f 3183/22/960 708/22/959 712/22/967 3187/22/968
f 3184/22/962 709/22/961 713/22/969 3188/22/969
f 711/22/965 710/22/964 714/22/970 715/22/971
f 3185/22/966 3186/22/966 3190/22/972 3189/22/972
f 3187/22/968 712/22/967 716/22/973 3191/22/973
f 3188/22/969 713/22/969 717/22/974 3192/22/974
f 715/22/971 714/22/970 718/22/975 719/22/976
f 3189/22/972 3190/22/972 3194/22/977 3193/22/977
f 3191/22/973 716/22/973 720/22/978 3195/22/978
f 3192/22/974 717/22/974 721/22/979 3196/22/980
f 719/22/976 718/22/975 722/22/981 723/22/981
f 3193/22/977 3194/22/977 3198/22/982 3197/22/982
f 3195/22/978 720/22/978 724/22/983 3199/22/983
f 3196/22/980 721/22/979 725/22/984 3200/22/984
f 723/22/981 722/22/981 726/22/985 727/22/985
f 3197/22/982 3198/22/982 3202/22/986 3201/22/986
f 3199/22/983 724/22/983 728/22/987 3203/22/987
f 3200/22/984 725/22/984 729/22/988 3204/22/988
f 727/22/985 726/22/985 730/22/989 731/22/989
f 3201/22/986 3202/22/986 3206/22/990 3205/22/990
f 3203/22/987 728/22/987 732/22/991 3207/22/991
f 3204/22/988 729/22/988 733/22/992 3208/22/992
f 731/22/989 730/22/989 734/22/993 735/22/994
f 3205/22/990 3206/22/990 3210/22/995 3209/22/995
f 3207/22/991 732/22/991 736/22/996 3211/22/996
f 3208/22/992 733/22/992 737/22/997 3212/22/997
f 735/22/994 734/22/993 738/22/998 739/22/998
f 3209/22/995 3210/22/995 3214/22/999 3213/22/999
f 3211/22/996 736/22/996 740/22/1000 3215/22/1001
f 3212/22/997 737/22/997 741/22/1002 3216/22/1002
f 739/22/998 738/22/998 742/22/1003 743/22/1003
f 3213/22/999 3214/22/999 3219/22/1004 3217/22/1004
f 3215/22/1001 740/22/1000 3218/22/1005 3221/22/1006
f 3216/22/1002 741/22/1002 3222/22/1007 3223/22/1007
f 743/22/1003 742/22/1003 3224/22/1008 3220/22/1009
f 744/22/1010 747/22/1010 3226/22/1011 3225/22/1012
f 3221/22/1006 3218/22/1005 748/22/1013 3227/22/1014
f 746/22/1015 745/22/1015 749/22/1016 3228/22/1016
f 3220/22/1009 3224/22/1008 750/22/1017 751/22/1018
f 3225/22/1012 3226/22/1011 3230/22/1019 3229/22/1019
f 3227/22/1014 748/22/1013 752/22/1020 3231/22/1020
f 3228/22/1016 749/22/1016 753/22/1021 3232/22/1021
f 751/22/1018 750/22/1017 754/22/1022 755/22/1022
f 3229/22/1019 3230/22/1019 3234/22/1023 3233/22/1023
f 3231/22/1020 752/22/1020 756/22/1024 3235/22/1025
f 3232/22/1021 753/22/1021 757/22/1026 3236/22/1027
f 755/22/1022 754/22/1022 758/22/1028 759/22/1029
f 3233/22/1023 3234/22/1023 3240/22/1030 3237/22/1030
f 3235/22/1025 756/22/1024 3238/22/1031 3243/22/1031
f 3236/22/1027 757/22/1026 3244/22/1032 3246/22/1032
f 759/22/1029 758/22/1028 3247/22/1033 3241/22/1033
f 3239/22/1034 3242/22/1034 3250/22/1035 3249/22/1036
f 3245/22/1037 760/22/1037 764/22/1038 3251/22/1038
f 3248/22/1039 761/22/1039 765/22/1040 3252/22/1040
f 763/22/1041 762/22/1041 766/22/1042 767/22/1043
f 3249/22/1036 3250/22/1035 3254/22/1044 3253/22/1045
f 3251/22/1038 764/22/1038 768/22/1046 3255/22/1047
f 3252/22/1040 765/22/1040 769/22/1048 3256/22/1048
f 767/22/1043 766/22/1042 770/22/1049 771/22/1050
f 3253/22/1045 3254/22/1044 3258/22/1051 3257/22/1051
f 3255/22/1047 768/22/1046 772/22/1052 3259/22/1053
f 3256/22/1048 769/22/1048 773/22/1054 3260/22/1055
f 771/22/1050 770/22/1049 774/22/1056 775/22/1056
f 3257/22/1051 3258/22/1051 3262/22/1057 3261/22/1058
f 3259/22/1053 772/22/1052 776/22/1059 3263/22/1059
f 3260/22/1055 773/22/1054 777/22/1060 3264/22/1060
f 775/22/1056 774/22/1056 778/22/1061 779/22/1062
f 3261/22/1058 3262/22/1057 3266/22/1063 3265/22/1064
f 3263/22/1059 776/22/1059 780/22/1065 3267/22/1066
f 3264/22/1060 777/22/1060 781/22/1067 3268/22/1068
f 779/22/1062 778/22/1061 782/22/1069 783/22/1070
f 3265/22/1064 3266/22/1063 3271/22/1071 3269/22/1071
f 3267/22/1066 780/22/1065 3270/22/1072 3273/22/1073
f 3268/22/1068 781/22/1067 3274/22/1074 3275/22/1074
f 783/22/1070 782/22/1069 3276/22/1075 3272/22/1076
f 784/22/1077 787/22/1077 3278/22/1077 3277/22/1077
f 3273/22/1073 3270/22/1072 788/22/1078 3279/22/1078
f 786/22/1079 785/22/1079 789/22/1079 3280/22/1079
f 3272/22/1076 3276/22/1075 790/22/1080 791/22/1080
f 3290/23/1081 3291/23/1082 3285/23/1083 3287/23/1083
f 3281/23/1084 3283/23/1084 3289/23/1085 3292/24/1086
f 3292/24/1086 3289/23/1085 3291/23/1082 3290/23/1081
f 3302/23/1087 3299/23/1088 3297/23/1088 3303/23/1089
f 3293/23/1090 3304/24/1091 3301/23/1092 3295/23/1090
f 3304/24/1091 3302/23/1087 3303/23/1089 3301/23/1092
f 798/23/1093 805/23/1093 807/24/1094 797/24/1095
f 797/24/1095 807/24/1094 3294/23/1096 3282/23/1096
f 3288/23/1097 3300/23/1097 805/23/1093 798/23/1093
f 3286/23/1098 3298/23/1098 803/23/1098 794/23/1098
f 799/23/1099 806/23/1099 802/23/1100 795/23/1100
f 796/23/1101 804/23/1102 806/23/1099 799/23/1099
f 3284/23/1103 3296/23/1103 804/23/1102 796/23/1101
f 792/23/1104 800/23/1104 801/23/1104 793/23/1104
f 3314/23/1105 3311/23/1106 3309/23/1106 3315/23/1107
f 3305/23/1108 3316/24/1109 3313/23/1110 3307/23/1108
f 3316/24/1109 3314/23/1105 3315/23/1107 3313/23/1110
f 3326/23/1111 3327/23/1112 3321/23/1113 3323/23/1113
f 3317/23/1114 3319/23/1114 3325/23/1115 3328/24/1116
f 3328/24/1116 3325/23/1115 3327/23/1112 3326/23/1111
f 814/23/1117 813/24/1118 823/24/1119 821/23/1120
f 813/24/1118 3306/23/1121 3318/23/1121 823/24/1119
f 3312/23/1122 814/23/1117 821/23/1120 3324/23/1122
f 3310/23/1123 810/23/1123 819/23/1123 3322/23/1123
f 815/23/1124 811/23/1125 818/23/1125 822/23/1124
f 812/23/1126 815/23/1124 822/23/1124 820/23/1127
f 3308/23/1128 812/23/1126 820/23/1127 3320/23/1128
f 808/23/1129 809/23/1129 817/23/1129 816/23/1129
f 832/25/230 3337/25/230 3335/25/230 3334/25/230
f 834/25/231 3344/25/231 3345/25/231 3347/25/231
f 3336/25/1130 3338/25/1130 3348/25/1130 3346/25/1130
f 3331/25/1131 3332/25/1131 3342/25/1131 3341/25/1131
f 833/25/228 827/25/228 831/25/228 835/25/228
f 3329/25/1132 3330/25/105 3340/25/105 3339/25/1133
f 826/25/1134 3329/25/1132 3339/25/1133 828/25/1134
f 3333/25/228 833/25/228 835/25/228 3343/25/228
f 829/25/231 830/25/231 3344/25/231 834/25/231
f 824/25/230 832/25/230 3334/25/230 825/25/230
f 3351/26/105 3353/26/105 3357/26/105 3349/26/105
f 3350/26/227 3358/26/227 3361/26/227 3359/26/227
f 3360/26/228 843/26/228 3367/26/228 3364/26/228
f 3365/26/229 3368/26/229 3355/26/229 3352/26/229
f 838/26/230 842/26/230 840/26/230 836/26/230
f 3362/26/231 3356/26/231 3354/26/231 3366/26/231
f 3369/27/231 3375/27/231 847/27/231 846/27/231
f 3371/27/231 3373/27/231 3375/27/231 3369/27/231
f 3369/27/231 846/27/231 3380/27/231 3381/27/231
f 847/27/231 3375/27/231 3377/27/231 3379/27/231
f 3383/27/230 859/27/230 858/27/230 3389/27/230
f 3385/27/230 3383/27/230 3389/27/230 3387/27/230
f 3383/27/230 3395/27/230 3394/27/230 859/27/230
f 858/27/230 3393/27/230 3391/27/230 3389/27/230
f 873/27/229 3390/27/229 3392/27/229 3397/27/229
f 875/27/229 3396/27/229 3384/27/229 3399/27/229
f 858/27/230 868/27/230 3413/27/230 3393/27/230
f 846/27/231 3408/27/231 3401/27/231 3380/27/231
f 874/27/105 854/27/105 3386/27/105 3405/27/105
f 872/27/228 860/27/228 861/27/228 878/27/228
f 876/27/105 3415/27/105 3403/27/105 862/27/105
f 877/27/229 855/27/229 3388/27/229 3406/27/229
f 876/27/105 862/27/105 863/27/105 3400/27/105
f 879/27/228 856/27/228 857/27/228 3398/27/228
f 881/27/1135 3411/27/1136 3412/27/1136 880/27/1135
f 880/27/1135 3412/27/1136 3404/27/1136 882/27/1135
f 3416/27/1135 3414/27/1136 3411/27/1136 881/27/1135
f 3379/27/231 3409/27/231 3407/27/231 847/27/231
f 859/27/230 869/27/230 868/27/230 858/27/230
f 847/27/231 3407/27/231 3408/27/231 846/27/231
f 878/27/228 883/27/228 3410/27/228 851/27/228
f 3394/27/230 870/27/230 869/27/230 859/27/230
f 861/27/228 871/27/228 883/27/228 878/27/228
f 867/27/1137 3416/27/1135 881/27/1135 864/27/1137
f 865/27/1137 880/27/1135 882/27/1135 3402/27/1137
f 864/27/1137 881/27/1135 880/27/1135 865/27/1137
f 3374/27/228 879/27/228 3398/27/228 3376/27/228
f 850/27/105 876/27/105 3400/27/105 3382/27/105
f 3372/27/229 877/27/229 3406/27/229 845/27/229
f 850/27/105 866/27/105 3415/27/105 876/27/105
f 3378/27/228 872/27/228 878/27/228 851/27/228
f 3370/27/105 874/27/105 3405/27/105 844/27/105
f 852/27/229 875/27/229 3399/27/229 848/27/229
f 849/27/229 873/27/229 3397/27/229 853/27/229
f 3419/28/230 3417/28/230 3423/28/230 3421/28/230
f 3427/28/231 3429/28/231 3431/28/231 3425/28/231
f 3418/28/105 3420/28/105 3428/28/105 3426/28/105
f 3424/28/227 884/28/227 888/28/227 3432/28/227
f 885/28/229 3422/28/229 3430/28/229 889/28/229
f 886/28/228 887/28/228 891/28/228 890/28/228
f 897/29/1138 898/29/1139 3439/29/1139 3438/29/1138
f 894/29/1140 895/29/1141 3436/29/1141 3435/29/1140
f 901/29/1142 902/29/1143 3443/29/1143 3442/29/1142
f 898/29/1139 899/29/1144 3440/29/1144 3439/29/1139
f 895/29/1141 896/29/1145 3437/29/1145 3436/29/1141
f 902/29/1143 903/29/1146 3444/29/1146 3443/29/1143
f 892/29/1147 893/29/1148 3433/29/1148 3434/29/1147
f 899/29/1144 900/29/1149 3441/29/1149 3440/29/1144
f 896/29/1145 897/29/1138 3438/29/1138 3437/29/1145
f 903/29/1146 892/29/1147 3434/29/1147 3444/29/1146
f 893/29/1148 894/29/1140 3435/29/1140 3433/29/1148
f 900/29/1149 901/29/1142 3442/29/1142 3441/29/1149
f 914/29/1150 915/29/1151 3456/29/1151 3455/29/1150
f 904/29/1152 905/29/1153 3445/29/1153 3446/29/1152
f 911/29/1154 912/29/1155 3453/29/1156 3452/29/1154
f 908/29/1157 909/29/1158 3450/29/1158 3449/29/1157
f 915/29/1151 904/29/1152 3446/29/1152 3456/29/1151
f 905/29/1153 906/29/1159 3447/29/1159 3445/29/1153
f 912/29/1155 913/29/1160 3454/29/1160 3453/29/1156
f 909/29/1158 910/29/1161 3451/29/1161 3450/29/1158
f 906/29/1159 907/29/1162 3448/29/1162 3447/29/1159
f 913/29/1160 914/29/1150 3455/29/1150 3454/29/1160
f 910/29/1161 911/29/1154 3452/29/1154 3451/29/1161
f 907/29/1162 908/29/1157 3449/29/1157 3448/29/1162
f 919/30/231 920/30/231 3463/30/231 3462/30/231
f 926/30/231 927/30/231 3473/30/231 3472/30/231
f 916/30/231 917/30/231 3457/30/231 3459/30/231
f 923/30/231 924/30/231 3470/30/231 3468/30/231
f 920/30/231 921/30/231 3464/30/231 3463/30/231
f 927/30/231 916/30/231 3459/30/231 3473/30/231
f 917/30/231 918/30/231 3461/30/231 3457/30/231
f 924/30/231 925/30/231 3471/30/231 3470/30/231
f 921/30/231 922/30/231 3466/30/231 3464/30/231
f 918/30/231 919/30/231 3462/30/231 3461/30/231
f 925/30/231 926/30/231 3472/30/231 3471/30/231
f 922/30/231 923/30/231 3468/30/231 3466/30/231
f 931/30/105 932/30/1163 3482/30/1163 3481/30/105
f 938/30/1164 3474/30/1165 3493/30/1165 3492/30/1164
f 3460/30/1166 3458/30/1166 3475/30/1166 3477/30/1166
f 3469/30/1167 936/30/1168 3490/30/1168 3489/30/1167
f 932/30/1163 3465/30/1169 3483/30/1169 3482/30/1163
f 939/30/1170 928/30/1170 3478/30/1170 3494/30/1170
f 929/30/1171 930/30/1172 3480/30/1172 3476/30/1171
f 936/30/1168 937/30/228 3491/30/228 3490/30/1168
f 933/30/1173 3467/30/1173 3485/30/1173 3484/30/1173
f 930/30/1172 931/30/105 3481/30/105 3480/30/1172
f 937/30/228 938/30/1164 3492/30/1164 3491/30/228
f 934/30/1174 935/30/1174 3488/30/1174 3486/30/1174
f 3487/31/1175 947/31/1176 3504/31/1177 3503/31/1175
f 943/31/1178 944/31/1179 3500/31/1180 3499/31/1178
f 950/31/1181 951/31/1182 3508/31/1183 3507/31/1184
f 3479/31/1185 941/31/1186 3495/31/1187 3496/31/1185
f 947/31/1176 948/31/1188 3505/31/1189 3504/31/1177
f 944/31/1179 945/31/1190 3501/31/1191 3500/31/1180
f 951/31/1182 940/31/1192 3497/31/1192 3508/31/1183
f 941/31/1186 942/31/1193 3498/31/1194 3495/31/1187
f 948/31/1188 949/31/1195 3506/31/1195 3505/31/1189
f 945/31/1190 946/31/1196 3502/31/1196 3501/31/1191
f 942/31/1193 943/31/1178 3499/31/1178 3498/31/1194
f 949/31/1195 950/31/1181 3507/31/1184 3506/31/1195
f 953/31/231 954/31/231 955/31/231 956/31/231 957/31/231 958/31/231 959/31/231 960/31/231 961/31/231 962/31/231 963/31/231 952/31/231
f 3533/26/1197 3534/26/1198 3536/26/1199 3535/26/1197
f 3537/26/1200 3538/26/1201 980/26/1202 976/26/1200
f 3539/26/1203 3540/26/1204 981/26/1205 977/26/1203
f 979/26/1206 983/26/1207 982/26/1208 978/26/1206
f 3534/26/1198 3541/26/1209 3542/26/1210 3536/26/1199
f 3538/26/1201 3543/26/1211 984/26/1212 980/26/1202
f 3540/26/1204 3544/26/1213 985/26/1214 981/26/1205
f 983/26/1207 987/26/1215 986/26/1216 982/26/1208
f 3541/26/1209 3545/26/1217 3546/26/1218 3542/26/1210
f 3543/26/1211 3547/26/1219 988/26/1220 984/26/1212
f 3544/26/1213 3548/26/1221 989/26/1222 985/26/1214
f 987/26/1215 991/26/1223 990/26/1224 986/26/1216
f 3545/26/1217 3549/26/1225 3550/26/1226 3546/26/1218
f 3547/26/1219 3551/26/1227 992/26/1228 988/26/1220
f 3548/26/1221 3552/26/1229 993/26/1230 989/26/1222
f 991/26/1223 995/26/1231 994/26/1232 990/26/1224
f 3549/26/1225 3553/26/1233 3554/26/1234 3550/26/1226
f 3551/26/1227 3555/26/1235 996/26/1236 992/26/1228
f 3552/26/1229 3556/26/1237 997/26/1238 993/26/1230
f 995/26/1231 999/26/1239 998/26/1239 994/26/1232
f 3553/26/1233 3557/26/1240 3558/26/1241 3554/26/1234
f 3555/26/1235 3559/26/1242 1000/26/1243 996/26/1236
f 3556/26/1237 3560/26/1244 1001/26/1245 997/26/1238
f 999/26/1239 1003/26/1246 1002/26/1247 998/26/1239
f 3557/26/1240 3561/26/1248 3562/26/1249 3558/26/1241
f 3559/26/1242 3563/26/1250 1004/26/1250 1000/26/1243
f 3560/26/1244 3564/26/1251 1005/26/1251 1001/26/1245
f 1003/26/1246 1007/26/1252 1006/26/1252 1002/26/1247
f 3561/26/1248 3565/26/1253 3566/26/1254 3562/26/1249
f 3563/26/1250 3567/26/1255 1008/26/1256 1004/26/1250
f 3564/26/1251 3568/26/1257 1009/26/1258 1005/26/1251
f 1007/26/1252 1011/26/1259 1010/26/1260 1006/26/1252
f 3565/26/1253 3569/26/1261 3570/26/1262 3566/26/1254
f 3567/26/1255 3571/26/1263 1012/26/1264 1008/26/1256
f 3568/26/1257 3572/26/1265 1013/26/1266 1009/26/1258
f 1011/26/1259 1015/26/1267 1014/26/1268 1010/26/1260
f 3569/26/1261 3573/26/1269 3574/26/1269 3570/26/1262
f 3571/26/1263 3575/26/1270 1016/26/1270 1012/26/1264
f 3572/26/1265 3576/26/1271 1017/26/1271 1013/26/1266
f 1015/26/1267 1019/26/1272 1018/26/1272 1014/26/1268
f 3601/26/1273 3602/26/1198 3604/26/1199 3603/26/1273
f 3605/26/1274 3606/26/1275 1036/26/1202 1032/26/1274
f 3607/26/1276 3608/26/1204 1037/26/1277 1033/26/1276
f 1035/26/1278 1039/26/1207 1038/26/1279 1034/26/1278
f 3602/26/1198 3609/26/1209 3610/26/1210 3604/26/1199
f 3606/26/1275 3611/26/1211 1040/26/1212 1036/26/1202
f 3608/26/1204 3612/26/1213 1041/26/1214 1037/26/1277
f 1039/26/1207 1043/26/1215 1042/26/1216 1038/26/1279
f 3609/26/1209 3613/26/1280 3614/26/1218 3610/26/1210
f 3611/26/1211 3615/26/1219 1044/26/1220 1040/26/1212
f 3612/26/1213 3616/26/1221 1045/26/1222 1041/26/1214
f 1043/26/1215 1047/26/1223 1046/26/1224 1042/26/1216
f 3613/26/1280 3617/26/1225 3618/26/1226 3614/26/1218
f 3615/26/1219 3619/26/1227 1048/26/1228 1044/26/1220
f 3616/26/1221 3620/26/1281 1049/26/1230 1045/26/1222
f 1047/26/1223 1051/26/1231 1050/26/1232 1046/26/1224
f 3617/26/1225 3621/26/1233 3622/26/1234 3618/26/1226
f 3619/26/1227 3623/26/1282 1052/26/1283 1048/26/1228
f 3620/26/1281 3624/26/1237 1053/26/1237 1049/26/1230
f 1051/26/1231 1055/26/1284 1054/26/1284 1050/26/1232
f 3621/26/1233 3625/26/1240 3626/26/1241 3622/26/1234
f 3623/26/1282 3627/26/1285 1056/26/1286 1052/26/1283
f 3624/26/1237 3628/26/1244 1057/26/1245 1053/26/1237
f 1055/26/1284 1059/26/1287 1058/26/1247 1054/26/1284
f 3625/26/1240 3629/26/1248 3630/26/1249 3626/26/1241
f 3627/26/1285 3631/26/1250 1060/26/1288 1056/26/1286
f 3628/26/1244 3632/26/1289 1061/26/1289 1057/26/1245
f 1059/26/1287 1063/26/1252 1062/26/1252 1058/26/1247
f 3629/26/1248 3633/26/1290 3634/26/1291 3630/26/1249
f 3631/26/1250 3635/26/1292 1064/26/1256 1060/26/1288
f 3632/26/1289 3636/26/1257 1065/26/1258 1061/26/1289
f 1063/26/1252 1067/26/1259 1066/26/1260 1062/26/1252
f 3633/26/1290 3637/26/1293 3638/26/1294 3634/26/1291
f 3635/26/1292 3639/26/1295 1068/26/1296 1064/26/1256
f 3636/26/1257 3640/26/1297 1069/26/1298 1065/26/1258
f 1067/26/1259 1071/26/1267 1070/26/1268 1066/26/1260
f 3637/26/1293 3641/26/1269 3642/26/1269 3638/26/1294
f 3639/26/1295 3643/26/1299 1072/26/1299 1068/26/1296
f 3640/26/1297 3644/26/1300 1073/26/1300 1069/26/1298
f 1071/26/1267 1075/26/1301 1074/26/1301 1070/26/1268
f 3669/26/1302 3671/26/1302 3672/26/1303 3670/26/1304
f 3673/26/1305 1088/26/1305 1092/26/1306 3674/26/1307
f 3675/26/1308 1089/26/1308 1093/26/1309 3676/26/1310
f 1091/26/1311 1090/26/1311 1094/26/1312 1095/26/1313
f 3670/26/1304 3672/26/1303 3678/26/1314 3677/26/1315
f 3674/26/1307 1092/26/1306 1096/26/1316 3679/26/1317
f 3676/26/1310 1093/26/1309 1097/26/1318 3680/26/1319
f 1095/26/1313 1094/26/1312 1098/26/1320 1099/26/1321
f 3677/26/1315 3678/26/1314 3682/26/1322 3681/26/1323
f 3679/26/1317 1096/26/1316 1100/26/1324 3683/26/1325
f 3680/26/1319 1097/26/1318 1101/26/1326 3684/26/1327
f 1099/26/1321 1098/26/1320 1102/26/1328 1103/26/1329
f 3681/26/1323 3682/26/1322 3686/26/1330 3685/26/1331
f 3683/26/1325 1100/26/1324 1104/26/1332 3687/26/1333
f 3684/26/1327 1101/26/1326 1105/26/1334 3688/26/1335
f 1103/26/1329 1102/26/1328 1106/26/1336 1107/26/1337
f 3685/26/1331 3686/26/1330 3690/26/1338 3689/26/1338
f 3687/26/1333 1104/26/1332 1108/26/1339 3691/26/1340
f 3688/26/1335 1105/26/1334 1109/26/1341 3692/26/1341
f 1107/26/1337 1106/26/1336 1110/26/1342 1111/26/1343
f 3689/26/1338 3690/26/1338 3694/26/1344 3693/26/1345
f 3691/26/1340 1108/26/1339 1112/26/1346 3695/26/1347
f 3692/26/1341 1109/26/1341 1113/26/1348 3696/26/1349
f 1111/26/1343 1110/26/1342 1114/26/1350 1115/26/1351
f 3693/26/1345 3694/26/1344 3698/26/1352 3697/26/1353
f 3695/26/1347 1112/26/1346 1116/26/1354 3699/26/1354
f 3696/26/1349 1113/26/1348 1117/26/1355 3700/26/1356
f 1115/26/1351 1114/26/1350 1118/26/1357 1119/26/1357
f 3697/26/1353 3698/26/1352 3702/26/1358 3701/26/1359
f 3699/26/1354 1116/26/1354 1120/26/1360 3703/26/1361
f 3700/26/1356 1117/26/1355 1121/26/1362 3704/26/1363
f 1119/26/1357 1118/26/1357 1122/26/1364 1123/26/1365
f 3701/26/1359 3702/26/1358 3706/26/1366 3705/26/1367
f 3703/26/1361 1120/26/1360 1124/26/1368 3707/26/1369
f 3704/26/1363 1121/26/1362 1125/26/1370 3708/26/1370
f 1123/26/1365 1122/26/1364 1126/26/1371 1127/26/1372
f 3705/26/1367 3706/26/1366 3710/26/1373 3709/26/1373
f 3707/26/1369 1124/26/1368 1128/26/1374 3711/26/1374
f 3708/26/1370 1125/26/1370 1129/26/1375 3712/26/1375
f 1127/26/1372 1126/26/1371 1130/26/1376 1131/26/1376
f 3737/26/1377 3739/26/1377 3740/26/1303 3738/26/1304
f 3741/26/1378 1144/26/1378 1148/26/1306 3742/26/1307
f 3743/26/1379 1145/26/1379 1149/26/1380 3744/26/1310
f 1147/26/1381 1146/26/1381 1150/26/1382 1151/26/1383
f 3738/26/1304 3740/26/1303 3746/26/1384 3745/26/1315
f 3742/26/1307 1148/26/1306 1152/26/1316 3747/26/1317
f 3744/26/1310 1149/26/1380 1153/26/1318 3748/26/1319
f 1151/26/1383 1150/26/1382 1154/26/1385 1155/26/1386
f 3745/26/1315 3746/26/1384 3750/26/1322 3749/26/1387
f 3747/26/1317 1152/26/1316 1156/26/1324 3751/26/1325
f 3748/26/1319 1153/26/1318 1157/26/1326 3752/26/1327
f 1155/26/1386 1154/26/1385 1158/26/1328 1159/26/1329
f 3749/26/1387 3750/26/1322 3754/26/1330 3753/26/1388
f 3751/26/1325 1156/26/1324 1160/26/1332 3755/26/1333
f 3752/26/1327 1157/26/1326 1161/26/1334 3756/26/1389
f 1159/26/1329 1158/26/1328 1162/26/1336 1163/26/1390
f 3753/26/1388 3754/26/1330 3758/26/1391 3757/26/1391
f 3755/26/1333 1160/26/1332 1164/26/1339 3759/26/1392
f 3756/26/1389 1161/26/1334 1165/26/1393 3760/26/1341
f 1163/26/1390 1162/26/1336 1166/26/1394 1167/26/1395
f 3757/26/1391 3758/26/1391 3762/26/1344 3761/26/1396
f 3759/26/1392 1164/26/1339 1168/26/1397 3763/26/1398
f 3760/26/1341 1165/26/1393 1169/26/1399 3764/26/1400
f 1167/26/1395 1166/26/1394 1170/26/1350 1171/26/1401
f 3761/26/1396 3762/26/1344 3766/26/1402 3765/26/1402
f 3763/26/1398 1168/26/1397 1172/26/1354 3767/26/1354
f 3764/26/1400 1169/26/1399 1173/26/1403 3768/26/1403
f 1171/26/1401 1170/26/1350 1174/26/1404 1175/26/1404
f 3765/26/1402 3766/26/1402 3770/26/1358 3769/26/1405
f 3767/26/1354 1172/26/1354 1176/26/1406 3771/26/1361
f 3768/26/1403 1173/26/1403 1177/26/1362 3772/26/1363
f 1175/26/1404 1174/26/1404 1178/26/1364 1179/26/1365
f 3769/26/1405 3770/26/1358 3774/26/1407 3773/26/1408
f 3771/26/1361 1176/26/1406 1180/26/1368 3775/26/1369
f 3772/26/1363 1177/26/1362 1181/26/1370 3776/26/1409
f 1179/26/1365 1178/26/1364 1182/26/1371 1183/26/1372
f 3773/26/1408 3774/26/1407 3778/26/1410 3777/26/1410
f 3775/26/1369 1180/26/1368 1184/26/1411 3779/26/1411
f 3776/26/1409 1181/26/1370 1185/26/1375 3780/26/1375
f 1183/26/1372 1182/26/1371 1186/26/1412 1187/26/1412
f 1191/32/105 1192/32/1413 3787/32/1413 3786/32/105
f 1198/32/1414 3799/32/1415 3797/32/1415 3796/32/1414
f 1188/32/227 3800/32/1416 3781/32/1416 3783/32/227
f 1195/32/1417 3802/32/1417 3793/32/1417 3792/32/1417
f 1192/32/1413 3803/32/1418 3788/32/1418 3787/32/1413
f 1199/32/1419 1188/32/227 3783/32/227 3798/32/1419
f 1189/32/1420 3804/32/1420 3784/32/1420 3782/32/1420
f 1196/32/1421 1197/32/228 3795/32/228 3794/32/1421
f 1193/32/1422 1194/32/229 3790/32/229 3789/32/1422
f 1190/32/1423 1191/32/105 3786/32/105 3785/32/1423
f 1197/32/228 1198/32/1414 3796/32/1414 3795/32/228
f 1194/32/229 3801/32/1424 3791/32/1424 3790/32/229
f 1201/32/231 1202/32/231 3807/32/231 3805/32/231
f 1208/32/231 1209/32/231 3814/32/231 3813/32/231
f 1205/32/231 1206/32/231 3811/32/231 3810/32/231
f 1202/32/231 1203/32/231 3808/32/231 3807/32/231
f 1209/32/231 1210/32/231 3815/32/231 3814/32/231
f 1206/32/231 1207/32/231 3812/32/231 3811/32/231
f 1203/32/231 1204/32/231 3809/32/231 3808/32/231
f 1210/32/231 1211/32/231 3816/32/231 3815/32/231
f 1200/32/231 1201/32/231 3805/32/231 3806/32/231
f 1207/32/231 1208/32/231 3813/32/231 3812/32/231
f 1204/32/231 1205/32/231 3810/32/231 3809/32/231
f 1211/32/231 1200/32/231 3806/32/231 3816/32/231
f 1272/33/1425 1273/33/1425 1274/33/1426 1275/33/1426
f 1276/33/1427 1277/33/1427 1278/33/1427 1279/33/1428
f 1280/33/1429 1281/33/1429 1282/33/1429 1283/33/1430
f 1284/33/1431 1285/33/1431 1286/33/1431 1287/33/1431
f 1288/33/1432 1289/33/1432 1290/33/1432 1291/33/1432
f 1292/33/1433 1293/33/1433 1294/33/1433 1295/33/1433
f 1296/33/1434 1297/33/1435 1298/33/1435 1299/33/1436
f 1300/33/1437 1301/33/1437 1302/33/1437 1303/33/1437
f 1304/33/1438 1305/33/1438 1306/33/1438 1307/33/1438
f 1308/33/1439 1309/33/1439 1310/33/1440 1311/33/1440
f 1312/33/1441 1313/33/1442 1314/33/1441 1315/33/1441
f 1316/33/1443 1317/33/1444 1318/33/1444 1319/33/1445
f 3820/32/231 3821/32/231 3836/32/231 3834/32/231
f 3827/32/231 3828/32/1446 3846/32/1446 3845/32/231
f 3818/32/1446 3817/32/231 3829/32/231 3831/32/1446
f 3824/32/231 3825/32/231 3841/32/231 3839/32/231
f 3821/32/231 3822/32/231 3837/32/231 3836/32/231
f 3828/32/1446 3818/32/1446 3831/32/1446 3846/32/1446
f 3817/32/231 3819/32/231 3832/32/231 3829/32/231
f 3825/32/231 3826/32/231 3843/32/231 3841/32/231
f 3822/32/231 3823/32/231 3838/32/231 3837/32/231
f 3819/32/231 3820/32/231 3834/32/231 3832/32/231
f 3826/32/231 3827/32/231 3845/32/231 3843/32/231
f 3823/32/231 3824/32/231 3839/32/231 3838/32/231
f 3835/32/1447 1240/32/1448 3854/32/1449 3853/32/1447
f 1246/32/1450 1247/32/1451 3864/32/1452 3863/32/1453
f 1236/32/1454 3830/32/1455 3847/32/1455 3849/32/1456
f 3840/32/1457 3842/32/1457 3859/32/1457 3858/32/1457
f 1240/32/1448 1241/32/1458 3855/32/1459 3854/32/1449
f 1247/32/1451 1236/32/1454 3849/32/1456 3864/32/1452
f 1237/32/1460 3833/32/1460 3850/32/1460 3848/32/1460
f 1244/32/1461 3844/32/1461 3861/32/1461 3860/32/1461
f 1241/32/1458 1242/32/1462 3856/32/1463 3855/32/1459
f 1238/32/1464 1239/32/1464 3852/32/1464 3851/32/1464
f 1245/32/1465 1246/32/1450 3863/32/1453 3862/32/1465
f 1242/32/1462 1243/32/1466 3857/32/1466 3856/32/1463
f 1259/32/1467 1248/32/1468 1261/32/1469 1271/32/1470
f 1260/32/1471 1262/32/1472 1263/32/1473 1264/32/1474 1265/32/1475 1266/32/1476 1267/32/1477 1268/32/1478 1269/32/1479 1270/32/1480 1271/32/1470 1261/32/1469
f 1249/32/1481 1250/32/1482 1262/32/1472 1260/32/1471
f 1256/32/1483 1257/32/1484 1269/32/1479 1268/32/1478
f 1253/32/1485 1254/32/1486 1266/32/1476 1265/32/1475
f 1250/32/1482 1251/32/1487 1263/32/1473 1262/32/1472
f 1257/32/1484 1258/32/1488 1270/32/1480 1269/32/1479
f 1254/32/1486 1255/32/1489 1267/32/1477 1266/32/1476
f 1251/32/1487 1252/32/1490 1264/32/1474 1263/32/1473
f 1258/32/1488 1259/32/1467 1271/32/1470 1270/32/1480
f 1248/32/1468 1249/32/1481 1260/32/1471 1261/32/1469
f 1255/32/1489 1256/32/1483 1268/32/1478 1267/32/1477
f 1252/32/1490 1253/32/1485 1265/32/1475 1264/32/1474
f 1223/32/1491 1212/32/1492 1273/32/1425 1272/32/1425
f 1212/32/1492 1224/32/1492 1274/32/1426 1273/32/1425
f 1224/32/1492 1235/32/1491 1275/32/1426 1274/32/1426
f 1235/32/1491 1223/32/1491 1272/32/1425 1275/32/1426
f 1213/32/1493 1214/32/1494 1277/32/1427 1276/32/1427
f 1214/32/1494 1226/32/1494 1278/32/1427 1277/32/1427
f 1226/32/1494 1225/32/1493 1279/32/1428 1278/32/1427
f 1225/32/1493 1213/32/1493 1276/32/1427 1279/32/1428
f 1220/32/1495 1221/32/1496 1281/32/1429 1280/32/1429
f 1221/32/1496 1233/32/1496 1282/32/1429 1281/32/1429
f 1233/32/1496 1232/32/1497 1283/32/1430 1282/32/1429
f 1232/32/1497 1220/32/1495 1280/32/1429 1283/32/1430
f 1217/32/1498 1218/32/1499 1285/32/1431 1284/32/1431
f 1218/32/1499 1230/32/1499 1286/32/1431 1285/32/1431
f 1230/32/1499 1229/32/1498 1287/32/1431 1286/32/1431
f 1229/32/1498 1217/32/1498 1284/32/1431 1287/32/1431
f 1214/32/1494 1215/32/1500 1289/32/1432 1288/32/1432
f 1215/32/1500 1227/32/1500 1290/32/1432 1289/32/1432
f 1227/32/1500 1226/32/1494 1291/32/1432 1290/32/1432
f 1226/32/1494 1214/32/1494 1288/32/1432 1291/32/1432
f 1221/32/1496 1222/32/1501 1293/32/1433 1292/32/1433
f 1222/32/1501 1234/32/1501 1294/32/1433 1293/32/1433
f 1234/32/1501 1233/32/1496 1295/32/1433 1294/32/1433
f 1233/32/1496 1221/32/1496 1292/32/1433 1295/32/1433
f 1218/32/1499 1219/32/1502 1297/32/1435 1296/32/1434
f 1219/32/1502 1231/32/1502 1298/32/1435 1297/32/1435
f 1231/32/1502 1230/32/1499 1299/32/1436 1298/32/1435
f 1230/32/1499 1218/32/1499 1296/32/1434 1299/32/1436
f 1215/32/1500 1216/32/1503 1301/32/1437 1300/32/1437
f 1216/32/1503 1228/32/1503 1302/32/1437 1301/32/1437
f 1228/32/1503 1227/32/1500 1303/32/1437 1302/32/1437
f 1227/32/1500 1215/32/1500 1300/32/1437 1303/32/1437
f 1222/32/1501 1223/32/1491 1305/32/1438 1304/32/1438
f 1223/32/1491 1235/32/1491 1306/32/1438 1305/32/1438
f 1235/32/1491 1234/32/1501 1307/32/1438 1306/32/1438
f 1234/32/1501 1222/32/1501 1304/32/1438 1307/32/1438
f 1212/32/1492 1213/32/1493 1309/32/1439 1308/32/1439
f 1213/32/1493 1225/32/1493 1310/32/1440 1309/32/1439
f 1225/32/1493 1224/32/1492 1311/32/1440 1310/32/1440
f 1224/32/1492 1212/32/1492 1308/32/1439 1311/32/1440
f 1219/32/1502 1220/32/1495 1313/32/1442 1312/32/1441
f 1220/32/1495 1232/32/1497 1314/32/1441 1313/32/1442
f 1232/32/1497 1231/32/1502 1315/32/1441 1314/32/1441
f 1231/32/1502 1219/32/1502 1312/32/1441 1315/32/1441
f 1216/32/1503 1217/32/1498 1317/32/1444 1316/32/1443
f 1217/32/1498 1229/32/1498 1318/32/1444 1317/32/1444
f 1229/32/1498 1228/32/1503 1319/32/1445 1318/32/1444
f 1228/32/1503 1216/32/1503 1316/32/1443 1319/32/1445
f 3865/32/230 3866/32/230 3959/32/230 1496/32/230
f 3868/32/230 3865/32/230 1496/32/230 3870/32/230
f 4265/32/230 3934/32/230 4264/32/230 1506/32/230
f 3927/32/1504 3929/32/1504 4314/32/1504 4263/32/1504
f 3893/32/230 3886/32/1505 3884/32/1505 3883/32/230
f 4057/32/1506 3893/32/230 3883/32/230 4061/32/1506
f 3921/32/1507 4221/32/1507 4222/32/1507 3923/32/1507
f 4231/32/1424 3922/32/1424 3924/32/1424 4310/32/1424
f 4195/32/1508 4194/32/1414 4319/32/1414 4240/32/1508
f 1337/32/230 1460/32/230 4219/32/230 4220/32/230
f 4105/32/230 1591/32/230 1593/32/230 4103/32/230
f 1591/32/230 4097/32/230 3955/32/230 1593/32/230
f 1432/32/230 4196/32/230 3898/32/230 3897/32/230
f 4203/32/230 1432/32/230 3897/32/230 3900/32/230
f 4212/32/230 4210/32/230 1486/32/230 3874/32/230
f 3874/32/230 1486/32/230 4169/32/230 3872/32/230
f 4257/32/1413 4275/32/1413 3930/32/1413 3928/32/1413
f 1510/32/1509 3933/32/1510 3931/32/1510 4290/32/1509
f 3880/32/230 3882/32/230 3875/32/230 3878/32/230
f 3882/32/230 3888/32/230 3876/32/230 3875/32/230
f 4288/32/1511 3894/32/230 3890/32/230 3891/32/1511
f 3894/32/230 3895/32/230 4280/32/230 3890/32/230
f 3911/32/230 4135/32/230 3909/32/230 3907/32/230
f 3912/32/230 4136/32/230 4135/32/230 3911/32/230
f 4120/32/230 3914/32/230 3916/32/230 4339/32/230
f 4121/32/230 4120/32/230 4339/32/230 4171/32/230
f 4160/32/230 1456/32/230 1462/32/230 4251/32/230
f 1456/32/230 4152/32/230 4262/32/230 1462/32/230
f 4093/32/230 4110/32/230 4150/32/230 1326/32/230
f 4094/32/230 4093/32/230 1326/32/230 4144/32/230
f 3905/32/1512 3903/32/1512 3902/32/230 4138/32/230
f 4138/32/230 3902/32/230 4133/32/230 4131/32/230
f 3917/32/1424 3915/32/1424 4180/32/1424 4176/32/1424
f 3892/32/1423 3939/32/1423 4285/32/1423 4287/32/1423
f 4069/32/230 3968/32/230 4075/32/230 4028/32/230
f 4070/32/230 3969/32/230 3968/32/230 4069/32/230
f 4193/32/1513 4320/32/1513 3935/32/1513 3937/32/1513
f 4044/32/230 4041/32/1506 4064/32/1506 4066/32/230
f 3919/32/230 4163/32/230 4340/32/230 3918/32/230
f 3918/32/230 4340/32/230 4157/32/230 3925/32/230
f 3993/32/230 4037/32/230 4015/32/230 4014/32/230
f 3994/32/230 3993/32/230 4014/32/230 4017/32/230
f 4082/32/230 4084/32/230 3941/32/230 3942/32/230
f 4084/32/230 3948/32/230 3950/32/230 3941/32/230
f 1530/32/230 3986/32/230 4047/32/230 1414/32/230
f 4001/32/1512 1530/32/230 1414/32/230 4024/32/1512
f 3974/32/230 3971/32/230 3976/32/230 3977/32/230
f 3971/32/230 3972/32/230 3983/32/230 3976/32/230
f 1607/32/1414 4266/32/1414 4267/32/1414 3932/32/1414
f 1330/32/105 4056/32/105 4054/32/105 4311/32/105
f 3887/32/105 1330/32/105 4311/32/105 3981/32/105
f 4104/32/1507 4106/32/1507 4291/32/1507 4289/32/1507
f 4060/32/228 1332/32/228 4312/32/228 4062/32/228
f 3938/32/1419 3936/32/1419 3964/32/1419 3966/32/1419
f 1400/32/1420 3995/32/1514 4012/32/1514 4296/32/1420
f 4254/32/1418 3958/32/1418 3956/32/1418 4313/32/1418
f 1575/32/1422 4308/32/1422 3940/32/1422 1576/32/1422
f 4041/32/1506 4042/32/1506 4058/32/1506 4064/32/1506
f 4344/32/1515 4292/32/1515 4100/32/1516 4102/32/1516
f 3873/32/1509 4168/32/1509 4166/32/1509 4052/32/1509
f 3944/32/1513 3946/32/1513 4320/32/1513 4193/32/1513
f 1578/32/1517 4335/32/1517 3979/32/1518 3889/32/1518
f 4123/32/230 4124/32/230 4118/32/230 4116/32/230
f 4112/32/230 4114/32/230 4124/32/230 4123/32/230
f 4096/32/1424 4098/32/1424 3952/32/1424 3954/32/1424
f 1342/32/1519 4095/32/1520 4141/32/1520 4325/32/1519
f 3871/32/1418 4254/32/1418 4313/32/1418 4080/32/1418
f 3960/32/1521 3962/32/1521 3947/32/1521 3945/32/1521
f 1495/32/1522 3953/32/1522 4292/32/1515 4344/32/1515
f 1362/32/229 4333/32/229 4201/32/229 3913/32/229
f 1488/32/1417 3867/32/1417 4108/32/1417 3957/32/1417
f 4192/32/1421 4321/32/1421 3963/32/1421 3961/32/1421
f 4033/32/1420 4035/32/1420 4315/32/1514 4247/32/1514
f 4211/32/1413 1585/32/1413 4293/32/1413 4213/32/1413
f 3967/32/1421 3965/32/1421 4321/32/1421 4192/32/1421
f 4246/32/1523 4316/32/1523 4029/32/1523 4031/32/1523
f 3984/32/1423 3989/32/1423 4329/32/1423 1539/32/1423
f 4247/32/1514 4315/32/1514 4002/32/1514 4004/32/1514
f 1410/32/230 1412/32/230 1398/32/230 1402/32/230
f 1412/32/230 1404/32/230 1392/32/230 1398/32/230
f 1580/32/1524 3980/32/1524 4039/32/1524 3877/32/1524
f 3985/32/1517 4343/32/1517 4294/32/1517 3987/32/1517
f 3908/32/1525 3996/32/1525 4333/32/229 1362/32/229
f 3885/32/227 1331/32/227 3982/32/227 3991/32/227
f 4046/32/1520 1411/32/1520 3988/32/1520 4048/32/1520
f 3973/32/1422 4078/32/1422 3990/32/1422 1541/32/1422
f 4006/32/1417 4008/32/1417 4316/32/1523 4246/32/1523
f 1460/32/230 4187/32/230 4189/32/230 4219/32/230
f 1332/32/228 1335/32/228 3992/32/228 4312/32/228
f 4343/32/1517 4000/32/1517 3998/32/1517 4294/32/1517
f 1498/32/230 1502/32/230 4005/32/230 4007/32/230
f 4032/32/230 4034/32/230 1502/32/230 1498/32/230
f 3910/32/228 4197/32/228 3997/32/228 1361/32/228
f 3978/32/1419 4050/32/1419 4072/32/1419 3975/32/1419
f 1506/32/230 4264/32/230 4258/32/230 1505/32/230
f 3881/32/1517 4010/32/1517 4335/32/1517 1578/32/1517
f 1409/32/1526 4023/32/1526 4021/32/1526 3999/32/1526
f 4074/32/1421 4076/32/1421 4025/32/1421 4027/32/1421
f 1501/32/1415 4003/32/1415 4009/32/1415 1497/32/1415
f 3879/32/1526 4019/32/1526 4011/32/1526 1579/32/1526
f 1401/32/1418 4018/32/1418 4242/32/1418 4013/32/1418
f 1582/32/1527 4336/32/1527 4020/32/1527 1581/32/1527
f 1533/32/1528 4342/32/1527 4295/32/1527 4022/32/1528
f 1512/32/1422 4026/32/1422 4326/32/1422 1513/32/1422
f 1499/32/1529 4030/32/1529 4036/32/1529 1503/32/1529
f 1583/32/1530 4040/32/1530 4336/32/1527 1582/32/1527
f 4342/32/1527 1535/32/1527 4049/32/1527 4295/32/1527
f 1539/32/1423 4329/32/1423 4051/32/1423 1540/32/1423
f 4038/32/1420 1400/32/1420 4296/32/1420 4215/32/1420
f 4083/32/1531 4089/32/1531 4300/32/1531 1426/32/1531
f 3904/32/1532 3906/32/1532 4224/32/1532 4127/32/1532
f 4065/32/105 1521/32/105 4297/32/105 4067/32/105
f 1585/32/1413 1584/32/1533 4053/32/1533 4293/32/1413
f 1484/32/229 1470/32/229 4063/32/229 4055/32/229
f 4045/32/227 1397/32/227 4068/32/227 4178/32/227
f 1536/32/1534 4073/32/1534 4330/32/1534 1537/32/1534
f 1390/32/1419 4298/32/1419 4077/32/1419 1515/32/1419
f 1537/32/1534 4330/32/1534 4079/32/1534 1538/32/1534
f 3869/32/1420 1325/32/1420 4081/32/1420 4085/32/1420
f 3970/32/1419 4087/32/1419 4298/32/1419 1390/32/1419
f 1320/32/1415 1321/32/1415 4086/32/1415 4337/32/1415
f 4071/32/1513 4091/32/1513 4088/32/1513 1391/32/1513
f 3943/32/1413 4158/32/1413 4090/32/1413 1425/32/1413
f 1513/32/1422 4326/32/1422 4092/32/1422 1514/32/1422
f 4161/32/229 4232/32/229 4322/32/229 4151/32/229
f 4341/32/1526 4149/32/1526 4147/32/1526 4299/32/1526
f 1426/32/1531 4300/32/1531 4129/32/1531 3949/32/1531
f 4059/32/105 4125/32/105 4297/32/105 1521/32/105
f 4289/32/1507 4291/32/1507 4099/32/1507 1592/32/1507
f 1493/32/1416 4101/32/1416 4107/32/1416 1489/32/1416
f 1323/32/1415 1320/32/1415 4337/32/1415 4109/32/1415
f 4143/32/1526 4341/32/1526 4299/32/1526 4145/32/1526
f 3951/32/1535 4139/32/1535 4331/32/1536 1545/32/1536
f 4231/32/1424 4310/32/1424 4184/32/1424 4186/32/1424
f 4162/32/1420 3920/32/1420 4236/32/1420 4164/32/1420
f 4043/32/229 4182/32/229 4126/32/229 1523/32/229
f 4151/32/229 4322/32/229 4227/32/229 4153/32/229
f 3926/32/1417 4156/32/1417 4154/32/1417 4199/32/1417
f 1564/32/1424 1565/32/1424 4128/32/1424 4305/32/1424
f 1544/32/1414 4130/32/1414 4140/32/1414 1547/32/1414
f 1338/32/1537 1381/32/1537 4146/32/1537 4142/32/1537
f 1383/32/1530 4111/32/1530 4283/32/1530 4148/32/1530
f 4188/32/1538 4190/32/1538 4317/32/1416 1448/32/1416
f 1437/32/1415 1552/32/1539 4301/32/1539 4155/32/1415
f 1545/32/1536 4331/32/1536 4159/32/1536 1546/32/1536
f 4226/32/1414 4209/32/1540 4207/32/1540 4318/32/1414
f 1552/32/1539 1439/32/1539 4165/32/1539 4301/32/1539
f 1450/32/1416 4132/32/1416 4174/32/1416 4306/32/1416
f 4170/32/1515 1354/32/1515 4302/32/1515 4172/32/1515
f 4137/32/227 4205/32/227 4304/32/227 1374/32/227
f 1485/32/1508 4226/32/1414 4318/32/1414 4167/32/1508
f 4122/32/1416 1373/32/1416 4173/32/1416 4234/32/1416
f 1449/32/1515 4134/32/1515 4217/32/1515 4175/32/1515
f 1354/32/1515 1375/32/1515 4177/32/1515 4302/32/1515
f 1519/32/228 1518/32/228 4179/32/228 4327/32/228
f 3901/32/1541 1348/32/1413 4334/32/1413 4229/32/1541
f 1371/32/1542 1364/32/1507 4303/32/1507 4181/32/1542
f 1519/32/228 4327/32/228 4183/32/228 1520/32/228
f 1452/32/1515 4185/32/1515 4191/32/1515 1440/32/1515
f 1374/32/227 4304/32/227 4198/32/227 1365/32/227
f 1549/32/1418 1548/32/1418 4200/32/1418 4332/32/1418
f 1363/32/105 4202/32/105 4206/32/105 1370/32/105
f 1348/32/1413 3899/32/1533 4238/32/1533 4334/32/1413
f 1487/32/1531 1483/32/1531 4214/32/1531 4208/32/1531
f 4016/32/1539 1526/32/1539 4216/32/1539 4255/32/1539
f 4115/32/1519 4271/32/1519 4323/32/1520 1446/32/1520
f 1453/32/1543 1564/32/1424 4305/32/1424 4218/32/1543
f 1442/32/1544 4324/32/1544 4269/32/1526 4113/32/1526
f 1444/32/1416 1448/32/1416 4317/32/1416 4223/32/1416
f 1562/32/1416 1450/32/1416 4306/32/1416 4225/32/1416
f 1572/32/1419 4309/32/1419 4277/32/1545 3896/32/1545
f 1446/32/1520 4323/32/1520 4244/32/1520 4119/32/1520
f 1459/32/105 4228/32/105 4259/32/105 4261/32/105
f 4204/32/1531 1349/32/1531 4230/32/1531 4273/32/1531
f 4117/32/1546 4248/32/1546 4324/32/1544 1442/32/1544
f 4250/32/228 4252/32/228 4233/32/228 1457/32/228
f 1364/32/1507 1360/32/1507 4235/32/1507 4303/32/1507
f 1550/32/1418 1549/32/1418 4332/32/1418 4237/32/1418
f 1351/32/1536 1430/32/1536 4241/32/1536 4239/32/1536
f 1527/32/1523 1528/32/1417 4328/32/1417 4243/32/1523
f 1445/32/1530 4245/32/1530 4249/32/1530 1441/32/1530
f 4338/32/227 4307/32/227 4253/32/227 1569/32/227
f 1528/32/1417 1529/32/1417 4256/32/1417 4328/32/1417
f 1571/32/227 4260/32/227 4307/32/227 4338/32/227
f 1507/32/1504 4263/32/1504 4314/32/1504 4268/32/1504
f 1443/32/1537 4270/32/1537 4272/32/1537 1447/32/1537
f 4194/32/1414 1436/32/1414 4274/32/1414 4319/32/1414
f 4279/32/1422 4281/32/1422 4308/32/1422 1575/32/1422
f 1510/32/1509 4290/32/1509 4276/32/1509 1509/32/1509
f 1574/32/1534 4278/32/1534 4282/32/1534 1471/32/1534
f 1334/32/1547 1342/32/1519 4325/32/1519 4284/32/1547
f 1465/32/1419 4286/32/1419 4309/32/1419 1572/32/1419
f 1418/32/231 1419/32/231 1416/32/231 1415/32/231
f 1423/32/231 1424/32/231 1421/32/231 1420/32/231
f 1424/32/231 1427/32/231 1422/32/231 1421/32/231
f 1466/32/231 1476/32/231 1491/32/231 1473/32/231
f 1522/32/231 1551/32/231 1554/32/231 1532/32/231
f 1525/32/231 1534/32/231 1551/32/231 1522/32/231
f 1481/32/231 1482/32/231 1478/32/231 1477/32/231
f 1482/32/231 1490/32/231 1479/32/231 1478/32/231
f 1403/32/231 1396/32/231 1395/32/1548 1399/32/1548
f 1382/32/231 1379/32/231 1377/32/231 1380/32/231
f 1384/32/231 1378/32/231 1379/32/231 1382/32/231
f 1531/32/231 1386/32/231 1517/32/231 1387/32/231
f 1387/32/231 1517/32/231 1385/32/231 1524/32/231
f 1511/32/231 1372/32/231 1368/32/231 1376/32/231
f 1516/32/231 1369/32/231 1372/32/231 1511/32/231
f 1542/32/231 1393/32/231 1389/32/231 1543/32/231
f 1543/32/231 1389/32/231 1388/32/231 1394/32/231
f 1366/32/231 1367/32/231 1494/32/231 1358/32/231
f 1359/32/231 1366/32/231 1358/32/231 1492/32/231
f 1405/32/231 1553/32/231 1396/32/231 1403/32/231
f 1407/32/1549 1408/32/231 1556/32/231 1555/32/1549
f 1408/32/231 1413/32/231 1406/32/231 1556/32/231
f 1474/32/231 1475/32/231 1472/32/231 1356/32/231
f 1357/32/231 1474/32/231 1356/32/231 1355/32/231
f 1595/32/231 1558/32/231 1602/32/231 1594/32/231
f 1594/32/231 1602/32/231 1557/32/231 1598/32/231
f 1469/32/231 1464/32/231 1352/32/231 1467/32/231
f 1468/32/231 1353/32/231 1464/32/231 1469/32/231
f 1586/32/231 1561/32/231 1587/32/231 1568/32/231
f 1568/32/231 1587/32/231 1559/32/231 1563/32/231
f 1570/32/231 1573/32/231 1560/32/231 1566/32/231
f 1573/32/231 1577/32/231 1567/32/231 1560/32/231
f 1350/32/231 1346/32/231 1458/32/231 1347/32/231
f 1463/32/231 1345/32/231 1346/32/231 1350/32/231
f 1344/32/231 1339/32/231 1336/32/231 1341/32/231
f 1343/32/231 1340/32/231 1339/32/231 1344/32/231
f 1329/32/231 1333/32/231 1451/32/231 1438/32/231
f 1455/32/231 1329/32/231 1438/32/231 1435/32/231
f 1500/32/231 1589/32/231 1590/32/231 1504/32/231
f 1504/32/231 1590/32/231 1588/32/231 1508/32/231
f 1328/32/231 1324/32/231 1429/32/231 1327/32/231
f 1433/32/231 1431/32/231 1324/32/231 1328/32/231
f 1596/32/231 1480/32/231 1476/32/231 1466/32/231
f 1454/32/1548 1461/32/1548 1599/32/231 1601/32/231
f 1601/32/231 1599/32/231 1597/32/231 1600/32/231
f 1417/32/1550 1418/32/231 1415/32/231 1322/32/1550
f 1605/32/231 1603/32/231 1428/32/231 1606/32/231
f 1606/32/231 1428/32/231 1434/32/231 1604/32/231
f 4347/28/105 4349/28/105 4351/28/105 4345/28/105
f 4346/28/227 4352/28/227 4355/28/227 4353/28/227
f 4354/28/228 4356/28/228 4359/28/228 4357/28/228
f 4358/28/229 4360/28/229 4350/28/229 4348/28/229
f 1610/28/230 1614/28/230 1612/28/230 1608/28/230
f 1615/28/231 1611/28/231 1609/28/231 1613/28/231
f 4363/28/228 4361/28/228 4367/28/228 4365/28/228
f 4362/28/227 4369/28/227 4371/28/227 4368/28/227
f 4370/28/105 4373/28/105 4375/28/105 4372/28/105
f 4374/28/229 4364/28/229 4366/28/229 4376/28/229
f 1618/28/230 1616/28/230 1620/28/230 1622/28/230
f 1623/28/231 1621/28/231 1617/28/231 1619/28/231
f 4743/34/1551 4742/34/1551 4384/34/1551 1627/34/1551
f 4387/34/1552 4381/34/1552 4378/34/1552 1625/34/1552
f 4745/34/1553 4392/34/1553 4394/34/1553 1630/34/1553
f 4390/34/1554 4388/34/1554 1637/34/1554 1628/34/1554
f 4385/34/1555 4383/34/1555 4382/34/1555 1626/34/1555
f 4386/34/1556 4377/34/1556 4379/34/1556 4391/34/1556
f 1624/34/1557 4380/34/1557 4393/34/1557 1631/34/1557
f 4744/34/1558 4395/34/1558 4389/34/1558 1629/34/1558
f 4741/34/1559 4397/34/1559 4400/34/1560 1635/34/1560
f 1634/34/1561 4398/34/1561 4399/34/1562 1633/34/1562
f 1639/34/1563 4401/34/1563 4402/34/1564 1638/34/1564
f 1636/34/1565 4396/34/1565 4397/34/1559 4741/34/1559
f 1635/34/1560 4400/34/1560 4398/34/1561 1634/34/1561
f 1633/34/1562 4399/34/1562 4746/34/1566 1632/34/1567
f 1632/34/1567 4746/34/1566 4401/34/1563 1639/34/1563
f 1638/34/1564 4402/34/1564 4396/34/1565 1636/34/1565
f 1643/34/1568 1644/34/1568 1645/34/1568 1641/34/1568 1642/34/1568 1646/34/1568 1647/34/1568 1640/34/1568
f 4414/34/1551 4403/34/1551 4405/34/1551 1651/34/1551
f 4750/34/1552 4418/34/1552 4420/34/1552 1649/34/1552
f 4415/34/1553 4412/34/1553 4748/34/1553 1654/34/1553
f 4416/34/1554 4407/34/1554 4404/34/1554 1652/34/1554
f 4413/34/1555 4406/34/1555 4419/34/1555 1650/34/1555
f 4749/34/1556 1661/34/1556 4410/34/1556 4417/34/1556
f 1648/34/1557 4409/34/1557 4411/34/1557 1655/34/1557
f 4751/34/1558 4747/34/1558 4408/34/1558 1653/34/1558
f 1658/34/1559 4424/34/1559 4425/34/1569 1657/34/1569
f 1662/34/1561 4752/34/1561 4422/34/1562 4421/34/1570
f 1660/34/1563 4427/34/1563 4428/34/1564 1663/34/1564
f 1659/34/1565 4426/34/1565 4424/34/1559 1658/34/1559
f 1657/34/1569 4425/34/1569 4752/34/1561 1662/34/1561
f 4421/34/1570 4422/34/1562 4423/34/1566 1656/34/1566
f 1656/34/1566 4423/34/1566 4427/34/1563 1660/34/1563
f 1663/34/1564 4428/34/1564 4426/34/1565 1659/34/1565
f 1665/34/1568 1669/34/1568 1666/34/1568 1667/34/1568 1668/34/1568 1670/34/1568 1671/34/1568 1664/34/1568
f 4431/34/1551 4429/34/1551 4436/34/1551 1675/34/1551
f 4754/34/1552 4438/34/1552 4433/34/1552 1673/34/1552
f 4756/34/1571 4443/34/1571 4440/34/1571 1678/34/1571
f 4757/34/1554 1685/34/1554 4430/34/1554 1676/34/1554
f 4753/34/1555 4435/34/1555 4437/34/1555 1674/34/1555
f 4432/34/1556 4434/34/1556 4446/34/1556 4758/34/1556
f 1672/34/1557 4445/34/1557 4444/34/1557 1679/34/1557
f 4755/34/1558 4439/34/1558 4441/34/1558 1677/34/1558
f 1681/34/1559 4448/34/1559 4452/34/1560 1684/34/1560
f 1683/34/1561 4451/34/1561 4449/34/1562 1680/34/1562
f 1687/34/1563 4453/34/1563 4454/34/1564 1686/34/1564
f 4442/34/1565 4447/34/1565 4448/34/1559 1681/34/1559
f 1684/34/1560 4452/34/1560 4451/34/1561 1683/34/1561
f 1680/34/1562 4449/34/1562 4450/34/1566 1682/34/1566
f 1682/34/1566 4450/34/1566 4453/34/1563 1687/34/1563
f 1686/34/1564 4454/34/1564 4447/34/1565 4442/34/1565
f 1691/34/1568 1692/34/1568 1693/34/1568 1688/34/1568 1689/34/1568 1694/34/1568 1695/34/1568 1690/34/1568
f 4763/34/1572 4759/34/1572 4462/34/1572 1699/34/1572
f 4469/34/1573 4459/34/1573 4456/34/1573 1697/34/1573
f 4764/34/1574 4762/34/1574 4464/34/1574 1702/34/1574
f 4471/34/1575 4466/34/1575 4760/34/1575 1700/34/1575
f 4467/34/1576 4461/34/1576 4460/34/1576 1698/34/1576
f 4468/34/1577 4455/34/1577 4457/34/1577 4472/34/1577
f 1696/34/1578 4458/34/1578 1711/34/1578 1703/34/1578
f 4470/34/1579 4463/34/1579 4465/34/1579 1701/34/1579
f 1710/34/1580 4477/34/1580 4478/34/1581 1707/34/1581
f 1706/34/1582 4766/34/1582 4765/34/1583 1705/34/1583
f 4761/34/1584 4475/34/1584 4473/34/1585 1709/34/1585
f 1708/34/1586 4474/34/1586 4477/34/1580 1710/34/1580
f 1707/34/1581 4478/34/1581 4766/34/1582 1706/34/1582
f 1705/34/1583 4765/34/1583 4476/34/1587 1704/34/1587
f 1704/34/1587 4476/34/1587 4475/34/1584 4761/34/1584
f 1709/34/1585 4473/34/1585 4474/34/1586 1708/34/1586
f 1717/34/1588 1713/34/1588 1718/34/1588 1719/34/1588 1714/34/1588 1715/34/1588 1716/34/1588 1712/34/1588
f 4492/34/1572 4487/34/1572 4486/34/1572 1723/34/1572
f 4494/34/1573 4483/34/1573 4480/34/1573 1721/34/1573
f 4495/34/1574 4490/34/1574 1735/34/1574 1726/34/1574
f 4768/34/1575 4500/34/1575 4488/34/1575 1724/34/1575
f 4491/34/1576 4485/34/1576 4484/34/1576 1722/34/1576
f 4493/34/1577 4479/34/1577 4481/34/1577 4496/34/1577
f 1720/34/1578 4482/34/1578 4489/34/1578 1727/34/1578
f 4767/34/1579 4497/34/1579 4499/34/1579 1725/34/1579
f 1732/34/1580 4503/34/1580 4501/34/1589 1731/34/1589
f 1730/34/1582 4502/34/1582 4504/34/1583 1729/34/1583
f 1733/34/1584 4506/34/1584 4770/34/1585 4498/34/1585
f 1734/34/1586 4769/34/1586 4503/34/1580 1732/34/1580
f 1731/34/1589 4501/34/1589 4502/34/1582 1730/34/1582
f 1729/34/1583 4504/34/1583 4505/34/1587 1728/34/1587
f 1728/34/1587 4505/34/1587 4506/34/1584 1733/34/1584
f 4498/34/1585 4770/34/1585 4769/34/1586 1734/34/1586
f 1741/34/1588 1736/34/1588 1737/34/1588 1738/34/1588 1742/34/1588 1739/34/1588 1743/34/1588 1740/34/1588
f 4772/34/1572 4517/34/1572 4519/34/1572 1747/34/1572
f 4509/34/1573 4507/34/1573 1755/34/1573 1745/34/1573
f 4775/34/1574 4521/34/1574 4523/34/1574 1750/34/1574
f 4512/34/1575 4510/34/1575 1757/34/1575 1748/34/1575
f 4771/34/1576 1756/34/1576 4508/34/1576 1746/34/1576
f 4773/34/1577 4513/34/1577 4515/34/1577 4776/34/1577
f 1744/34/1578 4516/34/1578 4522/34/1578 1751/34/1578
f 4774/34/1579 4524/34/1579 4511/34/1579 1749/34/1579
f 4518/34/1580 4525/34/1580 4526/34/1589 4520/34/1589
f 1752/34/1582 4779/34/1582 4777/34/1583 4514/34/1583
f 1759/34/1584 4780/34/1584 4527/34/1585 1758/34/1585
f 1753/34/1586 4528/34/1586 4525/34/1580 4518/34/1580
f 4520/34/1589 4526/34/1589 4779/34/1582 1752/34/1582
f 4514/34/1583 4777/34/1583 4778/34/1587 1754/34/1587
f 1754/34/1587 4778/34/1587 4780/34/1584 1759/34/1584
f 1758/34/1585 4527/34/1585 4528/34/1586 1753/34/1586
f 1760/34/1588 1765/34/1588 1761/34/1588 1762/34/1588 1766/34/1588 1767/34/1588 1763/34/1588 1764/34/1588
f 4531/34/1590 1771/34/1590 1780/34/1590 4529/34/1590
f 4782/34/1591 1769/34/1591 4533/34/1591 4538/34/1591
f 4784/34/1592 1774/34/1592 4540/34/1592 4543/34/1592
f 4785/34/1593 1772/34/1593 4530/34/1593 1781/34/1593
f 4781/34/1594 1770/34/1594 4537/34/1594 4535/34/1594
f 4532/34/1595 4786/34/1595 4546/34/1595 4534/34/1595
f 1768/34/1596 1775/34/1596 4544/34/1596 4545/34/1596
f 4783/34/1597 1773/34/1597 4541/34/1597 4539/34/1597
f 1777/34/1598 4536/34/1599 4548/34/1599 4547/34/1600
f 1779/34/1601 1776/34/1602 4787/34/1602 4788/34/1601
f 1783/34/1603 1782/34/1604 4550/34/1604 4552/34/1603
f 4542/34/1605 1777/34/1598 4547/34/1600 4549/34/1605
f 4536/34/1599 1779/34/1601 4788/34/1601 4548/34/1599
f 1776/34/1602 1778/34/1606 4551/34/1606 4787/34/1602
f 1778/34/1606 1783/34/1603 4552/34/1603 4551/34/1606
f 1782/34/1604 4542/34/1605 4549/34/1605 4550/34/1604
f 1784/34/1607 1789/34/1607 1791/34/1607 1788/34/1607 1787/34/1607 1786/34/1607 1785/34/1607 1790/34/1607
f 4792/34/1590 1795/34/1590 4567/34/1590 4565/34/1590
f 4562/34/1591 1793/34/1591 4555/34/1591 4553/34/1591
f 4564/34/1592 1798/34/1592 4559/34/1592 4557/34/1592
f 4793/34/1593 1796/34/1593 4566/34/1593 4569/34/1593
f 4791/34/1594 1794/34/1594 4554/34/1594 1805/34/1594
f 4561/34/1595 4794/34/1595 4789/34/1595 4556/34/1595
f 1792/34/1596 1799/34/1596 4558/34/1596 4790/34/1596
f 4563/34/1597 1797/34/1597 4570/34/1597 4560/34/1597
f 1806/34/1600 4568/34/1608 4795/34/1599 4575/34/1600
f 1801/34/1601 1800/34/1602 4571/34/1602 4573/34/1601
f 1803/34/1603 1802/34/1604 4796/34/1604 4576/34/1603
f 1807/34/1609 1806/34/1600 4575/34/1600 4574/34/1609
f 4568/34/1608 1801/34/1601 4573/34/1601 4795/34/1599
f 1800/34/1602 1804/34/1610 4572/34/1610 4571/34/1602
f 1804/34/1610 1803/34/1603 4576/34/1603 4572/34/1610
f 1802/34/1604 1807/34/1609 4574/34/1609 4796/34/1604
f 1811/34/1607 1810/34/1607 1815/34/1607 1809/34/1607 1814/34/1607 1813/34/1607 1808/34/1607 1812/34/1607
f 4582/34/1590 1819/34/1590 4579/34/1590 4577/34/1590
f 4801/34/1591 1817/34/1591 4584/34/1591 4800/34/1591
f 4588/34/1592 1822/34/1592 1831/34/1592 4586/34/1592
f 4803/34/1593 1820/34/1593 4578/34/1593 4592/34/1593
f 4581/34/1594 1818/34/1594 1829/34/1594 4580/34/1594
f 4583/34/1595 4804/34/1595 4798/34/1595 4585/34/1595
f 1816/34/1596 1823/34/1596 4587/34/1596 1828/34/1596
f 4802/34/1611 1821/34/1611 4591/34/1611 4589/34/1611
f 1826/34/1600 1825/34/1599 4597/34/1599 4596/34/1600
f 4799/34/1601 1824/34/1602 4593/34/1602 4595/34/1612
f 1827/34/1603 4590/34/1604 4805/34/1604 4806/34/1603
f 1830/34/1609 1826/34/1600 4596/34/1600 4598/34/1609
f 1825/34/1599 4799/34/1601 4595/34/1612 4597/34/1599
f 1824/34/1602 4797/34/1610 4594/34/1610 4593/34/1602
f 4797/34/1610 1827/34/1603 4806/34/1603 4594/34/1610
f 4590/34/1604 1830/34/1609 4598/34/1609 4805/34/1604
f 1833/34/1607 1832/34/1607 1839/34/1607 1835/34/1607 1838/34/1607 1837/34/1607 1836/34/1607 1834/34/1607
f 4609/34/1613 1843/34/1613 1853/34/1613 4608/34/1613
f 4611/34/1614 1841/34/1614 4600/34/1614 4603/34/1614
f 4811/34/1615 1846/34/1615 4616/34/1615 4614/34/1615
f 4612/34/1616 1844/34/1616 4607/34/1616 4605/34/1616
f 4809/34/1617 1842/34/1617 4604/34/1617 4808/34/1617
f 4610/34/1618 4613/34/1618 4601/34/1618 4599/34/1618
f 1840/34/1619 1847/34/1619 4615/34/1619 4602/34/1619
f 4810/34/1620 1845/34/1620 4606/34/1620 4617/34/1620
f 1851/34/1621 4807/34/1622 4621/34/1622 4812/34/1621
f 1850/34/1623 1849/34/1624 4618/34/1624 4620/34/1623
f 1855/34/1625 1854/34/1626 4623/34/1626 4622/34/1625
f 1852/34/1627 1851/34/1621 4812/34/1621 4813/34/1627
f 4807/34/1622 1850/34/1623 4620/34/1623 4621/34/1622
f 1849/34/1624 1848/34/1628 4619/34/1628 4618/34/1624
f 1848/34/1628 1855/34/1625 4622/34/1625 4619/34/1628
f 1854/34/1626 1852/34/1627 4813/34/1627 4623/34/1626
f 1857/34/1629 1856/34/1629 1863/34/1629 1862/34/1629 1860/34/1629 1861/34/1629 1859/34/1629 1858/34/1629
f 4637/34/1613 1867/34/1613 4630/34/1613 4628/34/1613
f 4818/34/1614 1865/34/1614 4625/34/1614 4815/34/1614
f 4640/34/1615 1870/34/1615 4634/34/1615 4632/34/1615
f 4819/34/1630 1868/34/1630 4629/34/1630 4817/34/1630
f 4636/34/1617 1866/34/1617 1878/34/1617 4631/34/1617
f 4638/34/1618 4641/34/1618 4626/34/1618 4624/34/1618
f 1864/34/1619 1871/34/1619 4633/34/1619 4627/34/1619
f 4639/34/1620 1869/34/1620 1879/34/1620 4635/34/1620
f 1875/34/1621 1874/34/1622 4821/34/1622 4645/34/1621
f 4814/34/1623 1873/34/1631 4643/34/1631 4642/34/1623
f 1877/34/1625 1876/34/1632 4822/34/1632 4823/34/1625
f 4816/34/1627 1875/34/1621 4645/34/1621 4644/34/1627
f 1874/34/1622 4814/34/1623 4642/34/1623 4821/34/1622
f 1873/34/1631 1872/34/1628 4820/34/1628 4643/34/1631
f 1872/34/1628 1877/34/1625 4823/34/1625 4820/34/1628
f 1876/34/1632 4816/34/1627 4644/34/1627 4822/34/1632
f 1880/34/1629 1885/34/1629 1884/34/1629 1887/34/1629 1883/34/1629 1882/34/1629 1886/34/1629 1881/34/1629
f 4827/34/1613 1891/34/1613 4663/34/1613 4661/34/1613
f 4656/34/1614 1889/34/1614 4825/34/1614 4654/34/1614
f 4658/34/1615 1894/34/1615 4647/34/1615 4650/34/1615
f 4659/34/1630 1892/34/1630 4662/34/1630 4649/34/1630
f 4826/34/1617 1890/34/1617 4655/34/1617 4664/34/1617
f 4828/34/1618 4660/34/1618 4653/34/1618 4824/34/1618
f 1888/34/1619 1895/34/1619 4651/34/1619 4652/34/1619
f 4657/34/1620 1893/34/1620 4648/34/1620 4646/34/1620
f 1903/34/1621 1902/34/1633 4668/34/1633 4667/34/1621
f 1897/34/1623 1901/34/1631 4829/34/1631 4831/34/1623
f 1900/34/1625 1899/34/1632 4665/34/1626 4832/34/1625
f 1898/34/1627 1903/34/1621 4667/34/1621 4666/34/1627
f 1902/34/1633 1897/34/1623 4831/34/1623 4668/34/1633
f 1901/34/1631 1896/34/1628 4830/34/1628 4829/34/1631
f 1896/34/1628 1900/34/1625 4832/34/1625 4830/34/1628
f 1899/34/1632 1898/34/1627 4666/34/1627 4665/34/1626
f 1908/34/1629 1904/34/1629 1911/34/1629 1907/34/1629 1906/34/1629 1910/34/1629 1909/34/1629 1905/34/1629
f 4669/35/1634 4670/35/1635 4672/35/1636 4671/35/1634
f 4673/35/1637 4674/35/1638 1916/35/1639 1912/35/1637
f 4675/35/1640 4676/35/1641 1917/35/1642 1913/35/1640
f 1915/35/1643 1919/35/1644 1918/35/1645 1914/35/1643
f 4670/35/1635 4677/35/1646 4678/35/1647 4672/35/1636
f 4674/35/1638 4679/35/1648 1920/35/1649 1916/35/1639
f 4676/35/1641 4680/35/1650 1921/35/1651 1917/35/1642
f 1919/35/1644 1923/35/1652 1922/35/1653 1918/35/1645
f 4677/35/1646 4681/35/1654 4682/35/1655 4678/35/1647
f 4679/35/1648 4683/35/1656 1924/35/1657 1920/35/1649
f 4680/35/1650 4684/35/1658 1925/35/1659 1921/35/1651
f 1923/35/1652 1927/35/1660 1926/35/1661 1922/35/1653
f 4681/35/1654 4685/35/1662 4686/35/1663 4682/35/1655
f 4683/35/1656 4687/35/1664 1928/35/1665 1924/35/1657
f 4684/35/1658 4688/35/1666 1929/35/1667 1925/35/1659
f 1927/35/1660 1931/35/1668 1930/35/1669 1926/35/1661
f 4707/35/1670 1948/35/1671 4710/35/1672 4720/35/1672
f 4685/35/1662 4715/35/1673 4713/35/1673 4686/35/1663
f 4708/35/1674 1949/35/1675 1955/35/1676 4724/35/1676
f 1951/35/1677 1950/35/1678 1957/35/1679 1958/35/1679
f 4689/35/1637 4691/35/1637 4692/35/1680 4690/35/1681
f 4693/35/1634 1932/35/1634 1936/35/1682 4694/35/1683
f 4695/35/1643 1933/35/1643 1937/35/1684 4696/35/1685
f 1935/35/1640 1934/35/1640 1938/35/1686 1939/35/1687
f 4690/35/1681 4692/35/1680 4698/35/1688 4697/35/1689
f 4694/35/1683 1936/35/1682 1940/35/1690 4699/35/1691
f 4696/35/1685 1937/35/1684 1941/35/1692 4700/35/1693
f 1939/35/1687 1938/35/1686 1942/35/1694 1943/35/1695
f 4697/35/1689 4698/35/1688 4702/35/1696 4701/35/1697
f 4699/35/1691 1940/35/1690 1944/35/1698 4703/35/1699
f 4700/35/1693 1941/35/1692 1945/35/1700 4704/35/1701
f 1943/35/1695 1942/35/1694 1946/35/1702 1947/35/1703
f 4701/35/1697 4702/35/1696 4706/35/1704 4705/35/1705
f 4703/35/1699 1944/35/1698 1948/35/1671 4707/35/1670
f 4704/35/1701 1945/35/1700 1949/35/1675 4708/35/1674
f 1947/35/1703 1946/35/1702 1950/35/1678 1951/35/1677
f 4688/35/1666 4722/35/1706 4718/35/1706 1929/35/1667
f 4705/35/1705 4706/35/1704 4711/35/1707 4709/35/1707
f 1931/35/1668 4714/35/1708 1956/35/1708 1930/35/1669
f 1959/36/105 1952/36/105 4726/36/105 4732/36/105
f 1954/36/105 4721/36/105 4737/36/105 4734/36/105
f 4723/36/228 4719/36/228 4735/36/228 4739/36/228
f 4712/36/228 4723/36/228 4739/36/228 4729/36/228
f 4687/35/1664 4717/35/1709 4716/35/1709 1928/35/1665
f 4727/36/1710 4730/36/1710 4731/36/1710 4725/36/1710
f 1960/36/1711 4733/36/1711 4736/36/1711 4728/36/1711
f 1964/36/1712 4738/36/1712 4740/36/1712 1965/36/1712
f 1966/36/1713 1963/36/1713 1962/36/1713 1967/36/1713
f 1953/36/228 4712/36/228 4729/36/228 1961/36/228
f 4721/36/105 1959/36/105 4732/36/105 4737/36/105
f 4719/36/228 1953/36/228 1961/36/228 4735/36/228
f 1952/36/105 1954/36/105 4734/36/105 4726/36/105
f 4835/37/105 4837/37/105 4839/37/105 4833/37/105
f 4834/37/227 4840/37/227 4843/37/227 4841/37/227
f 4842/37/228 4844/37/228 4847/37/228 4845/37/228
f 4846/37/229 4848/37/229 4838/37/229 4836/37/229
f 1970/37/230 1974/37/230 1972/37/230 1968/37/230
f 1975/37/231 1971/37/231 1969/37/231 1973/37/231
f 4849/38/1714 4850/38/1715 4852/38/1716 4851/38/1714
f 4853/38/1717 4854/38/1718 1984/38/1719 1976/38/1717
f 4855/38/1720 4856/38/1721 1985/38/1722 1977/38/1720
f 4857/38/1723 4858/38/1724 1986/38/1725 1978/38/1723
f 4859/38/1726 4860/38/1727 1987/38/1728 1979/38/1726
f 4861/38/1729 4862/38/1730 1988/38/1731 1980/38/1729
f 4863/38/1732 4864/38/1733 1989/38/1734 1981/38/1732
f 1983/38/1735 1991/38/1736 1990/38/1737 1982/38/1735
f 4850/38/1715 4865/38/1738 4866/38/1739 4852/38/1716
f 4854/38/1718 4867/38/1740 1992/38/1741 1984/38/1719
f 4856/38/1721 4868/38/1742 1993/38/1743 1985/38/1722
f 4858/38/1724 4870/38/1744 4869/38/1744 1986/38/1725
f 4860/38/1727 4873/38/1745 4871/38/1745 1987/38/1728
f 4862/38/1730 4875/38/1746 4874/38/1747 1988/38/1731
f 4864/38/1733 4876/38/1748 1997/38/1749 1989/38/1734
f 1991/38/1736 1999/38/1750 1998/38/1751 1990/38/1737
f 4865/38/1738 4877/38/1752 4878/38/1753 4866/38/1739
f 4867/38/1740 4879/38/1754 2000/38/1755 1992/38/1741
f 4868/38/1742 4880/38/1756 2001/38/1757 1993/38/1743
f 4872/38/1758 4882/38/1758 4881/38/1758 1994/38/1758
f 1996/38/1759 4885/38/1759 4883/38/1759 1995/38/1759
f 4875/38/1746 4887/38/1760 4886/38/1761 4874/38/1747
f 4876/38/1748 4888/38/1762 2005/38/1763 1997/38/1749
f 1999/38/1750 2007/38/1764 2006/38/1765 1998/38/1751
f 4877/38/1752 4889/38/1766 4890/38/1767 4878/38/1753
f 4879/38/1754 4891/38/1768 2008/38/1769 2000/38/1755
f 4880/38/1756 4892/38/1770 2009/38/1771 2001/38/1757
f 4884/38/1772 4893/38/1773 2010/38/1774 2002/38/1772
f 2004/38/1775 4894/38/1776 2011/38/1777 2003/38/1775
f 4887/38/1760 4895/38/1778 2012/38/1779 4886/38/1761
f 4888/38/1762 4896/38/1780 2013/38/1781 2005/38/1763
f 2007/38/1764 2015/38/1782 2014/38/1783 2006/38/1765
f 4889/38/1766 4897/38/1784 4898/38/1784 4890/38/1767
f 4891/38/1768 4899/38/1785 2016/38/1785 2008/38/1769
f 4892/38/1770 4900/38/1786 2017/38/1786 2009/38/1771
f 4893/38/1773 4901/38/1787 2018/38/1787 2010/38/1774
f 4894/38/1776 4902/38/1788 2019/38/1788 2011/38/1777
f 4895/38/1778 4903/38/1789 2020/38/1789 2012/38/1779
f 4896/38/1780 4904/38/1790 2021/38/1790 2013/38/1781
f 2015/38/1782 2023/38/1791 2022/38/1791 2014/38/1783
f 4907/37/228 4905/37/228 4911/37/228 4909/37/228
f 4906/37/227 4913/37/227 4915/37/227 4912/37/227
f 4914/37/105 4917/37/105 4919/37/105 4916/37/105
f 4918/37/229 4908/37/229 4910/37/229 4920/37/229
f 2026/37/230 2024/37/230 2028/37/230 2030/37/230
f 2031/37/231 2029/37/231 2025/37/231 2027/37/231
f 4921/38/1792 4923/38/1792 4924/38/1793 4922/38/1794
f 4925/38/1795 2032/38/1795 2040/38/1796 4926/38/1797
f 4927/38/1717 2033/38/1717 2041/38/1798 4928/38/1799
f 4929/38/1714 2034/38/1714 2042/38/1800 4930/38/1801
f 4931/38/1802 2035/38/1802 2043/38/1803 4932/38/1804
f 4933/38/1732 2036/38/1732 2044/38/1805 4934/38/1806
f 4935/38/1729 2037/38/1729 2045/38/1807 4936/38/1808
f 2039/38/1809 2038/38/1809 2046/38/1810 2047/38/1811
f 4922/38/1794 4924/38/1793 4938/38/1812 4937/38/1813
f 4926/38/1797 2040/38/1796 2048/38/1814 4939/38/1815
f 4928/38/1799 2041/38/1798 2049/38/1816 4940/38/1817
f 4930/38/1801 2042/38/1800 4941/38/1818 4942/38/1818
f 4932/38/1804 2043/38/1803 4943/38/1819 4945/38/1819
f 4934/38/1806 2044/38/1805 4946/38/1820 4947/38/1821
f 4936/38/1808 2045/38/1807 2053/38/1822 4948/38/1823
f 2047/38/1811 2046/38/1810 2054/38/1824 2055/38/1825
f 4937/38/1813 4938/38/1812 4950/38/1826 4949/38/1827
f 4939/38/1815 2048/38/1814 2056/38/1828 4951/38/1829
f 4940/38/1817 2049/38/1816 2057/38/1830 4952/38/1831
f 4944/38/1832 2050/38/1832 4953/38/1832 4954/38/1832
f 2052/38/1833 2051/38/1833 4955/38/1833 4957/38/1833
f 4947/38/1821 4946/38/1820 4958/38/1834 4959/38/1835
f 4948/38/1823 2053/38/1822 2061/38/1836 4960/38/1837
f 2055/38/1825 2054/38/1824 2062/38/1838 2063/38/1839
f 4949/38/1827 4950/38/1826 4962/38/1840 4961/38/1841
f 4951/38/1829 2056/38/1828 2064/38/1842 4963/38/1843
f 4952/38/1831 2057/38/1830 2065/38/1844 4964/38/1845
f 4956/38/1846 2058/38/1846 2066/38/1847 4965/38/1848
f 2060/38/1849 2059/38/1849 2067/38/1850 4966/38/1851
f 4959/38/1835 4958/38/1834 2068/38/1852 4967/38/1853
f 4960/38/1837 2061/38/1836 2069/38/1854 4968/38/1855
f 2063/38/1839 2062/38/1838 2070/38/1856 2071/38/1857
f 4961/38/1841 4962/38/1840 4970/38/1858 4969/38/1858
f 4963/38/1843 2064/38/1842 2072/38/1859 4971/38/1859
f 4964/38/1845 2065/38/1844 2073/38/1860 4972/38/1860
f 4965/38/1848 2066/38/1847 2074/38/1861 4973/38/1861
f 4966/38/1851 2067/38/1850 2075/38/1862 4974/38/1862
f 4967/38/1853 2068/38/1852 2076/38/1863 4975/38/1863
f 4968/38/1855 2069/38/1854 2077/38/1864 4976/38/1864
f 2071/38/1857 2070/38/1856 2078/38/1865 2079/38/1865
f 4979/39/105 4981/39/105 4983/39/105 4977/39/105
f 4978/39/227 4984/39/227 5034/39/227 5048/39/227
f 4995/39/228 4993/39/228 4999/39/228 4997/39/228
f 5054/39/229 2108/39/229 5065/39/229 2124/39/229
f 5025/39/231 5068/39/231 5066/39/231 5027/39/231
f 2125/39/229 5064/39/229 5038/39/229 2104/39/229
f 5046/39/229 5036/39/229 4982/39/229 4980/39/229
f 4994/39/231 5031/39/231 5030/39/231 5000/39/231
f 5033/39/231 2083/39/231 2081/39/231 5035/39/231
f 5050/39/227 5032/39/227 2087/39/227 4996/39/227
f 5007/39/231 5019/39/231 5021/39/231 5005/39/231
f 4998/39/229 2085/39/229 2109/39/229 2106/39/229
f 2082/39/230 5047/39/230 5045/39/230 2080/39/230
f 5042/39/230 5057/39/230 5060/39/230 5044/39/230
f 2110/39/105 2105/39/105 5013/39/105 5011/39/105
f 5029/39/228 2102/39/228 2095/39/228 5022/39/228
f 5051/39/228 5029/39/228 5022/39/228 5024/39/228
f 5041/39/228 5043/39/228 4991/39/228 4989/39/228
f 5028/39/105 5053/39/105 4985/39/105 5020/39/105
f 5026/39/105 5028/39/105 5020/39/105 5008/39/105
f 5055/39/105 5026/39/105 5008/39/105 4987/39/105
f 5053/39/105 5055/39/105 4987/39/105 4985/39/105
f 5049/39/230 2086/39/230 2084/39/230 5052/39/230
f 5003/39/231 5012/39/231 5010/39/231 5001/39/231
f 4990/39/230 2114/39/230 5014/39/230 5017/39/230
f 5015/39/230 5023/39/230 4986/39/230 4988/39/230
f 2093/39/229 2119/39/229 2118/39/229 2092/39/229
f 2089/39/229 2115/39/229 4992/39/229 5009/39/229
f 5002/39/227 2113/39/227 5018/39/227 5004/39/227
f 5006/39/227 5016/39/227 2116/39/227 2094/39/227
f 2105/39/105 2098/39/105 2112/39/105 5013/39/105
f 5043/39/228 5037/39/228 2088/39/228 4991/39/228
f 2101/39/105 2110/39/105 5011/39/105 2090/39/105
f 5039/39/228 5041/39/228 4989/39/228 2091/39/228
f 2097/39/228 5051/39/228 5024/39/228 2117/39/228
f 2098/39/105 2101/39/105 2090/39/105 2112/39/105
f 5037/39/228 5039/39/228 2091/39/228 2088/39/228
f 2102/39/228 2097/39/228 2117/39/228 2095/39/228
f 2121/39/227 5067/39/227 2103/39/227 5056/39/227
f 5062/39/231 5040/39/231 2111/39/231 5063/39/231
f 5058/39/230 2096/39/230 2107/39/230 5059/39/230
f 5058/39/230 5059/39/230 5060/39/230 5057/39/230
f 5064/39/229 5065/39/229 5073/39/229 5072/39/229
f 5067/39/227 2121/39/227 2120/39/227 5061/39/227
f 5064/39/229 2125/39/229 2124/39/229 5065/39/229
f 2099/39/227 2100/39/227 5061/39/227 2120/39/227
f 5072/39/229 2136/39/229 2140/39/229 5088/39/229 5085/39/229 2148/39/229
f 5067/39/227 5061/39/227 5069/39/227 5075/39/227
f 2127/39/228 2122/39/228 5076/39/228 5074/39/228
f 2123/39/105 2126/39/105 5071/39/105 5070/39/105
f 5078/39/231 5079/39/231 5080/39/231 5077/39/231
f 2136/39/229 2138/39/229 2135/39/229 2134/39/229
f 2139/39/227 2137/39/227 2133/39/227 2132/39/227
f 5077/39/231 5080/39/231 2163/39/1866 2165/39/1866
f 2136/39/229 2134/39/229 5104/39/229 5101/39/229 2160/39/229 2140/39/229
f 2135/39/229 2138/39/229 5115/39/229 5107/39/229 5105/39/229 5111/39/229
f 2129/39/230 2130/39/230 5084/39/1867 2144/39/1867
f 2142/39/228 2143/39/228 5108/39/1868 2162/39/1868
f 2133/39/227 2137/39/227 5113/39/227 5099/39/227 5097/39/227 5103/39/227
f 5075/39/227 2139/39/227 5116/39/227 5096/39/227 5093/39/227 2154/39/227
f 2138/39/229 5073/39/229 5091/39/229 5089/39/229 5095/39/229 5115/39/229
f 2139/39/227 2132/39/227 5112/39/227 5109/39/227 2166/39/227 5116/39/227
f 2141/39/105 5114/39/105 5100/39/1869 2156/39/1869
f 5079/39/231 5078/39/231 2157/39/1870 2159/39/1870
f 2131/39/230 2128/39/230 5092/39/1871 2150/39/1871
f 2137/39/227 5069/39/227 5083/39/227 5081/39/227 5087/39/227 5113/39/227
f 2151/39/1872 2153/39/1872 2143/39/228 2142/39/228
f 5075/39/227 5069/39/227 2137/39/227 2139/39/227
f 5072/39/229 5073/39/229 2138/39/229 2136/39/229
f 2144/39/1867 5084/39/1867 5086/39/1873 5082/39/1873
f 2146/39/1874 2149/39/1874 2147/39/1875 2145/39/1875
f 2150/39/1871 5092/39/1871 5094/39/1876 5090/39/1876
f 2152/39/1877 2155/39/1877 2153/39/1872 2151/39/1872
f 2156/39/1869 5100/39/1869 5102/39/1878 5098/39/1878
f 2158/39/1879 2161/39/1879 2159/39/1870 2157/39/1870
f 2162/39/1868 5108/39/1868 5110/39/1880 5106/39/1880
f 2164/39/1881 2167/39/1881 2165/39/1866 2163/39/1866
f 2145/39/1875 2147/39/1875 5114/39/105 2141/39/105
f 2239/40/105 5123/40/105 5124/40/105 5147/40/105
f 2198/41/1882 2201/41/1882 2200/41/1882 2199/41/1882
f 2241/40/1883 5132/40/1883 5133/40/1884 5141/40/1884
f 2194/40/1885 5137/40/1886 5138/40/1886 5140/40/1887
f 2240/40/1888 5142/40/1888 5143/40/1888 2189/40/1888
f 2236/40/228 5149/40/228 5134/40/228 2232/40/228
f 2233/40/228 5131/40/228 5135/40/228 2234/40/228
f 2234/40/228 5135/40/228 5150/40/228 2235/40/228
f 2235/40/228 5150/40/228 5149/40/228 2236/40/228
f 5136/40/1885 5144/40/1885 5151/40/1885 2192/40/1885
f 2192/40/1885 5151/40/1885 5152/40/1887 2193/40/1887
f 2193/40/1887 5152/40/1887 5137/40/1886 2194/40/1885
f 2202/41/1882 2205/41/1882 2204/41/1882 2203/41/1882
f 2206/41/1882 2209/41/1882 2208/41/1882 2207/41/1882
f 2210/41/1882 2213/41/1882 2212/41/1882 2211/41/1882
f 2230/40/105 2237/40/105 5126/40/105 5127/40/105
f 2237/40/105 2238/40/105 5148/40/105 5126/40/105
f 2238/40/105 2239/40/105 5147/40/105 5148/40/105
f 2214/41/1882 2217/41/1882 2216/41/1882 2215/41/1882
f 2218/41/1882 2221/41/1882 2220/41/1882 2219/41/1882
f 2222/41/1882 2225/41/1882 2224/41/1882 2223/41/1882
f 5146/40/1886 2193/40/1887 2194/40/1885 5120/40/1885
f 5145/40/1886 2192/40/1885 2193/40/1887 5146/40/1886
f 5119/40/1885 5136/40/1885 2192/40/1885 5145/40/1886
f 5117/40/1888 2240/40/1888 2189/40/1888 5118/40/1888
f 5120/40/1885 2194/40/1885 5140/40/1887 5121/40/1887
f 2231/40/1883 2241/40/1883 5141/40/1884 5125/40/1884
f 2226/41/1882 2229/41/1882 2228/41/1882 2227/41/1882
f 2197/40/1882 2198/40/1882 2199/40/1882 5129/40/1882
f 5129/40/1882 2199/40/1882 2200/40/1882 5130/40/1882
f 5130/40/1882 2200/40/1882 2201/40/1882 2184/40/1882
f 2184/40/1882 2201/40/1882 2198/40/1882 2197/40/1882
f 2191/40/1882 2202/40/1882 2203/40/1882 2195/40/1882
f 2195/40/1882 2203/40/1882 2204/40/1882 2182/40/1882
f 2182/40/1882 2204/40/1882 2205/40/1882 2172/40/1882
f 2172/40/1882 2205/40/1882 2202/40/1882 2191/40/1882
f 2195/40/1882 2206/40/1882 2207/40/1882 2196/40/1882
f 2196/40/1882 2207/40/1882 2208/40/1882 2183/40/1882
f 2183/40/1882 2208/40/1882 2209/40/1882 2182/40/1882
f 2182/40/1882 2209/40/1882 2206/40/1882 2195/40/1882
f 2196/40/1882 2210/40/1882 2211/40/1882 2197/40/1882
f 2197/40/1882 2211/40/1882 2212/40/1882 2184/40/1882
f 2184/40/1882 2212/40/1882 2213/40/1882 2183/40/1882
f 2183/40/1882 2213/40/1882 2210/40/1882 2196/40/1882
f 2180/40/1882 2214/40/1882 2215/40/1882 2181/40/1882
f 2181/40/1882 2215/40/1882 2216/40/1882 2197/40/1882
f 2197/40/1882 2216/40/1882 2217/40/1882 2196/40/1882
f 2196/40/1882 2217/40/1882 2214/40/1882 2180/40/1882
f 2179/40/1882 2218/40/1882 2219/40/1882 2180/40/1882
f 2180/40/1882 2219/40/1882 2220/40/1882 2196/40/1882
f 2196/40/1882 2220/40/1882 2221/40/1882 2195/40/1882
f 2195/40/1882 2221/40/1882 2218/40/1882 2179/40/1882
f 2171/40/1882 2222/40/1882 2223/40/1882 2179/40/1882
f 2179/40/1882 2223/40/1882 2224/40/1882 2195/40/1882
f 2195/40/1882 2224/40/1882 2225/40/1882 2191/40/1882
f 2191/40/1882 2225/40/1882 2222/40/1882 2171/40/1882
f 2181/40/1882 2226/40/1882 2227/40/1882 5128/40/1882
f 5128/40/1882 2227/40/1882 2228/40/1882 5129/40/1882
f 5129/40/1882 2228/40/1882 2229/40/1882 2197/40/1882
f 2197/40/1882 2229/40/1882 2226/40/1882 2181/40/1882
f 5122/40/1889 2190/40/1889 2241/40/1883 2231/40/1883
f 2170/40/1888 2188/40/1888 2240/40/1888 5117/40/1888
f 2177/40/105 2178/40/105 2239/40/105 2238/40/105
f 2176/40/105 2177/40/105 2238/40/105 2237/40/105
f 2168/40/105 2176/40/105 2237/40/105 2230/40/105
f 2186/40/228 2235/40/228 2236/40/228 2187/40/228
f 2185/40/228 2234/40/228 2235/40/228 2186/40/228
f 2173/40/228 2233/40/228 2234/40/228 2185/40/228
f 2187/40/228 2236/40/228 2232/40/228 5139/40/228
f 2188/40/1888 2175/40/1888 5142/40/1888 2240/40/1888
f 2190/40/1889 2174/40/1889 5132/40/1883 2241/40/1883
f 2178/40/105 2169/40/105 5123/40/105 2239/40/105
f 2313/40/228 5183/40/228 5160/40/228 5159/40/228
f 2272/41/1882 2273/41/1882 2274/41/1882 2275/41/1882
f 2315/40/1883 5177/40/1884 5169/40/1884 5168/40/1883
f 2268/40/1885 5176/40/1885 5174/40/1885 5173/40/1885
f 2314/40/1888 2263/40/1888 5179/40/1888 5178/40/1888
f 2310/40/105 2306/40/105 5170/40/105 5185/40/105
f 2307/40/105 2308/40/105 5171/40/105 5167/40/105
f 2308/40/105 2309/40/105 5186/40/105 5171/40/105
f 2309/40/105 2310/40/105 5185/40/105 5186/40/105
f 5172/40/1885 2266/40/1887 5187/40/1886 5180/40/1885
f 2266/40/1887 2267/40/1887 5188/40/1887 5187/40/1886
f 2267/40/1887 2268/40/1885 5173/40/1885 5188/40/1887
f 2276/41/1882 2277/41/1882 2278/41/1882 2279/41/1882
f 2280/41/1882 2281/41/1882 2282/41/1882 2283/41/1882
f 2284/41/1882 2285/41/1882 2286/41/1882 2287/41/1882
f 2304/40/228 5163/40/228 5162/40/228 2311/40/228
f 2311/40/228 5162/40/228 5184/40/228 2312/40/228
f 2312/40/228 5184/40/228 5183/40/228 2313/40/228
f 2288/41/1882 2289/41/1882 2290/41/1882 2291/41/1882
f 2292/41/1882 2293/41/1882 2294/41/1882 2295/41/1882
f 2296/41/1882 2297/41/1882 2298/41/1882 2299/41/1882
f 5182/40/1887 5156/40/1885 2268/40/1885 2267/40/1887
f 5181/40/1887 5182/40/1887 2267/40/1887 2266/40/1887
f 5155/40/1885 5181/40/1887 2266/40/1887 5172/40/1885
f 5153/40/1888 5154/40/1888 2263/40/1888 2314/40/1888
f 5156/40/1885 5157/40/1887 5176/40/1885 2268/40/1885
f 2305/40/1883 5161/40/1884 5177/40/1884 2315/40/1883
f 2300/41/1882 2301/41/1882 2302/41/1882 2303/41/1882
f 2271/40/1882 5165/40/1882 2273/40/1882 2272/40/1882
f 5165/40/1882 5166/40/1882 2274/40/1882 2273/40/1882
f 5166/40/1882 2258/40/1882 2275/40/1882 2274/40/1882
f 2258/40/1882 2271/40/1882 2272/40/1882 2275/40/1882
f 2265/40/1882 2269/40/1882 2277/40/1882 2276/40/1882
f 2269/40/1882 2256/40/1882 2278/40/1882 2277/40/1882
f 2256/40/1882 2246/40/1882 2279/40/1882 2278/40/1882
f 2246/40/1882 2265/40/1882 2276/40/1882 2279/40/1882
f 2269/40/1882 2270/40/1882 2281/40/1882 2280/40/1882
f 2270/40/1882 2257/40/1882 2282/40/1882 2281/40/1882
f 2257/40/1882 2256/40/1882 2283/40/1882 2282/40/1882
f 2256/40/1882 2269/40/1882 2280/40/1882 2283/40/1882
f 2270/40/1882 2271/40/1882 2285/40/1882 2284/40/1882
f 2271/40/1882 2258/40/1882 2286/40/1882 2285/40/1882
f 2258/40/1882 2257/40/1882 2287/40/1882 2286/40/1882
f 2257/40/1882 2270/40/1882 2284/40/1882 2287/40/1882
f 2254/40/1882 2255/40/1882 2289/40/1882 2288/40/1882
f 2255/40/1882 2271/40/1882 2290/40/1882 2289/40/1882
f 2271/40/1882 2270/40/1882 2291/40/1882 2290/40/1882
f 2270/40/1882 2254/40/1882 2288/40/1882 2291/40/1882
f 2253/40/1882 2254/40/1882 2293/40/1882 2292/40/1882
f 2254/40/1882 2270/40/1882 2294/40/1882 2293/40/1882
f 2270/40/1882 2269/40/1882 2295/40/1882 2294/40/1882
f 2269/40/1882 2253/40/1882 2292/40/1882 2295/40/1882
f 2245/40/1882 2253/40/1882 2297/40/1882 2296/40/1882
f 2253/40/1882 2269/40/1882 2298/40/1882 2297/40/1882
f 2269/40/1882 2265/40/1882 2299/40/1882 2298/40/1882
f 2265/40/1882 2245/40/1882 2296/40/1882 2299/40/1882
f 2255/40/1882 5164/40/1882 2301/40/1882 2300/40/1882
f 5164/40/1882 5165/40/1882 2302/40/1882 2301/40/1882
f 5165/40/1882 2271/40/1882 2303/40/1882 2302/40/1882
f 2271/40/1882 2255/40/1882 2300/40/1882 2303/40/1882
f 5158/40/1889 2305/40/1883 2315/40/1883 2264/40/1889
f 2244/40/1888 5153/40/1888 2314/40/1888 2262/40/1888
f 2251/40/228 2312/40/228 2313/40/228 2252/40/228
f 2250/40/228 2311/40/228 2312/40/228 2251/40/228
f 2242/40/228 2304/40/228 2311/40/228 2250/40/228
f 2260/40/105 2261/40/105 2310/40/105 2309/40/105
f 2259/40/105 2260/40/105 2309/40/105 2308/40/105
f 2247/40/105 2259/40/105 2308/40/105 2307/40/105
f 2261/40/105 5175/40/105 2306/40/105 2310/40/105
f 2262/40/1888 2314/40/1888 5178/40/1888 2249/40/1888
f 2264/40/1889 2315/40/1883 5168/40/1883 2248/40/1889
f 2252/40/228 2313/40/228 5159/40/228 2243/40/228
f 5189/25/1890 5190/25/1891 5192/25/1891 5191/25/1890
f 5193/25/1892 5194/25/1893 2320/25/1893 2316/25/1892
f 5195/25/1894 5196/25/1895 2321/25/1895 2317/25/1894
f 2319/25/1896 2323/25/1897 2322/25/1897 2318/25/1896
f 5190/25/1891 5197/25/1898 5198/25/1898 5192/25/1891
f 5194/25/1893 5199/25/1899 2324/25/1899 2320/25/1893
f 5196/25/1895 5200/25/1900 2325/25/1900 2321/25/1895
f 2323/25/1897 2327/25/1901 2326/25/1901 2322/25/1897
f 5201/25/1902 5202/25/1902 5205/25/1902 5208/25/1902
f 5209/25/1903 5210/25/1903 5203/25/1903 2328/25/1903
f 5213/25/1904 5214/25/1904 5211/25/1904 2329/25/1904
f 2331/25/1905 5206/25/1905 5215/25/1905 2330/25/1905
f 5204/25/1906 5217/25/1907 5218/25/1908 5207/25/1906
f 5212/25/1909 5219/25/1910 2336/25/1911 2332/25/1909
f 5216/25/1912 5220/25/1913 2337/25/1914 2333/25/1912
f 2335/25/1915 2339/25/1916 2338/25/1917 2334/25/1915
f 5217/25/1907 5221/25/1918 5222/25/1918 5218/25/1908
f 5219/25/1910 5223/25/1919 2340/25/1919 2336/25/1911
f 5220/25/1913 5224/25/1920 2341/25/1920 2337/25/1914
f 2339/25/1916 2343/25/1921 2342/25/1921 2338/25/1917
f 5221/25/1918 5225/25/1918 5226/25/1918 5222/25/1918
f 5223/25/1919 5227/25/1919 2344/25/1919 2340/25/1919
f 5224/25/1920 5228/25/1920 2345/25/1920 2341/25/1920
f 2343/25/1921 2347/25/1921 2346/25/1921 2342/25/1921
f 5229/25/1922 5230/25/1923 5232/25/1923 5231/25/1922
f 5233/25/1924 5234/25/1925 2352/25/1925 2348/25/1924
f 5235/25/1926 5236/25/1927 2353/25/1927 2349/25/1926
f 2351/25/1928 2355/25/1929 2354/25/1929 2350/25/1928
f 5230/25/1923 5237/25/1930 5238/25/1930 5232/25/1923
f 5234/25/1925 5239/25/1931 2356/25/1931 2352/25/1925
f 5236/25/1927 5240/25/1932 2357/25/1932 2353/25/1927
f 2355/25/1929 2359/25/1933 2358/25/1933 2354/25/1929
f 5241/25/1934 5242/25/1935 5244/25/1935 5243/25/1934
f 5245/25/1936 5246/25/1937 2364/25/1938 2360/25/1936
f 5247/25/1939 5248/25/1940 2365/25/1941 2361/25/1939
f 2363/25/1942 2367/25/1943 2366/25/1943 2362/25/1942
f 5242/25/1935 5249/25/1944 5251/25/1944 5244/25/1935
f 5246/25/1937 5253/25/1945 5250/25/1946 2364/25/1938
f 5248/25/1940 5255/25/1947 5254/25/1947 2365/25/1941
f 2367/25/1943 5252/25/1948 5256/25/1949 2366/25/1943
f 2368/25/1950 5257/25/1950 5258/25/1950 2371/25/1950
f 5253/25/1945 5259/25/1951 2372/25/1951 5250/25/1946
f 2370/25/1952 5260/25/1952 2373/25/1952 2369/25/1952
f 5252/25/1948 2375/25/1953 2374/25/1953 5256/25/1949
f 5261/25/1954 5262/25/1954 5265/25/1954 5268/25/1954
f 5269/25/1955 5270/25/1955 5263/25/1955 2376/25/1955
f 5273/25/1956 5274/25/1956 5271/25/1956 2377/25/1956
f 2379/25/1957 5266/25/1957 5275/25/1957 2378/25/1957
f 5264/25/1958 5277/25/1958 5280/25/1958 5267/25/1958
f 5272/25/1959 5283/25/1959 5278/25/1959 2380/25/1959
f 5276/25/1960 5286/25/1960 5284/25/1960 2381/25/1960
f 2383/25/1961 5281/25/1961 5287/25/1961 2382/25/1961
f 5279/25/1962 5289/25/1962 5290/25/1962 5282/25/1962
f 5285/25/1963 5291/25/1963 2388/25/1963 2384/25/1963
f 5288/25/1964 5292/25/1964 2389/25/1964 2385/25/1964
f 2387/25/1965 2391/25/1965 2390/25/1965 2386/25/1965
f 5293/25/1966 5294/25/1967 5296/25/1968 5295/25/1966
f 5297/25/1969 5298/25/1970 2396/25/1970 2392/25/1969
f 5299/25/1971 5300/25/1972 2397/25/1972 2393/25/1971
f 2395/25/1973 2399/25/1974 2398/25/1974 2394/25/1973
f 5294/25/1967 5301/25/1975 5302/25/1975 5296/25/1968
f 5298/25/1970 5303/25/1976 2400/25/1976 2396/25/1970
f 5300/25/1972 5304/25/1977 2401/25/1977 2397/25/1972
f 2399/25/1974 2403/25/1978 2402/25/1978 2398/25/1974
f 5305/25/1979 5306/25/1980 5308/25/1980 5307/25/1979
f 5309/25/1981 5310/25/1982 2408/25/1982 2404/25/1981
f 5311/25/1983 5312/25/1895 2409/25/1895 2405/25/1983
f 2407/25/1984 2411/25/1985 2410/25/1986 2406/25/1984
f 5306/25/1980 5313/25/1987 5314/25/1987 5308/25/1980
f 5310/25/1982 5315/25/1899 2412/25/1899 2408/25/1982
f 5312/25/1895 5316/25/1900 2413/25/1900 2409/25/1895
f 2411/25/1985 2415/25/1988 2414/25/1988 2410/25/1986
f 5317/25/1989 5319/25/1989 5320/25/1990 5318/25/1990
f 5321/25/1991 2416/25/1991 2420/25/1992 5322/25/1992
f 5323/25/1993 2417/25/1993 2421/25/1994 5324/25/1994
f 2419/25/1995 2418/25/1995 2422/25/1996 2423/25/1996
f 5318/25/1990 5320/25/1990 5326/25/1997 5325/25/1997
f 5322/25/1992 2420/25/1992 2424/25/1998 5327/25/1998
f 5324/25/1994 2421/25/1994 2425/25/1999 5328/25/1999
f 2423/25/1996 2422/25/1996 2426/25/2000 2427/25/2000
f 5329/25/2001 5336/25/2001 5333/25/2001 5330/25/2001
f 5337/25/2002 2428/25/2002 5331/25/2002 5338/25/2002
f 5341/25/2003 2429/25/2003 5339/25/2003 5342/25/2003
f 2431/25/2004 2430/25/2004 5343/25/2004 5334/25/2004
f 5332/25/2005 5335/25/2005 5346/25/2006 5345/25/2007
f 5340/25/2008 2432/25/2008 2436/25/2009 5347/25/2010
f 5344/25/2011 2433/25/2011 2437/25/2012 5348/25/2013
f 2435/25/2014 2434/25/2014 2438/25/2015 2439/25/2016
f 5345/25/2007 5346/25/2006 5350/25/2017 5349/25/2017
f 5347/25/2010 2436/25/2009 2440/25/2018 5351/25/2018
f 5348/25/2013 2437/25/2012 2441/25/2019 5352/25/2019
f 2439/25/2016 2438/25/2015 2442/25/2020 2443/25/2020
f 5349/25/2017 5350/25/2017 5354/25/2017 5353/25/2017
f 5351/25/2018 2440/25/2018 2444/25/2018 5355/25/2018
f 5352/25/2019 2441/25/2019 2445/25/2021 5356/25/2021
f 2443/25/2020 2442/25/2020 2446/25/2020 2447/25/2020
f 5357/25/2022 5359/25/2022 5360/25/2023 5358/25/2023
f 5361/25/2024 2448/25/2024 2452/25/2025 5362/25/2025
f 5363/25/2026 2449/25/2026 2453/25/2027 5364/25/2027
f 2451/25/2028 2450/25/2028 2454/25/2029 2455/25/2029
f 5358/25/2023 5360/25/2023 5366/25/2030 5365/25/2030
f 5362/25/2025 2452/25/2025 2456/25/2031 5367/25/2031
f 5364/25/2027 2453/25/2027 2457/25/2032 5368/25/2032
f 2455/25/2029 2454/25/2029 2458/25/2033 2459/25/2033
f 5369/25/2034 5371/25/2034 5372/25/2035 5370/25/2036
f 5373/25/2037 2460/25/2037 2464/25/2038 5374/25/2039
f 5375/25/2040 2461/25/2040 2465/25/2041 5376/25/2042
f 2463/25/2043 2462/25/2043 2466/25/2044 2467/25/2045
f 5370/25/2036 5372/25/2035 5379/25/2046 5377/25/2046
f 5374/25/2039 2464/25/2038 5378/25/2047 5381/25/2048
f 5376/25/2042 2465/25/2041 5382/25/2049 5383/25/2049
f 2467/25/2045 2466/25/2044 5384/25/2050 5380/25/2051
f 2468/25/2052 2471/25/2052 5386/25/2052 5385/25/2052
f 5381/25/2048 5378/25/2047 2472/25/2053 5387/25/2053
f 2470/25/2054 2469/25/2054 2473/25/2054 5388/25/2054
f 5380/25/2051 5384/25/2050 2474/25/2055 2475/25/2055
f 5389/25/2056 5396/25/2056 5393/25/2056 5390/25/2056
f 5397/25/2057 2476/25/2057 5391/25/2057 5398/25/2057
f 5401/25/2058 2477/25/2058 5399/25/2058 5402/25/2058
f 2479/25/2059 2478/25/2059 5403/25/2059 5394/25/2059
f 5392/25/2060 5395/25/2060 5408/25/2060 5405/25/2060
f 5400/25/2061 2480/25/2061 5406/25/2061 5411/25/2061
f 5404/25/2062 2481/25/2062 5412/25/2062 5414/25/2062
f 2483/25/2063 2482/25/2063 5415/25/2063 5409/25/2063
f 5407/25/2064 5410/25/2064 5418/25/2064 5417/25/2064
f 5413/25/2065 2484/25/2065 2488/25/2065 5419/25/2065
f 5416/25/2066 2485/25/2066 2489/25/2066 5420/25/2066
f 2487/25/2067 2486/25/2067 2490/25/2067 2491/25/2067
f 5421/25/2068 5423/25/2068 5424/25/2069 5422/25/2069
f 5425/25/2070 2492/25/2070 2496/25/2071 5426/25/2071
f 5427/25/2072 2493/25/2072 2497/25/2073 5428/25/2073
f 2495/25/2074 2494/25/2074 2498/25/2075 2499/25/2075
f 5422/25/2069 5424/25/2069 5430/25/2076 5429/25/2076
f 5426/25/2071 2496/25/2071 2500/25/2077 5431/25/2077
f 5428/25/2073 2497/25/2073 2501/25/2078 5432/25/2078
f 2499/25/2075 2498/25/2075 2502/25/2079 2503/25/2079
f 5433/25/2080 5435/25/2080 5436/25/1990 5434/25/1990
f 5437/25/2081 2504/25/2081 2508/25/2082 5438/25/2082
f 5439/25/2083 2505/25/2083 2509/25/2084 5440/25/1994
f 2507/25/1995 2506/25/1995 2510/25/1996 2511/25/1996
f 5434/25/1990 5436/25/1990 5442/25/1997 5441/25/1997
f 5438/25/2082 2508/25/2082 2512/25/2085 5443/25/2085
f 5440/25/1994 2509/25/2084 2513/25/1999 5444/25/1999
f 2511/25/1996 2510/25/1996 2514/25/2086 2515/25/2086
f 5452/42/2087 5453/42/2087 5458/42/2087 2525/42/2087
f 5446/42/105 5449/42/105 5460/42/105 2523/42/105
f 5454/42/228 5455/42/228 5461/42/228 2526/42/228
f 5450/42/2088 5451/42/2088 5457/42/2088 2524/42/2088
f 5447/42/2089 5445/42/2089 5459/42/2089 5462/42/2089
f 5456/42/2090 5448/42/2090 2522/42/2090 2527/42/2090
f 2520/42/227 2519/42/227 2530/42/227 2533/42/227
f 2518/42/227 2517/42/227 2532/42/227 2529/42/227
f 2521/42/227 2520/42/227 2533/42/227 2531/42/227
f 2519/42/227 2518/42/227 2529/42/227 2530/42/227
f 2517/42/227 2516/42/227 2528/42/227 2532/42/227
f 2516/42/227 2521/42/227 2531/42/227 2528/42/227
f 2532/43/227 2528/43/227 2531/43/227 2533/43/227 2530/43/227 2529/43/227
f 5470/42/2088 2543/42/2088 5476/42/2088 5471/42/2088
f 5464/42/228 2541/42/228 5478/42/228 5467/42/228
f 5472/42/105 2544/42/105 5479/42/105 5473/42/105
f 5468/42/2087 2542/42/2087 5475/42/2087 5469/42/2087
f 5465/42/2090 5480/42/2090 5477/42/2090 5463/42/2090
f 5474/42/2089 2545/42/2089 2540/42/2089 5466/42/2089
f 2538/42/227 2547/42/227 2551/42/227 2537/42/227
f 2536/42/227 2550/42/227 2549/42/227 2535/42/227
f 2539/42/227 2548/42/227 2547/42/227 2538/42/227
f 2537/42/227 2551/42/227 2550/42/227 2536/42/227
f 2535/42/227 2549/42/227 2546/42/227 2534/42/227
f 2534/42/227 2546/42/227 2548/42/227 2539/42/227
f 2549/43/227 2550/43/227 2551/43/227 2547/43/227 2548/43/227 2546/43/227
f 2571/44/2091 2552/44/2091 2553/44/107 2554/44/107
f 2563/44/2092 2564/44/2092 2561/44/107 2562/44/107
f 2565/44/2093 2566/44/2093 2559/44/107 2560/44/107
f 2567/44/2094 2568/44/2094 2557/44/107 2558/44/107
f 2569/44/2095 2570/44/2095 2555/44/107 2556/44/107
f 2581/44/2096 2554/44/107 2553/44/107 2572/44/2096
f 2573/44/2097 2562/44/107 2561/44/107 2574/44/2097
f 2575/44/2098 2560/44/107 2559/44/107 2576/44/2098
f 2577/44/2099 2558/44/107 2557/44/107 2578/44/2099
f 2579/44/2100 2556/44/107 2555/44/107 2580/44/2100
f 2602/45/2101 2600/45/2102 2601/45/2103 2603/45/2104
f 2599/45/2105 2598/45/2106 2600/45/2102 2602/45/2101
f 2598/46/2106 2604/46/2107 2605/46/2108 2600/46/2102
f 2604/47/2107 2609/47/2109 2607/48/2110 2605/47/2108
f 2605/47/2108 2607/48/2110 2608/49/2111 2606/49/2112
f 2614/45/2113 2615/45/2114 2613/45/2115 2612/45/2116
f 2611/45/2117 2614/45/2113 2612/45/2116 2610/45/2118
f 2610/46/2118 2612/46/2116 2617/46/2119 2616/46/2120
f 2616/47/2120 2617/47/2119 2619/48/467 2621/47/2121
f 2617/47/2119 2618/49/2122 2620/49/2123 2619/48/467
f 2625/50/2124 2622/50/2125 2624/50/2126 2626/50/2127
f 2627/50/2128 2623/50/2129 2622/50/2125 2625/50/2124
f 2628/50/2130 2629/50/2131 2624/50/2126 2622/50/2125
f 2630/50/2132 2628/50/2130 2622/50/2125 2623/50/2129
f 2631/51/129 2632/51/130 2636/51/131 2635/51/131
f 2632/51/130 2631/51/129 2633/51/132 2634/51/132
f 2637/51/423 2641/51/424 2642/51/424 2638/51/425
f 2638/51/425 2640/51/426 2639/51/426 2637/51/423
f 3363/26/105 841/26/105 2645/26/105 2646/26/105
f 837/26/228 839/26/228 2644/26/228 2643/26/228
usemtl gradientEmmisive.005
f 3518/52/228 3519/52/228 3531/52/228 3530/52/228
f 3514/52/2088 3515/52/2088 3527/52/2088 3526/52/2088
f 3511/52/2089 3509/52/2089 3521/52/2089 3523/52/2089
f 3520/52/2090 3512/52/2090 3524/52/2090 3532/52/2090
f 3516/52/2087 3517/52/2087 3529/52/2087 3528/52/2087
f 3510/52/105 3513/52/105 3525/52/105 3522/52/105
f 965/52/227 964/52/227 969/52/227 968/52/227 967/52/227 966/52/227
f 971/52/229 972/52/229 973/52/229 974/52/229 975/52/229 970/52/229
f 3586/52/228 3587/52/228 3599/52/228 3598/52/228
f 3582/52/2088 3583/52/2088 3595/52/2088 3594/52/2088
f 3579/52/2089 3577/52/2089 3589/52/2089 3591/52/2089
f 3588/52/2090 3580/52/2090 3592/52/2090 3600/52/2090
f 3584/52/2087 3585/52/2087 3597/52/2087 3596/52/2087
f 3578/52/105 3581/52/105 3593/52/105 3590/52/105
f 1021/52/227 1020/52/227 1025/52/227 1024/52/227 1023/52/227 1022/52/227
f 1027/52/229 1028/52/229 1029/52/229 1030/52/229 1031/52/229 1026/52/229
f 3654/52/105 3666/52/105 3667/52/105 3655/52/105
f 3650/52/2087 3662/52/2087 3663/52/2087 3651/52/2087
f 3647/52/2090 3659/52/2090 3657/52/2090 3645/52/2090
f 3656/52/2089 3668/52/2089 3660/52/2089 3648/52/2089
f 3652/52/2088 3664/52/2088 3665/52/2088 3653/52/2088
f 3646/52/228 3658/52/228 3661/52/228 3649/52/228
f 1077/52/227 1078/52/227 1079/52/227 1080/52/227 1081/52/227 1076/52/227
f 1083/52/229 1082/52/229 1087/52/229 1086/52/229 1085/52/229 1084/52/229
f 3722/52/105 3734/52/105 3735/52/105 3723/52/105
f 3718/52/2087 3730/52/2087 3731/52/2087 3719/52/2087
f 3715/52/2090 3727/52/2090 3725/52/2090 3713/52/2090
f 3724/52/2089 3736/52/2089 3728/52/2089 3716/52/2089
f 3720/52/2088 3732/52/2088 3733/52/2088 3721/52/2088
f 3714/52/228 3726/52/228 3729/52/228 3717/52/228
f 1133/52/227 1134/52/227 1135/52/227 1136/52/227 1137/52/227 1132/52/227
f 1139/52/229 1138/52/229 1143/52/229 1142/52/229 1141/52/229 1140/52/229
f 2582/53/2133 2585/53/2133 2584/53/2133 2583/53/2133
f 2586/53/2134 2589/53/2134 2588/53/2134 2587/53/2134
f 2590/53/2135 2591/53/2135 2592/53/2135 2593/53/2135
f 2594/53/2136 2595/53/2136 2596/53/2136 2597/53/2136
f 2600/46/2102 2605/46/2108 2606/46/2112 2601/46/2103
f 2612/46/2116 2613/46/2115 2618/46/2122 2617/46/2119
f 2647/54/231 2648/54/231 2650/54/231 2649/54/231
usemtl blackGlass.005
f 147/11/151 43/11/153 45/10/143 146/10/141
f 146/10/141 145/10/140 148/11/147 147/11/151
f 145/10/140 42/10/145 44/11/148 148/11/147
f 14/4/2137 107/4/2138 13/4/2139 149/4/2140 150/4/2141 111/4/2142
f 73/55/304 208/56/297 209/57/300 192/58/302
f 72/59/296 73/55/304 192/58/302 207/60/293
f 243/11/441 331/10/435 244/10/437 242/11/443
f 331/10/435 243/11/441 332/11/439 241/10/436
f 241/10/436 332/11/439 44/11/148 42/10/145
f 288/4/2143 299/4/2144 333/4/2145 245/4/2146 289/4/2147 248/4/2148
f 375/55/517 374/58/515 401/57/512 400/56/511
f 262/59/508 263/60/507 374/58/515 375/55/517
o body
g body
v -0.903597 0.335608 1.800769
v -0.909376 0.552800 1.099633
v -0.909384 0.567922 1.797234
v -0.917932 0.860431 -1.183135
v -0.917929 0.798479 -1.419103
v -0.917935 0.829849 -0.929213
v -0.917929 0.819738 -1.447384
v -0.909247 0.373714 -1.635109
v -0.812925 0.328787 1.938606
v -0.878355 0.869781 -0.877807
v -0.912139 0.387829 -1.719415
v -0.917937 0.450601 -0.781433
v -0.000010 0.818694 2.290630
v -0.882528 0.713771 1.810173
v -0.693815 0.813466 2.275728
v -0.457992 1.343459 -0.519829
v -0.203246 1.332668 0.138204
v -0.880249 0.602484 -0.407401
v -0.809241 1.011505 -0.513479
v -0.786325 1.053406 -0.529539
v -0.794682 1.033844 -0.848953
v -0.803053 1.032942 -1.499141
v -0.665254 1.034050 -2.074774
v 0.000040 1.041356 -2.079760
v -0.509049 1.041371 -2.080746
v -0.714924 0.838005 -2.201539
v -0.240569 1.360506 -0.603825
v -0.660121 1.212470 -1.042875
v -0.669050 1.113664 -1.791083
v -0.909383 0.466743 1.776897
v -0.850351 0.490269 2.134883
v -0.000011 0.663693 2.341717
v -0.552784 0.798625 2.297666
v -0.368520 0.665070 2.374746
v -0.368972 0.798566 2.301757
v -0.729729 0.983237 0.792044
v -0.815723 0.979153 0.774437
v 0.000003 0.976252 1.135678
v -0.000006 0.899092 1.923375
v -0.379496 0.953922 1.423218
v -0.506752 0.881720 2.008172
v -0.508453 0.919662 1.725404
v 0.000005 0.981753 1.034777
v -0.521738 0.975270 1.024106
v -0.555293 0.335608 1.800773
v -0.561080 0.466743 1.776901
v -0.561080 0.355941 1.793789
v -0.606033 0.645517 -1.536499
v -0.597353 0.374109 -1.595955
v -0.606042 0.450601 -0.781430
v -0.772516 1.044091 -1.656960
v -0.628896 1.248603 -1.094682
v -0.673466 1.183330 -1.281171
v -0.646182 1.039113 -2.074321
v -0.646263 1.100337 -1.760693
v -0.527055 1.291162 -0.631398
v -0.527055 0.827291 -0.638120
v -0.838134 0.951496 -0.856669
v -0.409885 1.014685 -2.094011
v -0.527047 0.838096 -1.383715
v 0.000032 0.862397 -1.383357
v -0.460700 0.844503 -1.383622
v -0.243278 0.860329 -1.383390
v -0.757283 1.038486 -1.177845
v -0.757456 1.033844 -0.848953
v -0.622895 1.212470 -1.042875
v -0.620129 1.246873 -0.808526
v -0.636240 1.183330 -1.281171
v -0.254839 1.014686 -2.093804
v -0.909377 0.709036 1.222969
v -0.909379 0.774489 1.426475
v -0.909382 0.726255 1.617333
v -0.909383 0.566972 1.756014
v -0.909375 0.425281 1.070640
v -0.909377 0.727528 1.198368
v -0.909375 0.552000 1.059803
v -0.909379 0.801064 1.427004
v -0.909382 0.746873 1.641429
v -0.909384 0.466168 1.816575
v -0.909375 0.424692 1.033479
v -0.917928 0.645518 -1.536503
v -0.917935 0.806146 -0.956914
v -0.917937 0.614122 -0.803615
v -0.917928 0.644598 -1.582292
v -0.917932 0.894403 -1.179005
v -0.917937 0.615214 -0.756227
v -0.866445 0.769870 1.125498
v -0.890188 0.558574 0.967397
v -0.850119 0.860276 1.425926
v -0.866452 0.776339 1.722167
v -0.891183 0.647205 1.932847
v -0.853506 0.464489 1.932432
v -0.899055 0.429804 0.941436
v -0.878348 0.857582 -1.502933
v -0.878346 0.646292 -1.665687
v -0.878352 0.947659 -1.179158
v -0.878357 0.610844 -0.669116
v -0.899281 0.443695 -0.301581
v -0.888312 0.566864 0.707847
v -0.877986 0.853803 -0.557434
v -0.881186 0.644127 2.145222
v -0.812788 0.922176 1.427854
v -0.825164 0.940911 1.130619
v -0.803255 0.891065 1.720335
v -0.858742 0.673662 1.953280
v -0.852418 0.670573 2.166427
v -0.799584 0.862094 1.942170
v -0.799594 0.837106 2.141619
v -0.572764 0.923736 1.420849
v -0.514567 0.952161 1.423186
v -0.506645 0.863154 2.153882
v -0.556836 0.821879 2.245121
v -0.726219 0.921586 1.420816
v -0.714792 0.834878 2.137215
v -0.717416 0.889196 1.721982
v -0.783430 0.825815 2.229221
v -0.769184 0.812427 2.277557
v -0.825860 0.668712 2.294837
v -0.000011 0.663052 2.385908
v -0.370654 0.823544 2.249353
v -0.000010 0.826784 2.255646
v -0.737262 0.938986 1.133950
v -0.581320 0.941137 1.133983
v -0.714347 0.862018 1.919612
v -0.563566 0.864169 1.919645
v -0.368620 0.816106 2.282847
v -0.553748 0.814794 2.276807
v -0.700977 0.822030 2.235116
v -0.565944 0.891347 1.722015
v -0.564056 0.836721 2.135430
v -0.688565 0.667144 2.359109
v -0.553595 0.666160 2.365921
v -0.384770 0.956122 0.895360
v -0.748535 0.951960 0.854575
v -0.579650 0.953797 0.881490
v -0.834044 0.951056 0.837113
v -0.375227 0.864636 2.158592
v -0.876411 0.785715 0.807774
v -0.624050 1.298148 0.130692
v -0.532985 1.310435 0.137879
v -0.615403 1.320704 -0.518153
v -0.524338 1.337052 -0.519923
v -0.465444 1.316842 0.137972
v -0.200642 1.359285 -0.519597
v 0.000022 1.361353 -0.519564
v 0.000015 1.334736 0.138237
v -0.809239 1.017059 -0.609236
v -0.588693 1.214259 -1.424561
v -0.610453 1.160713 -1.744216
v 0.000023 1.362574 -0.603792
v -0.635073 1.289195 -0.600993
v -0.597143 1.323002 -0.598160
v -0.802757 1.028288 -1.177989
v -0.802760 1.023362 -0.838079
v -0.832643 0.800828 -1.813897
v -0.838286 0.950886 -1.500915
v -0.630674 1.099163 -2.035347
v -0.734410 0.929979 -2.128330
v -0.706916 1.033804 -2.057834
v -0.782173 1.035238 -1.657549
v -0.777120 0.929628 -2.104104
v -0.797048 1.033799 -0.522024
v -0.841408 0.940666 -0.584996
v -0.838130 0.990559 -1.178536
v -0.516864 1.321868 -0.783809
v -0.552335 1.266604 -1.103992
v -0.820204 0.923587 -1.659886
v -0.794013 0.810522 -2.163712
v -0.637886 1.200002 -1.414087
v -0.608445 1.308397 -0.777297
v -0.649197 1.082361 -2.025854
v -0.634304 1.291146 -0.519412
v -0.524337 1.338273 -0.604150
v -0.457991 1.344680 -0.604056
v -0.650282 1.149477 -1.734352
v -0.909384 0.355941 1.793784
v -0.909384 0.355384 1.832203
v -0.822311 0.353870 1.936670
v -0.903598 0.335058 1.838692
v -0.812314 0.351492 2.100786
v -0.844969 0.461629 2.129775
v -0.368519 0.665435 2.349572
v -0.689682 0.798647 2.296129
v -0.763013 0.798626 2.297595
v -0.522253 0.969615 1.135551
v -0.368519 0.665626 2.336432
v -0.000010 0.798453 2.309501
v -0.385146 0.976968 1.028476
v -0.506340 0.892453 1.923281
v -0.385142 0.971377 1.135589
v -0.373450 0.894215 1.923304
v -0.000008 0.867820 2.160842
v -0.374358 0.883390 2.010108
v -0.375007 0.921424 1.725433
v 0.000000 0.958798 1.423290
v -0.000007 0.888081 2.010823
v -0.000003 0.926300 1.725506
v -0.831662 0.956861 0.707400
v -0.646532 1.270738 0.108729
v -0.561072 0.552800 1.099638
v -0.561073 0.709036 1.222973
v -0.561079 0.566972 1.756018
v -0.561075 0.774489 1.426479
v -0.561071 0.425281 1.070644
v -0.561078 0.726255 1.617337
v -0.606035 0.798479 -1.419099
v -0.606040 0.806146 -0.956910
v -0.606042 0.614122 -0.803611
v -0.606037 0.860431 -1.183131
v -0.794509 1.038486 -1.177845
v -0.750097 1.044039 -1.795215
v -0.657355 1.246873 -0.808527
v -0.688380 1.148719 -1.524461
v -0.243287 1.313396 -0.631073
v 0.000024 1.315464 -0.631040
v -0.460709 1.297570 -0.631305
v -0.532372 1.261492 -0.800285
v -0.567843 1.206228 -1.120468
v -0.604201 1.165209 -1.434528
v -0.243287 0.849524 -0.637795
v 0.000024 0.851592 -0.637762
v -0.460709 0.833698 -0.638027
v -0.409877 1.041368 -2.080554
v -0.254834 1.041364 -2.080253
v 0.909379 0.774489 1.426496
v 0.903588 0.335058 1.838713
v 0.909377 0.746873 1.641450
v 0.917992 0.860431 -1.183114
v 0.917989 0.806146 -0.956893
v 0.917988 0.614122 -0.803594
v 0.917996 0.645517 -1.536482
v 0.917992 0.894403 -1.178984
v 0.917995 0.819738 -1.447363
v 0.866446 0.776339 1.722187
v 0.866452 0.769869 1.125517
v 0.890198 0.558574 0.967418
v 0.909384 0.424692 1.033500
v 0.825171 0.940911 1.130638
v 0.799578 0.837106 2.141638
v 0.783411 0.825814 2.229239
v 0.825840 0.668712 2.294856
v 0.572764 0.923736 1.420862
v 0.581326 0.941137 1.133996
v 0.564039 0.836721 2.135442
v 0.876425 0.785715 0.807795
v 0.726220 0.921585 1.420833
v 0.714775 0.834878 2.137231
v 0.714336 0.862018 1.919628
v 0.624080 1.298148 0.130707
v 0.899321 0.443695 -0.301560
v 0.597190 1.323002 -0.598146
v 0.794569 1.038486 -1.177827
v 0.794734 1.033844 -0.848935
v 0.509129 1.041371 -2.080734
v 0.552393 1.266604 -1.103979
v 0.524384 1.338272 -0.604138
v 0.458037 1.344680 -0.604046
v 0.669124 1.113663 -1.791068
v 0.909375 0.466743 1.776918
v 0.909375 0.466168 1.816596
v 0.909375 0.355941 1.793805
v 0.812298 0.351492 2.100805
v 0.844953 0.461629 2.129794
v 0.689662 0.798647 2.296145
v 0.368498 0.665070 2.374755
v 0.370635 0.823544 2.249362
v 0.368498 0.665626 2.336441
v 0.368952 0.798566 2.301765
v 0.368498 0.665435 2.349581
v 0.385148 0.971376 1.135598
v 0.373439 0.894215 1.923313
v 0.374344 0.883390 2.010116
v 0.506629 0.863154 2.153894
v 0.831679 0.956861 0.707419
v 0.555284 0.335607 1.800786
v 0.561071 0.466743 1.776914
v 0.606097 0.860431 -1.183117
v 0.606093 0.614122 -0.803597
v 0.606100 0.798479 -1.419085
v 0.606093 0.450601 -0.781416
v 0.706996 1.033804 -2.057818
v 0.608496 1.308396 -0.777283
v 0.688448 1.148719 -1.524445
v 0.646262 1.039112 -2.074306
v 0.646336 1.100336 -1.760678
v 0.604267 1.165209 -1.434515
v 0.527103 1.291162 -0.631386
v 0.527103 0.827291 -0.638108
v 0.777201 0.929628 -2.104087
v 0.797093 1.033799 -0.522006
v 0.841454 0.940666 -0.584976
v 0.734491 0.929979 -2.128314
v 0.527111 0.838096 -1.383703
v 0.620180 1.246872 -0.808512
v 0.254914 1.041363 -2.080248
v 0.909382 0.709035 1.222990
v 0.909383 0.552800 1.099654
v 0.909377 0.726254 1.617354
v 0.909375 0.566972 1.756034
v 0.909383 0.425281 1.070661
v 0.909382 0.727528 1.198389
v 0.909384 0.552000 1.059824
v 0.909379 0.801063 1.427025
v 0.909375 0.567922 1.797255
v 0.917995 0.798479 -1.419082
v 0.917997 0.644598 -1.582271
v 0.917989 0.829849 -0.929192
v 0.917987 0.615214 -0.756207
v 0.917987 0.450832 -0.736034
v 0.909317 0.373714 -1.635088
v 0.850119 0.860276 1.425946
v 0.882519 0.713770 1.810193
v 0.891171 0.647204 1.932868
v 0.853494 0.464489 1.932452
v 0.899066 0.429804 0.941456
v 0.878415 0.857582 -1.502913
v 0.878417 0.646292 -1.665667
v 0.878411 0.947658 -1.179138
v 0.878408 0.869780 -0.877787
v 0.878405 0.610843 -0.669096
v 0.888328 0.566864 0.707867
v 0.878031 0.853802 -0.557413
v 0.881169 0.644127 2.145243
v 0.812788 0.922176 1.427872
v 0.803248 0.891065 1.720354
v 0.858730 0.673662 1.953300
v 0.852401 0.670573 2.166446
v 0.799572 0.862093 1.942189
v 0.514567 0.952160 1.423197
v 0.556817 0.821879 2.245134
v 0.717409 0.889196 1.721999
v 0.783653 0.667852 2.354226
v 0.769165 0.812426 2.277575
v 0.693796 0.813466 2.275744
v 0.737269 0.938986 1.133967
v 0.563555 0.864169 1.919657
v 0.368600 0.816106 2.282855
v 0.553729 0.814794 2.276820
v 0.700959 0.822029 2.235132
v 0.565937 0.891347 1.722028
v 0.688544 0.667144 2.359125
v 0.553573 0.666160 2.365933
v 0.748548 0.951960 0.854592
v 0.579663 0.953797 0.881504
v 0.834058 0.951055 0.837132
v 0.375210 0.864636 2.158601
v 0.880291 0.602484 -0.407381
v 0.533015 1.310435 0.137891
v 0.729743 0.983236 0.792061
v 0.815738 0.979152 0.774456
v 0.615448 1.320704 -0.518139
v 0.524383 1.337052 -0.519910
v 0.465474 1.316842 0.137983
v 0.200687 1.359285 -0.519592
v 0.203275 1.332668 0.138209
v 0.458037 1.343459 -0.519818
v 0.809286 1.017059 -0.609217
v 0.786370 1.053406 -0.529521
v 0.809285 1.011505 -0.513461
v 0.588758 1.214259 -1.424547
v 0.610526 1.160713 -1.744202
v 0.240616 1.360506 -0.603819
v 0.635120 1.289194 -0.600979
v 0.802816 1.028288 -1.177971
v 0.803120 1.032942 -1.499122
v 0.802813 1.023362 -0.838061
v 0.832718 0.800828 -1.813878
v 0.838353 0.950885 -1.500896
v 0.630753 1.099163 -2.035333
v 0.665335 1.034049 -2.074759
v 0.782243 1.035238 -1.657531
v 0.509140 1.014684 -2.094132
v 0.409966 1.014685 -2.094002
v 0.838186 0.951496 -0.856650
v 0.838190 0.990559 -1.178517
v 0.516915 1.321868 -0.783797
v 0.820275 0.923587 -1.659867
v 0.794096 0.810522 -2.163693
v 0.637952 1.200002 -1.414073
v 0.628955 1.248602 -1.094668
v 0.649276 1.082361 -2.025839
v 0.634349 1.291146 -0.519397
v 0.650355 1.149476 -1.734338
v 0.909375 0.355384 1.832224
v 0.822299 0.353870 1.936689
v 0.903588 0.335607 1.800790
v 0.812913 0.328787 1.938625
v 0.802912 0.326262 2.112872
v 0.850335 0.490269 2.134902
v 0.762993 0.798626 2.297612
v 0.552764 0.798625 2.297679
v 0.522260 0.969615 1.135563
v 0.521747 0.975270 1.024118
v 0.506738 0.881720 2.008183
v 0.385156 0.976968 1.028485
v 0.506328 0.892453 1.923292
v 0.508446 0.919662 1.725416
v 0.379496 0.953922 1.423227
v 0.375000 0.921424 1.725441
v 0.646562 1.270738 0.108744
v 0.561079 0.552800 1.099650
v 0.561078 0.709035 1.222986
v 0.561072 0.566972 1.756030
v 0.561071 0.355941 1.793801
v 0.561075 0.774489 1.426492
v 0.561079 0.425281 1.070657
v 0.561073 0.726254 1.617350
v 0.606101 0.645517 -1.536485
v 0.597422 0.374109 -1.595941
v 0.606095 0.806146 -0.956896
v 0.750171 1.044039 -1.795198
v 0.772587 1.044091 -1.656942
v 0.657406 1.246872 -0.808511
v 0.660178 1.212470 -1.042860
v 0.673528 1.183329 -1.281156
v 0.243334 1.313396 -0.631067
v 0.460756 1.297570 -0.631294
v 0.532424 1.261492 -0.800273
v 0.567901 1.206228 -1.120455
v 0.243334 0.849524 -0.637789
v 0.460756 0.833698 -0.638016
v 0.715008 0.838004 -2.201523
v 0.254920 1.014686 -2.093798
v 0.409958 1.041368 -2.080544
v 0.243343 0.860329 -1.383384
v 0.460765 0.844503 -1.383611
v 0.757342 1.038486 -1.177828
v 0.636302 1.183329 -1.281156
v 0.622952 1.212470 -1.042861
v 0.757508 1.033844 -0.848935
v -0.869199 0.358454 0.672050
v -0.893043 0.368329 0.672245
v -0.859323 0.334615 0.671574
v -0.869199 0.310776 0.671094
v -0.893043 0.300901 0.670893
v -0.916886 0.310776 0.671087
v -0.926763 0.334615 0.671564
v -0.916886 0.358454 0.672044
v -0.916886 0.358720 0.653678
v -0.926763 0.334881 0.653198
v -0.916886 0.311042 0.652722
v -0.893043 0.301167 0.652527
v -0.869199 0.311042 0.652728
v -0.859323 0.334881 0.653208
v -0.893043 0.368595 0.653880
v -0.869199 0.358720 0.653685
v -0.861722 0.367023 0.620689
v -0.893034 0.379990 0.620962
v -0.848752 0.335717 0.620020
v -0.861722 0.304412 0.619347
v -0.893034 0.291444 0.619063
v -0.924346 0.304412 0.619336
v -0.937316 0.335717 0.620005
v -0.924346 0.367023 0.620679
v -0.869922 0.358807 0.620561
v -0.893034 0.368383 0.620781
v -0.860360 0.335701 0.620020
v -0.869939 0.312611 0.619474
v -0.893034 0.303052 0.619245
v -0.916130 0.312611 0.619464
v -0.925708 0.335701 0.620005
v -0.916146 0.358807 0.620550
v -0.861730 0.366188 0.653836
v -0.893043 0.379155 0.654091
v -0.848760 0.334881 0.653209
v -0.861730 0.303575 0.652580
v -0.893043 0.290607 0.652315
v -0.924355 0.303575 0.652571
v -0.937325 0.334881 0.653197
v -0.924355 0.366188 0.653827
v -0.878444 0.349211 0.671864
v -0.893043 0.355257 0.671983
v -0.872397 0.334615 0.671572
v -0.878444 0.320019 0.671278
v -0.893043 0.313973 0.671155
v -0.907642 0.320019 0.671274
v -0.913689 0.334615 0.671566
v -0.907642 0.349211 0.671860
v -0.878444 0.348880 0.694720
v -0.893043 0.354926 0.694839
v -0.872397 0.334284 0.694428
v -0.878444 0.319688 0.694134
v -0.893043 0.313642 0.694011
v -0.907642 0.319688 0.694130
v -0.913689 0.334284 0.694422
v -0.907642 0.348880 0.694716
v -0.869913 0.366123 0.152952
v -0.893016 0.375692 0.153090
v -0.860343 0.343022 0.152617
v -0.869912 0.319921 0.152282
v -0.893016 0.310352 0.152143
v -0.916120 0.319921 0.152282
v -0.925690 0.343022 0.152617
v -0.916120 0.366123 0.152951
v -0.869187 0.373500 -0.366151
v -0.893031 0.383376 -0.366060
v -0.859311 0.349657 -0.366365
v -0.869187 0.325814 -0.366576
v -0.893031 0.315938 -0.366662
v -0.916875 0.325814 -0.366571
v -0.926751 0.349657 -0.366357
v -0.916875 0.373500 -0.366145
v -0.916875 0.373234 -0.347780
v -0.926751 0.349390 -0.347991
v -0.916875 0.325547 -0.348205
v -0.893031 0.315671 -0.348296
v -0.869187 0.325548 -0.348211
v -0.859311 0.349391 -0.347999
v -0.893031 0.383110 -0.347694
v -0.869187 0.373234 -0.347785
v -0.861711 0.380577 -0.314563
v -0.893023 0.393547 -0.314461
v -0.848741 0.349265 -0.314801
v -0.861711 0.317953 -0.315035
v -0.893023 0.304983 -0.315128
v -0.924336 0.317952 -0.315026
v -0.937306 0.349265 -0.314788
v -0.924336 0.380577 -0.314553
v -0.869912 0.372361 -0.314672
v -0.893024 0.381939 -0.314616
v -0.860350 0.349248 -0.314801
v -0.869928 0.326152 -0.314925
v -0.893024 0.316590 -0.314973
v -0.916119 0.326152 -0.314916
v -0.925697 0.349248 -0.314788
v -0.916135 0.372360 -0.314663
v -0.861719 0.380702 -0.347719
v -0.893031 0.393672 -0.347600
v -0.848749 0.349391 -0.348000
v -0.861719 0.318079 -0.348278
v -0.893031 0.305109 -0.348390
v -0.924343 0.318079 -0.348271
v -0.937313 0.349390 -0.347990
v -0.924343 0.380702 -0.347712
v -0.878432 0.364255 -0.366232
v -0.893031 0.370302 -0.366177
v -0.872385 0.349657 -0.366363
v -0.878432 0.335058 -0.366493
v -0.893031 0.329011 -0.366545
v -0.907630 0.335058 -0.366489
v -0.913677 0.349657 -0.366359
v -0.907630 0.364255 -0.366229
v -0.878432 0.364586 -0.389088
v -0.893031 0.370633 -0.389033
v -0.872385 0.349988 -0.389219
v -0.878432 0.335389 -0.389349
v -0.893031 0.329343 -0.389401
v -0.907630 0.335389 -0.389345
v -0.913677 0.349988 -0.389214
v -0.907630 0.364586 -0.389085
v -0.901779 0.650620 1.017907
v -0.909010 0.657303 1.021157
v -0.916241 0.652021 1.015929
v -0.909010 0.645338 1.012679
v -0.921825 0.642691 1.029808
v -0.920418 0.652791 1.027929
v -0.919409 0.650768 1.017810
v -0.920816 0.640668 1.019688
v -0.936114 0.654616 1.013685
v -0.928550 0.659578 1.018754
v -0.921667 0.652653 1.015262
v -0.929231 0.647691 1.010193
v -0.916068 0.662545 1.001783
v -0.917142 0.664090 1.011981
v -0.918499 0.653906 1.013381
v -0.917425 0.652361 1.003184
v -0.894540 0.762969 1.128015
v -0.901759 0.768548 1.132942
v -0.908977 0.764977 1.126411
v -0.901759 0.759397 1.121483
v -0.914706 0.752488 1.137469
v -0.913026 0.762692 1.138225
v -0.912173 0.763316 1.127909
v -0.913853 0.753111 1.127154
v -0.928771 0.768788 1.125537
v -0.920885 0.771799 1.131558
v -0.914402 0.765899 1.126018
v -0.922289 0.762887 1.119998
v -0.908606 0.779269 1.116083
v -0.909617 0.777655 1.126276
v -0.911206 0.767560 1.124520
v -0.910195 0.769173 1.114327
v -0.887997 0.830559 1.242315
v -0.895198 0.834404 1.248709
v -0.902398 0.833151 1.241354
v -0.895197 0.829306 1.234959
v -0.908364 0.817824 1.247713
v -0.906680 0.827224 1.251753
v -0.905621 0.831136 1.242208
v -0.907305 0.821735 1.238169
v -0.922168 0.837149 1.241224
v -0.914462 0.838119 1.248094
v -0.907805 0.834194 1.241181
v -0.915511 0.833223 1.234311
v -0.901801 0.849885 1.235825
v -0.902980 0.845299 1.245051
v -0.904582 0.836209 1.240327
v -0.903404 0.840794 1.231102
v -0.884214 0.859349 1.418845
v -0.891408 0.861175 1.426086
v -0.898602 0.862178 1.418686
v -0.891408 0.860353 1.411444
v -0.904665 0.845646 1.419549
v -0.903280 0.853220 1.426495
v -0.901831 0.860015 1.418797
v -0.903216 0.852441 1.411851
v -0.918385 0.866061 1.418339
v -0.911244 0.865071 1.425793
v -0.903998 0.863238 1.418606
v -0.911139 0.864228 1.411153
v -0.897935 0.879764 1.417635
v -0.899373 0.873025 1.425384
v -0.900769 0.865402 1.418495
v -0.899330 0.872141 1.410746
v -0.887959 0.852998 1.550954
v -0.895164 0.853014 1.558412
v -0.902368 0.855679 1.551446
v -0.895164 0.855662 1.543988
v -0.908261 0.839546 1.547422
v -0.907440 0.844880 1.556276
v -0.905592 0.853543 1.550885
v -0.906413 0.848209 1.542031
v -0.922093 0.859727 1.550066
v -0.915803 0.857083 1.557875
v -0.907788 0.856747 1.551305
v -0.914077 0.859391 1.543496
v -0.901791 0.873179 1.553598
v -0.903528 0.865217 1.560010
v -0.904564 0.858883 1.551866
v -0.902828 0.866845 1.545453
v -0.901042 0.810773 1.691480
v -0.908269 0.808732 1.698631
v -0.915495 0.813013 1.692550
v -0.908269 0.815054 1.685399
v -0.921091 0.798471 1.684271
v -0.920471 0.801244 1.694243
v -0.918684 0.811056 1.691403
v -0.919304 0.808282 1.681431
v -0.935251 0.817110 1.691845
v -0.929090 0.812588 1.698853
v -0.920936 0.814020 1.692608
v -0.927099 0.818542 1.685600
v -0.915202 0.829412 1.699054
v -0.916887 0.820076 1.703241
v -0.917747 0.815977 1.693755
v -0.916063 0.825313 1.689568
v -0.907234 0.737622 1.804750
v -0.914489 0.733337 1.810793
v -0.921744 0.739160 1.806213
v -0.914489 0.743445 1.800170
v -0.926887 0.728035 1.793508
v -0.926617 0.727420 1.803856
v -0.924884 0.737628 1.804417
v -0.925154 0.738243 1.794070
v -0.941504 0.743371 1.805984
v -0.935638 0.736885 1.811555
v -0.927220 0.740079 1.806411
v -0.933086 0.746566 1.800840
v -0.921851 0.752958 1.817225
v -0.923510 0.742801 1.818492
v -0.924080 0.741611 1.808207
v -0.922421 0.751768 1.806940
v -0.923028 0.640360 1.878255
v -0.930282 0.635251 1.883623
v -0.937535 0.641683 1.879943
v -0.930282 0.646792 1.874575
v -0.942652 0.629830 1.867885
v -0.940771 0.629623 1.878080
v -0.940690 0.639990 1.878276
v -0.942571 0.640198 1.868080
v -0.957193 0.640506 1.884560
v -0.948543 0.635329 1.886993
v -0.943028 0.641707 1.880957
v -0.951678 0.646883 1.878524
v -0.937569 0.651035 1.894930
v -0.938054 0.640958 1.892537
v -0.939873 0.643400 1.882624
v -0.939388 0.653477 1.885018
v -0.897566 0.610892 1.017859
v -0.904719 0.617339 1.021704
v -0.911872 0.613100 1.015508
v -0.904719 0.606652 1.011663
v -0.918383 0.602000 1.027559
v -0.916689 0.612227 1.027282
v -0.915159 0.611696 1.017040
v -0.916853 0.601470 1.017317
v -0.931540 0.616373 1.012499
v -0.924255 0.620492 1.018622
v -0.917237 0.613966 1.014662
v -0.924521 0.609848 1.008538
v -0.910723 0.625265 1.002799
v -0.912285 0.625604 1.013044
v -0.913949 0.615370 1.013130
v -0.912388 0.615030 1.002885
v -0.894703 0.723510 1.128077
v -0.901851 0.729359 1.132790
v -0.908998 0.726066 1.126038
v -0.901851 0.720217 1.121325
v -0.915546 0.713652 1.136714
v -0.913615 0.723795 1.137665
v -0.912295 0.724507 1.127404
v -0.914226 0.714363 1.126453
v -0.928625 0.730332 1.124188
v -0.920997 0.733210 1.130596
v -0.914364 0.727145 1.125423
v -0.921993 0.724268 1.119016
v -0.907782 0.740190 1.115552
v -0.909233 0.738774 1.125721
v -0.911067 0.728705 1.124057
v -0.909617 0.730121 1.113888
v -0.888167 0.790926 1.242029
v -0.895296 0.795093 1.248300
v -0.902425 0.794138 1.240831
v -0.895296 0.789971 1.234560
v -0.909153 0.779100 1.247120
v -0.907124 0.788428 1.251170
v -0.905746 0.792267 1.241637
v -0.907774 0.782939 1.237587
v -0.921998 0.798996 1.240388
v -0.914364 0.799641 1.247375
v -0.907778 0.795415 1.240571
v -0.915412 0.794769 1.233584
v -0.901012 0.810821 1.235296
v -0.902536 0.806306 1.244506
v -0.904458 0.797286 1.239766
v -0.902934 0.801801 1.230556
v -0.884388 0.819667 1.418325
v -0.891509 0.821823 1.425548
v -0.898630 0.823159 1.418129
v -0.891509 0.821003 1.410906
v -0.905453 0.806925 1.418973
v -0.903738 0.814426 1.425924
v -0.901956 0.821147 1.418232
v -0.903672 0.813647 1.411280
v -0.918211 0.827954 1.417731
v -0.911143 0.826633 1.425203
v -0.903970 0.824468 1.418036
v -0.911038 0.825788 1.410564
v -0.897146 0.840695 1.417084
v -0.898915 0.834030 1.424827
v -0.900644 0.826480 1.417933
v -0.898875 0.833145 1.410190
v -0.888128 0.813327 1.550242
v -0.895261 0.813649 1.557761
v -0.902395 0.816660 1.550864
v -0.895261 0.816339 1.543345
v -0.909049 0.800826 1.546837
v -0.907917 0.806087 1.555701
v -0.905717 0.814675 1.550323
v -0.906849 0.809415 1.541459
v -0.921924 0.821609 1.549642
v -0.915706 0.818659 1.557398
v -0.907761 0.817975 1.550768
v -0.913980 0.820925 1.543013
v -0.901003 0.834110 1.553047
v -0.903050 0.826221 1.559458
v -0.904439 0.819960 1.551309
v -0.902392 0.827849 1.544899
v -0.901190 0.771230 1.690477
v -0.908354 0.769214 1.697697
v -0.915519 0.773991 1.691920
v -0.908354 0.776007 1.684700
v -0.921842 0.760001 1.683222
v -0.920938 0.762372 1.693276
v -0.918805 0.772205 1.690766
v -0.919709 0.769834 1.680712
v -0.935102 0.778903 1.691714
v -0.929018 0.773890 1.698451
v -0.920915 0.775212 1.692117
v -0.926999 0.780226 1.685380
v -0.914450 0.790132 1.698969
v -0.916434 0.780732 1.702871
v -0.917629 0.776999 1.693271
v -0.915644 0.786399 1.689369
v -0.907371 0.693049 1.795745
v -0.914568 0.689013 1.802024
v -0.921765 0.695080 1.797675
v -0.914568 0.699116 1.791395
v -0.927691 0.684134 1.785156
v -0.927108 0.683512 1.795490
v -0.925012 0.693655 1.795983
v -0.925596 0.694278 1.785649
v -0.941368 0.699958 1.798080
v -0.935548 0.693277 1.803465
v -0.927198 0.696184 1.798048
v -0.933018 0.702865 1.792662
v -0.921048 0.708873 1.808669
v -0.923008 0.698778 1.810000
v -0.923951 0.697608 1.799740
v -0.921990 0.707703 1.798409
v -0.923167 0.600843 1.877111
v -0.930362 0.596192 1.882952
v -0.937558 0.602676 1.879250
v -0.930362 0.607327 1.873409
v -0.943446 0.590456 1.867932
v -0.941190 0.590646 1.878051
v -0.940820 0.601005 1.877774
v -0.943076 0.600815 1.867654
v -0.957051 0.602254 1.884638
v -0.948454 0.596946 1.886971
v -0.943009 0.602903 1.880461
v -0.951605 0.608212 1.878128
v -0.936772 0.612641 1.893817
v -0.937626 0.602492 1.891872
v -0.939747 0.604574 1.881938
v -0.938892 0.614724 1.883883
v 0.869216 0.358454 0.672071
v 0.893060 0.368328 0.672266
v 0.859340 0.334615 0.671593
v 0.869216 0.310776 0.671114
v 0.893060 0.300901 0.670913
v 0.916904 0.310776 0.671108
v 0.926780 0.334615 0.671586
v 0.916904 0.358454 0.672065
v 0.916904 0.358720 0.653699
v 0.926780 0.334881 0.653220
v 0.916904 0.311042 0.652743
v 0.893060 0.301167 0.652548
v 0.869217 0.311042 0.652748
v 0.859340 0.334881 0.653228
v 0.893060 0.368595 0.653900
v 0.869217 0.358720 0.653705
v 0.861740 0.367023 0.620709
v 0.893052 0.379990 0.620983
v 0.848770 0.335717 0.620040
v 0.861740 0.304411 0.619367
v 0.893052 0.291444 0.619084
v 0.924365 0.304411 0.619357
v 0.937335 0.335717 0.620027
v 0.924365 0.367023 0.620700
v 0.869941 0.358807 0.620581
v 0.893053 0.368383 0.620802
v 0.860379 0.335701 0.620039
v 0.869957 0.312611 0.619495
v 0.893053 0.303052 0.619265
v 0.916148 0.312611 0.619485
v 0.925726 0.335701 0.620026
v 0.916164 0.358807 0.620572
v 0.861748 0.366187 0.653856
v 0.893060 0.379155 0.654112
v 0.848778 0.334881 0.653229
v 0.861748 0.303574 0.652600
v 0.893060 0.290607 0.652336
v 0.924372 0.303575 0.652592
v 0.937343 0.334881 0.653219
v 0.924372 0.366187 0.653848
v 0.878461 0.349211 0.671884
v 0.893060 0.355257 0.672004
v 0.872414 0.334615 0.671592
v 0.878461 0.320019 0.671298
v 0.893060 0.313973 0.671175
v 0.907659 0.320019 0.671295
v 0.913706 0.334615 0.671587
v 0.907659 0.349211 0.671881
v 0.878461 0.348880 0.694740
v 0.893060 0.354926 0.694860
v 0.872414 0.334283 0.694448
v 0.878461 0.319687 0.694154
v 0.893060 0.313641 0.694031
v 0.907659 0.319687 0.694151
v 0.913706 0.334284 0.694443
v 0.907659 0.348880 0.694737
v 0.869942 0.366123 0.152972
v 0.893045 0.375692 0.153111
v 0.860372 0.343022 0.152637
v 0.869942 0.319920 0.152303
v 0.893045 0.310352 0.152164
v 0.916149 0.319920 0.152303
v 0.925719 0.343022 0.152638
v 0.916149 0.366123 0.152973
v 0.869228 0.373500 -0.366131
v 0.893072 0.383376 -0.366039
v 0.859352 0.349656 -0.366345
v 0.869228 0.325814 -0.366556
v 0.893072 0.315937 -0.366641
v 0.916916 0.325813 -0.366550
v 0.926792 0.349656 -0.366335
v 0.916916 0.373499 -0.366124
v 0.916915 0.373233 -0.347758
v 0.926792 0.349390 -0.347970
v 0.916915 0.325547 -0.348184
v 0.893072 0.315671 -0.348275
v 0.869228 0.325547 -0.348191
v 0.859352 0.349390 -0.347979
v 0.893072 0.383109 -0.347674
v 0.869228 0.373233 -0.347765
v 0.861751 0.380577 -0.314543
v 0.893063 0.393546 -0.314440
v 0.848781 0.349265 -0.314781
v 0.861751 0.317952 -0.315015
v 0.893063 0.304982 -0.315108
v 0.924375 0.317952 -0.315004
v 0.937346 0.349264 -0.314766
v 0.924375 0.380576 -0.314532
v 0.869951 0.372361 -0.314652
v 0.893063 0.381939 -0.314595
v 0.860390 0.349248 -0.314781
v 0.869968 0.326152 -0.314905
v 0.893063 0.316590 -0.314953
v 0.916159 0.326152 -0.314895
v 0.925737 0.349248 -0.314767
v 0.916175 0.372360 -0.314642
v 0.861760 0.380702 -0.347699
v 0.893072 0.393671 -0.347579
v 0.848790 0.349390 -0.347981
v 0.861759 0.318079 -0.348258
v 0.893072 0.305109 -0.348370
v 0.924384 0.318079 -0.348249
v 0.937354 0.349390 -0.347968
v 0.924384 0.380702 -0.347691
v 0.878473 0.364255 -0.366212
v 0.893072 0.370302 -0.366156
v 0.872426 0.349656 -0.366343
v 0.878473 0.335058 -0.366472
v 0.893072 0.329011 -0.366524
v 0.907671 0.335058 -0.366468
v 0.913718 0.349656 -0.366337
v 0.907671 0.364255 -0.366208
v 0.878473 0.364586 -0.389068
v 0.893072 0.370633 -0.389012
v 0.872426 0.349988 -0.389199
v 0.878473 0.335389 -0.389328
v 0.893072 0.329342 -0.389380
v 0.907671 0.335389 -0.389324
v 0.913718 0.349988 -0.389193
v 0.907671 0.364586 -0.389064
v 0.901788 0.650620 1.017928
v 0.909019 0.657303 1.021178
v 0.916251 0.652021 1.015950
v 0.909019 0.645337 1.012700
v 0.921834 0.642691 1.029830
v 0.920428 0.652791 1.027951
v 0.919419 0.650768 1.017831
v 0.920825 0.640668 1.019710
v 0.936124 0.654616 1.013706
v 0.928559 0.659578 1.018775
v 0.921677 0.652653 1.015283
v 0.929241 0.647691 1.010214
v 0.916077 0.662545 1.001805
v 0.917151 0.664090 1.012002
v 0.918509 0.653906 1.013402
v 0.917435 0.652361 1.003205
v 0.894547 0.762969 1.128035
v 0.901765 0.768548 1.132963
v 0.908984 0.764977 1.126432
v 0.901766 0.759397 1.121504
v 0.914712 0.752488 1.137490
v 0.913032 0.762692 1.138246
v 0.912180 0.763316 1.127930
v 0.913860 0.753111 1.127175
v 0.928778 0.768787 1.125559
v 0.920891 0.771799 1.131579
v 0.914409 0.765899 1.126040
v 0.922296 0.762887 1.120019
v 0.908613 0.779268 1.116104
v 0.909624 0.777655 1.126297
v 0.911213 0.767560 1.124541
v 0.910202 0.769173 1.114348
v 0.888001 0.830559 1.242335
v 0.895202 0.834404 1.248730
v 0.902403 0.833151 1.241375
v 0.895202 0.829306 1.234980
v 0.908368 0.817823 1.247734
v 0.906684 0.827224 1.251774
v 0.905625 0.831136 1.242229
v 0.907309 0.821735 1.238190
v 0.922173 0.837149 1.241245
v 0.914467 0.838119 1.248115
v 0.907809 0.834193 1.241202
v 0.915516 0.833223 1.234332
v 0.901806 0.849885 1.235846
v 0.902984 0.845299 1.245072
v 0.904587 0.836208 1.240348
v 0.903408 0.840794 1.231123
v 0.884214 0.859349 1.418865
v 0.891408 0.861174 1.426107
v 0.898602 0.862178 1.418707
v 0.891408 0.860353 1.411465
v 0.904665 0.845646 1.419570
v 0.903280 0.853220 1.426516
v 0.901831 0.860014 1.418818
v 0.903217 0.852440 1.411872
v 0.918386 0.866061 1.418361
v 0.911245 0.865071 1.425814
v 0.903998 0.863238 1.418627
v 0.911139 0.864228 1.411174
v 0.897935 0.879764 1.417655
v 0.899373 0.873025 1.425404
v 0.900769 0.865402 1.418515
v 0.899331 0.872140 1.410767
v 0.887957 0.852997 1.550974
v 0.895161 0.853014 1.558432
v 0.902365 0.855679 1.551467
v 0.895161 0.855662 1.544009
v 0.908258 0.839545 1.547443
v 0.907437 0.844880 1.556297
v 0.905589 0.853543 1.550906
v 0.906410 0.848208 1.542052
v 0.922090 0.859726 1.550087
v 0.915801 0.857083 1.557896
v 0.907785 0.856747 1.551326
v 0.914075 0.859391 1.543517
v 0.901789 0.873178 1.553618
v 0.903525 0.865217 1.560031
v 0.904562 0.858883 1.551887
v 0.902825 0.866844 1.545474
v 0.901036 0.810773 1.691501
v 0.908262 0.808731 1.698652
v 0.915489 0.813012 1.692571
v 0.908263 0.815054 1.685420
v 0.921085 0.798471 1.684292
v 0.920465 0.801244 1.694264
v 0.918678 0.811056 1.691424
v 0.919299 0.808282 1.681452
v 0.935246 0.817109 1.691867
v 0.929083 0.812588 1.698875
v 0.920930 0.814020 1.692629
v 0.927093 0.818541 1.685622
v 0.915196 0.829411 1.699076
v 0.916881 0.820075 1.703262
v 0.917741 0.815977 1.693776
v 0.916057 0.825313 1.689590
v 0.907226 0.737621 1.804771
v 0.914480 0.733336 1.810814
v 0.921735 0.739160 1.806235
v 0.914480 0.743445 1.800191
v 0.926879 0.728034 1.793530
v 0.926609 0.727420 1.803877
v 0.924876 0.737628 1.804439
v 0.925146 0.738243 1.794091
v 0.941496 0.743371 1.806005
v 0.935629 0.736884 1.811577
v 0.927212 0.740079 1.806432
v 0.933078 0.746565 1.800861
v 0.921842 0.752958 1.817246
v 0.923501 0.742801 1.818513
v 0.924071 0.741611 1.808228
v 0.922413 0.751768 1.806961
v 0.923018 0.640359 1.878276
v 0.930271 0.635251 1.883645
v 0.937525 0.641683 1.879965
v 0.930271 0.646791 1.874597
v 0.942641 0.629830 1.867906
v 0.940760 0.629623 1.878102
v 0.940680 0.639990 1.878297
v 0.942561 0.640197 1.868102
v 0.957182 0.640505 1.884582
v 0.948533 0.635329 1.887015
v 0.943018 0.641707 1.880979
v 0.951667 0.646883 1.878546
v 0.937559 0.651035 1.894952
v 0.938044 0.640957 1.892558
v 0.939863 0.643400 1.882646
v 0.939378 0.653477 1.885040
v 0.897576 0.610891 1.017879
v 0.904728 0.617339 1.021725
v 0.911881 0.613100 1.015529
v 0.904729 0.606652 1.011684
v 0.918392 0.602000 1.027580
v 0.916699 0.612226 1.027303
v 0.915168 0.611696 1.017061
v 0.916862 0.601469 1.017338
v 0.931549 0.616373 1.012520
v 0.924264 0.620491 1.018643
v 0.917246 0.613966 1.014683
v 0.924531 0.609847 1.008560
v 0.910733 0.625264 1.002820
v 0.912294 0.625604 1.013065
v 0.913959 0.615370 1.013151
v 0.912398 0.615030 1.002906
v 0.894710 0.723509 1.128098
v 0.901857 0.729359 1.132811
v 0.909005 0.726066 1.126059
v 0.901858 0.720216 1.121346
v 0.915552 0.713652 1.136735
v 0.913621 0.723795 1.137686
v 0.912302 0.724506 1.127426
v 0.914233 0.714363 1.126474
v 0.928632 0.730332 1.124210
v 0.921004 0.733210 1.130617
v 0.914371 0.727145 1.125444
v 0.922000 0.724267 1.119037
v 0.907790 0.740190 1.115573
v 0.909240 0.738774 1.125742
v 0.911074 0.728704 1.124078
v 0.909624 0.730121 1.113909
v 0.888172 0.790925 1.242049
v 0.895301 0.795093 1.248321
v 0.902430 0.794138 1.240852
v 0.895301 0.789970 1.234580
v 0.909157 0.779100 1.247141
v 0.907128 0.788428 1.251191
v 0.905750 0.792267 1.241658
v 0.907779 0.782939 1.237608
v 0.922002 0.798995 1.240409
v 0.914368 0.799641 1.247397
v 0.907782 0.795415 1.240592
v 0.915417 0.794769 1.233605
v 0.901017 0.810821 1.235317
v 0.902540 0.806306 1.244527
v 0.904462 0.797286 1.239787
v 0.902939 0.801801 1.230577
v 0.884389 0.819666 1.418345
v 0.891509 0.821822 1.425568
v 0.898630 0.823159 1.418150
v 0.891509 0.821003 1.410927
v 0.905454 0.806925 1.418994
v 0.903738 0.814426 1.425945
v 0.901956 0.821147 1.418252
v 0.903672 0.813646 1.411301
v 0.918211 0.827954 1.417753
v 0.911143 0.826633 1.425224
v 0.903970 0.824467 1.418056
v 0.911038 0.825788 1.410585
v 0.897146 0.840695 1.417104
v 0.898915 0.834030 1.424848
v 0.900644 0.826479 1.417954
v 0.898875 0.833145 1.410210
v 0.888125 0.813327 1.550263
v 0.895258 0.813649 1.557782
v 0.902392 0.816660 1.550885
v 0.895259 0.816338 1.543366
v 0.909046 0.800826 1.546858
v 0.907914 0.806086 1.555722
v 0.905714 0.814675 1.550344
v 0.906846 0.809414 1.541480
v 0.921921 0.821609 1.549663
v 0.915703 0.818658 1.557419
v 0.907759 0.817975 1.550790
v 0.913977 0.820925 1.543034
v 0.901000 0.834110 1.553068
v 0.903047 0.826221 1.559478
v 0.904437 0.819960 1.551330
v 0.902390 0.827849 1.544919
v 0.901184 0.771230 1.690498
v 0.908348 0.769214 1.697718
v 0.915513 0.773991 1.691941
v 0.908349 0.776007 1.684721
v 0.921836 0.760001 1.683243
v 0.920932 0.762372 1.693297
v 0.918799 0.772204 1.690787
v 0.919703 0.769833 1.680733
v 0.935096 0.778903 1.691736
v 0.929012 0.773890 1.698472
v 0.920909 0.775212 1.692138
v 0.926993 0.780225 1.685402
v 0.914443 0.790131 1.698991
v 0.916428 0.780731 1.702893
v 0.917623 0.776999 1.693292
v 0.915639 0.786398 1.689390
v 0.907362 0.693049 1.795766
v 0.914560 0.689013 1.802046
v 0.921757 0.695079 1.797696
v 0.914560 0.699115 1.791416
v 0.927683 0.684134 1.785177
v 0.927099 0.683511 1.795511
v 0.925004 0.693655 1.796004
v 0.925588 0.694277 1.785670
v 0.941360 0.699958 1.798102
v 0.935539 0.693276 1.803487
v 0.927189 0.696183 1.798069
v 0.933010 0.702865 1.792684
v 0.921039 0.708873 1.808690
v 0.922999 0.698778 1.810021
v 0.923942 0.697608 1.799762
v 0.921982 0.707703 1.798430
v 0.923156 0.600842 1.877132
v 0.930352 0.596192 1.882974
v 0.937548 0.602676 1.879272
v 0.930352 0.607326 1.873430
v 0.943436 0.590455 1.867954
v 0.941180 0.590646 1.878073
v 0.940810 0.601005 1.877795
v 0.943066 0.600814 1.867676
v 0.957040 0.602254 1.884660
v 0.948444 0.596946 1.886993
v 0.942999 0.602903 1.880483
v 0.951595 0.608211 1.878150
v 0.936761 0.612641 1.893839
v 0.937616 0.602492 1.891894
v 0.939736 0.604574 1.881959
v 0.938881 0.614723 1.883904
v -0.803766 1.097617 -1.514919
v -0.803765 1.098648 -1.586088
v -0.729386 1.165385 -1.513936
v -0.729385 1.166416 -1.585105
v -0.775194 1.066264 -1.515373
v -0.775193 1.067295 -1.586542
v -0.700814 1.135063 -1.585559
v -0.700814 1.134032 -1.514390
v -0.764535 1.045341 -1.591783
v -0.764536 1.044167 -1.510771
v -0.781492 1.061643 -1.592653
v -0.679869 1.122482 -1.590664
v -0.694514 1.140890 -1.591503
v -0.679870 1.121308 -1.509652
v -0.694515 1.139684 -1.508279
v -0.781493 1.060437 -1.509429
v -0.803766 1.097442 -1.502863
v -0.803767 1.096410 -1.431695
v -0.729386 1.165210 -1.501880
v -0.729387 1.164178 -1.430712
v -0.775194 1.066089 -1.503317
v -0.775195 1.065058 -1.432148
v -0.700815 1.132826 -1.431166
v -0.700815 1.133857 -1.502335
v -0.764537 1.042961 -1.427546
v -0.764536 1.044135 -1.508558
v -0.781494 1.059231 -1.426204
v -0.679870 1.120101 -1.426427
v -0.694516 1.138478 -1.425055
v -0.679870 1.121275 -1.507439
v 0.803833 1.097616 -1.514900
v 0.803834 1.098647 -1.586069
v 0.729454 1.165384 -1.513919
v 0.729455 1.166415 -1.585088
v 0.775262 1.066263 -1.515355
v 0.775262 1.067294 -1.586524
v 0.700883 1.135063 -1.585543
v 0.700882 1.134031 -1.514374
v 0.764605 1.045340 -1.591765
v 0.764604 1.044166 -1.510753
v 0.781562 1.061642 -1.592635
v 0.679938 1.122481 -1.590648
v 0.694583 1.140890 -1.591487
v 0.679937 1.121307 -1.509636
v 0.694583 1.139683 -1.508263
v 0.781561 1.060436 -1.509410
v 0.803833 1.097441 -1.502845
v 0.803833 1.096410 -1.431676
v 0.729454 1.165209 -1.501864
v 0.729453 1.164178 -1.430695
v 0.775261 1.066088 -1.503300
v 0.775261 1.065057 -1.432131
v 0.700881 1.132825 -1.431149
v 0.700882 1.133856 -1.502318
v 0.764603 1.042960 -1.427528
v 0.764604 1.044134 -1.508540
v 0.781560 1.059230 -1.426186
v 0.679936 1.120101 -1.426411
v 0.694582 1.138477 -1.425039
v 0.679937 1.121275 -1.507423
v -0.395976 1.172815 -1.560786
v -0.441342 1.191604 -1.560514
v -0.486708 1.172815 -1.560787
v -0.505499 1.127454 -1.561444
v -0.486708 1.082093 -1.562101
v -0.441342 1.063303 -1.562373
v -0.395976 1.082093 -1.562100
v -0.377185 1.127454 -1.561443
v -0.396364 1.167415 -1.188137
v -0.441346 1.186118 -1.181975
v -0.486328 1.167244 -1.176357
v -0.504960 1.121847 -1.174575
v -0.486328 1.076522 -1.177672
v -0.441346 1.057818 -1.183834
v -0.396364 1.076692 -1.189451
v -0.377732 1.122089 -1.191234
v -0.397134 1.167394 -1.186706
v -0.436548 1.185858 -1.163973
v -0.475963 1.166743 -1.141784
v -0.492289 1.121247 -1.133138
v -0.475963 1.076021 -1.143099
v -0.436548 1.057557 -1.165832
v -0.397134 1.076671 -1.188020
v -0.380808 1.122168 -1.196666
v -0.400208 1.167439 -1.189840
v -0.423440 1.185664 -1.150606
v -0.446672 1.166310 -1.111917
v -0.456295 1.120715 -1.096435
v -0.446672 1.075588 -1.113231
v -0.423440 1.057363 -1.152465
v -0.400208 1.076717 -1.191154
v -0.390585 1.122312 -1.206636
v -0.398983 1.167450 -1.190614
v -0.405534 1.185589 -1.145456
v -0.412084 1.166150 -1.100843
v -0.414798 1.120519 -1.082908
v -0.412084 1.075427 -1.102157
v -0.405534 1.057288 -1.147316
v -0.398983 1.076728 -1.191929
v -0.396270 1.122359 -1.209864
v -0.251891 1.167436 -1.189596
v -0.252333 1.185568 -1.143964
v -0.252775 1.166121 -1.098877
v -0.252958 1.120488 -1.080746
v -0.252775 1.075399 -1.100192
v -0.252333 1.057267 -1.145823
v -0.251891 1.076713 -1.190910
v -0.251708 1.122347 -1.209041
v 0.415400 1.172815 -1.560776
v 0.460766 1.191604 -1.560504
v 0.506132 1.172815 -1.560776
v 0.524923 1.127453 -1.561433
v 0.506132 1.082092 -1.562090
v 0.460766 1.063303 -1.562363
v 0.415400 1.082092 -1.562091
v 0.396609 1.127454 -1.561434
v 0.415780 1.167414 -1.188128
v 0.460762 1.186118 -1.181964
v 0.505744 1.167243 -1.176346
v 0.524376 1.121847 -1.174563
v 0.505744 1.076521 -1.177660
v 0.460762 1.057817 -1.183824
v 0.415780 1.076692 -1.189442
v 0.397148 1.122088 -1.191225
v 0.416550 1.167393 -1.186696
v 0.455964 1.185857 -1.163962
v 0.495377 1.166742 -1.141773
v 0.511703 1.121246 -1.133126
v 0.495377 1.076020 -1.143088
v 0.455964 1.057556 -1.165822
v 0.416550 1.076671 -1.188011
v 0.400224 1.122167 -1.196657
v 0.419624 1.167439 -1.189831
v 0.442855 1.185663 -1.150596
v 0.466087 1.166310 -1.111906
v 0.475709 1.120715 -1.096425
v 0.466087 1.075587 -1.113221
v 0.442855 1.057363 -1.152455
v 0.419624 1.076717 -1.191145
v 0.410001 1.122312 -1.206626
v 0.418399 1.167450 -1.190605
v 0.424949 1.185589 -1.145447
v 0.431498 1.166149 -1.100833
v 0.434211 1.120519 -1.082898
v 0.431498 1.075427 -1.102148
v 0.424949 1.057288 -1.147306
v 0.418399 1.076728 -1.191920
v 0.415686 1.122358 -1.209855
v 0.271307 1.167435 -1.189590
v 0.271748 1.185567 -1.143958
v 0.272189 1.166121 -1.098871
v 0.272371 1.120487 -1.080740
v 0.272189 1.075398 -1.100186
v 0.271748 1.057266 -1.145818
v 0.271307 1.076713 -1.190904
v 0.271125 1.122347 -1.209035
v 0.000037 1.036753 -1.762136
v -0.409881 1.036765 -1.762930
v -0.254837 1.036761 -1.762630
v 0.254911 1.036761 -1.762625
v 0.409954 1.036765 -1.762921
v -0.665255 1.032926 -1.997261
v -0.509050 1.040247 -2.003233
v 0.509129 1.040247 -2.003221
v 0.665334 1.032926 -1.997245
v -0.881186 0.644127 2.145222
v -0.909384 0.355384 1.832203
v -0.835264 0.438819 2.110302
v -0.689682 0.798647 2.296129
v -0.763013 0.798626 2.297595
v -0.763013 0.798626 2.297595
v -0.763013 0.798626 2.297595
v -0.909382 0.726255 1.617333
v -0.909382 0.726255 1.617333
v -0.561078 0.726255 1.617337
v -0.852418 0.670573 2.166427
v -0.750111 0.810993 -2.196223
v -0.783674 0.668407 2.315893
v -0.783674 0.668407 2.315893
v -0.688565 0.667699 2.320794
v -0.368519 0.798688 2.293287
v -0.000010 0.798661 2.295155
v -0.368972 0.798566 2.301757
v -0.552784 0.798625 2.297666
v -0.757456 1.033844 -0.848953
v -0.794682 1.033844 -0.848953
v -0.794682 1.033844 -0.848953
v -0.705133 0.930047 -2.133036
v 0.909382 0.709035 1.222990
v 0.909382 0.709035 1.222990
v 0.909383 0.552800 1.099654
v 0.588758 1.214259 -1.424547
v 0.610526 1.160713 -1.744202
v 0.240616 1.360506 -0.603819
v 0.000023 1.362574 -0.603792
v 0.783653 0.667852 2.354226
v 0.783653 0.667852 2.354226
v 0.783654 0.668407 2.315911
v 0.783654 0.668407 2.315911
v 0.909377 0.726254 1.617354
v 0.909377 0.726254 1.617354
v 0.561073 0.726254 1.617350
v 0.657406 1.246872 -0.808511
v 0.657406 1.246872 -0.808511
v 0.620180 1.246872 -0.808512
v 0.000040 1.041356 -2.079760
v 0.254914 1.041363 -2.080248
v 0.909379 0.774489 1.426496
v 0.909379 0.774489 1.426496
v 0.909383 0.425281 1.070661
v 0.917992 0.860431 -1.183114
v 0.917989 0.806146 -0.956893
v 0.917989 0.806146 -0.956893
v 0.606095 0.806146 -0.956896
v 0.917988 0.614122 -0.803594
v 0.917988 0.614122 -0.803594
v 0.917987 0.450601 -0.781412
v 0.917987 0.450601 -0.781412
v 0.606093 0.614122 -0.803597
v 0.917992 0.894403 -1.178984
v 0.917995 0.819738 -1.447363
v 0.783411 0.825814 2.229239
v 0.769165 0.812426 2.277575
v 0.524384 1.338272 -0.604138
v 0.524384 1.338272 -0.604138
v 0.458037 1.344680 -0.604046
v 0.368498 0.665435 2.349581
v -0.000011 0.665618 2.362958
v -0.000011 0.665618 2.362958
v 0.755157 0.798775 2.287283
v 0.755157 0.798775 2.287283
v 0.684224 0.798775 2.287282
v -0.916886 0.358454 0.672044
v -0.916886 0.358454 0.672044
v -0.916886 0.358720 0.653678
v -0.916886 0.358720 0.653678
v -0.893043 0.301167 0.652527
v -0.893043 0.301167 0.652527
v -0.893043 0.300901 0.670893
v -0.893043 0.300901 0.670893
v -0.916886 0.310776 0.671087
v -0.916886 0.310776 0.671087
v -0.916886 0.311042 0.652722
v -0.916886 0.311042 0.652722
v -0.859323 0.334881 0.653208
v -0.859323 0.334881 0.653208
v -0.859323 0.334615 0.671574
v -0.859323 0.334615 0.671574
v -0.869199 0.310776 0.671094
v -0.869199 0.310776 0.671094
v -0.869199 0.311042 0.652728
v -0.869199 0.311042 0.652728
v -0.869199 0.358454 0.672050
v -0.869199 0.358454 0.672050
v -0.893043 0.368329 0.672245
v -0.893043 0.368329 0.672245
v -0.926763 0.334615 0.671564
v -0.926763 0.334615 0.671564
v -0.861730 0.366188 0.653836
v -0.861730 0.366188 0.653836
v -0.861722 0.367023 0.620689
v -0.861722 0.367023 0.620689
v -0.893043 0.379155 0.654091
v -0.893043 0.379155 0.654091
v -0.893034 0.379990 0.620962
v -0.893034 0.379990 0.620962
v -0.848760 0.334881 0.653209
v -0.848760 0.334881 0.653209
v -0.848752 0.335717 0.620020
v -0.848752 0.335717 0.620020
v -0.861730 0.303575 0.652580
v -0.861730 0.303575 0.652580
v -0.861722 0.304412 0.619347
v -0.861722 0.304412 0.619347
v -0.893043 0.290607 0.652315
v -0.893043 0.290607 0.652315
v -0.893034 0.291444 0.619063
v -0.893034 0.291444 0.619063
v -0.924355 0.303575 0.652571
v -0.924355 0.303575 0.652571
v -0.924346 0.304412 0.619336
v -0.924346 0.304412 0.619336
v -0.937325 0.334881 0.653197
v -0.937325 0.334881 0.653197
v -0.937316 0.335717 0.620005
v -0.937316 0.335717 0.620005
v -0.924355 0.366188 0.653827
v -0.924355 0.366188 0.653827
v -0.924346 0.367023 0.620679
v -0.924346 0.367023 0.620679
v -0.893034 0.368383 0.620781
v -0.893034 0.368383 0.620781
v -0.916146 0.358807 0.620550
v -0.916146 0.358807 0.620550
v -0.925708 0.335701 0.620005
v -0.925708 0.335701 0.620005
v -0.916130 0.312611 0.619464
v -0.916130 0.312611 0.619464
v -0.893034 0.303052 0.619245
v -0.893034 0.303052 0.619245
v -0.869939 0.312611 0.619474
v -0.869939 0.312611 0.619474
v -0.860360 0.335701 0.620020
v -0.860360 0.335701 0.620020
v -0.869922 0.358807 0.620561
v -0.869922 0.358807 0.620561
v -0.893043 0.368595 0.653880
v -0.893043 0.368595 0.653880
v -0.926763 0.334881 0.653198
v -0.926763 0.334881 0.653198
v -0.869199 0.358720 0.653685
v -0.869199 0.358720 0.653685
v -0.878444 0.349211 0.671864
v -0.878444 0.349211 0.671864
v -0.893043 0.355257 0.671983
v -0.893043 0.355257 0.671983
v -0.872397 0.334615 0.671572
v -0.872397 0.334615 0.671572
v -0.878444 0.320019 0.671278
v -0.878444 0.320019 0.671278
v -0.893043 0.313973 0.671155
v -0.893043 0.313973 0.671155
v -0.907642 0.320019 0.671274
v -0.907642 0.320019 0.671274
v -0.913689 0.334615 0.671566
v -0.913689 0.334615 0.671566
v -0.907642 0.349211 0.671860
v -0.907642 0.349211 0.671860
v -0.878444 0.348880 0.694720
v -0.878444 0.348880 0.694720
v -0.893043 0.354926 0.694839
v -0.893043 0.354926 0.694839
v -0.872397 0.334284 0.694428
v -0.872397 0.334284 0.694428
v -0.878444 0.319688 0.694134
v -0.878444 0.319688 0.694134
v -0.893043 0.313642 0.694011
v -0.893043 0.313642 0.694011
v -0.907642 0.319688 0.694130
v -0.907642 0.319688 0.694130
v -0.913689 0.334284 0.694422
v -0.913689 0.334284 0.694422
v -0.907642 0.348880 0.694716
v -0.907642 0.348880 0.694716
v -0.869913 0.366123 0.152952
v -0.893016 0.375692 0.153090
v -0.860343 0.343022 0.152617
v -0.869912 0.319921 0.152282
v -0.893016 0.310352 0.152143
v -0.916120 0.319921 0.152282
v -0.925690 0.343022 0.152617
v -0.916120 0.366123 0.152951
v -0.916875 0.373500 -0.366145
v -0.916875 0.373500 -0.366145
v -0.916875 0.373234 -0.347780
v -0.916875 0.373234 -0.347780
v -0.893031 0.315671 -0.348296
v -0.893031 0.315671 -0.348296
v -0.893031 0.315938 -0.366662
v -0.893031 0.315938 -0.366662
v -0.916875 0.325814 -0.366571
v -0.916875 0.325814 -0.366571
v -0.916875 0.325547 -0.348205
v -0.916875 0.325547 -0.348205
v -0.859311 0.349391 -0.347999
v -0.859311 0.349391 -0.347999
v -0.859311 0.349657 -0.366365
v -0.859311 0.349657 -0.366365
v -0.869187 0.325814 -0.366576
v -0.869187 0.325814 -0.366576
v -0.869187 0.325548 -0.348211
v -0.869187 0.325548 -0.348211
v -0.869187 0.373500 -0.366151
v -0.869187 0.373500 -0.366151
v -0.893031 0.383376 -0.366060
v -0.893031 0.383376 -0.366060
v -0.926751 0.349657 -0.366357
v -0.926751 0.349657 -0.366357
v -0.861719 0.380702 -0.347719
v -0.861719 0.380702 -0.347719
v -0.861711 0.380577 -0.314563
v -0.861711 0.380577 -0.314563
v -0.893031 0.393672 -0.347600
v -0.893031 0.393672 -0.347600
v -0.893023 0.393547 -0.314461
v -0.893023 0.393547 -0.314461
v -0.848749 0.349391 -0.348000
v -0.848749 0.349391 -0.348000
v -0.848741 0.349265 -0.314801
v -0.848741 0.349265 -0.314801
v -0.861719 0.318079 -0.348278
v -0.861719 0.318079 -0.348278
v -0.861711 0.317953 -0.315035
v -0.861711 0.317953 -0.315035
v -0.893031 0.305109 -0.348390
v -0.893031 0.305109 -0.348390
v -0.893023 0.304983 -0.315128
v -0.893023 0.304983 -0.315128
v -0.924343 0.318079 -0.348271
v -0.924343 0.318079 -0.348271
v -0.924336 0.317952 -0.315026
v -0.924336 0.317952 -0.315026
v -0.937313 0.349390 -0.347990
v -0.937313 0.349390 -0.347990
v -0.937306 0.349265 -0.314788
v -0.937306 0.349265 -0.314788
v -0.924343 0.380702 -0.347712
v -0.924343 0.380702 -0.347712
v -0.924336 0.380577 -0.314553
v -0.924336 0.380577 -0.314553
v -0.893024 0.381939 -0.314616
v -0.893024 0.381939 -0.314616
v -0.916135 0.372360 -0.314663
v -0.916135 0.372360 -0.314663
v -0.925697 0.349248 -0.314788
v -0.925697 0.349248 -0.314788
v -0.916119 0.326152 -0.314916
v -0.916119 0.326152 -0.314916
v -0.893024 0.316590 -0.314973
v -0.893024 0.316590 -0.314973
v -0.869928 0.326152 -0.314925
v -0.869928 0.326152 -0.314925
v -0.860350 0.349248 -0.314801
v -0.860350 0.349248 -0.314801
v -0.869912 0.372361 -0.314672
v -0.869912 0.372361 -0.314672
v -0.893031 0.383110 -0.347694
v -0.893031 0.383110 -0.347694
v -0.926751 0.349390 -0.347991
v -0.926751 0.349390 -0.347991
v -0.869187 0.373234 -0.347785
v -0.869187 0.373234 -0.347785
v -0.878432 0.364255 -0.366232
v -0.878432 0.364255 -0.366232
v -0.893031 0.370302 -0.366177
v -0.893031 0.370302 -0.366177
v -0.872385 0.349657 -0.366363
v -0.872385 0.349657 -0.366363
v -0.878432 0.335058 -0.366493
v -0.878432 0.335058 -0.366493
v -0.893031 0.329011 -0.366545
v -0.893031 0.329011 -0.366545
v -0.907630 0.335058 -0.366489
v -0.907630 0.335058 -0.366489
v -0.913677 0.349657 -0.366359
v -0.913677 0.349657 -0.366359
v -0.907630 0.364255 -0.366229
v -0.907630 0.364255 -0.366229
v -0.878432 0.364586 -0.389088
v -0.878432 0.364586 -0.389088
v -0.893031 0.370633 -0.389033
v -0.893031 0.370633 -0.389033
v -0.872385 0.349988 -0.389219
v -0.872385 0.349988 -0.389219
v -0.878432 0.335389 -0.389349
v -0.878432 0.335389 -0.389349
v -0.893031 0.329343 -0.389401
v -0.893031 0.329343 -0.389401
v -0.907630 0.335389 -0.389345
v -0.907630 0.335389 -0.389345
v -0.913677 0.349988 -0.389214
v -0.913677 0.349988 -0.389214
v -0.907630 0.364586 -0.389085
v -0.907630 0.364586 -0.389085
v -0.901779 0.650620 1.017907
v -0.901779 0.650620 1.017907
v -0.901779 0.650620 1.017907
v -0.909010 0.645338 1.012679
v -0.909010 0.645338 1.012679
v -0.909010 0.645338 1.012679
v -0.921825 0.642691 1.029808
v -0.921825 0.642691 1.029808
v -0.921825 0.642691 1.029808
v -0.920816 0.640668 1.019688
v -0.920816 0.640668 1.019688
v -0.920816 0.640668 1.019688
v -0.909010 0.657303 1.021157
v -0.909010 0.657303 1.021157
v -0.909010 0.657303 1.021157
v -0.920418 0.652791 1.027929
v -0.920418 0.652791 1.027929
v -0.920418 0.652791 1.027929
v -0.916241 0.652021 1.015929
v -0.916241 0.652021 1.015929
v -0.916241 0.652021 1.015929
v -0.919409 0.650768 1.017810
v -0.919409 0.650768 1.017810
v -0.919409 0.650768 1.017810
v -0.936114 0.654616 1.013685
v -0.936114 0.654616 1.013685
v -0.936114 0.654616 1.013685
v -0.929231 0.647691 1.010193
v -0.929231 0.647691 1.010193
v -0.929231 0.647691 1.010193
v -0.928550 0.659578 1.018754
v -0.928550 0.659578 1.018754
v -0.928550 0.659578 1.018754
v -0.921667 0.652653 1.015262
v -0.921667 0.652653 1.015262
v -0.921667 0.652653 1.015262
v -0.916068 0.662545 1.001783
v -0.916068 0.662545 1.001783
v -0.916068 0.662545 1.001783
v -0.917425 0.652361 1.003184
v -0.917425 0.652361 1.003184
v -0.917425 0.652361 1.003184
v -0.917142 0.664090 1.011981
v -0.917142 0.664090 1.011981
v -0.917142 0.664090 1.011981
v -0.918499 0.653906 1.013381
v -0.918499 0.653906 1.013381
v -0.918499 0.653906 1.013381
v -0.894540 0.762969 1.128015
v -0.894540 0.762969 1.128015
v -0.894540 0.762969 1.128015
v -0.901759 0.759397 1.121483
v -0.901759 0.759397 1.121483
v -0.901759 0.759397 1.121483
v -0.914706 0.752488 1.137469
v -0.914706 0.752488 1.137469
v -0.914706 0.752488 1.137469
v -0.913853 0.753111 1.127154
v -0.913853 0.753111 1.127154
v -0.913853 0.753111 1.127154
v -0.901759 0.768548 1.132942
v -0.901759 0.768548 1.132942
v -0.901759 0.768548 1.132942
v -0.913026 0.762692 1.138225
v -0.913026 0.762692 1.138225
v -0.913026 0.762692 1.138225
v -0.908977 0.764977 1.126411
v -0.908977 0.764977 1.126411
v -0.908977 0.764977 1.126411
v -0.912173 0.763316 1.127909
v -0.912173 0.763316 1.127909
v -0.912173 0.763316 1.127909
v -0.928771 0.768788 1.125537
v -0.928771 0.768788 1.125537
v -0.928771 0.768788 1.125537
v -0.922289 0.762887 1.119998
v -0.922289 0.762887 1.119998
v -0.922289 0.762887 1.119998
v -0.920885 0.771799 1.131558
v -0.920885 0.771799 1.131558
v -0.920885 0.771799 1.131558
v -0.914402 0.765899 1.126018
v -0.914402 0.765899 1.126018
v -0.914402 0.765899 1.126018
v -0.908606 0.779269 1.116083
v -0.908606 0.779269 1.116083
v -0.908606 0.779269 1.116083
v -0.910195 0.769173 1.114327
v -0.910195 0.769173 1.114327
v -0.910195 0.769173 1.114327
v -0.909617 0.777655 1.126276
v -0.909617 0.777655 1.126276
v -0.909617 0.777655 1.126276
v -0.911206 0.767560 1.124520
v -0.911206 0.767560 1.124520
v -0.911206 0.767560 1.124520
v -0.887997 0.830559 1.242315
v -0.887997 0.830559 1.242315
v -0.887997 0.830559 1.242315
v -0.895197 0.829306 1.234959
v -0.895197 0.829306 1.234959
v -0.895197 0.829306 1.234959
v -0.908364 0.817824 1.247713
v -0.908364 0.817824 1.247713
v -0.908364 0.817824 1.247713
v -0.907305 0.821735 1.238169
v -0.907305 0.821735 1.238169
v -0.907305 0.821735 1.238169
v -0.895198 0.834404 1.248709
v -0.895198 0.834404 1.248709
v -0.895198 0.834404 1.248709
v -0.906680 0.827224 1.251753
v -0.906680 0.827224 1.251753
v -0.906680 0.827224 1.251753
v -0.902398 0.833151 1.241354
v -0.902398 0.833151 1.241354
v -0.902398 0.833151 1.241354
v -0.905621 0.831136 1.242208
v -0.905621 0.831136 1.242208
v -0.905621 0.831136 1.242208
v -0.922168 0.837149 1.241224
v -0.922168 0.837149 1.241224
v -0.922168 0.837149 1.241224
v -0.915511 0.833223 1.234311
v -0.915511 0.833223 1.234311
v -0.915511 0.833223 1.234311
v -0.914462 0.838119 1.248094
v -0.914462 0.838119 1.248094
v -0.914462 0.838119 1.248094
v -0.907805 0.834194 1.241181
v -0.907805 0.834194 1.241181
v -0.907805 0.834194 1.241181
v -0.901801 0.849885 1.235825
v -0.901801 0.849885 1.235825
v -0.901801 0.849885 1.235825
v -0.903404 0.840794 1.231102
v -0.903404 0.840794 1.231102
v -0.903404 0.840794 1.231102
v -0.902980 0.845299 1.245051
v -0.902980 0.845299 1.245051
v -0.902980 0.845299 1.245051
v -0.904582 0.836209 1.240327
v -0.904582 0.836209 1.240327
v -0.904582 0.836209 1.240327
v -0.884214 0.859349 1.418845
v -0.884214 0.859349 1.418845
v -0.884214 0.859349 1.418845
v -0.891408 0.860353 1.411444
v -0.891408 0.860353 1.411444
v -0.891408 0.860353 1.411444
v -0.904665 0.845646 1.419549
v -0.904665 0.845646 1.419549
v -0.904665 0.845646 1.419549
v -0.903216 0.852441 1.411851
v -0.903216 0.852441 1.411851
v -0.903216 0.852441 1.411851
v -0.891408 0.861175 1.426086
v -0.891408 0.861175 1.426086
v -0.891408 0.861175 1.426086
v -0.903280 0.853220 1.426495
v -0.903280 0.853220 1.426495
v -0.903280 0.853220 1.426495
v -0.898602 0.862178 1.418686
v -0.898602 0.862178 1.418686
v -0.898602 0.862178 1.418686
v -0.901831 0.860015 1.418797
v -0.901831 0.860015 1.418797
v -0.901831 0.860015 1.418797
v -0.918385 0.866061 1.418339
v -0.918385 0.866061 1.418339
v -0.918385 0.866061 1.418339
v -0.911139 0.864228 1.411153
v -0.911139 0.864228 1.411153
v -0.911139 0.864228 1.411153
v -0.911244 0.865071 1.425793
v -0.911244 0.865071 1.425793
v -0.911244 0.865071 1.425793
v -0.903998 0.863238 1.418606
v -0.903998 0.863238 1.418606
v -0.903998 0.863238 1.418606
v -0.897935 0.879764 1.417635
v -0.897935 0.879764 1.417635
v -0.897935 0.879764 1.417635
v -0.899330 0.872141 1.410746
v -0.899330 0.872141 1.410746
v -0.899330 0.872141 1.410746
v -0.899373 0.873025 1.425384
v -0.899373 0.873025 1.425384
v -0.899373 0.873025 1.425384
v -0.900769 0.865402 1.418495
v -0.900769 0.865402 1.418495
v -0.900769 0.865402 1.418495
v -0.887959 0.852998 1.550954
v -0.887959 0.852998 1.550954
v -0.887959 0.852998 1.550954
v -0.895164 0.855662 1.543988
v -0.895164 0.855662 1.543988
v -0.895164 0.855662 1.543988
v -0.908261 0.839546 1.547422
v -0.908261 0.839546 1.547422
v -0.908261 0.839546 1.547422
v -0.906413 0.848209 1.542031
v -0.906413 0.848209 1.542031
v -0.906413 0.848209 1.542031
v -0.895164 0.853014 1.558412
v -0.895164 0.853014 1.558412
v -0.895164 0.853014 1.558412
v -0.907440 0.844880 1.556276
v -0.907440 0.844880 1.556276
v -0.907440 0.844880 1.556276
v -0.902368 0.855679 1.551446
v -0.902368 0.855679 1.551446
v -0.902368 0.855679 1.551446
v -0.905592 0.853543 1.550885
v -0.905592 0.853543 1.550885
v -0.905592 0.853543 1.550885
v -0.922093 0.859727 1.550066
v -0.922093 0.859727 1.550066
v -0.922093 0.859727 1.550066
v -0.914077 0.859391 1.543496
v -0.914077 0.859391 1.543496
v -0.914077 0.859391 1.543496
v -0.915803 0.857083 1.557875
v -0.915803 0.857083 1.557875
v -0.915803 0.857083 1.557875
v -0.907788 0.856747 1.551305
v -0.907788 0.856747 1.551305
v -0.907788 0.856747 1.551305
v -0.901791 0.873179 1.553598
v -0.901791 0.873179 1.553598
v -0.901791 0.873179 1.553598
v -0.902828 0.866845 1.545453
v -0.902828 0.866845 1.545453
v -0.902828 0.866845 1.545453
v -0.903528 0.865217 1.560010
v -0.903528 0.865217 1.560010
v -0.903528 0.865217 1.560010
v -0.904564 0.858883 1.551866
v -0.904564 0.858883 1.551866
v -0.904564 0.858883 1.551866
v -0.901042 0.810773 1.691480
v -0.901042 0.810773 1.691480
v -0.901042 0.810773 1.691480
v -0.908269 0.815054 1.685399
v -0.908269 0.815054 1.685399
v -0.908269 0.815054 1.685399
v -0.921091 0.798471 1.684271
v -0.921091 0.798471 1.684271
v -0.921091 0.798471 1.684271
v -0.919304 0.808282 1.681431
v -0.919304 0.808282 1.681431
v -0.919304 0.808282 1.681431
v -0.908269 0.808732 1.698631
v -0.908269 0.808732 1.698631
v -0.908269 0.808732 1.698631
v -0.920471 0.801244 1.694243
v -0.920471 0.801244 1.694243
v -0.920471 0.801244 1.694243
v -0.915495 0.813013 1.692550
v -0.915495 0.813013 1.692550
v -0.915495 0.813013 1.692550
v -0.918684 0.811056 1.691403
v -0.918684 0.811056 1.691403
v -0.918684 0.811056 1.691403
v -0.935251 0.817110 1.691845
v -0.935251 0.817110 1.691845
v -0.935251 0.817110 1.691845
v -0.927099 0.818542 1.685600
v -0.927099 0.818542 1.685600
v -0.927099 0.818542 1.685600
v -0.929090 0.812588 1.698853
v -0.929090 0.812588 1.698853
v -0.929090 0.812588 1.698853
v -0.920936 0.814020 1.692608
v -0.920936 0.814020 1.692608
v -0.920936 0.814020 1.692608
v -0.915202 0.829412 1.699054
v -0.915202 0.829412 1.699054
v -0.915202 0.829412 1.699054
v -0.916063 0.825313 1.689568
v -0.916063 0.825313 1.689568
v -0.916063 0.825313 1.689568
v -0.916887 0.820076 1.703241
v -0.916887 0.820076 1.703241
v -0.916887 0.820076 1.703241
v -0.917747 0.815977 1.693755
v -0.917747 0.815977 1.693755
v -0.917747 0.815977 1.693755
v -0.907234 0.737622 1.804750
v -0.907234 0.737622 1.804750
v -0.907234 0.737622 1.804750
v -0.914489 0.743445 1.800170
v -0.914489 0.743445 1.800170
v -0.914489 0.743445 1.800170
v -0.926887 0.728035 1.793508
v -0.926887 0.728035 1.793508
v -0.926887 0.728035 1.793508
v -0.925154 0.738243 1.794070
v -0.925154 0.738243 1.794070
v -0.925154 0.738243 1.794070
v -0.914489 0.733337 1.810793
v -0.914489 0.733337 1.810793
v -0.914489 0.733337 1.810793
v -0.926617 0.727420 1.803856
v -0.926617 0.727420 1.803856
v -0.926617 0.727420 1.803856
v -0.921744 0.739160 1.806213
v -0.921744 0.739160 1.806213
v -0.921744 0.739160 1.806213
v -0.924884 0.737628 1.804417
v -0.924884 0.737628 1.804417
v -0.924884 0.737628 1.804417
v -0.941504 0.743371 1.805984
v -0.941504 0.743371 1.805984
v -0.941504 0.743371 1.805984
v -0.933086 0.746566 1.800840
v -0.933086 0.746566 1.800840
v -0.933086 0.746566 1.800840
v -0.935638 0.736885 1.811555
v -0.935638 0.736885 1.811555
v -0.935638 0.736885 1.811555
v -0.927220 0.740079 1.806411
v -0.927220 0.740079 1.806411
v -0.927220 0.740079 1.806411
v -0.921851 0.752958 1.817225
v -0.921851 0.752958 1.817225
v -0.921851 0.752958 1.817225
v -0.922421 0.751768 1.806940
v -0.922421 0.751768 1.806940
v -0.922421 0.751768 1.806940
v -0.923510 0.742801 1.818492
v -0.923510 0.742801 1.818492
v -0.923510 0.742801 1.818492
v -0.924080 0.741611 1.808207
v -0.924080 0.741611 1.808207
v -0.924080 0.741611 1.808207
v -0.923028 0.640360 1.878255
v -0.923028 0.640360 1.878255
v -0.923028 0.640360 1.878255
v -0.930282 0.646792 1.874575
v -0.930282 0.646792 1.874575
v -0.930282 0.646792 1.874575
v -0.942652 0.629830 1.867885
v -0.942652 0.629830 1.867885
v -0.942652 0.629830 1.867885
v -0.942571 0.640198 1.868080
v -0.942571 0.640198 1.868080
v -0.942571 0.640198 1.868080
v -0.930282 0.635251 1.883623
v -0.930282 0.635251 1.883623
v -0.930282 0.635251 1.883623
v -0.940771 0.629623 1.878080
v -0.940771 0.629623 1.878080
v -0.940771 0.629623 1.878080
v -0.937535 0.641683 1.879943
v -0.937535 0.641683 1.879943
v -0.937535 0.641683 1.879943
v -0.940690 0.639990 1.878276
v -0.940690 0.639990 1.878276
v -0.940690 0.639990 1.878276
v -0.957193 0.640506 1.884560
v -0.957193 0.640506 1.884560
v -0.957193 0.640506 1.884560
v -0.951678 0.646883 1.878524
v -0.951678 0.646883 1.878524
v -0.951678 0.646883 1.878524
v -0.948543 0.635329 1.886993
v -0.948543 0.635329 1.886993
v -0.948543 0.635329 1.886993
v -0.943028 0.641707 1.880957
v -0.943028 0.641707 1.880957
v -0.943028 0.641707 1.880957
v -0.937569 0.651035 1.894930
v -0.937569 0.651035 1.894930
v -0.937569 0.651035 1.894930
v -0.939388 0.653477 1.885018
v -0.939388 0.653477 1.885018
v -0.939388 0.653477 1.885018
v -0.938054 0.640958 1.892537
v -0.938054 0.640958 1.892537
v -0.938054 0.640958 1.892537
v -0.939873 0.643400 1.882624
v -0.939873 0.643400 1.882624
v -0.939873 0.643400 1.882624
v -0.897566 0.610892 1.017859
v -0.897566 0.610892 1.017859
v -0.897566 0.610892 1.017859
v -0.904719 0.606652 1.011663
v -0.904719 0.606652 1.011663
v -0.904719 0.606652 1.011663
v -0.918383 0.602000 1.027559
v -0.918383 0.602000 1.027559
v -0.918383 0.602000 1.027559
v -0.916853 0.601470 1.017317
v -0.916853 0.601470 1.017317
v -0.916853 0.601470 1.017317
v -0.904719 0.617339 1.021704
v -0.904719 0.617339 1.021704
v -0.904719 0.617339 1.021704
v -0.916689 0.612227 1.027282
v -0.916689 0.612227 1.027282
v -0.916689 0.612227 1.027282
v -0.911872 0.613100 1.015508
v -0.911872 0.613100 1.015508
v -0.911872 0.613100 1.015508
v -0.915159 0.611696 1.017040
v -0.915159 0.611696 1.017040
v -0.915159 0.611696 1.017040
v -0.931540 0.616373 1.012499
v -0.931540 0.616373 1.012499
v -0.931540 0.616373 1.012499
v -0.924521 0.609848 1.008538
v -0.924521 0.609848 1.008538
v -0.924521 0.609848 1.008538
v -0.924255 0.620492 1.018622
v -0.924255 0.620492 1.018622
v -0.924255 0.620492 1.018622
v -0.917237 0.613966 1.014662
v -0.917237 0.613966 1.014662
v -0.917237 0.613966 1.014662
v -0.910723 0.625265 1.002799
v -0.910723 0.625265 1.002799
v -0.910723 0.625265 1.002799
v -0.912388 0.615030 1.002885
v -0.912388 0.615030 1.002885
v -0.912388 0.615030 1.002885
v -0.912285 0.625604 1.013044
v -0.912285 0.625604 1.013044
v -0.912285 0.625604 1.013044
v -0.913949 0.615370 1.013130
v -0.913949 0.615370 1.013130
v -0.913949 0.615370 1.013130
v -0.894703 0.723510 1.128077
v -0.894703 0.723510 1.128077
v -0.894703 0.723510 1.128077
v -0.901851 0.720217 1.121325
v -0.901851 0.720217 1.121325
v -0.901851 0.720217 1.121325
v -0.915546 0.713652 1.136714
v -0.915546 0.713652 1.136714
v -0.915546 0.713652 1.136714
v -0.914226 0.714363 1.126453
v -0.914226 0.714363 1.126453
v -0.914226 0.714363 1.126453
v -0.901851 0.729359 1.132790
v -0.901851 0.729359 1.132790
v -0.901851 0.729359 1.132790
v -0.913615 0.723795 1.137665
v -0.913615 0.723795 1.137665
v -0.913615 0.723795 1.137665
v -0.908998 0.726066 1.126038
v -0.908998 0.726066 1.126038
v -0.908998 0.726066 1.126038
v -0.912295 0.724507 1.127404
v -0.912295 0.724507 1.127404
v -0.912295 0.724507 1.127404
v -0.928625 0.730332 1.124188
v -0.928625 0.730332 1.124188
v -0.928625 0.730332 1.124188
v -0.921993 0.724268 1.119016
v -0.921993 0.724268 1.119016
v -0.921993 0.724268 1.119016
v -0.920997 0.733210 1.130596
v -0.920997 0.733210 1.130596
v -0.920997 0.733210 1.130596
v -0.914364 0.727145 1.125423
v -0.914364 0.727145 1.125423
v -0.914364 0.727145 1.125423
v -0.907782 0.740190 1.115552
v -0.907782 0.740190 1.115552
v -0.907782 0.740190 1.115552
v -0.909617 0.730121 1.113888
v -0.909617 0.730121 1.113888
v -0.909617 0.730121 1.113888
v -0.909233 0.738774 1.125721
v -0.909233 0.738774 1.125721
v -0.909233 0.738774 1.125721
v -0.911067 0.728705 1.124057
v -0.911067 0.728705 1.124057
v -0.911067 0.728705 1.124057
v -0.888167 0.790926 1.242029
v -0.888167 0.790926 1.242029
v -0.888167 0.790926 1.242029
v -0.895296 0.789971 1.234560
v -0.895296 0.789971 1.234560
v -0.895296 0.789971 1.234560
v -0.909153 0.779100 1.247120
v -0.909153 0.779100 1.247120
v -0.909153 0.779100 1.247120
v -0.907774 0.782939 1.237587
v -0.907774 0.782939 1.237587
v -0.907774 0.782939 1.237587
v -0.895296 0.795093 1.248300
v -0.895296 0.795093 1.248300
v -0.895296 0.795093 1.248300
v -0.907124 0.788428 1.251170
v -0.907124 0.788428 1.251170
v -0.907124 0.788428 1.251170
v -0.902425 0.794138 1.240831
v -0.902425 0.794138 1.240831
v -0.902425 0.794138 1.240831
v -0.905746 0.792267 1.241637
v -0.905746 0.792267 1.241637
v -0.905746 0.792267 1.241637
v -0.921998 0.798996 1.240388
v -0.921998 0.798996 1.240388
v -0.921998 0.798996 1.240388
v -0.915412 0.794769 1.233584
v -0.915412 0.794769 1.233584
v -0.915412 0.794769 1.233584
v -0.914364 0.799641 1.247375
v -0.914364 0.799641 1.247375
v -0.914364 0.799641 1.247375
v -0.907778 0.795415 1.240571
v -0.907778 0.795415 1.240571
v -0.907778 0.795415 1.240571
v -0.901012 0.810821 1.235296
v -0.901012 0.810821 1.235296
v -0.901012 0.810821 1.235296
v -0.902934 0.801801 1.230556
v -0.902934 0.801801 1.230556
v -0.902934 0.801801 1.230556
v -0.902536 0.806306 1.244506
v -0.902536 0.806306 1.244506
v -0.902536 0.806306 1.244506
v -0.904458 0.797286 1.239766
v -0.904458 0.797286 1.239766
v -0.904458 0.797286 1.239766
v -0.884388 0.819667 1.418325
v -0.884388 0.819667 1.418325
v -0.884388 0.819667 1.418325
v -0.891509 0.821003 1.410906
v -0.891509 0.821003 1.410906
v -0.891509 0.821003 1.410906
v -0.905453 0.806925 1.418973
v -0.905453 0.806925 1.418973
v -0.905453 0.806925 1.418973
v -0.903672 0.813647 1.411280
v -0.903672 0.813647 1.411280
v -0.903672 0.813647 1.411280
v -0.891509 0.821823 1.425548
v -0.891509 0.821823 1.425548
v -0.891509 0.821823 1.425548
v -0.903738 0.814426 1.425924
v -0.903738 0.814426 1.425924
v -0.903738 0.814426 1.425924
v -0.898630 0.823159 1.418129
v -0.898630 0.823159 1.418129
v -0.898630 0.823159 1.418129
v -0.901956 0.821147 1.418232
v -0.901956 0.821147 1.418232
v -0.901956 0.821147 1.418232
v -0.918211 0.827954 1.417731
v -0.918211 0.827954 1.417731
v -0.918211 0.827954 1.417731
v -0.911038 0.825788 1.410564
v -0.911038 0.825788 1.410564
v -0.911038 0.825788 1.410564
v -0.911143 0.826633 1.425203
v -0.911143 0.826633 1.425203
v -0.911143 0.826633 1.425203
v -0.903970 0.824468 1.418036
v -0.903970 0.824468 1.418036
v -0.903970 0.824468 1.418036
v -0.897146 0.840695 1.417084
v -0.897146 0.840695 1.417084
v -0.897146 0.840695 1.417084
v -0.898875 0.833145 1.410190
v -0.898875 0.833145 1.410190
v -0.898875 0.833145 1.410190
v -0.898915 0.834030 1.424827
v -0.898915 0.834030 1.424827
v -0.898915 0.834030 1.424827
v -0.900644 0.826480 1.417933
v -0.900644 0.826480 1.417933
v -0.900644 0.826480 1.417933
v -0.888128 0.813327 1.550242
v -0.888128 0.813327 1.550242
v -0.888128 0.813327 1.550242
v -0.895261 0.816339 1.543345
v -0.895261 0.816339 1.543345
v -0.895261 0.816339 1.543345
v -0.909049 0.800826 1.546837
v -0.909049 0.800826 1.546837
v -0.909049 0.800826 1.546837
v -0.906849 0.809415 1.541459
v -0.906849 0.809415 1.541459
v -0.906849 0.809415 1.541459
v -0.895261 0.813649 1.557761
v -0.895261 0.813649 1.557761
v -0.895261 0.813649 1.557761
v -0.907917 0.806087 1.555701
v -0.907917 0.806087 1.555701
v -0.907917 0.806087 1.555701
v -0.902395 0.816660 1.550864
v -0.902395 0.816660 1.550864
v -0.902395 0.816660 1.550864
v -0.905717 0.814675 1.550323
v -0.905717 0.814675 1.550323
v -0.905717 0.814675 1.550323
v -0.921924 0.821609 1.549642
v -0.921924 0.821609 1.549642
v -0.921924 0.821609 1.549642
v -0.913980 0.820925 1.543013
v -0.913980 0.820925 1.543013
v -0.913980 0.820925 1.543013
v -0.915706 0.818659 1.557398
v -0.915706 0.818659 1.557398
v -0.915706 0.818659 1.557398
v -0.907761 0.817975 1.550768
v -0.907761 0.817975 1.550768
v -0.907761 0.817975 1.550768
v -0.901003 0.834110 1.553047
v -0.901003 0.834110 1.553047
v -0.901003 0.834110 1.553047
v -0.902392 0.827849 1.544899
v -0.902392 0.827849 1.544899
v -0.902392 0.827849 1.544899
v -0.903050 0.826221 1.559458
v -0.903050 0.826221 1.559458
v -0.903050 0.826221 1.559458
v -0.904439 0.819960 1.551309
v -0.904439 0.819960 1.551309
v -0.904439 0.819960 1.551309
v -0.901190 0.771230 1.690477
v -0.901190 0.771230 1.690477
v -0.901190 0.771230 1.690477
v -0.908354 0.776007 1.684700
v -0.908354 0.776007 1.684700
v -0.908354 0.776007 1.684700
v -0.921842 0.760001 1.683222
v -0.921842 0.760001 1.683222
v -0.921842 0.760001 1.683222
v -0.919709 0.769834 1.680712
v -0.919709 0.769834 1.680712
v -0.919709 0.769834 1.680712
v -0.908354 0.769214 1.697697
v -0.908354 0.769214 1.697697
v -0.908354 0.769214 1.697697
v -0.920938 0.762372 1.693276
v -0.920938 0.762372 1.693276
v -0.920938 0.762372 1.693276
v -0.915519 0.773991 1.691920
v -0.915519 0.773991 1.691920
v -0.915519 0.773991 1.691920
v -0.918805 0.772205 1.690766
v -0.918805 0.772205 1.690766
v -0.918805 0.772205 1.690766
v -0.935102 0.778903 1.691714
v -0.935102 0.778903 1.691714
v -0.935102 0.778903 1.691714
v -0.926999 0.780226 1.685380
v -0.926999 0.780226 1.685380
v -0.926999 0.780226 1.685380
v -0.929018 0.773890 1.698451
v -0.929018 0.773890 1.698451
v -0.929018 0.773890 1.698451
v -0.920915 0.775212 1.692117
v -0.920915 0.775212 1.692117
v -0.920915 0.775212 1.692117
v -0.914450 0.790132 1.698969
v -0.914450 0.790132 1.698969
v -0.914450 0.790132 1.698969
v -0.915644 0.786399 1.689369
v -0.915644 0.786399 1.689369
v -0.915644 0.786399 1.689369
v -0.916434 0.780732 1.702871
v -0.916434 0.780732 1.702871
v -0.916434 0.780732 1.702871
v -0.917629 0.776999 1.693271
v -0.917629 0.776999 1.693271
v -0.917629 0.776999 1.693271
v -0.907371 0.693049 1.795745
v -0.907371 0.693049 1.795745
v -0.907371 0.693049 1.795745
v -0.914568 0.699116 1.791395
v -0.914568 0.699116 1.791395
v -0.914568 0.699116 1.791395
v -0.927691 0.684134 1.785156
v -0.927691 0.684134 1.785156
v -0.927691 0.684134 1.785156
v -0.925596 0.694278 1.785649
v -0.925596 0.694278 1.785649
v -0.925596 0.694278 1.785649
v -0.914568 0.689013 1.802024
v -0.914568 0.689013 1.802024
v -0.914568 0.689013 1.802024
v -0.927108 0.683512 1.795490
v -0.927108 0.683512 1.795490
v -0.927108 0.683512 1.795490
v -0.921765 0.695080 1.797675
v -0.921765 0.695080 1.797675
v -0.921765 0.695080 1.797675
v -0.925012 0.693655 1.795983
v -0.925012 0.693655 1.795983
v -0.925012 0.693655 1.795983
v -0.941368 0.699958 1.798080
v -0.941368 0.699958 1.798080
v -0.941368 0.699958 1.798080
v -0.933018 0.702865 1.792662
v -0.933018 0.702865 1.792662
v -0.933018 0.702865 1.792662
v -0.935548 0.693277 1.803465
v -0.935548 0.693277 1.803465
v -0.935548 0.693277 1.803465
v -0.927198 0.696184 1.798048
v -0.927198 0.696184 1.798048
v -0.927198 0.696184 1.798048
v -0.921048 0.708873 1.808669
v -0.921048 0.708873 1.808669
v -0.921048 0.708873 1.808669
v -0.921990 0.707703 1.798409
v -0.921990 0.707703 1.798409
v -0.921990 0.707703 1.798409
v -0.923008 0.698778 1.810000
v -0.923008 0.698778 1.810000
v -0.923008 0.698778 1.810000
v -0.923951 0.697608 1.799740
v -0.923951 0.697608 1.799740
v -0.923951 0.697608 1.799740
v -0.923167 0.600843 1.877111
v -0.923167 0.600843 1.877111
v -0.923167 0.600843 1.877111
v -0.930362 0.607327 1.873409
v -0.930362 0.607327 1.873409
v -0.930362 0.607327 1.873409
v -0.943446 0.590456 1.867932
v -0.943446 0.590456 1.867932
v -0.943446 0.590456 1.867932
v -0.943076 0.600815 1.867654
v -0.943076 0.600815 1.867654
v -0.943076 0.600815 1.867654
v -0.930362 0.596192 1.882952
v -0.930362 0.596192 1.882952
v -0.930362 0.596192 1.882952
v -0.941190 0.590646 1.878051
v -0.941190 0.590646 1.878051
v -0.941190 0.590646 1.878051
v -0.937558 0.602676 1.879250
v -0.937558 0.602676 1.879250
v -0.937558 0.602676 1.879250
v -0.940820 0.601005 1.877774
v -0.940820 0.601005 1.877774
v -0.940820 0.601005 1.877774
v -0.957051 0.602254 1.884638
v -0.957051 0.602254 1.884638
v -0.957051 0.602254 1.884638
v -0.951605 0.608212 1.878128
v -0.951605 0.608212 1.878128
v -0.951605 0.608212 1.878128
v -0.948454 0.596946 1.886971
v -0.948454 0.596946 1.886971
v -0.948454 0.596946 1.886971
v -0.943009 0.602903 1.880461
v -0.943009 0.602903 1.880461
v -0.943009 0.602903 1.880461
v -0.936772 0.612641 1.893817
v -0.936772 0.612641 1.893817
v -0.936772 0.612641 1.893817
v -0.938892 0.614724 1.883883
v -0.938892 0.614724 1.883883
v -0.938892 0.614724 1.883883
v -0.937626 0.602492 1.891872
v -0.937626 0.602492 1.891872
v -0.937626 0.602492 1.891872
v -0.939747 0.604574 1.881938
v -0.939747 0.604574 1.881938
v -0.939747 0.604574 1.881938
v 0.916904 0.358454 0.672065
v 0.916904 0.358454 0.672065
v 0.916904 0.358720 0.653699
v 0.916904 0.358720 0.653699
v 0.893060 0.301167 0.652548
v 0.893060 0.301167 0.652548
v 0.893060 0.300901 0.670913
v 0.893060 0.300901 0.670913
v 0.916904 0.310776 0.671108
v 0.916904 0.310776 0.671108
v 0.916904 0.311042 0.652743
v 0.916904 0.311042 0.652743
v 0.859340 0.334881 0.653228
v 0.859340 0.334881 0.653228
v 0.859340 0.334615 0.671593
v 0.859340 0.334615 0.671593
v 0.869216 0.310776 0.671114
v 0.869216 0.310776 0.671114
v 0.869217 0.311042 0.652748
v 0.869217 0.311042 0.652748
v 0.869216 0.358454 0.672071
v 0.869216 0.358454 0.672071
v 0.893060 0.368328 0.672266
v 0.893060 0.368328 0.672266
v 0.926780 0.334615 0.671586
v 0.926780 0.334615 0.671586
v 0.861748 0.366187 0.653856
v 0.861748 0.366187 0.653856
v 0.861740 0.367023 0.620709
v 0.861740 0.367023 0.620709
v 0.893060 0.379155 0.654112
v 0.893060 0.379155 0.654112
v 0.893052 0.379990 0.620983
v 0.893052 0.379990 0.620983
v 0.848778 0.334881 0.653229
v 0.848778 0.334881 0.653229
v 0.848770 0.335717 0.620040
v 0.848770 0.335717 0.620040
v 0.861748 0.303574 0.652600
v 0.861748 0.303574 0.652600
v 0.861740 0.304411 0.619367
v 0.861740 0.304411 0.619367
v 0.893060 0.290607 0.652336
v 0.893060 0.290607 0.652336
v 0.893052 0.291444 0.619084
v 0.893052 0.291444 0.619084
v 0.924372 0.303575 0.652592
v 0.924372 0.303575 0.652592
v 0.924365 0.304411 0.619357
v 0.924365 0.304411 0.619357
v 0.937343 0.334881 0.653219
v 0.937343 0.334881 0.653219
v 0.937335 0.335717 0.620027
v 0.937335 0.335717 0.620027
v 0.924372 0.366187 0.653848
v 0.924372 0.366187 0.653848
v 0.924365 0.367023 0.620700
v 0.924365 0.367023 0.620700
v 0.893053 0.368383 0.620802
v 0.893053 0.368383 0.620802
v 0.916164 0.358807 0.620572
v 0.916164 0.358807 0.620572
v 0.925726 0.335701 0.620026
v 0.925726 0.335701 0.620026
v 0.916148 0.312611 0.619485
v 0.916148 0.312611 0.619485
v 0.893053 0.303052 0.619265
v 0.893053 0.303052 0.619265
v 0.869957 0.312611 0.619495
v 0.869957 0.312611 0.619495
v 0.860379 0.335701 0.620039
v 0.860379 0.335701 0.620039
v 0.869941 0.358807 0.620581
v 0.869941 0.358807 0.620581
v 0.893060 0.368595 0.653900
v 0.893060 0.368595 0.653900
v 0.926780 0.334881 0.653220
v 0.926780 0.334881 0.653220
v 0.869217 0.358720 0.653705
v 0.869217 0.358720 0.653705
v 0.878461 0.349211 0.671884
v 0.878461 0.349211 0.671884
v 0.893060 0.355257 0.672004
v 0.893060 0.355257 0.672004
v 0.872414 0.334615 0.671592
v 0.872414 0.334615 0.671592
v 0.878461 0.320019 0.671298
v 0.878461 0.320019 0.671298
v 0.893060 0.313973 0.671175
v 0.893060 0.313973 0.671175
v 0.907659 0.320019 0.671295
v 0.907659 0.320019 0.671295
v 0.913706 0.334615 0.671587
v 0.913706 0.334615 0.671587
v 0.907659 0.349211 0.671881
v 0.907659 0.349211 0.671881
v 0.878461 0.348880 0.694740
v 0.878461 0.348880 0.694740
v 0.893060 0.354926 0.694860
v 0.893060 0.354926 0.694860
v 0.872414 0.334283 0.694448
v 0.872414 0.334283 0.694448
v 0.878461 0.319687 0.694154
v 0.878461 0.319687 0.694154
v 0.893060 0.313641 0.694031
v 0.893060 0.313641 0.694031
v 0.907659 0.319687 0.694151
v 0.907659 0.319687 0.694151
v 0.913706 0.334284 0.694443
v 0.913706 0.334284 0.694443
v 0.907659 0.348880 0.694737
v 0.907659 0.348880 0.694737
v 0.869942 0.366123 0.152972
v 0.893045 0.375692 0.153111
v 0.860372 0.343022 0.152637
v 0.869942 0.319920 0.152303
v 0.893045 0.310352 0.152164
v 0.916149 0.319920 0.152303
v 0.925719 0.343022 0.152638
v 0.916149 0.366123 0.152973
v 0.916916 0.373499 -0.366124
v 0.916916 0.373499 -0.366124
v 0.916915 0.373233 -0.347758
v 0.916915 0.373233 -0.347758
v 0.893072 0.315671 -0.348275
v 0.893072 0.315671 -0.348275
v 0.893072 0.315937 -0.366641
v 0.893072 0.315937 -0.366641
v 0.916916 0.325813 -0.366550
v 0.916916 0.325813 -0.366550
v 0.916915 0.325547 -0.348184
v 0.916915 0.325547 -0.348184
v 0.859352 0.349390 -0.347979
v 0.859352 0.349390 -0.347979
v 0.859352 0.349656 -0.366345
v 0.859352 0.349656 -0.366345
v 0.869228 0.325814 -0.366556
v 0.869228 0.325814 -0.366556
v 0.869228 0.325547 -0.348191
v 0.869228 0.325547 -0.348191
v 0.869228 0.373500 -0.366131
v 0.869228 0.373500 -0.366131
v 0.893072 0.383376 -0.366039
v 0.893072 0.383376 -0.366039
v 0.926792 0.349656 -0.366335
v 0.926792 0.349656 -0.366335
v 0.861760 0.380702 -0.347699
v 0.861760 0.380702 -0.347699
v 0.861751 0.380577 -0.314543
v 0.861751 0.380577 -0.314543
v 0.893072 0.393671 -0.347579
v 0.893072 0.393671 -0.347579
v 0.893063 0.393546 -0.314440
v 0.893063 0.393546 -0.314440
v 0.848790 0.349390 -0.347981
v 0.848790 0.349390 -0.347981
v 0.848781 0.349265 -0.314781
v 0.848781 0.349265 -0.314781
v 0.861759 0.318079 -0.348258
v 0.861759 0.318079 -0.348258
v 0.861751 0.317952 -0.315015
v 0.861751 0.317952 -0.315015
v 0.893072 0.305109 -0.348370
v 0.893072 0.305109 -0.348370
v 0.893063 0.304982 -0.315108
v 0.893063 0.304982 -0.315108
v 0.924384 0.318079 -0.348249
v 0.924384 0.318079 -0.348249
v 0.924375 0.317952 -0.315004
v 0.924375 0.317952 -0.315004
v 0.937354 0.349390 -0.347968
v 0.937354 0.349390 -0.347968
v 0.937346 0.349264 -0.314766
v 0.937346 0.349264 -0.314766
v 0.924384 0.380702 -0.347691
v 0.924384 0.380702 -0.347691
v 0.924375 0.380576 -0.314532
v 0.924375 0.380576 -0.314532
v 0.893063 0.381939 -0.314595
v 0.893063 0.381939 -0.314595
v 0.916175 0.372360 -0.314642
v 0.916175 0.372360 -0.314642
v 0.925737 0.349248 -0.314767
v 0.925737 0.349248 -0.314767
v 0.916159 0.326152 -0.314895
v 0.916159 0.326152 -0.314895
v 0.893063 0.316590 -0.314953
v 0.893063 0.316590 -0.314953
v 0.869968 0.326152 -0.314905
v 0.869968 0.326152 -0.314905
v 0.860390 0.349248 -0.314781
v 0.860390 0.349248 -0.314781
v 0.869951 0.372361 -0.314652
v 0.869951 0.372361 -0.314652
v 0.893072 0.383109 -0.347674
v 0.893072 0.383109 -0.347674
v 0.926792 0.349390 -0.347970
v 0.926792 0.349390 -0.347970
v 0.869228 0.373233 -0.347765
v 0.869228 0.373233 -0.347765
v 0.878473 0.364255 -0.366212
v 0.878473 0.364255 -0.366212
v 0.893072 0.370302 -0.366156
v 0.893072 0.370302 -0.366156
v 0.872426 0.349656 -0.366343
v 0.872426 0.349656 -0.366343
v 0.878473 0.335058 -0.366472
v 0.878473 0.335058 -0.366472
v 0.893072 0.329011 -0.366524
v 0.893072 0.329011 -0.366524
v 0.907671 0.335058 -0.366468
v 0.907671 0.335058 -0.366468
v 0.913718 0.349656 -0.366337
v 0.913718 0.349656 -0.366337
v 0.907671 0.364255 -0.366208
v 0.907671 0.364255 -0.366208
v 0.878473 0.364586 -0.389068
v 0.878473 0.364586 -0.389068
v 0.893072 0.370633 -0.389012
v 0.893072 0.370633 -0.389012
v 0.872426 0.349988 -0.389199
v 0.872426 0.349988 -0.389199
v 0.878473 0.335389 -0.389328
v 0.878473 0.335389 -0.389328
v 0.893072 0.329342 -0.389380
v 0.893072 0.329342 -0.389380
v 0.907671 0.335389 -0.389324
v 0.907671 0.335389 -0.389324
v 0.913718 0.349988 -0.389193
v 0.913718 0.349988 -0.389193
v 0.907671 0.364586 -0.389064
v 0.907671 0.364586 -0.389064
v 0.901788 0.650620 1.017928
v 0.901788 0.650620 1.017928
v 0.901788 0.650620 1.017928
v 0.909019 0.645337 1.012700
v 0.909019 0.645337 1.012700
v 0.909019 0.645337 1.012700
v 0.921834 0.642691 1.029830
v 0.921834 0.642691 1.029830
v 0.921834 0.642691 1.029830
v 0.920825 0.640668 1.019710
v 0.920825 0.640668 1.019710
v 0.920825 0.640668 1.019710
v 0.909019 0.657303 1.021178
v 0.909019 0.657303 1.021178
v 0.909019 0.657303 1.021178
v 0.920428 0.652791 1.027951
v 0.920428 0.652791 1.027951
v 0.920428 0.652791 1.027951
v 0.916251 0.652021 1.015950
v 0.916251 0.652021 1.015950
v 0.916251 0.652021 1.015950
v 0.919419 0.650768 1.017831
v 0.919419 0.650768 1.017831
v 0.919419 0.650768 1.017831
v 0.936124 0.654616 1.013706
v 0.936124 0.654616 1.013706
v 0.936124 0.654616 1.013706
v 0.929241 0.647691 1.010214
v 0.929241 0.647691 1.010214
v 0.929241 0.647691 1.010214
v 0.928559 0.659578 1.018775
v 0.928559 0.659578 1.018775
v 0.928559 0.659578 1.018775
v 0.921677 0.652653 1.015283
v 0.921677 0.652653 1.015283
v 0.921677 0.652653 1.015283
v 0.916077 0.662545 1.001805
v 0.916077 0.662545 1.001805
v 0.916077 0.662545 1.001805
v 0.917435 0.652361 1.003205
v 0.917435 0.652361 1.003205
v 0.917435 0.652361 1.003205
v 0.917151 0.664090 1.012002
v 0.917151 0.664090 1.012002
v 0.917151 0.664090 1.012002
v 0.918509 0.653906 1.013402
v 0.918509 0.653906 1.013402
v 0.918509 0.653906 1.013402
v 0.894547 0.762969 1.128035
v 0.894547 0.762969 1.128035
v 0.894547 0.762969 1.128035
v 0.901766 0.759397 1.121504
v 0.901766 0.759397 1.121504
v 0.901766 0.759397 1.121504
v 0.914712 0.752488 1.137490
v 0.914712 0.752488 1.137490
v 0.914712 0.752488 1.137490
v 0.913860 0.753111 1.127175
v 0.913860 0.753111 1.127175
v 0.913860 0.753111 1.127175
v 0.901765 0.768548 1.132963
v 0.901765 0.768548 1.132963
v 0.901765 0.768548 1.132963
v 0.913032 0.762692 1.138246
v 0.913032 0.762692 1.138246
v 0.913032 0.762692 1.138246
v 0.908984 0.764977 1.126432
v 0.908984 0.764977 1.126432
v 0.908984 0.764977 1.126432
v 0.912180 0.763316 1.127930
v 0.912180 0.763316 1.127930
v 0.912180 0.763316 1.127930
v 0.928778 0.768787 1.125559
v 0.928778 0.768787 1.125559
v 0.928778 0.768787 1.125559
v 0.922296 0.762887 1.120019
v 0.922296 0.762887 1.120019
v 0.922296 0.762887 1.120019
v 0.920891 0.771799 1.131579
v 0.920891 0.771799 1.131579
v 0.920891 0.771799 1.131579
v 0.914409 0.765899 1.126040
v 0.914409 0.765899 1.126040
v 0.914409 0.765899 1.126040
v 0.908613 0.779268 1.116104
v 0.908613 0.779268 1.116104
v 0.908613 0.779268 1.116104
v 0.910202 0.769173 1.114348
v 0.910202 0.769173 1.114348
v 0.910202 0.769173 1.114348
v 0.909624 0.777655 1.126297
v 0.909624 0.777655 1.126297
v 0.909624 0.777655 1.126297
v 0.911213 0.767560 1.124541
v 0.911213 0.767560 1.124541
v 0.911213 0.767560 1.124541
v 0.888001 0.830559 1.242335
v 0.888001 0.830559 1.242335
v 0.888001 0.830559 1.242335
v 0.895202 0.829306 1.234980
v 0.895202 0.829306 1.234980
v 0.895202 0.829306 1.234980
v 0.908368 0.817823 1.247734
v 0.908368 0.817823 1.247734
v 0.908368 0.817823 1.247734
v 0.907309 0.821735 1.238190
v 0.907309 0.821735 1.238190
v 0.907309 0.821735 1.238190
v 0.895202 0.834404 1.248730
v 0.895202 0.834404 1.248730
v 0.895202 0.834404 1.248730
v 0.906684 0.827224 1.251774
v 0.906684 0.827224 1.251774
v 0.906684 0.827224 1.251774
v 0.902403 0.833151 1.241375
v 0.902403 0.833151 1.241375
v 0.902403 0.833151 1.241375
v 0.905625 0.831136 1.242229
v 0.905625 0.831136 1.242229
v 0.905625 0.831136 1.242229
v 0.922173 0.837149 1.241245
v 0.922173 0.837149 1.241245
v 0.922173 0.837149 1.241245
v 0.915516 0.833223 1.234332
v 0.915516 0.833223 1.234332
v 0.915516 0.833223 1.234332
v 0.914467 0.838119 1.248115
v 0.914467 0.838119 1.248115
v 0.914467 0.838119 1.248115
v 0.907809 0.834193 1.241202
v 0.907809 0.834193 1.241202
v 0.907809 0.834193 1.241202
v 0.901806 0.849885 1.235846
v 0.901806 0.849885 1.235846
v 0.901806 0.849885 1.235846
v 0.903408 0.840794 1.231123
v 0.903408 0.840794 1.231123
v 0.903408 0.840794 1.231123
v 0.902984 0.845299 1.245072
v 0.902984 0.845299 1.245072
v 0.902984 0.845299 1.245072
v 0.904587 0.836208 1.240348
v 0.904587 0.836208 1.240348
v 0.904587 0.836208 1.240348
v 0.884214 0.859349 1.418865
v 0.884214 0.859349 1.418865
v 0.884214 0.859349 1.418865
v 0.891408 0.860353 1.411465
v 0.891408 0.860353 1.411465
v 0.891408 0.860353 1.411465
v 0.904665 0.845646 1.419570
v 0.904665 0.845646 1.419570
v 0.904665 0.845646 1.419570
v 0.903217 0.852440 1.411872
v 0.903217 0.852440 1.411872
v 0.903217 0.852440 1.411872
v 0.891408 0.861174 1.426107
v 0.891408 0.861174 1.426107
v 0.891408 0.861174 1.426107
v 0.903280 0.853220 1.426516
v 0.903280 0.853220 1.426516
v 0.903280 0.853220 1.426516
v 0.898602 0.862178 1.418707
v 0.898602 0.862178 1.418707
v 0.898602 0.862178 1.418707
v 0.901831 0.860014 1.418818
v 0.901831 0.860014 1.418818
v 0.901831 0.860014 1.418818
v 0.918386 0.866061 1.418361
v 0.918386 0.866061 1.418361
v 0.918386 0.866061 1.418361
v 0.911139 0.864228 1.411174
v 0.911139 0.864228 1.411174
v 0.911139 0.864228 1.411174
v 0.911245 0.865071 1.425814
v 0.911245 0.865071 1.425814
v 0.911245 0.865071 1.425814
v 0.903998 0.863238 1.418627
v 0.903998 0.863238 1.418627
v 0.903998 0.863238 1.418627
v 0.897935 0.879764 1.417655
v 0.897935 0.879764 1.417655
v 0.897935 0.879764 1.417655
v 0.899331 0.872140 1.410767
v 0.899331 0.872140 1.410767
v 0.899331 0.872140 1.410767
v 0.899373 0.873025 1.425404
v 0.899373 0.873025 1.425404
v 0.899373 0.873025 1.425404
v 0.900769 0.865402 1.418515
v 0.900769 0.865402 1.418515
v 0.900769 0.865402 1.418515
v 0.887957 0.852997 1.550974
v 0.887957 0.852997 1.550974
v 0.887957 0.852997 1.550974
v 0.895161 0.855662 1.544009
v 0.895161 0.855662 1.544009
v 0.895161 0.855662 1.544009
v 0.908258 0.839545 1.547443
v 0.908258 0.839545 1.547443
v 0.908258 0.839545 1.547443
v 0.906410 0.848208 1.542052
v 0.906410 0.848208 1.542052
v 0.906410 0.848208 1.542052
v 0.895161 0.853014 1.558432
v 0.895161 0.853014 1.558432
v 0.895161 0.853014 1.558432
v 0.907437 0.844880 1.556297
v 0.907437 0.844880 1.556297
v 0.907437 0.844880 1.556297
v 0.902365 0.855679 1.551467
v 0.902365 0.855679 1.551467
v 0.902365 0.855679 1.551467
v 0.905589 0.853543 1.550906
v 0.905589 0.853543 1.550906
v 0.905589 0.853543 1.550906
v 0.922090 0.859726 1.550087
v 0.922090 0.859726 1.550087
v 0.922090 0.859726 1.550087
v 0.914075 0.859391 1.543517
v 0.914075 0.859391 1.543517
v 0.914075 0.859391 1.543517
v 0.915801 0.857083 1.557896
v 0.915801 0.857083 1.557896
v 0.915801 0.857083 1.557896
v 0.907785 0.856747 1.551326
v 0.907785 0.856747 1.551326
v 0.907785 0.856747 1.551326
v 0.901789 0.873178 1.553618
v 0.901789 0.873178 1.553618
v 0.901789 0.873178 1.553618
v 0.902825 0.866844 1.545474
v 0.902825 0.866844 1.545474
v 0.902825 0.866844 1.545474
v 0.903525 0.865217 1.560031
v 0.903525 0.865217 1.560031
v 0.903525 0.865217 1.560031
v 0.904562 0.858883 1.551887
v 0.904562 0.858883 1.551887
v 0.904562 0.858883 1.551887
v 0.901036 0.810773 1.691501
v 0.901036 0.810773 1.691501
v 0.901036 0.810773 1.691501
v 0.908263 0.815054 1.685420
v 0.908263 0.815054 1.685420
v 0.908263 0.815054 1.685420
v 0.921085 0.798471 1.684292
v 0.921085 0.798471 1.684292
v 0.921085 0.798471 1.684292
v 0.919299 0.808282 1.681452
v 0.919299 0.808282 1.681452
v 0.919299 0.808282 1.681452
v 0.908262 0.808731 1.698652
v 0.908262 0.808731 1.698652
v 0.908262 0.808731 1.698652
v 0.920465 0.801244 1.694264
v 0.920465 0.801244 1.694264
v 0.920465 0.801244 1.694264
v 0.915489 0.813012 1.692571
v 0.915489 0.813012 1.692571
v 0.915489 0.813012 1.692571
v 0.918678 0.811056 1.691424
v 0.918678 0.811056 1.691424
v 0.918678 0.811056 1.691424
v 0.935246 0.817109 1.691867
v 0.935246 0.817109 1.691867
v 0.935246 0.817109 1.691867
v 0.927093 0.818541 1.685622
v 0.927093 0.818541 1.685622
v 0.927093 0.818541 1.685622
v 0.929083 0.812588 1.698875
v 0.929083 0.812588 1.698875
v 0.929083 0.812588 1.698875
v 0.920930 0.814020 1.692629
v 0.920930 0.814020 1.692629
v 0.920930 0.814020 1.692629
v 0.915196 0.829411 1.699076
v 0.915196 0.829411 1.699076
v 0.915196 0.829411 1.699076
v 0.916057 0.825313 1.689590
v 0.916057 0.825313 1.689590
v 0.916057 0.825313 1.689590
v 0.916881 0.820075 1.703262
v 0.916881 0.820075 1.703262
v 0.916881 0.820075 1.703262
v 0.917741 0.815977 1.693776
v 0.917741 0.815977 1.693776
v 0.917741 0.815977 1.693776
v 0.907226 0.737621 1.804771
v 0.907226 0.737621 1.804771
v 0.907226 0.737621 1.804771
v 0.914480 0.743445 1.800191
v 0.914480 0.743445 1.800191
v 0.914480 0.743445 1.800191
v 0.926879 0.728034 1.793530
v 0.926879 0.728034 1.793530
v 0.926879 0.728034 1.793530
v 0.925146 0.738243 1.794091
v 0.925146 0.738243 1.794091
v 0.925146 0.738243 1.794091
v 0.914480 0.733336 1.810814
v 0.914480 0.733336 1.810814
v 0.914480 0.733336 1.810814
v 0.926609 0.727420 1.803877
v 0.926609 0.727420 1.803877
v 0.926609 0.727420 1.803877
v 0.921735 0.739160 1.806235
v 0.921735 0.739160 1.806235
v 0.921735 0.739160 1.806235
v 0.924876 0.737628 1.804439
v 0.924876 0.737628 1.804439
v 0.924876 0.737628 1.804439
v 0.941496 0.743371 1.806005
v 0.941496 0.743371 1.806005
v 0.941496 0.743371 1.806005
v 0.933078 0.746565 1.800861
v 0.933078 0.746565 1.800861
v 0.933078 0.746565 1.800861
v 0.935629 0.736884 1.811577
v 0.935629 0.736884 1.811577
v 0.935629 0.736884 1.811577
v 0.927212 0.740079 1.806432
v 0.927212 0.740079 1.806432
v 0.927212 0.740079 1.806432
v 0.921842 0.752958 1.817246
v 0.921842 0.752958 1.817246
v 0.921842 0.752958 1.817246
v 0.922413 0.751768 1.806961
v 0.922413 0.751768 1.806961
v 0.922413 0.751768 1.806961
v 0.923501 0.742801 1.818513
v 0.923501 0.742801 1.818513
v 0.923501 0.742801 1.818513
v 0.924071 0.741611 1.808228
v 0.924071 0.741611 1.808228
v 0.924071 0.741611 1.808228
v 0.923018 0.640359 1.878276
v 0.923018 0.640359 1.878276
v 0.923018 0.640359 1.878276
v 0.930271 0.646791 1.874597
v 0.930271 0.646791 1.874597
v 0.930271 0.646791 1.874597
v 0.942641 0.629830 1.867906
v 0.942641 0.629830 1.867906
v 0.942641 0.629830 1.867906
v 0.942561 0.640197 1.868102
v 0.942561 0.640197 1.868102
v 0.942561 0.640197 1.868102
v 0.930271 0.635251 1.883645
v 0.930271 0.635251 1.883645
v 0.930271 0.635251 1.883645
v 0.940760 0.629623 1.878102
v 0.940760 0.629623 1.878102
v 0.940760 0.629623 1.878102
v 0.937525 0.641683 1.879965
v 0.937525 0.641683 1.879965
v 0.937525 0.641683 1.879965
v 0.940680 0.639990 1.878297
v 0.940680 0.639990 1.878297
v 0.940680 0.639990 1.878297
v 0.957182 0.640505 1.884582
v 0.957182 0.640505 1.884582
v 0.957182 0.640505 1.884582
v 0.951667 0.646883 1.878546
v 0.951667 0.646883 1.878546
v 0.951667 0.646883 1.878546
v 0.948533 0.635329 1.887015
v 0.948533 0.635329 1.887015
v 0.948533 0.635329 1.887015
v 0.943018 0.641707 1.880979
v 0.943018 0.641707 1.880979
v 0.943018 0.641707 1.880979
v 0.937559 0.651035 1.894952
v 0.937559 0.651035 1.894952
v 0.937559 0.651035 1.894952
v 0.939378 0.653477 1.885040
v 0.939378 0.653477 1.885040
v 0.939378 0.653477 1.885040
v 0.938044 0.640957 1.892558
v 0.938044 0.640957 1.892558
v 0.938044 0.640957 1.892558
v 0.939863 0.643400 1.882646
v 0.939863 0.643400 1.882646
v 0.939863 0.643400 1.882646
v 0.897576 0.610891 1.017879
v 0.897576 0.610891 1.017879
v 0.897576 0.610891 1.017879
v 0.904729 0.606652 1.011684
v 0.904729 0.606652 1.011684
v 0.904729 0.606652 1.011684
v 0.918392 0.602000 1.027580
v 0.918392 0.602000 1.027580
v 0.918392 0.602000 1.027580
v 0.916862 0.601469 1.017338
v 0.916862 0.601469 1.017338
v 0.916862 0.601469 1.017338
v 0.904728 0.617339 1.021725
v 0.904728 0.617339 1.021725
v 0.904728 0.617339 1.021725
v 0.916699 0.612226 1.027303
v 0.916699 0.612226 1.027303
v 0.916699 0.612226 1.027303
v 0.911881 0.613100 1.015529
v 0.911881 0.613100 1.015529
v 0.911881 0.613100 1.015529
v 0.915168 0.611696 1.017061
v 0.915168 0.611696 1.017061
v 0.915168 0.611696 1.017061
v 0.931549 0.616373 1.012520
v 0.931549 0.616373 1.012520
v 0.931549 0.616373 1.012520
v 0.924531 0.609847 1.008560
v 0.924531 0.609847 1.008560
v 0.924531 0.609847 1.008560
v 0.924264 0.620491 1.018643
v 0.924264 0.620491 1.018643
v 0.924264 0.620491 1.018643
v 0.917246 0.613966 1.014683
v 0.917246 0.613966 1.014683
v 0.917246 0.613966 1.014683
v 0.910733 0.625264 1.002820
v 0.910733 0.625264 1.002820
v 0.910733 0.625264 1.002820
v 0.912398 0.615030 1.002906
v 0.912398 0.615030 1.002906
v 0.912398 0.615030 1.002906
v 0.912294 0.625604 1.013065
v 0.912294 0.625604 1.013065
v 0.912294 0.625604 1.013065
v 0.913959 0.615370 1.013151
v 0.913959 0.615370 1.013151
v 0.913959 0.615370 1.013151
v 0.894710 0.723509 1.128098
v 0.894710 0.723509 1.128098
v 0.894710 0.723509 1.128098
v 0.901858 0.720216 1.121346
v 0.901858 0.720216 1.121346
v 0.901858 0.720216 1.121346
v 0.915552 0.713652 1.136735
v 0.915552 0.713652 1.136735
v 0.915552 0.713652 1.136735
v 0.914233 0.714363 1.126474
v 0.914233 0.714363 1.126474
v 0.914233 0.714363 1.126474
v 0.901857 0.729359 1.132811
v 0.901857 0.729359 1.132811
v 0.901857 0.729359 1.132811
v 0.913621 0.723795 1.137686
v 0.913621 0.723795 1.137686
v 0.913621 0.723795 1.137686
v 0.909005 0.726066 1.126059
v 0.909005 0.726066 1.126059
v 0.909005 0.726066 1.126059
v 0.912302 0.724506 1.127426
v 0.912302 0.724506 1.127426
v 0.912302 0.724506 1.127426
v 0.928632 0.730332 1.124210
v 0.928632 0.730332 1.124210
v 0.928632 0.730332 1.124210
v 0.922000 0.724267 1.119037
v 0.922000 0.724267 1.119037
v 0.922000 0.724267 1.119037
v 0.921004 0.733210 1.130617
v 0.921004 0.733210 1.130617
v 0.921004 0.733210 1.130617
v 0.914371 0.727145 1.125444
v 0.914371 0.727145 1.125444
v 0.914371 0.727145 1.125444
v 0.907790 0.740190 1.115573
v 0.907790 0.740190 1.115573
v 0.907790 0.740190 1.115573
v 0.909624 0.730121 1.113909
v 0.909624 0.730121 1.113909
v 0.909624 0.730121 1.113909
v 0.909240 0.738774 1.125742
v 0.909240 0.738774 1.125742
v 0.909240 0.738774 1.125742
v 0.911074 0.728704 1.124078
v 0.911074 0.728704 1.124078
v 0.911074 0.728704 1.124078
v 0.888172 0.790925 1.242049
v 0.888172 0.790925 1.242049
v 0.888172 0.790925 1.242049
v 0.895301 0.789970 1.234580
v 0.895301 0.789970 1.234580
v 0.895301 0.789970 1.234580
v 0.909157 0.779100 1.247141
v 0.909157 0.779100 1.247141
v 0.909157 0.779100 1.247141
v 0.907779 0.782939 1.237608
v 0.907779 0.782939 1.237608
v 0.907779 0.782939 1.237608
v 0.895301 0.795093 1.248321
v 0.895301 0.795093 1.248321
v 0.895301 0.795093 1.248321
v 0.907128 0.788428 1.251191
v 0.907128 0.788428 1.251191
v 0.907128 0.788428 1.251191
v 0.902430 0.794138 1.240852
v 0.902430 0.794138 1.240852
v 0.902430 0.794138 1.240852
v 0.905750 0.792267 1.241658
v 0.905750 0.792267 1.241658
v 0.905750 0.792267 1.241658
v 0.922002 0.798995 1.240409
v 0.922002 0.798995 1.240409
v 0.922002 0.798995 1.240409
v 0.915417 0.794769 1.233605
v 0.915417 0.794769 1.233605
v 0.915417 0.794769 1.233605
v 0.914368 0.799641 1.247397
v 0.914368 0.799641 1.247397
v 0.914368 0.799641 1.247397
v 0.907782 0.795415 1.240592
v 0.907782 0.795415 1.240592
v 0.907782 0.795415 1.240592
v 0.901017 0.810821 1.235317
v 0.901017 0.810821 1.235317
v 0.901017 0.810821 1.235317
v 0.902939 0.801801 1.230577
v 0.902939 0.801801 1.230577
v 0.902939 0.801801 1.230577
v 0.902540 0.806306 1.244527
v 0.902540 0.806306 1.244527
v 0.902540 0.806306 1.244527
v 0.904462 0.797286 1.239787
v 0.904462 0.797286 1.239787
v 0.904462 0.797286 1.239787
v 0.884389 0.819666 1.418345
v 0.884389 0.819666 1.418345
v 0.884389 0.819666 1.418345
v 0.891509 0.821003 1.410927
v 0.891509 0.821003 1.410927
v 0.891509 0.821003 1.410927
v 0.905454 0.806925 1.418994
v 0.905454 0.806925 1.418994
v 0.905454 0.806925 1.418994
v 0.903672 0.813646 1.411301
v 0.903672 0.813646 1.411301
v 0.903672 0.813646 1.411301
v 0.891509 0.821822 1.425568
v 0.891509 0.821822 1.425568
v 0.891509 0.821822 1.425568
v 0.903738 0.814426 1.425945
v 0.903738 0.814426 1.425945
v 0.903738 0.814426 1.425945
v 0.898630 0.823159 1.418150
v 0.898630 0.823159 1.418150
v 0.898630 0.823159 1.418150
v 0.901956 0.821147 1.418252
v 0.901956 0.821147 1.418252
v 0.901956 0.821147 1.418252
v 0.918211 0.827954 1.417753
v 0.918211 0.827954 1.417753
v 0.918211 0.827954 1.417753
v 0.911038 0.825788 1.410585
v 0.911038 0.825788 1.410585
v 0.911038 0.825788 1.410585
v 0.911143 0.826633 1.425224
v 0.911143 0.826633 1.425224
v 0.911143 0.826633 1.425224
v 0.903970 0.824467 1.418056
v 0.903970 0.824467 1.418056
v 0.903970 0.824467 1.418056
v 0.897146 0.840695 1.417104
v 0.897146 0.840695 1.417104
v 0.897146 0.840695 1.417104
v 0.898875 0.833145 1.410210
v 0.898875 0.833145 1.410210
v 0.898875 0.833145 1.410210
v 0.898915 0.834030 1.424848
v 0.898915 0.834030 1.424848
v 0.898915 0.834030 1.424848
v 0.900644 0.826479 1.417954
v 0.900644 0.826479 1.417954
v 0.900644 0.826479 1.417954
v 0.888125 0.813327 1.550263
v 0.888125 0.813327 1.550263
v 0.888125 0.813327 1.550263
v 0.895259 0.816338 1.543366
v 0.895259 0.816338 1.543366
v 0.895259 0.816338 1.543366
v 0.909046 0.800826 1.546858
v 0.909046 0.800826 1.546858
v 0.909046 0.800826 1.546858
v 0.906846 0.809414 1.541480
v 0.906846 0.809414 1.541480
v 0.906846 0.809414 1.541480
v 0.895258 0.813649 1.557782
v 0.895258 0.813649 1.557782
v 0.895258 0.813649 1.557782
v 0.907914 0.806086 1.555722
v 0.907914 0.806086 1.555722
v 0.907914 0.806086 1.555722
v 0.902392 0.816660 1.550885
v 0.902392 0.816660 1.550885
v 0.902392 0.816660 1.550885
v 0.905714 0.814675 1.550344
v 0.905714 0.814675 1.550344
v 0.905714 0.814675 1.550344
v 0.921921 0.821609 1.549663
v 0.921921 0.821609 1.549663
v 0.921921 0.821609 1.549663
v 0.913977 0.820925 1.543034
v 0.913977 0.820925 1.543034
v 0.913977 0.820925 1.543034
v 0.915703 0.818658 1.557419
v 0.915703 0.818658 1.557419
v 0.915703 0.818658 1.557419
v 0.907759 0.817975 1.550790
v 0.907759 0.817975 1.550790
v 0.907759 0.817975 1.550790
v 0.901000 0.834110 1.553068
v 0.901000 0.834110 1.553068
v 0.901000 0.834110 1.553068
v 0.902390 0.827849 1.544919
v 0.902390 0.827849 1.544919
v 0.902390 0.827849 1.544919
v 0.903047 0.826221 1.559478
v 0.903047 0.826221 1.559478
v 0.903047 0.826221 1.559478
v 0.904437 0.819960 1.551330
v 0.904437 0.819960 1.551330
v 0.904437 0.819960 1.551330
v 0.901184 0.771230 1.690498
v 0.901184 0.771230 1.690498
v 0.901184 0.771230 1.690498
v 0.908349 0.776007 1.684721
v 0.908349 0.776007 1.684721
v 0.908349 0.776007 1.684721
v 0.921836 0.760001 1.683243
v 0.921836 0.760001 1.683243
v 0.921836 0.760001 1.683243
v 0.919703 0.769833 1.680733
v 0.919703 0.769833 1.680733
v 0.919703 0.769833 1.680733
v 0.908348 0.769214 1.697718
v 0.908348 0.769214 1.697718
v 0.908348 0.769214 1.697718
v 0.920932 0.762372 1.693297
v 0.920932 0.762372 1.693297
v 0.920932 0.762372 1.693297
v 0.915513 0.773991 1.691941
v 0.915513 0.773991 1.691941
v 0.915513 0.773991 1.691941
v 0.918799 0.772204 1.690787
v 0.918799 0.772204 1.690787
v 0.918799 0.772204 1.690787
v 0.935096 0.778903 1.691736
v 0.935096 0.778903 1.691736
v 0.935096 0.778903 1.691736
v 0.926993 0.780225 1.685402
v 0.926993 0.780225 1.685402
v 0.926993 0.780225 1.685402
v 0.929012 0.773890 1.698472
v 0.929012 0.773890 1.698472
v 0.929012 0.773890 1.698472
v 0.920909 0.775212 1.692138
v 0.920909 0.775212 1.692138
v 0.920909 0.775212 1.692138
v 0.914443 0.790131 1.698991
v 0.914443 0.790131 1.698991
v 0.914443 0.790131 1.698991
v 0.915639 0.786398 1.689390
v 0.915639 0.786398 1.689390
v 0.915639 0.786398 1.689390
v 0.916428 0.780731 1.702893
v 0.916428 0.780731 1.702893
v 0.916428 0.780731 1.702893
v 0.917623 0.776999 1.693292
v 0.917623 0.776999 1.693292
v 0.917623 0.776999 1.693292
v 0.907362 0.693049 1.795766
v 0.907362 0.693049 1.795766
v 0.907362 0.693049 1.795766
v 0.914560 0.699115 1.791416
v 0.914560 0.699115 1.791416
v 0.914560 0.699115 1.791416
v 0.927683 0.684134 1.785177
v 0.927683 0.684134 1.785177
v 0.927683 0.684134 1.785177
v 0.925588 0.694277 1.785670
v 0.925588 0.694277 1.785670
v 0.925588 0.694277 1.785670
v 0.914560 0.689013 1.802046
v 0.914560 0.689013 1.802046
v 0.914560 0.689013 1.802046
v 0.927099 0.683511 1.795511
v 0.927099 0.683511 1.795511
v 0.927099 0.683511 1.795511
v 0.921757 0.695079 1.797696
v 0.921757 0.695079 1.797696
v 0.921757 0.695079 1.797696
v 0.925004 0.693655 1.796004
v 0.925004 0.693655 1.796004
v 0.925004 0.693655 1.796004
v 0.941360 0.699958 1.798102
v 0.941360 0.699958 1.798102
v 0.941360 0.699958 1.798102
v 0.933010 0.702865 1.792684
v 0.933010 0.702865 1.792684
v 0.933010 0.702865 1.792684
v 0.935539 0.693276 1.803487
v 0.935539 0.693276 1.803487
v 0.935539 0.693276 1.803487
v 0.927189 0.696183 1.798069
v 0.927189 0.696183 1.798069
v 0.927189 0.696183 1.798069
v 0.921039 0.708873 1.808690
v 0.921039 0.708873 1.808690
v 0.921039 0.708873 1.808690
v 0.921982 0.707703 1.798430
v 0.921982 0.707703 1.798430
v 0.921982 0.707703 1.798430
v 0.922999 0.698778 1.810021
v 0.922999 0.698778 1.810021
v 0.922999 0.698778 1.810021
v 0.923942 0.697608 1.799762
v 0.923942 0.697608 1.799762
v 0.923942 0.697608 1.799762
v 0.923156 0.600842 1.877132
v 0.923156 0.600842 1.877132
v 0.923156 0.600842 1.877132
v 0.930352 0.607326 1.873430
v 0.930352 0.607326 1.873430
v 0.930352 0.607326 1.873430
v 0.943436 0.590455 1.867954
v 0.943436 0.590455 1.867954
v 0.943436 0.590455 1.867954
v 0.943066 0.600814 1.867676
v 0.943066 0.600814 1.867676
v 0.943066 0.600814 1.867676
v 0.930352 0.596192 1.882974
v 0.930352 0.596192 1.882974
v 0.930352 0.596192 1.882974
v 0.941180 0.590646 1.878073
v 0.941180 0.590646 1.878073
v 0.941180 0.590646 1.878073
v 0.937548 0.602676 1.879272
v 0.937548 0.602676 1.879272
v 0.937548 0.602676 1.879272
v 0.940810 0.601005 1.877795
v 0.940810 0.601005 1.877795
v 0.940810 0.601005 1.877795
v 0.957040 0.602254 1.884660
v 0.957040 0.602254 1.884660
v 0.957040 0.602254 1.884660
v 0.951595 0.608211 1.878150
v 0.951595 0.608211 1.878150
v 0.951595 0.608211 1.878150
v 0.948444 0.596946 1.886993
v 0.948444 0.596946 1.886993
v 0.948444 0.596946 1.886993
v 0.942999 0.602903 1.880483
v 0.942999 0.602903 1.880483
v 0.942999 0.602903 1.880483
v 0.936761 0.612641 1.893839
v 0.936761 0.612641 1.893839
v 0.936761 0.612641 1.893839
v 0.938881 0.614723 1.883904
v 0.938881 0.614723 1.883904
v 0.938881 0.614723 1.883904
v 0.937616 0.602492 1.891894
v 0.937616 0.602492 1.891894
v 0.937616 0.602492 1.891894
v 0.939736 0.604574 1.881959
v 0.939736 0.604574 1.881959
v 0.939736 0.604574 1.881959
v -0.775194 1.066264 -1.515373
v -0.775194 1.066264 -1.515373
v -0.803766 1.097617 -1.514919
v -0.803766 1.097617 -1.514919
v -0.803765 1.098648 -1.586088
v -0.803765 1.098648 -1.586088
v -0.729385 1.166416 -1.585105
v -0.729385 1.166416 -1.585105
v -0.729386 1.165385 -1.513936
v -0.729386 1.165385 -1.513936
v -0.775193 1.067295 -1.586542
v -0.775193 1.067295 -1.586542
v -0.700814 1.135063 -1.585559
v -0.700814 1.135063 -1.585559
v -0.700814 1.134032 -1.514390
v -0.700814 1.134032 -1.514390
v -0.764535 1.045341 -1.591783
v -0.764535 1.045341 -1.591783
v -0.764536 1.044167 -1.510771
v -0.781492 1.061643 -1.592653
v -0.781492 1.061643 -1.592653
v -0.679869 1.122482 -1.590664
v -0.679869 1.122482 -1.590664
v -0.694514 1.140890 -1.591503
v -0.694514 1.140890 -1.591503
v -0.679870 1.121308 -1.509652
v -0.694515 1.139684 -1.508279
v -0.694515 1.139684 -1.508279
v -0.781493 1.060437 -1.509429
v -0.781493 1.060437 -1.509429
v -0.775194 1.066089 -1.503317
v -0.775194 1.066089 -1.503317
v -0.803766 1.097442 -1.502863
v -0.803766 1.097442 -1.502863
v -0.803767 1.096410 -1.431695
v -0.803767 1.096410 -1.431695
v -0.729387 1.164178 -1.430712
v -0.729387 1.164178 -1.430712
v -0.729386 1.165210 -1.501880
v -0.729386 1.165210 -1.501880
v -0.775195 1.065058 -1.432148
v -0.775195 1.065058 -1.432148
v -0.700815 1.132826 -1.431166
v -0.700815 1.132826 -1.431166
v -0.700815 1.133857 -1.502335
v -0.700815 1.133857 -1.502335
v -0.764537 1.042961 -1.427546
v -0.764537 1.042961 -1.427546
v -0.764536 1.044135 -1.508558
v -0.781494 1.059231 -1.426204
v -0.781494 1.059231 -1.426204
v -0.679870 1.120101 -1.426427
v -0.679870 1.120101 -1.426427
v -0.694516 1.138478 -1.425055
v -0.694516 1.138478 -1.425055
v -0.679870 1.121275 -1.507439
v 0.775262 1.066263 -1.515355
v 0.775262 1.066263 -1.515355
v 0.803833 1.097616 -1.514900
v 0.803833 1.097616 -1.514900
v 0.803834 1.098647 -1.586069
v 0.803834 1.098647 -1.586069
v 0.729455 1.166415 -1.585088
v 0.729455 1.166415 -1.585088
v 0.729454 1.165384 -1.513919
v 0.729454 1.165384 -1.513919
v 0.775262 1.067294 -1.586524
v 0.775262 1.067294 -1.586524
v 0.700883 1.135063 -1.585543
v 0.700883 1.135063 -1.585543
v 0.700882 1.134031 -1.514374
v 0.700882 1.134031 -1.514374
v 0.764605 1.045340 -1.591765
v 0.764605 1.045340 -1.591765
v 0.764604 1.044166 -1.510753
v 0.781562 1.061642 -1.592635
v 0.781562 1.061642 -1.592635
v 0.679938 1.122481 -1.590648
v 0.679938 1.122481 -1.590648
v 0.694583 1.140890 -1.591487
v 0.694583 1.140890 -1.591487
v 0.679937 1.121307 -1.509636
v 0.694583 1.139683 -1.508263
v 0.694583 1.139683 -1.508263
v 0.781561 1.060436 -1.509410
v 0.781561 1.060436 -1.509410
v 0.775261 1.066088 -1.503300
v 0.775261 1.066088 -1.503300
v 0.803833 1.097441 -1.502845
v 0.803833 1.097441 -1.502845
v 0.803833 1.096410 -1.431676
v 0.803833 1.096410 -1.431676
v 0.729453 1.164178 -1.430695
v 0.729453 1.164178 -1.430695
v 0.729454 1.165209 -1.501864
v 0.729454 1.165209 -1.501864
v 0.775261 1.065057 -1.432131
v 0.775261 1.065057 -1.432131
v 0.700881 1.132825 -1.431149
v 0.700881 1.132825 -1.431149
v 0.700882 1.133856 -1.502318
v 0.700882 1.133856 -1.502318
v 0.764603 1.042960 -1.427528
v 0.764603 1.042960 -1.427528
v 0.764604 1.044134 -1.508540
v 0.781560 1.059230 -1.426186
v 0.781560 1.059230 -1.426186
v 0.679936 1.120101 -1.426411
v 0.679936 1.120101 -1.426411
v 0.694582 1.138477 -1.425039
v 0.694582 1.138477 -1.425039
v 0.679937 1.121275 -1.507423
v -0.395976 1.172815 -1.560786
v -0.396364 1.167415 -1.188137
v -0.396364 1.167415 -1.188137
v -0.377732 1.122089 -1.191234
v -0.377732 1.122089 -1.191234
v -0.377732 1.122089 -1.191234
v -0.377185 1.127454 -1.561443
v -0.441342 1.191604 -1.560514
v -0.441346 1.186118 -1.181975
v -0.486708 1.172815 -1.560787
v -0.486328 1.167244 -1.176357
v -0.505499 1.127454 -1.561444
v -0.504960 1.121847 -1.174575
v -0.486708 1.082093 -1.562101
v -0.486328 1.076522 -1.177672
v -0.441342 1.063303 -1.562373
v -0.441346 1.057818 -1.183834
v -0.395976 1.082093 -1.562100
v -0.396364 1.076692 -1.189451
v -0.396364 1.076692 -1.189451
v -0.397134 1.167394 -1.186706
v -0.380808 1.122168 -1.196666
v -0.436548 1.185858 -1.163973
v -0.475963 1.166743 -1.141784
v -0.492289 1.121247 -1.133138
v -0.475963 1.076021 -1.143099
v -0.436548 1.057557 -1.165832
v -0.397134 1.076671 -1.188020
v -0.400208 1.167439 -1.189840
v -0.390585 1.122312 -1.206636
v -0.423440 1.185664 -1.150606
v -0.446672 1.166310 -1.111917
v -0.456295 1.120715 -1.096435
v -0.446672 1.075588 -1.113231
v -0.423440 1.057363 -1.152465
v -0.400208 1.076717 -1.191154
v -0.398983 1.167450 -1.190614
v -0.398983 1.167450 -1.190614
v -0.396270 1.122359 -1.209864
v -0.396270 1.122359 -1.209864
v -0.396270 1.122359 -1.209864
v -0.405534 1.185589 -1.145456
v -0.412084 1.166150 -1.100843
v -0.414798 1.120519 -1.082908
v -0.412084 1.075427 -1.102157
v -0.405534 1.057288 -1.147316
v -0.398983 1.076728 -1.191929
v -0.398983 1.076728 -1.191929
v -0.251891 1.167436 -1.189596
v -0.251708 1.122347 -1.209041
v -0.252333 1.185568 -1.143964
v -0.252775 1.166121 -1.098877
v -0.252958 1.120488 -1.080746
v -0.252775 1.075399 -1.100192
v -0.252333 1.057267 -1.145823
v -0.251891 1.076713 -1.190910
v 0.415400 1.172815 -1.560776
v 0.415780 1.167414 -1.188128
v 0.415780 1.167414 -1.188128
v 0.397148 1.122088 -1.191225
v 0.397148 1.122088 -1.191225
v 0.397148 1.122088 -1.191225
v 0.396609 1.127454 -1.561434
v 0.460766 1.191604 -1.560504
v 0.460762 1.186118 -1.181964
v 0.506132 1.172815 -1.560776
v 0.505744 1.167243 -1.176346
v 0.524923 1.127453 -1.561433
v 0.524376 1.121847 -1.174563
v 0.506132 1.082092 -1.562090
v 0.505744 1.076521 -1.177660
v 0.460766 1.063303 -1.562363
v 0.460762 1.057817 -1.183824
v 0.415400 1.082092 -1.562091
v 0.415780 1.076692 -1.189442
v 0.415780 1.076692 -1.189442
v 0.416550 1.167393 -1.186696
v 0.400224 1.122167 -1.196657
v 0.455964 1.185857 -1.163962
v 0.495377 1.166742 -1.141773
v 0.511703 1.121246 -1.133126
v 0.495377 1.076020 -1.143088
v 0.455964 1.057556 -1.165822
v 0.416550 1.076671 -1.188011
v 0.419624 1.167439 -1.189831
v 0.410001 1.122312 -1.206626
v 0.442855 1.185663 -1.150596
v 0.466087 1.166310 -1.111906
v 0.475709 1.120715 -1.096425
v 0.466087 1.075587 -1.113221
v 0.442855 1.057363 -1.152455
v 0.419624 1.076717 -1.191145
v 0.418399 1.167450 -1.190605
v 0.418399 1.167450 -1.190605
v 0.415686 1.122358 -1.209855
v 0.415686 1.122358 -1.209855
v 0.415686 1.122358 -1.209855
v 0.424949 1.185589 -1.145447
v 0.431498 1.166149 -1.100833
v 0.434211 1.120519 -1.082898
v 0.431498 1.075427 -1.102148
v 0.424949 1.057288 -1.147306
v 0.418399 1.076728 -1.191920
v 0.418399 1.076728 -1.191920
v 0.271307 1.167435 -1.189590
v 0.271125 1.122347 -1.209035
v 0.271748 1.185567 -1.143958
v 0.272189 1.166121 -1.098871
v 0.272371 1.120487 -1.080740
v 0.272189 1.075398 -1.100186
v 0.271748 1.057266 -1.145818
v 0.271307 1.076713 -1.190904
v -0.909377 0.709036 1.222969
v -0.909377 0.709036 1.222969
v -0.909376 0.552800 1.099633
v -0.909379 0.774489 1.426475
v -0.909379 0.774489 1.426475
v -0.909383 0.566972 1.756014
v -0.909383 0.466743 1.776897
v -0.909375 0.425281 1.070640
v -0.909379 0.801064 1.427004
v -0.917928 0.645518 -1.536503
v -0.917929 0.798479 -1.419103
v -0.917929 0.798479 -1.419103
v -0.917932 0.860431 -1.183135
v -0.917935 0.806146 -0.956914
v -0.917935 0.806146 -0.956914
v -0.917937 0.614122 -0.803615
v -0.917937 0.614122 -0.803615
v -0.909248 0.374109 -1.595958
v -0.909248 0.374109 -1.595958
v -0.917929 0.819738 -1.447384
v -0.917932 0.894403 -1.179005
v -0.917935 0.829849 -0.929213
v -0.917937 0.450601 -0.781433
v -0.917937 0.450832 -0.736055
v -0.899344 0.447542 -0.645864
v -0.812788 0.922176 1.427854
v -0.825164 0.940911 1.130619
v -0.803255 0.891065 1.720335
v -0.799584 0.862094 1.942170
v -0.799594 0.837106 2.141619
v -0.783675 0.667852 2.354208
v -0.783675 0.667852 2.354208
v -0.783675 0.667852 2.354208
v -0.783430 0.825815 2.229221
v -0.769184 0.812427 2.277557
v 0.000006 0.960797 0.909266
v -0.834044 0.951056 0.837113
v -0.899106 0.432952 0.659735
v -0.815723 0.979153 0.774437
v -0.624050 1.298148 0.130692
v -0.615403 1.320704 -0.518153
v -0.588693 1.214259 -1.424561
v -0.610453 1.160713 -1.744216
v -0.240569 1.360506 -0.603825
v -0.630674 1.099163 -2.035347
v -0.777120 0.929628 -2.104104
v -0.509059 1.014684 -2.094144
v -0.640346 1.008241 -2.090201
v -0.516864 1.321868 -0.783809
v -0.552335 1.266604 -1.103992
v -0.794013 0.810522 -2.163712
v -0.597143 1.323002 -0.598160
v -0.524337 1.338273 -0.604150
v -0.524337 1.338273 -0.604150
v -0.457991 1.344680 -0.604056
v -0.628896 1.248603 -1.094682
v -0.608445 1.308397 -0.777297
v -0.909384 0.355941 1.793784
v -0.822311 0.353870 1.936670
v -0.903597 0.335608 1.800769
v -0.903598 0.335058 1.838692
v -0.812925 0.328787 1.938606
v -0.802928 0.326262 2.112853
v -0.553595 0.666715 2.327606
v -0.368519 0.665435 2.349572
v -0.684243 0.798776 2.287266
v -0.553594 0.798776 2.287268
v -0.755176 0.798776 2.287265
v -0.755176 0.798776 2.287265
v -0.000010 0.818694 2.290630
v -0.368519 0.665626 2.336432
v -0.000010 0.798453 2.309501
v -0.561073 0.709036 1.222973
v -0.561075 0.774489 1.426479
v -0.606035 0.798479 -1.419099
v -0.606040 0.806146 -0.956910
v -0.606042 0.614122 -0.803611
v -0.794509 1.038486 -1.177845
v -0.793954 1.042385 -1.499017
v -0.793954 1.042385 -1.499017
v -0.657355 1.246873 -0.808527
v -0.657355 1.246873 -0.808527
v -0.660121 1.212470 -1.042875
v -0.673466 1.183330 -1.281171
v -0.688380 1.148719 -1.524461
v -0.527055 1.291162 -0.631398
v -0.243287 0.849524 -0.637795
v 0.000024 0.851592 -0.637762
v -0.527055 0.827291 -0.638120
v -0.460709 0.833698 -0.638027
v -0.509049 1.041371 -2.080746
v -0.665254 1.034050 -2.074774
v -0.254834 1.041364 -2.080253
v -0.409877 1.041368 -2.080554
v -0.756728 1.042385 -1.499016
v -0.651154 1.148719 -1.524460
v -0.620129 1.246873 -0.808526
v 0.000040 1.014689 -2.093464
v 0.909375 0.566972 1.756034
v 0.909375 0.466743 1.776918
v 0.909379 0.801063 1.427025
v 0.917996 0.645517 -1.536482
v 0.917995 0.798479 -1.419082
v 0.917995 0.798479 -1.419082
v 0.909317 0.374109 -1.595937
v 0.909317 0.374109 -1.595937
v 0.917989 0.829849 -0.929192
v 0.912212 0.387829 -1.719394
v 0.899391 0.447542 -0.645843
v 0.881169 0.644127 2.145243
v 0.812788 0.922176 1.427872
v 0.825171 0.940911 1.130638
v 0.803248 0.891065 1.720354
v 0.799572 0.862093 1.942189
v 0.799578 0.837106 2.141638
v 0.852401 0.670573 2.166446
v 0.384782 0.956122 0.895369
v 0.834058 0.951055 0.837132
v 0.899124 0.432952 0.659756
v 0.815738 0.979152 0.774456
v 0.624080 1.298148 0.130707
v 0.615448 1.320704 -0.518139
v 0.630753 1.099163 -2.035333
v 0.777201 0.929628 -2.104087
v 0.640427 1.008241 -2.090186
v 0.516915 1.321868 -0.783797
v 0.552393 1.266604 -1.103979
v 0.750195 0.810993 -2.196206
v 0.794096 0.810522 -2.163693
v 0.597190 1.323002 -0.598146
v 0.628955 1.248602 -1.094668
v 0.608496 1.308396 -0.777283
v 0.909375 0.355941 1.793805
v 0.909375 0.355384 1.832224
v 0.822299 0.353870 1.936689
v 0.903588 0.335607 1.800790
v 0.903588 0.335058 1.838713
v 0.812913 0.328787 1.938625
v 0.835248 0.438819 2.110321
v 0.688544 0.667699 2.320810
v 0.553574 0.666715 2.327619
v 0.368499 0.798688 2.293295
v 0.553574 0.798775 2.287280
v 0.689662 0.798647 2.296145
v 0.762993 0.798626 2.297612
v 0.762993 0.798626 2.297612
v 0.762993 0.798626 2.297612
v 0.368952 0.798566 2.301765
v 0.552764 0.798625 2.297679
v 0.368498 0.665626 2.336441
v 0.561078 0.709035 1.222986
v 0.561075 0.774489 1.426492
v 0.606100 0.798479 -1.419085
v 0.794569 1.038486 -1.177827
v 0.794022 1.042385 -1.498999
v 0.794022 1.042385 -1.498999
v 0.794734 1.033844 -0.848935
v 0.794734 1.033844 -0.848935
v 0.660178 1.212470 -1.042860
v 0.673528 1.183329 -1.281156
v 0.688448 1.148719 -1.524445
v 0.527103 1.291162 -0.631386
v 0.243334 0.849524 -0.637789
v 0.527103 0.827291 -0.638108
v 0.460756 0.833698 -0.638016
v 0.705215 0.930047 -2.133019
v 0.509129 1.041371 -2.080734
v 0.665335 1.034049 -2.074759
v 0.409958 1.041368 -2.080544
v 0.756796 1.042385 -1.498999
v 0.651222 1.148719 -1.524445
v 0.757508 1.033844 -0.848935
vn -1.0000 -0.0000 -0.0000
vn -0.9752 -0.0463 0.2165
vn -0.9900 0.0351 0.1363
vn -0.9383 0.3320 0.0968
vn -0.9440 0.3026 -0.1312
vn -0.9857 0.1072 -0.1299
vn -0.9833 0.0562 0.1729
vn -0.9642 0.1440 0.2226
vn -0.9744 0.1206 -0.1899
vn -0.9999 -0.0120 0.0002
vn -0.9933 0.0325 -0.1110
vn -0.9995 -0.0321 0.0005
vn -0.9499 0.3012 -0.0832
vn -0.9913 0.1036 -0.0806
vn -0.9385 0.2911 0.1858
vn -0.9305 0.3327 0.1532
vn -0.9034 0.4066 0.1363
vn -0.7459 0.6661 -0.0070
vn -0.8530 0.5214 0.0243
vn -0.9532 -0.1664 0.2523
vn -0.9829 0.1150 0.1437
vn -0.9836 0.1058 0.1458
vn -0.8330 0.4864 0.2636
vn -0.9002 0.4064 0.1562
vn -0.8328 0.5536 -0.0035
vn -0.8026 0.5965 -0.0061
vn -0.8349 0.4815 -0.2669
vn -0.8927 0.3917 -0.2227
vn -0.9674 0.1684 -0.1894
vn -0.9801 0.1347 -0.1461
vn -0.9950 0.0710 -0.0702
vn -0.9956 0.0368 -0.0863
vn -0.9959 0.0909 -0.0016
vn -0.9978 0.0657 0.0019
vn -0.9804 0.1971 0.0040
vn -0.9976 0.0689 -0.0013
vn -0.8859 0.4493 0.1149
vn -0.9123 0.4069 0.0463
vn -0.9602 0.2784 0.0237
vn -0.0147 0.9491 0.3145
vn -0.0150 0.9624 0.2712
vn -0.2047 0.9525 0.2255
vn -0.0554 0.9726 0.2257
vn -0.0000 0.9494 0.3139
vn -0.0000 0.9628 0.2704
vn -0.0865 0.9615 0.2610
vn -0.1996 0.9797 -0.0173
vn -0.0096 0.9986 -0.0513
vn -0.0057 0.9879 -0.1551
vn -0.9397 0.3181 0.1257
vn -0.9429 0.3154 0.1071
vn -0.9289 0.3572 0.0978
vn -0.8268 0.5509 0.1133
vn -0.6511 0.7569 0.0570
vn -0.6331 0.7701 0.0788
vn -0.8612 0.3556 0.3632
vn -0.8020 0.3684 0.4702
vn -0.8906 0.3452 0.2961
vn -0.0164 0.8851 0.4651
vn -0.0000 0.9752 0.2215
vn -0.0012 0.9110 0.4125
vn -0.0143 0.9030 0.4293
vn 0.0053 0.9839 0.1784
vn 0.0081 0.9915 0.1298
vn -0.2365 0.9631 0.1281
vn -0.2358 0.9641 0.1220
vn 0.0042 0.9927 0.1206
vn -0.2337 0.9684 0.0873
vn 0.0013 0.9965 0.0833
vn 0.0124 0.9919 0.1262
vn -0.2312 0.9640 0.1310
vn -0.2293 0.9717 0.0560
vn -0.0032 0.9986 0.0529
vn -0.0547 0.9702 0.2362
vn -0.0576 0.9706 0.2339
vn 0.0080 0.9987 0.0502
vn -0.2374 0.9637 0.1225
vn -0.9864 0.1635 0.0149
vn -0.9942 0.1079 -0.0012
vn -0.9587 0.2840 0.0177
vn 0.0251 0.9853 0.1691
vn 0.0338 0.9917 0.1237
vn 0.0166 0.9963 0.0841
vn 0.0307 0.9914 0.1275
vn 0.0223 0.9927 0.1186
vn 0.0093 0.9215 0.3883
vn -0.1121 0.9007 0.4198
vn -0.1202 0.9642 0.2366
vn -0.1507 0.9601 0.2356
vn -0.1234 0.9067 0.4032
vn -0.1344 0.9907 0.0220
vn -0.1713 0.9850 0.0192
vn -0.0363 0.9742 0.2228
vn -0.0000 0.9759 0.2182
vn -0.0000 0.9996 0.0286
vn -0.0327 0.9990 0.0309
vn -0.0779 0.9687 0.2357
vn -0.0796 0.9963 0.0309
vn -0.9001 0.4353 0.0167
vn -0.9062 0.4227 0.0063
vn -0.5826 0.7986 -0.1508
vn -0.3954 0.9047 -0.1584
vn -0.4705 0.8179 -0.3311
vn -0.5267 0.7895 -0.3151
vn -0.8128 0.5822 -0.0182
vn -0.7756 0.6301 -0.0376
vn -0.7713 0.6329 -0.0676
vn -0.8033 0.5939 -0.0435
vn -0.8820 0.4708 0.0207
vn -0.8624 0.5060 0.0118
vn -0.8831 0.4691 0.0090
vn -0.9104 0.4135 0.0116
vn -0.8791 0.4753 0.0358
vn -0.8538 0.5199 0.0272
vn -0.8115 0.5843 0.0065
vn -0.8533 0.5215 0.0019
vn -0.8231 0.5646 -0.0621
vn -0.8937 0.4334 -0.1157
vn -0.9176 0.3676 -0.1511
vn -0.8300 0.5440 -0.1232
vn -0.6277 0.6556 -0.4197
vn -0.9451 0.3090 -0.1066
vn -0.4298 0.5230 -0.7360
vn -0.3445 0.5331 -0.7727
vn -0.5248 0.3457 -0.7779
vn -0.5844 0.2616 -0.7681
vn -0.9726 0.2005 -0.1176
vn -0.4599 0.8807 -0.1130
vn -0.2845 0.9492 -0.1347
vn -0.2303 0.9623 -0.1450
vn -0.2304 0.9622 -0.1450
vn -0.1871 0.9749 -0.1205
vn -0.1871 0.9749 -0.1207
vn -0.0460 0.9986 0.0254
vn -0.0813 0.9964 0.0223
vn -0.1546 0.9877 -0.0246
vn -0.0000 0.9999 0.0167
vn -0.1843 0.9821 -0.0378
vn -0.2748 0.6057 -0.7468
vn -0.9624 -0.2670 0.0500
vn -0.9772 -0.2074 0.0460
vn -0.9813 -0.1873 0.0451
vn -0.8043 -0.0945 0.5867
vn -0.7893 -0.1051 0.6050
vn -0.9933 -0.1155 -0.0017
vn -0.9874 -0.1584 -0.0023
vn -0.9496 -0.3090 0.0529
vn -0.9482 -0.3132 0.0525
vn -0.9564 -0.2871 0.0546
vn -0.9614 -0.2750 -0.0040
vn -0.7506 -0.1306 0.6478
vn -0.9402 -0.3367 0.0507
vn 0.0066 0.9999 0.0145
vn 0.0067 0.9999 0.0145
vn 0.0028 0.9993 0.0382
vn 0.0036 0.9996 0.0297
vn 0.0059 0.9999 0.0145
vn -0.0021 0.8073 0.5902
vn -0.0151 0.7805 0.6249
vn -0.0188 0.7354 0.6774
vn -0.0000 0.7072 0.7070
vn 0.0070 0.8171 0.5765
vn -0.0000 -0.9999 -0.0145
vn 0.9787 -0.1334 0.1558
vn -0.0000 -0.9987 0.0504
vn -0.0036 -0.9987 0.0504
vn -0.0000 0.9982 0.0608
vn -0.2309 0.9691 0.0871
vn -0.2325 0.9709 0.0568
vn -0.2350 0.9635 0.1280
vn -0.2331 0.9648 0.1220
vn -0.0000 0.9986 -0.0523
vn -0.0000 0.9872 -0.1596
vn 0.0052 0.9999 0.0145
vn -0.0000 0.9919 0.1269
vn -0.0131 0.9919 0.1260
vn -0.0129 0.9964 0.0839
vn -0.0000 0.9965 0.0839
vn -0.0000 0.9984 0.0570
vn -0.0130 0.9983 0.0565
vn -0.0000 0.9915 0.1303
vn -0.0132 0.9914 0.1303
vn -0.0130 0.9925 0.1217
vn -0.0000 0.9926 0.1216
vn -0.8317 0.5550 0.0146
vn -0.8182 0.5743 0.0261
vn -0.8262 0.5631 0.0183
vn -0.7983 0.6005 -0.0455
vn -0.0000 -0.4313 0.9022
vn -0.0000 -0.6196 0.7849
vn -0.0000 -0.4447 -0.8957
vn -0.0000 -0.1774 -0.9841
vn -0.0000 -0.2455 -0.9694
vn -0.0000 -0.2307 -0.9730
vn -0.0000 -0.9520 0.3062
vn -0.0000 -0.2345 0.9721
vn -0.0000 -0.2405 0.9707
vn -0.0000 -0.3249 -0.9458
vn -0.0000 -0.9695 -0.2450
vn -0.0000 -0.6566 -0.7542
vn -0.0000 -0.4236 0.9059
vn -0.0000 -0.4195 0.9077
vn -0.0000 -0.6089 0.7933
vn -0.0000 -0.2140 0.9768
vn -0.0000 -0.6239 -0.7815
vn -0.0000 -0.1344 -0.9909
vn -0.0000 -0.9672 0.2539
vn -0.0000 -0.9999 0.0106
vn -0.0000 -0.9724 -0.2333
vn -0.7116 0.6998 -0.0620
vn -0.7664 0.6424 0.0086
vn -0.8134 0.5738 0.0954
vn -0.7206 0.6796 -0.1376
vn -0.7133 0.6910 -0.1172
vn -0.8195 0.5682 0.0752
vn -0.7115 0.6892 -0.1371
vn -0.7413 0.6676 -0.0686
vn -0.7643 0.6409 -0.0717
vn -0.7107 0.7000 -0.0697
vn -0.6405 0.7611 -0.1025
vn -0.0000 0.5008 -0.8656
vn -0.0000 0.2675 -0.9636
vn -0.0109 0.2714 -0.9624
vn -0.0190 0.5014 -0.8650
vn 0.9801 -0.1984 -0.0064
vn 0.9766 -0.2124 -0.0327
vn 0.9665 -0.2467 -0.0710
vn 0.9683 -0.2398 -0.0695
vn 0.9322 -0.3602 -0.0354
vn 0.9460 -0.3204 -0.0499
vn -0.0218 0.2688 -0.9629
vn -0.0410 0.5020 -0.8639
vn 0.9089 -0.4160 0.0298
vn 0.9080 -0.4187 0.0116
vn 0.9834 -0.1788 0.0297
vn 0.9095 -0.4122 0.0534
vn -0.0226 0.2484 -0.9684
vn -0.0473 0.5022 -0.8635
vn -0.0000 0.0145 -0.9999
vn -0.9755 0.1963 -0.0996
vn -0.1934 0.5271 -0.8275
vn -0.0634 0.4832 -0.8732
vn -0.0254 0.4555 -0.8899
vn -0.0259 0.4557 -0.8898
vn 0.0015 0.4533 -0.8914
vn -0.0000 0.4550 -0.8905
vn -0.3457 0.5385 -0.7685
vn 0.0015 0.4505 -0.8928
vn -0.0406 0.9991 0.0145
vn -0.0844 0.9963 0.0144
vn -0.0961 0.9953 0.0144
vn -0.0000 0.9999 0.0145
vn -0.0000 0.9999 0.0131
vn -0.0000 0.9999 0.0121
vn -0.0000 -0.9913 0.1315
vn -0.0000 -0.9914 0.1308
vn -0.0000 -0.9910 0.1336
vn -0.0000 -0.9911 0.1331
vn -0.0000 0.9999 0.0141
vn -0.0000 -0.9900 0.1408
vn -0.0000 -0.9894 0.1452
vn -0.0000 0.1864 -0.9825
vn 1.0000 -0.0000 -0.0000
vn 0.9900 0.0351 0.1363
vn 0.9752 -0.0463 0.2165
vn 0.9383 0.3320 0.0968
vn 0.9857 0.1072 -0.1299
vn 0.9441 0.3026 -0.1312
vn 0.9642 0.1440 0.2226
vn 0.9833 0.0562 0.1729
vn 0.9999 -0.0120 0.0002
vn 0.9744 0.1206 -0.1899
vn 0.9995 -0.0321 0.0005
vn 0.9933 0.0325 -0.1109
vn 0.9913 0.1036 -0.0806
vn 0.9499 0.3012 -0.0832
vn 0.9034 0.4066 0.1364
vn 0.9305 0.3326 0.1532
vn 0.9385 0.2911 0.1858
vn 0.7459 0.6661 -0.0069
vn 0.8530 0.5214 0.0243
vn 0.9532 -0.1664 0.2523
vn 0.9836 0.1058 0.1458
vn 0.9829 0.1150 0.1437
vn 0.8330 0.4864 0.2636
vn 0.8026 0.5965 -0.0061
vn 0.8328 0.5536 -0.0035
vn 0.9002 0.4064 0.1562
vn 0.8349 0.4815 -0.2668
vn 0.9674 0.1684 -0.1893
vn 0.8928 0.3917 -0.2227
vn 0.9801 0.1347 -0.1461
vn 0.9956 0.0368 -0.0863
vn 0.9950 0.0710 -0.0702
vn 0.9959 0.0909 -0.0016
vn 0.9978 0.0657 0.0019
vn 0.9804 0.1971 0.0040
vn 0.9976 0.0689 -0.0013
vn 0.9123 0.4069 0.0463
vn 0.8859 0.4493 0.1150
vn 0.9602 0.2784 0.0238
vn 0.0147 0.9491 0.3145
vn 0.0554 0.9726 0.2257
vn 0.2047 0.9525 0.2255
vn 0.0150 0.9624 0.2712
vn 0.0865 0.9615 0.2610
vn 0.0058 0.9879 -0.1551
vn 0.0096 0.9986 -0.0513
vn 0.1996 0.9797 -0.0173
vn 0.9397 0.3181 0.1257
vn 0.8268 0.5509 0.1133
vn 0.9289 0.3572 0.0978
vn 0.9429 0.3154 0.1072
vn 0.6511 0.7569 0.0570
vn 0.6331 0.7701 0.0788
vn 0.8612 0.3556 0.3633
vn 0.8906 0.3452 0.2961
vn 0.8020 0.3684 0.4702
vn 0.0164 0.8851 0.4651
vn 0.0012 0.9110 0.4124
vn -0.0053 0.9839 0.1784
vn 0.0143 0.9030 0.4293
vn -0.0081 0.9915 0.1298
vn -0.0042 0.9927 0.1206
vn 0.2358 0.9641 0.1220
vn 0.2365 0.9631 0.1281
vn -0.0013 0.9965 0.0833
vn 0.2337 0.9684 0.0873
vn -0.0124 0.9919 0.1262
vn 0.2312 0.9640 0.1310
vn 0.0032 0.9986 0.0529
vn 0.2293 0.9717 0.0560
vn -0.0080 0.9987 0.0502
vn 0.0576 0.9706 0.2339
vn 0.0547 0.9702 0.2362
vn 0.2374 0.9637 0.1226
vn 0.9864 0.1635 0.0149
vn 0.9942 0.1079 -0.0012
vn 0.9587 0.2840 0.0177
vn -0.0251 0.9853 0.1691
vn -0.0338 0.9917 0.1237
vn -0.0166 0.9963 0.0841
vn -0.0307 0.9914 0.1274
vn -0.0223 0.9927 0.1186
vn -0.0093 0.9215 0.3883
vn 0.1121 0.9007 0.4198
vn 0.1233 0.9067 0.4032
vn 0.1507 0.9601 0.2356
vn 0.1202 0.9642 0.2366
vn 0.1713 0.9850 0.0192
vn 0.1344 0.9907 0.0220
vn 0.0363 0.9742 0.2228
vn 0.0327 0.9990 0.0309
vn 0.0796 0.9963 0.0309
vn 0.0779 0.9687 0.2357
vn 0.9062 0.4227 0.0064
vn 0.9001 0.4353 0.0167
vn 0.5826 0.7986 -0.1508
vn 0.5267 0.7895 -0.3151
vn 0.4705 0.8179 -0.3311
vn 0.3954 0.9047 -0.1584
vn 0.8128 0.5822 -0.0182
vn 0.8033 0.5939 -0.0435
vn 0.7713 0.6329 -0.0676
vn 0.7756 0.6301 -0.0376
vn 0.8820 0.4708 0.0207
vn 0.9104 0.4135 0.0116
vn 0.8831 0.4691 0.0090
vn 0.8624 0.5060 0.0118
vn 0.8791 0.4753 0.0358
vn 0.8533 0.5215 0.0020
vn 0.8115 0.5843 0.0065
vn 0.8538 0.5199 0.0272
vn 0.8937 0.4334 -0.1157
vn 0.8231 0.5645 -0.0621
vn 0.9176 0.3676 -0.1511
vn 0.9451 0.3090 -0.1066
vn 0.6277 0.6556 -0.4197
vn 0.8300 0.5439 -0.1231
vn 0.4298 0.5230 -0.7360
vn 0.5845 0.2616 -0.7681
vn 0.5248 0.3457 -0.7779
vn 0.3445 0.5331 -0.7727
vn 0.9726 0.2005 -0.1176
vn 0.4599 0.8807 -0.1130
vn 0.2845 0.9492 -0.1347
vn 0.2303 0.9623 -0.1450
vn 0.2304 0.9622 -0.1450
vn 0.1871 0.9749 -0.1205
vn 0.1871 0.9749 -0.1207
vn 0.0813 0.9964 0.0223
vn 0.0460 0.9986 0.0254
vn 0.1546 0.9877 -0.0246
vn 0.1843 0.9821 -0.0378
vn 0.2748 0.6057 -0.7468
vn 0.9813 -0.1873 0.0451
vn 0.9772 -0.2074 0.0460
vn 0.9624 -0.2670 0.0500
vn 0.8042 -0.0945 0.5867
vn 0.7892 -0.1051 0.6050
vn 0.9933 -0.1155 -0.0017
vn 0.9874 -0.1584 -0.0023
vn 0.9496 -0.3090 0.0529
vn 0.9564 -0.2871 0.0546
vn 0.9482 -0.3132 0.0526
vn 0.9614 -0.2750 -0.0040
vn 0.7505 -0.1306 0.6478
vn 0.9402 -0.3367 0.0507
vn -0.0066 0.9999 0.0145
vn -0.0067 0.9999 0.0145
vn -0.0028 0.9993 0.0382
vn -0.0059 0.9999 0.0145
vn -0.0036 0.9996 0.0297
vn 0.0151 0.7805 0.6249
vn 0.0021 0.8073 0.5902
vn 0.0188 0.7354 0.6774
vn -0.0070 0.8171 0.5765
vn -0.0000 -0.9999 -0.0144
vn -0.9788 -0.1334 0.1557
vn 0.0036 -0.9987 0.0504
vn 0.2325 0.9709 0.0568
vn 0.2309 0.9691 0.0871
vn 0.2350 0.9635 0.1280
vn 0.2331 0.9648 0.1220
vn -0.0052 0.9999 0.0145
vn 0.0131 0.9919 0.1260
vn 0.0129 0.9964 0.0839
vn 0.0130 0.9983 0.0565
vn 0.0132 0.9914 0.1303
vn 0.0130 0.9925 0.1217
vn 0.8182 0.5743 0.0261
vn 0.8317 0.5550 0.0146
vn 0.8262 0.5631 0.0183
vn 0.7983 0.6005 -0.0455
vn 0.7116 0.6998 -0.0620
vn 0.7664 0.6423 0.0086
vn 0.8134 0.5738 0.0953
vn 0.7206 0.6795 -0.1376
vn 0.7133 0.6909 -0.1171
vn 0.8195 0.5682 0.0752
vn 0.7115 0.6892 -0.1371
vn 0.7643 0.6409 -0.0717
vn 0.7414 0.6676 -0.0686
vn 0.7107 0.7000 -0.0696
vn 0.6405 0.7611 -0.1024
vn 0.0190 0.5014 -0.8650
vn 0.0109 0.2714 -0.9624
vn -0.9801 -0.1984 -0.0064
vn -0.9683 -0.2398 -0.0696
vn -0.9665 -0.2467 -0.0710
vn -0.9766 -0.2124 -0.0327
vn -0.9460 -0.3204 -0.0499
vn -0.9322 -0.3602 -0.0355
vn 0.0410 0.5020 -0.8639
vn 0.0218 0.2688 -0.9630
vn -0.9080 -0.4187 0.0116
vn -0.9089 -0.4160 0.0298
vn -0.9834 -0.1789 0.0297
vn -0.9095 -0.4122 0.0534
vn 0.0473 0.5022 -0.8635
vn 0.0226 0.2484 -0.9684
vn 0.9755 0.1963 -0.0996
vn 0.1934 0.5271 -0.8275
vn 0.0634 0.4832 -0.8732
vn 0.0259 0.4557 -0.8898
vn 0.0254 0.4556 -0.8898
vn -0.0014 0.4533 -0.8914
vn 0.3457 0.5385 -0.7685
vn -0.0014 0.4505 -0.8928
vn 0.0406 0.9991 0.0145
vn 0.0844 0.9963 0.0144
vn 0.0961 0.9953 0.0144
vn -0.9239 -0.3827 -0.0055
vn 0.3827 -0.9238 -0.0134
vn 0.9239 0.3826 0.0055
vn -0.9239 0.3827 0.0055
vn -0.3827 -0.9238 -0.0134
vn 0.9239 -0.3826 -0.0055
vn -0.3827 0.9236 0.0232
vn -0.9239 0.3826 0.0094
vn -0.9239 -0.3826 -0.0099
vn -0.0023 0.0189 -0.9998
vn -0.0000 0.0213 -0.9998
vn -0.3827 -0.9236 -0.0234
vn 0.3827 -0.9236 -0.0232
vn 0.9239 -0.3826 -0.0094
vn 0.9239 0.3826 0.0099
vn 0.0025 0.0190 -0.9998
vn 0.3827 0.9236 0.0234
vn 0.0002 0.0166 -0.9999
vn -0.0001 -0.0201 0.9998
vn -0.0001 -0.0200 0.9998
vn -0.0002 -0.0200 0.9998
vn -0.3827 0.9238 0.0134
vn 0.3827 0.9238 0.0134
vn -0.0002 -0.0201 0.9998
vn -0.9239 0.3826 0.0055
vn -0.9239 -0.3826 -0.0055
vn 0.3828 0.9237 0.0145
vn 0.3828 0.9237 0.0134
vn 0.9240 0.3824 0.0060
vn 0.9240 0.3825 0.0056
vn 0.9238 -0.3828 -0.0059
vn 0.9238 -0.3828 -0.0055
vn 0.3826 -0.9238 -0.0144
vn 0.3826 -0.9238 -0.0134
vn -0.3826 -0.9238 -0.0145
vn -0.3826 -0.9238 -0.0134
vn -0.9238 -0.3828 -0.0060
vn -0.9238 -0.3828 -0.0056
vn -0.9240 0.3825 0.0059
vn -0.9240 0.3825 0.0055
vn -0.3828 0.9237 0.0144
vn -0.3828 0.9237 0.0134
vn -0.9239 -0.3826 -0.0056
vn -0.9239 0.3826 0.0056
vn -0.3827 0.9239 0.0036
vn -0.9239 0.3827 0.0016
vn -0.9239 -0.3827 -0.0013
vn -0.0023 -0.0100 0.9999
vn 0.0001 -0.0076 1.0000
vn -0.3827 -0.9239 -0.0034
vn -0.0023 -0.0101 0.9999
vn -0.0000 -0.0077 1.0000
vn 0.3827 -0.9239 -0.0036
vn 0.9239 -0.3827 -0.0017
vn 0.9239 0.3827 0.0012
vn 0.0025 -0.0100 0.9999
vn 0.3827 0.9239 0.0034
vn 0.0001 -0.0124 0.9999
vn 0.0002 -0.0124 0.9999
vn -0.0001 0.0089 -1.0000
vn -0.0001 0.0090 -1.0000
vn 0.9239 0.3827 0.0055
vn 0.3828 0.9238 0.0123
vn 0.9240 0.3825 0.0051
vn 0.9238 -0.3828 -0.0051
vn 0.3826 -0.9238 -0.0123
vn -0.3826 -0.9238 -0.0123
vn -0.9238 -0.3829 -0.0051
vn -0.9240 0.3825 0.0051
vn -0.3828 0.9238 0.0123
vn 0.4681 -0.8564 0.2179
vn 0.4800 0.0953 0.8721
vn -0.4681 0.8564 -0.2179
vn -0.4801 -0.0953 -0.8720
vn -0.6879 -0.7219 0.0757
vn -0.6401 0.2258 0.7343
vn 0.6879 0.7219 -0.0757
vn 0.6402 -0.2257 -0.7343
vn -0.4941 -0.0535 -0.8678
vn -0.4524 0.8735 -0.1800
vn 0.4941 0.0535 0.8678
vn 0.4524 -0.8735 0.1800
vn 0.6619 -0.1880 -0.7256
vn 0.6678 0.7431 -0.0422
vn -0.6619 0.1880 0.7256
vn -0.6679 -0.7431 0.0422
vn 0.4551 -0.8903 -0.0161
vn 0.4801 -0.1431 0.8654
vn -0.4551 0.8903 0.0162
vn -0.4802 0.1431 -0.8654
vn -0.7155 -0.6913 -0.1009
vn -0.6166 0.0433 0.7861
vn 0.7155 0.6913 0.1010
vn 0.6166 -0.0434 -0.7861
vn -0.5069 0.2245 -0.8323
vn -0.4212 0.9014 0.1009
vn 0.5068 -0.2246 0.8323
vn 0.4212 -0.9013 -0.1009
vn 0.6637 0.0256 -0.7475
vn 0.6756 0.7149 0.1803
vn -0.6638 -0.0256 0.7475
vn -0.6756 -0.7149 -0.1801
vn 0.4489 -0.8432 -0.2957
vn 0.4679 -0.4183 0.7785
vn -0.4489 0.8432 0.2958
vn -0.4679 0.4183 -0.7785
vn -0.7109 -0.6196 -0.3328
vn -0.6368 -0.2053 0.7432
vn 0.7109 0.6195 0.3328
vn 0.6368 0.2052 -0.7432
vn -0.4882 0.4686 -0.7363
vn -0.4246 0.8312 0.3589
vn 0.4882 -0.4687 0.7362
vn 0.4246 -0.8312 -0.3589
vn 0.6716 0.2450 -0.6992
vn 0.6801 0.6181 0.3942
vn -0.6717 -0.2450 0.6992
vn -0.6801 -0.6182 -0.3941
vn 0.4559 -0.7081 -0.5392
vn 0.4539 -0.6459 0.6138
vn -0.4559 0.7081 0.5392
vn -0.4539 0.6459 -0.6138
vn -0.6743 -0.4861 -0.5559
vn -0.6818 -0.4228 0.5970
vn 0.6743 0.4861 0.5559
vn 0.6817 0.4229 -0.5970
vn -0.4517 0.6423 -0.6193
vn -0.4581 0.7111 0.5334
vn 0.4517 -0.6423 0.6192
vn 0.4581 -0.7111 -0.5334
vn 0.6785 0.4203 -0.6025
vn 0.6776 0.4880 0.5502
vn -0.6784 -0.4203 0.6026
vn -0.6776 -0.4880 -0.5502
vn 0.4762 -0.5356 -0.6974
vn 0.4449 -0.7848 0.4315
vn -0.4762 0.5356 0.6974
vn -0.4449 0.7848 -0.4315
vn -0.6082 -0.3218 -0.7256
vn -0.7303 -0.5531 0.4009
vn 0.6083 0.3218 0.7256
vn 0.7303 0.5531 -0.4009
vn -0.4027 0.7467 -0.5294
vn -0.5075 0.6049 0.6136
vn 0.4027 -0.7467 0.5295
vn 0.5076 -0.6049 -0.6136
vn 0.6817 0.5329 -0.5013
vn 0.6676 0.3732 0.6442
vn -0.6818 -0.5329 0.5012
vn -0.6677 -0.3732 -0.6441
vn 0.4897 -0.3235 -0.8097
vn 0.4545 -0.8651 0.2123
vn -0.4897 0.3235 0.8096
vn -0.4545 0.8651 -0.2124
vn -0.5897 -0.1237 -0.7981
vn -0.7297 -0.6457 0.2249
vn 0.5896 0.1236 0.7982
vn 0.7296 0.6458 -0.2250
vn -0.4038 0.8526 -0.3317
vn -0.5258 0.4253 0.7367
vn 0.4038 -0.8525 0.3318
vn 0.5258 -0.4252 -0.7367
vn 0.6754 0.6526 -0.3433
vn 0.6583 0.2059 0.7240
vn -0.6755 -0.6526 0.3432
vn -0.6584 -0.2059 -0.7240
vn 0.5105 -0.0394 -0.8589
vn 0.4671 -0.8818 -0.0646
vn -0.5105 0.0395 0.8589
vn -0.4671 0.8818 0.0646
vn -0.5543 0.1393 -0.8206
vn -0.7323 -0.6806 -0.0213
vn 0.5543 -0.1392 0.8206
vn 0.7324 0.6806 0.0213
vn -0.3978 0.9136 -0.0836
vn -0.5561 0.1917 0.8087
vn 0.3978 -0.9136 0.0837
vn 0.5561 -0.1917 -0.8087
vn 0.6670 0.7350 -0.1220
vn 0.6433 -0.0096 0.7655
vn -0.6670 -0.7350 0.1220
vn -0.6433 0.0096 -0.7655
vn 0.4617 0.0131 -0.8869
vn 0.5153 -0.8496 -0.1123
vn -0.4617 -0.0131 0.8870
vn -0.5153 0.8496 0.1124
vn -0.7477 0.0183 -0.6638
vn -0.5284 -0.8452 0.0803
vn 0.7477 -0.0184 0.6638
vn 0.5284 0.8452 -0.0803
vn -0.5678 0.7690 0.2937
vn -0.3732 -0.1974 0.9065
vn 0.5679 -0.7690 -0.2936
vn 0.3731 0.1974 -0.9065
vn 0.6416 0.7638 0.0705
vn 0.6705 -0.2018 0.7139
vn -0.6416 -0.7638 -0.0704
vn -0.6705 0.2018 -0.7139
vn 0.4337 -0.8942 0.1111
vn 0.4388 -0.0484 0.8973
vn -0.4337 0.8942 -0.1111
vn -0.4388 0.0484 -0.8973
vn -0.6996 -0.7113 -0.0677
vn -0.6805 0.1322 0.7207
vn 0.6996 0.7113 0.0676
vn 0.6806 -0.1322 -0.7207
vn -0.4441 0.0648 -0.8937
vn -0.4282 0.8987 -0.0951
vn 0.4441 -0.0647 0.8937
vn 0.4281 -0.8987 0.0951
vn 0.6892 -0.1181 -0.7149
vn 0.6911 0.7181 0.0816
vn -0.6892 0.1181 0.7149
vn -0.6912 -0.7181 -0.0815
vn 0.4248 -0.9052 -0.0081
vn 0.4438 -0.1670 0.8804
vn -0.4248 0.9053 0.0081
vn -0.4438 0.1670 -0.8804
vn -0.7254 -0.6739 -0.1400
vn -0.6541 0.0537 0.7545
vn 0.7254 0.6739 0.1400
vn 0.6540 -0.0538 -0.7546
vn -0.4622 0.2259 -0.8575
vn -0.4028 0.9126 0.0696
vn 0.4622 -0.2259 0.8575
vn 0.4028 -0.9126 -0.0697
vn 0.6880 -0.0055 -0.7257
vn 0.6951 0.6918 0.1955
vn -0.6880 0.0054 0.7257
vn -0.6951 -0.6918 -0.1955
vn 0.4164 -0.8626 -0.2872
vn 0.4368 -0.4365 0.7866
vn -0.4164 0.8626 0.2872
vn -0.4368 0.4365 -0.7866
vn -0.7320 -0.5887 -0.3429
vn -0.6566 -0.1757 0.7335
vn 0.7320 0.5887 0.3429
vn 0.6566 0.1757 -0.7335
vn -0.4557 0.4882 -0.7443
vn -0.3934 0.8495 0.3514
vn 0.4556 -0.4882 0.7443
vn 0.3935 -0.8495 -0.3514
vn 0.6928 0.2142 -0.6886
vn 0.6999 0.5887 0.4044
vn -0.6927 -0.2143 0.6886
vn -0.6999 -0.5888 -0.4044
vn 0.4240 -0.7284 -0.5382
vn 0.4219 -0.6663 0.6149
vn -0.4240 0.7284 0.5382
vn -0.4220 0.6663 -0.6148
vn -0.6946 -0.4543 -0.5578
vn -0.7022 -0.3909 0.5951
vn 0.6946 0.4542 0.5579
vn 0.7022 0.3909 -0.5951
vn -0.4198 0.6625 -0.6203
vn -0.4261 0.7315 0.5323
vn 0.4199 -0.6625 0.6203
vn 0.4261 -0.7315 -0.5323
vn 0.6987 0.3885 -0.6007
vn 0.6980 0.4561 0.5520
vn -0.6988 -0.3884 0.6007
vn -0.6981 -0.4560 -0.5521
vn 0.4456 -0.5543 -0.7030
vn 0.4121 -0.8057 0.4255
vn -0.4456 0.5543 0.7029
vn -0.4122 0.8057 -0.4255
vn -0.6276 -0.2913 -0.7220
vn -0.7518 -0.5204 0.4048
vn 0.6276 0.2914 0.7220
vn 0.7518 0.5204 -0.4049
vn -0.3720 0.7656 -0.5249
vn -0.4747 0.6260 0.6187
vn 0.3720 -0.7656 0.5248
vn 0.4747 -0.6259 -0.6188
vn 0.7012 0.5026 -0.5057
vn 0.6893 0.3407 0.6394
vn -0.7011 -0.5026 0.5057
vn -0.6893 -0.3407 -0.6394
vn 0.4614 -0.3122 -0.8304
vn 0.4233 -0.8895 0.1717
vn -0.4614 0.3121 0.8305
vn -0.4233 0.8896 -0.1717
vn -0.6072 -0.0704 -0.7915
vn -0.7516 -0.6237 0.2147
vn 0.6071 0.0704 0.7915
vn 0.7516 0.6237 -0.2146
vn -0.3742 0.8791 -0.2952
vn -0.4955 0.4202 0.7602
vn 0.3743 -0.8791 0.2953
vn 0.4955 -0.4202 -0.7602
vn 0.6944 0.6373 -0.3342
vn 0.6794 0.1544 0.7173
vn -0.6944 -0.6373 0.3343
vn -0.6794 -0.1543 -0.7174
vn 0.4809 -0.0568 -0.8750
vn 0.4345 -0.8972 -0.0786
vn -0.4808 0.0568 0.8750
vn -0.4346 0.8972 0.0786
vn -0.5756 0.1578 -0.8024
vn -0.7553 -0.6554 0.0032
vn 0.5755 -0.1579 0.8024
vn 0.7553 0.6554 -0.0032
vn -0.3691 0.9266 -0.0718
vn -0.5228 0.2104 0.8261
vn 0.3691 -0.9266 0.0717
vn 0.5228 -0.2105 -0.8261
vn 0.6873 0.7119 -0.1443
vn 0.6670 -0.0314 0.7444
vn -0.6873 -0.7119 0.1443
vn -0.6670 0.0314 -0.7444
vn 0.4288 -0.0395 -0.9025
vn 0.4867 -0.8687 -0.0922
vn -0.4287 0.0395 0.9026
vn -0.4867 0.8687 0.0922
vn -0.7717 0.0105 -0.6359
vn -0.5471 -0.8257 0.1375
vn 0.7717 -0.0105 0.6359
vn 0.5472 0.8256 -0.1375
vn -0.5353 0.7965 0.2812
vn -0.3435 -0.1488 0.9273
vn 0.5353 -0.7965 -0.2812
vn 0.3436 0.1488 -0.9273
vn 0.6652 0.7465 0.0146
vn 0.6903 -0.1918 0.6976
vn -0.6652 -0.7465 -0.0145
vn -0.6903 0.1918 -0.6976
vn -0.9239 -0.3827 -0.0056
vn 0.3827 0.9236 0.0232
vn 0.9239 0.3826 0.0094
vn 0.9239 -0.3826 -0.0098
vn 0.0023 0.0189 -0.9998
vn -0.0001 0.0213 -0.9998
vn 0.3827 -0.9236 -0.0233
vn -0.3827 -0.9236 -0.0232
vn -0.9239 -0.3826 -0.0094
vn -0.9239 0.3826 0.0099
vn -0.0025 0.0190 -0.9998
vn -0.3827 0.9236 0.0234
vn -0.0002 0.0166 -0.9999
vn -0.0001 0.0166 -0.9999
vn 0.0001 -0.0201 0.9998
vn 0.0001 -0.0200 0.9998
vn -0.9240 0.3825 0.0060
vn -0.9240 0.3824 0.0055
vn -0.3826 -0.9238 -0.0144
vn 0.9238 -0.3828 -0.0060
vn 0.3828 0.9237 0.0144
vn 0.9239 0.3826 0.0056
vn 0.3827 0.9239 0.0036
vn 0.9239 0.3827 0.0017
vn 0.9239 -0.3827 -0.0012
vn 0.0023 -0.0101 0.9999
vn -0.0001 -0.0076 1.0000
vn 0.0023 -0.0100 0.9999
vn 0.3827 -0.9239 -0.0034
vn 0.0022 -0.0100 0.9999
vn 0.0022 -0.0101 0.9999
vn -0.3827 -0.9239 -0.0036
vn -0.9239 -0.3827 -0.0017
vn -0.9239 0.3827 0.0012
vn -0.0025 -0.0100 0.9999
vn -0.3827 0.9239 0.0034
vn -0.0002 -0.0124 0.9999
vn 0.0001 0.0089 -1.0000
vn 0.0001 0.0090 -1.0000
vn 0.0002 0.0089 -1.0000
vn -0.9240 0.3824 0.0051
vn -0.9238 -0.3828 -0.0051
vn -0.4681 -0.8564 0.2179
vn -0.4800 0.0954 0.8721
vn 0.4680 0.8564 -0.2178
vn 0.4801 -0.0954 -0.8720
vn 0.6879 -0.7219 0.0757
vn 0.6402 0.2258 0.7343
vn -0.6879 0.7218 -0.0757
vn -0.6402 -0.2257 -0.7343
vn 0.4940 -0.0534 -0.8678
vn 0.4523 0.8735 -0.1800
vn -0.4941 0.0534 0.8678
vn -0.4524 -0.8735 0.1800
vn -0.6619 -0.1880 -0.7257
vn -0.6678 0.7431 -0.0422
vn 0.6619 0.1880 0.7256
vn 0.6679 -0.7431 0.0422
vn -0.4551 -0.8903 -0.0162
vn -0.4802 -0.1432 0.8654
vn 0.4551 0.8903 0.0163
vn 0.4802 0.1431 -0.8654
vn 0.7155 -0.6913 -0.1009
vn 0.6166 0.0433 0.7861
vn -0.7155 0.6913 0.1009
vn -0.6166 -0.0433 -0.7861
vn 0.5069 0.2245 -0.8322
vn 0.4212 0.9013 0.1009
vn -0.5069 -0.2245 0.8323
vn -0.4212 -0.9013 -0.1008
vn -0.6637 0.0255 -0.7476
vn -0.6756 0.7149 0.1802
vn 0.6637 -0.0256 0.7476
vn 0.6756 -0.7149 -0.1801
vn -0.4489 -0.8432 -0.2958
vn -0.4680 -0.4183 0.7785
vn 0.4489 0.8432 0.2958
vn 0.4680 0.4183 -0.7785
vn 0.7109 -0.6196 -0.3328
vn 0.6368 -0.2053 0.7432
vn -0.7109 0.6196 0.3328
vn -0.6367 0.2053 -0.7433
vn 0.4882 0.4686 -0.7363
vn 0.4246 0.8312 0.3589
vn -0.4882 -0.4686 0.7363
vn -0.4246 -0.8312 -0.3590
vn -0.6716 0.2450 -0.6993
vn -0.6801 0.6181 0.3941
vn 0.6716 -0.2449 0.6992
vn 0.6801 -0.6182 -0.3942
vn -0.4559 -0.7081 -0.5392
vn -0.4539 -0.6459 0.6138
vn 0.4559 0.7081 0.5392
vn 0.4540 0.6459 -0.6137
vn 0.6743 -0.4861 -0.5559
vn 0.6817 -0.4228 0.5970
vn -0.6743 0.4861 0.5559
vn -0.6817 0.4228 -0.5971
vn 0.4517 0.6422 -0.6193
vn 0.4580 0.7111 0.5334
vn -0.4517 -0.6423 0.6192
vn -0.4581 -0.7111 -0.5334
vn -0.6784 0.4203 -0.6026
vn -0.6776 0.4880 0.5502
vn 0.6785 -0.4202 0.6025
vn 0.6776 -0.4881 -0.5502
vn -0.4762 -0.5356 -0.6974
vn -0.4449 -0.7847 0.4316
vn 0.4762 0.5356 0.6974
vn 0.4449 0.7847 -0.4316
vn 0.6082 -0.3218 -0.7256
vn 0.7303 -0.5531 0.4010
vn -0.6082 0.3218 0.7256
vn -0.7303 0.5531 -0.4010
vn 0.4027 0.7467 -0.5294
vn 0.5076 0.6050 0.6135
vn -0.4027 -0.7467 0.5295
vn -0.5075 -0.6049 -0.6136
vn -0.6817 0.5329 -0.5012
vn -0.6677 0.3732 0.6441
vn 0.6817 -0.5330 0.5012
vn 0.6677 -0.3732 -0.6441
vn -0.4896 -0.3235 -0.8097
vn -0.4545 -0.8651 0.2123
vn 0.4897 0.3235 0.8097
vn 0.4545 0.8651 -0.2123
vn 0.5897 -0.1236 -0.7981
vn 0.7296 -0.6458 0.2250
vn -0.5897 0.1236 0.7981
vn -0.7296 0.6458 -0.2251
vn 0.4039 0.8526 -0.3317
vn 0.5258 0.4252 0.7367
vn -0.4039 -0.8526 0.3317
vn -0.5258 -0.4252 -0.7367
vn -0.6754 0.6527 -0.3432
vn -0.6583 0.2059 0.7241
vn 0.6755 -0.6526 0.3432
vn 0.6583 -0.2059 -0.7240
vn -0.5105 -0.0395 -0.8589
vn -0.4671 -0.8818 -0.0646
vn 0.5105 0.0394 0.8590
vn 0.4670 0.8819 0.0646
vn 0.5543 0.1392 -0.8206
vn 0.7323 -0.6806 -0.0213
vn -0.5543 -0.1392 0.8206
vn -0.7323 0.6806 0.0213
vn 0.3978 0.9136 -0.0837
vn 0.5561 0.1917 0.8087
vn -0.3979 -0.9136 0.0836
vn -0.5561 -0.1917 -0.8087
vn -0.6670 0.7350 -0.1220
vn -0.6433 -0.0096 0.7655
vn 0.6670 -0.7350 0.1220
vn 0.6433 0.0095 -0.7655
vn -0.4617 0.0132 -0.8870
vn -0.5152 -0.8497 -0.1123
vn 0.4617 -0.0132 0.8869
vn 0.5152 0.8497 0.1123
vn 0.7477 0.0184 -0.6637
vn 0.5284 -0.8452 0.0803
vn -0.7477 -0.0183 0.6637
vn -0.5284 0.8452 -0.0803
vn 0.5678 0.7690 0.2937
vn 0.3731 -0.1974 0.9065
vn -0.5678 -0.7690 -0.2937
vn -0.3731 0.1974 -0.9065
vn -0.6416 0.7638 0.0705
vn -0.6705 -0.2018 0.7139
vn 0.6416 -0.7638 -0.0705
vn 0.6705 0.2019 -0.7139
vn -0.4337 -0.8942 0.1111
vn -0.4388 -0.0484 0.8973
vn 0.4337 0.8942 -0.1111
vn 0.4388 0.0484 -0.8973
vn 0.6996 -0.7113 -0.0676
vn 0.6805 0.1322 0.7207
vn -0.6996 0.7113 0.0678
vn -0.6805 -0.1322 -0.7207
vn 0.4441 0.0647 -0.8936
vn 0.4281 0.8987 -0.0950
vn -0.4441 -0.0647 0.8936
vn -0.4282 -0.8987 0.0951
vn -0.6892 -0.1181 -0.7149
vn -0.6912 0.7181 0.0815
vn 0.6892 0.1181 0.7149
vn 0.6912 -0.7181 -0.0815
vn -0.4248 -0.9053 -0.0081
vn -0.4438 -0.1670 0.8804
vn 0.4248 0.9052 0.0082
vn 0.4439 0.1671 -0.8804
vn 0.7254 -0.6739 -0.1399
vn 0.6540 0.0537 0.7546
vn -0.7254 0.6739 0.1400
vn -0.6540 -0.0537 -0.7546
vn 0.4622 0.2259 -0.8575
vn 0.4028 0.9126 0.0696
vn -0.4622 -0.2259 0.8575
vn -0.4028 -0.9126 -0.0697
vn -0.6880 -0.0054 -0.7257
vn -0.6951 0.6918 0.1954
vn 0.6880 0.0054 0.7257
vn 0.6951 -0.6918 -0.1955
vn -0.4164 -0.8626 -0.2872
vn -0.4368 -0.4365 0.7865
vn 0.4164 0.8626 0.2872
vn 0.4368 0.4365 -0.7865
vn 0.7321 -0.5887 -0.3429
vn 0.6566 -0.1757 0.7335
vn -0.7320 0.5887 0.3429
vn -0.6565 0.1756 -0.7336
vn 0.4557 0.4882 -0.7443
vn 0.3935 0.8495 0.3514
vn -0.4557 -0.4883 0.7443
vn -0.3935 -0.8495 -0.3514
vn -0.6928 0.2142 -0.6886
vn -0.6999 0.5887 0.4044
vn 0.6928 -0.2142 0.6886
vn 0.7000 -0.5887 -0.4044
vn -0.4240 -0.7284 -0.5382
vn -0.4219 -0.6663 0.6148
vn 0.4240 0.7284 0.5382
vn 0.4219 0.6663 -0.6148
vn 0.6946 -0.4543 -0.5578
vn 0.7022 -0.3908 0.5951
vn -0.6946 0.4543 0.5578
vn -0.7022 0.3909 -0.5951
vn 0.4199 0.6625 -0.6203
vn 0.4261 0.7315 0.5323
vn -0.4198 -0.6625 0.6203
vn -0.4261 -0.7315 -0.5324
vn -0.6988 0.3885 -0.6007
vn -0.6981 0.4561 0.5520
vn 0.6987 -0.3885 0.6007
vn 0.6980 -0.4561 -0.5521
vn -0.4456 -0.5543 -0.7029
vn -0.4122 -0.8057 0.4255
vn 0.4457 0.5543 0.7030
vn 0.4121 0.8056 -0.4255
vn 0.6276 -0.2913 -0.7220
vn 0.7519 -0.5204 0.4048
vn -0.6276 0.2913 0.7220
vn -0.7518 0.5205 -0.4048
vn 0.3721 0.7656 -0.5248
vn 0.4747 0.6259 0.6187
vn -0.3721 -0.7656 0.5248
vn -0.4747 -0.6260 -0.6187
vn -0.7011 0.5026 -0.5058
vn -0.6893 0.3407 0.6394
vn 0.7011 -0.5026 0.5058
vn 0.6893 -0.3408 -0.6393
vn -0.4614 -0.3121 -0.8304
vn -0.4233 -0.8896 0.1717
vn 0.4614 0.3121 0.8304
vn 0.4234 0.8895 -0.1717
vn 0.6072 -0.0703 -0.7915
vn 0.7516 -0.6237 0.2147
vn -0.6072 0.0704 0.7915
vn -0.7516 0.6237 -0.2147
vn 0.3742 0.8791 -0.2952
vn 0.4955 0.4202 0.7602
vn -0.3742 -0.8791 0.2952
vn -0.4954 -0.4202 -0.7602
vn -0.6944 0.6373 -0.3343
vn -0.6794 0.1543 0.7173
vn 0.6944 -0.6373 0.3342
vn 0.6794 -0.1544 -0.7173
vn -0.4809 -0.0568 -0.8750
vn -0.4346 -0.8972 -0.0786
vn 0.4809 0.0568 0.8749
vn 0.4345 0.8972 0.0786
vn 0.5756 0.1579 -0.8024
vn 0.7553 -0.6554 0.0032
vn -0.5756 -0.1579 0.8024
vn -0.7553 0.6554 -0.0032
vn 0.3691 0.9266 -0.0717
vn 0.5227 0.2104 0.8261
vn -0.3692 -0.9266 0.0718
vn -0.5228 -0.2104 -0.8261
vn -0.6873 0.7119 -0.1444
vn -0.6671 -0.0314 0.7443
vn 0.6873 -0.7119 0.1444
vn 0.6671 0.0314 -0.7443
vn -0.4287 -0.0395 -0.9026
vn -0.4866 -0.8687 -0.0921
vn 0.4288 0.0395 0.9025
vn 0.4866 0.8687 0.0921
vn 0.7717 0.0105 -0.6359
vn 0.5472 -0.8256 0.1376
vn -0.7717 -0.0105 0.6359
vn -0.5472 0.8257 -0.1375
vn 0.5352 0.7965 0.2812
vn 0.3435 -0.1488 0.9273
vn -0.5352 -0.7965 -0.2812
vn -0.3434 0.1487 -0.9273
vn -0.6652 0.7465 0.0145
vn -0.6903 -0.1918 0.6976
vn 0.6652 -0.7465 -0.0145
vn 0.6903 0.1918 -0.6976
vn -0.7392 -0.6735 -0.0098
vn 0.7392 0.6735 0.0098
vn -0.0000 -0.0145 0.9999
vn -0.6735 0.7391 0.0107
vn 0.6735 -0.7391 -0.0107
vn 0.7823 0.6228 0.0090
vn 0.0317 -0.0203 -0.9993
vn -0.6927 -0.7211 -0.0105
vn 0.0317 -0.0493 0.9983
vn 0.7392 -0.6735 -0.0098
vn -0.7392 0.6735 0.0097
vn 0.6735 0.7391 0.0107
vn -0.6735 -0.7391 -0.0107
vn -0.7823 0.6228 0.0090
vn -0.0317 -0.0203 -0.9993
vn 0.6927 -0.7211 -0.0104
vn 0.6735 0.7391 0.0108
vn -0.0317 -0.0493 0.9983
vn 0.9245 0.3812 0.0067
vn 0.3841 0.9232 0.0136
vn 0.3839 0.9230 -0.0263
vn 0.3840 0.9232 -0.0160
vn -0.3841 0.9232 0.0136
vn -0.3796 0.9227 0.0669
vn -0.3796 0.9227 0.0675
vn -0.9244 0.3813 0.0066
vn -0.9140 0.3804 0.1410
vn -0.9139 0.3803 0.1422
vn -0.9244 -0.3813 -0.0044
vn -0.9139 -0.3843 0.1311
vn -0.9140 -0.3843 0.1299
vn -0.3841 -0.9232 -0.0132
vn -0.3796 -0.9243 0.0407
vn -0.3796 -0.9243 0.0402
vn 0.3841 -0.9232 -0.0132
vn 0.3840 -0.9223 -0.0428
vn 0.3839 -0.9219 -0.0530
vn 0.9245 -0.3812 -0.0044
vn -0.6767 -0.3543 0.6454
vn -0.6688 -0.3698 0.6450
vn -0.6700 -0.3674 0.6450
vn 0.3342 0.9279 -0.1652
vn 0.3493 0.9271 -0.1356
vn -0.3296 0.9216 0.2051
vn -0.3291 0.9216 0.2060
vn -0.7949 0.3768 0.4756
vn -0.7940 0.3767 0.4772
vn -0.7940 -0.3904 0.4660
vn -0.7949 -0.3904 0.4645
vn -0.3291 -0.9271 0.1792
vn -0.3296 -0.9271 0.1783
vn 0.3493 -0.9228 -0.1624
vn 0.3342 -0.9227 -0.1920
vn -0.6767 0.3355 0.6554
vn -0.6701 0.3485 0.6554
vn -0.6688 0.3509 0.6554
vn -0.6472 -0.3732 0.6647
vn -0.6438 -0.3714 0.6690
vn 0.1854 0.9301 -0.3171
vn 0.1549 0.9299 -0.3335
vn -0.1981 0.9196 0.3392
vn -0.1990 0.9196 0.3387
vn -0.4852 0.3722 0.7913
vn -0.4867 0.3722 0.7904
vn -0.4867 -0.3949 0.7792
vn -0.4852 -0.3949 0.7802
vn -0.1990 -0.9290 0.3119
vn -0.1981 -0.9291 0.3124
vn 0.1548 -0.9199 -0.3603
vn 0.1853 -0.9205 -0.3440
vn -0.6438 0.3518 0.6795
vn -0.6473 0.3538 0.6752
vn -0.6252 -0.3618 0.6915
vn 0.0453 0.9280 -0.3697
vn 0.0329 0.9284 -0.3701
vn -0.0591 0.9180 0.3920
vn -0.0597 0.9180 0.3920
vn -0.1493 0.3692 0.9173
vn -0.1504 0.3692 0.9171
vn -0.1504 -0.3956 0.9060
vn -0.1493 -0.3956 0.9062
vn -0.0597 -0.9290 0.3652
vn -0.0591 -0.9290 0.3653
vn 0.0329 -0.9173 -0.3969
vn 0.0452 -0.9169 -0.3965
vn -0.6253 0.3416 0.7016
vn 0.0058 0.3945 -0.9189
vn 0.0032 0.9287 -0.3708
vn -0.0043 0.9176 0.3975
vn -0.0119 0.3678 0.9298
vn -0.0119 -0.3946 0.9188
vn -0.0042 -0.9287 0.3707
vn 0.0032 -0.9176 -0.3975
vn 0.0058 -0.3677 -0.9299
vn -0.9245 0.3812 0.0067
vn -0.3840 0.9232 -0.0160
vn -0.3839 0.9230 -0.0263
vn 0.3796 0.9227 0.0675
vn 0.3796 0.9227 0.0669
vn 0.9244 0.3813 0.0066
vn 0.9139 0.3803 0.1422
vn 0.9140 0.3804 0.1411
vn 0.9244 -0.3813 -0.0044
vn 0.9140 -0.3843 0.1300
vn 0.9138 -0.3843 0.1311
vn 0.3796 -0.9243 0.0402
vn 0.3796 -0.9243 0.0407
vn -0.3839 -0.9218 -0.0530
vn -0.3840 -0.9223 -0.0428
vn -0.9245 -0.3812 -0.0044
vn 0.6767 -0.3543 0.6455
vn 0.6700 -0.3674 0.6450
vn 0.6688 -0.3698 0.6450
vn -0.3493 0.9271 -0.1356
vn -0.3342 0.9279 -0.1652
vn 0.3291 0.9216 0.2060
vn 0.3296 0.9216 0.2051
vn 0.7940 0.3767 0.4772
vn 0.7949 0.3768 0.4756
vn 0.7949 -0.3904 0.4645
vn 0.7940 -0.3904 0.4661
vn 0.3296 -0.9271 0.1784
vn 0.3291 -0.9271 0.1792
vn -0.3342 -0.9227 -0.1920
vn -0.3494 -0.9228 -0.1624
vn 0.6767 0.3355 0.6554
vn 0.6688 0.3509 0.6554
vn 0.6700 0.3485 0.6554
vn 0.6438 -0.3714 0.6690
vn 0.6473 -0.3732 0.6647
vn -0.1548 0.9299 -0.3335
vn -0.1853 0.9301 -0.3172
vn 0.1990 0.9196 0.3387
vn 0.1981 0.9196 0.3392
vn 0.4867 0.3721 0.7904
vn 0.4852 0.3722 0.7913
vn 0.4851 -0.3949 0.7802
vn 0.4867 -0.3949 0.7792
vn 0.1981 -0.9291 0.3124
vn 0.1990 -0.9290 0.3119
vn -0.1853 -0.9205 -0.3439
vn -0.1548 -0.9199 -0.3603
vn 0.6473 0.3537 0.6752
vn 0.6439 0.3518 0.6794
vn 0.6252 -0.3618 0.6915
vn -0.0329 0.9284 -0.3701
vn -0.0453 0.9280 -0.3698
vn 0.0597 0.9180 0.3920
vn 0.0591 0.9180 0.3920
vn 0.1504 0.3692 0.9171
vn 0.1492 0.3692 0.9173
vn 0.1492 -0.3956 0.9062
vn 0.1504 -0.3956 0.9060
vn 0.0591 -0.9290 0.3653
vn 0.0597 -0.9290 0.3652
vn -0.0452 -0.9169 -0.3965
vn -0.0329 -0.9173 -0.3969
vn 0.6255 0.3415 0.7015
vn -0.0058 0.3945 -0.9189
vn -0.0032 0.9287 -0.3708
vn 0.0042 0.9176 0.3975
vn 0.0119 0.3678 0.9298
vn 0.0119 -0.3946 0.9188
vn 0.0042 -0.9287 0.3707
vn -0.0032 -0.9176 -0.3975
vn -0.0058 -0.3677 -0.9299
vn 0.0463 0.9988 0.0145
vn -0.0463 0.9988 0.0145
vt 0.044023 0.939035
vt 0.036941 0.940911
vt 0.038786 0.942141
vt 0.038787 0.942141
vt 0.000000 0.000000
vt 0.033865 0.934528
vt 0.040598 0.949219
vt 0.042593 0.945952
vt 0.039001 0.969770
vt 0.037109 0.945312
vt 0.033711 0.943371
s 1
usemtl baseGradient.005
f 5774/61/2149 5823/61/2150 5747/61/2151 9388/61/2149
f 7100/61/2149 5822/61/2152 9391/61/2149 9386/61/2149
f 9383/61/2149 5819/61/2153 5820/61/2154 9385/61/2149
f 9388/61/2149 5747/61/2151 5822/61/2152 7100/61/2149
f 9386/61/2149 9391/61/2149 5819/61/2153 9383/61/2149
f 5756/61/2149 9406/61/2155 5830/61/2156 9398/61/2149
f 9396/61/2149 9404/61/2149 9403/61/2149 9395/61/2149
f 9393/61/2149 5751/61/2149 5828/61/2157 9392/61/2158
f 9392/61/2158 5828/61/2157 5752/61/2159 9400/61/2160
f 9398/61/2149 5830/61/2156 9404/61/2149 9396/61/2149
f 9395/61/2149 9403/61/2149 5751/61/2149 9393/61/2149
f 5819/61/2153 5831/61/2161 5832/61/2162 5820/61/2154
f 5747/61/2151 5835/61/2163 5758/61/2164 5834/61/2165 5822/61/2152
f 5821/61/2166 5833/61/2167 5831/61/2161 5819/61/2153
f 5822/61/2152 5834/61/2165 5833/61/2167 5821/61/2166
f 5823/61/2150 5836/61/2168 5835/61/2163 5747/61/2151
f 9406/61/2155 9407/61/2169 5841/61/2170 5830/61/2156
f 5750/61/2171 5754/61/2172 5840/61/2173 5829/61/2174
f 9402/61/2175 5838/61/2176 5839/61/2177 5828/61/2157
f 5828/61/2157 5839/61/2177 5755/61/2178 5752/61/2159
f 5830/61/2156 5841/61/2170 5754/61/2172 5750/61/2171
f 5829/61/2174 5840/61/2173 5838/61/2176 9402/61/2175
f 5820/61/2154 5832/61/2162 5837/61/2179 5824/61/2180
f 9385/61/2149 5820/61/2154 5824/61/2180 9390/61/2149
f 9420/61/2181 5837/61/2179 5832/61/2162 5843/61/2182
f 5844/61/2183 5754/61/2172 5841/61/2170 5762/61/2184
f 5834/61/2165 9410/61/2185 9408/61/2186 5833/61/2167
f 5833/61/2167 9408/61/2186 9409/61/2187 5831/61/2161
f 5864/61/2188 5881/61/2189 5855/61/2190 5856/61/2191
f 5865/61/2192 5936/61/2193 5881/61/2189 5864/61/2188
f 5879/62/2194 5788/62/2195 5932/62/2196 5877/62/2197
f 5850/61/2198 9412/61/2199 9411/61/2200 5849/61/2201
f 7092/61/2202 7102/61/2203 5849/61/2201 5835/61/2163
f 5849/61/2201 9411/61/2200 9410/61/2185 5834/61/2165 5758/61/2164
f 5835/61/2163 5849/61/2201 5758/61/2164
f 5862/61/2204 9414/61/2205 7097/61/2205 9417/61/2205 9416/61/2206
f 5870/61/2207 5757/61/2208 5865/61/2192 5864/61/2188
f 5759/61/2209 5871/61/2210 5856/61/2191 5872/61/2211
f 5868/61/2212 5869/61/2213 5873/61/2214 5859/61/2215
f 5859/61/2215 5873/61/2214 5853/61/2216 5857/61/2217
f 5858/61/2218 5874/61/2219 5869/61/2213 5868/61/2212
f 5857/61/2217 5853/61/2216 5867/61/2220 5866/61/2221
f 5872/61/2211 5856/61/2191 5874/61/2219 5858/61/2218
f 5866/61/2221 5878/61/2222 5880/61/2223 5847/61/2224
f 5856/61/2191 5855/61/2190 5785/61/2225 5874/61/2219
f 5831/61/2161 5882/61/2226 5843/61/2182 5832/61/2162
f 5842/61/2227 9420/61/2181 5843/61/2182 5762/61/2184
f 5831/61/2161 9409/61/2187 9419/61/2228 5882/61/2226
f 5867/61/2220 5879/61/2194 5878/61/2222 5866/61/2221
f 5860/61/2229 5872/61/2211 5858/61/2218 5852/61/2230
f 5846/61/2231 5857/61/2217 5866/61/2221 5847/61/2224
f 5852/61/2230 5858/61/2218 5868/61/2212 5851/61/2232
f 5848/61/2233 5859/61/2215 5857/61/2217 5846/61/2231
f 5851/61/2232 5868/61/2212 5859/61/2215 5848/61/2233
f 5861/61/2234 5759/61/2209 5872/61/2211 5860/61/2229
f 5780/61/2235 5884/61/2236 9422/61/2237 9421/61/2238
f 5884/61/2236 5886/61/2239 9423/61/2240 9422/61/2237
f 5761/61/2241 5890/61/2242 5889/61/2243 5888/61/2244
f 5884/61/2236 5887/61/2245 5760/61/2246 5886/61/2239
f 5887/61/2245 5761/61/2241 5888/61/2244 5760/61/2246
f 9407/61/2169 5842/61/2227 5762/61/2184 5841/61/2170
f 5882/61/2226 5844/61/2183 5762/61/2184 5843/61/2182
f 5882/61/2226 5942/61/2247 5763/61/2248 5844/61/2183
f 5919/61/2249 9425/61/2250 9427/61/2251 5915/61/2252
f 5916/61/2253 5885/61/2254 5896/61/2255 5895/61/2256
f 5906/61/2257 5764/61/2258 5891/61/2259 5907/61/2260
f 5802/61/2261 5898/61/2262 5897/61/2263 5908/61/2264
f 5908/61/2264 5897/61/2263 5766/61/2265 5900/61/2266
f 5911/61/2267 5904/61/2268 5903/61/2269 5905/61/2270
f 5900/61/2266 5766/61/2265 5904/61/2268 5911/61/2267
f 9428/61/2271 5902/61/2272 7103/61/2273 9433/61/2274
f 5838/61/2176 5899/61/2275 5839/61/2177
f 5913/61/2276 9424/61/2277 9425/61/2250 5919/61/2249
f 9438/61/2278 9432/61/2279 9424/61/2277 5913/61/2276
f 5914/61/2280 5909/61/2281 9432/61/2279 9438/61/2278
f 5802/61/2261 5907/61/2260 5891/61/2259 5898/61/2262
f 5888/61/2244 9426/61/2282 9437/61/2283 5760/61/2246
f 5760/61/2246 9437/61/2283 9435/61/2284 5886/61/2239
f 5889/61/2243 7121/61/2285 9426/61/2282 5888/61/2244
f 5886/61/2239 9435/61/2284 9434/61/2286 9423/61/2240
f 9434/61/2286 9435/61/2284 5909/61/2281 5914/61/2280
f 9474/61/2287 5903/61/2269 5915/61/2252 9427/61/2251
f 5836/61/2168 5925/61/2288 5775/61/2289 5845/61/2290 5835/61/2163
f 7093/61/2291 9441/61/2292 5836/61/2168 5823/61/2150
f 9440/61/2293 5921/61/2294 5823/61/2150 5774/61/2149
f 5922/61/2295 5924/61/2296 7094/61/2297 5925/61/2288 5836/61/2168
f 5745/61/2298 9443/61/2298 5921/61/2294 9440/61/2293
f 5923/61/2299 5753/61/2299 9441/61/2292 7093/61/2291
f 9444/61/2300 9445/61/2300 5924/61/2296 5922/61/2295
f 5875/63/2301 7106/63/2301 7104/63/2302 9413/63/2302
f 5778/63/2303 9447/63/2304 5876/63/2305
f 5759/61/2209 7095/61/2306 5777/61/2307 5871/61/2210
f 5870/61/2207 5779/61/2308 9454/61/2309 9452/61/2309
f 5861/61/2234 7096/61/2310 7095/61/2306 5759/61/2209
f 5876/63/2305 9446/63/2305 7106/63/2301 5875/63/2301
f 5927/63/2311 7098/63/2311 9451/63/2311 9448/63/2311
f 9448/63/2311 9449/63/2311 7110/63/2311 5927/63/2311
f 7107/64/2311 7108/63/2311 5931/63/2311 7109/63/2311
f 5850/61/2198 5862/61/2204 9416/61/2206 9412/61/2199
f 5928/63/2312 9415/63/2312 7105/63/2312 9450/63/2312
f 9449/63/2311 7107/64/2311 7109/63/2311 7110/63/2311
f 5871/61/2210 5777/61/2307 5779/61/2308 5870/61/2207
f 5776/65/2313 7154/65/2313 5926/65/2314 9453/65/2314
f 5778/66/2303 5863/66/2315 7155/66/2315 9447/66/2304
f 5853/61/2216 5854/61/2316 5929/61/2317 5867/61/2220
f 5871/61/2210 5870/61/2207 5864/61/2188 5856/61/2191
f 5867/61/2220 5929/61/2317 5788/61/2195 5879/61/2194
f 5874/61/2219 5785/61/2225 5933/61/2318 5869/61/2213
f 5873/61/2214 5786/61/2319 5854/61/2316 5853/61/2216
f 5877/62/2197 5932/62/2196 5787/62/2320 9418/62/2321
f 5869/61/2213 5933/61/2318 5786/61/2319 5873/61/2214
f 9447/63/2304 5930/63/2322 9446/63/2305 5876/63/2305
f 5878/61/2222 5780/61/2235 9421/61/2238 5880/61/2223
f 5881/61/2189 5936/61/2193 5940/61/2323 5937/61/2324
f 5784/61/2325 5939/61/2326 5782/61/2327 5934/61/2328
f 5937/61/2324 5940/61/2323 5783/61/2329 5935/61/2330
f 5938/61/2331 5941/61/2332 5939/61/2326 5784/61/2325
f 5935/61/2330 5783/61/2329 5941/61/2332 5938/61/2331
f 5934/61/2328 5932/61/2196 5788/61/2195 5929/61/2317
f 5782/61/2327 5787/61/2320 5932/61/2196 5934/61/2328
f 5933/61/2318 5935/61/2330 5938/61/2331 5786/61/2319
f 5786/61/2319 5938/61/2331 5784/61/2325 5854/61/2316
f 5785/61/2225 5937/61/2324 5935/61/2330 5933/61/2318
f 5854/61/2316 5784/61/2325 5934/61/2328 5929/61/2317
f 5855/61/2190 5881/61/2189 5937/61/2324 5785/61/2225
f 5764/61/2258 5916/61/2253 5895/61/2256 5891/61/2259
f 5885/61/2254 5916/61/2253 5943/61/2333 5883/61/2334
f 5883/61/2334 5943/61/2333 5942/61/2247 5781/61/2335
f 5898/61/2262 5891/61/2259 5895/61/2256
f 5895/61/2256 5896/61/2255 9439/61/2336 5898/61/2262
f 5942/61/2247 5882/61/2226 9419/61/2228
f 5781/61/2335 5942/61/2247 9419/61/2228
f 5746/61/2337 5944/61/2337 9455/61/2338 9384/61/2338
f 5817/61/2339 5946/61/2339 5790/61/2340 9389/61/2340
f 9389/61/2340 5790/61/2340 5791/61/2341 5920/61/2342
f 5814/61/2343 5945/61/2343 9456/61/2343 9387/61/2343
f 5818/61/2344 5948/61/2345 5944/61/2337 5746/61/2337
f 5920/61/2342 5791/61/2341 5789/61/2346 9442/61/2346
f 5815/61/2347 5947/61/2347 7101/61/2347 7099/61/2347
f 5816/61/2348 5949/61/2348 5946/61/2339 5817/61/2339
f 5825/61/2349 5792/61/2350 9457/61/2351 9394/61/2351
f 9401/61/2352 5793/61/2352 5792/61/2350 5825/61/2349
f 9397/61/2353 5951/61/2353 9459/61/2353 9399/61/2353
f 5827/61/2354 5952/61/2354 5794/61/2354 9405/61/2354
f 5749/61/2355 5950/61/2355 5953/61/2356 5748/61/2356
f 5748/61/2356 5953/61/2356 9458/61/2357 5826/61/2357
f 9461/61/2358 5766/61/2265 5897/61/2263 9460/61/2359
f 9460/61/2359 5897/61/2263 5898/61/2262 7113/61/2360
f 5955/61/2361 5903/61/2269 5904/61/2268 5795/61/2362
f 5795/61/2362 5904/61/2268 5766/61/2265 9461/61/2358
f 7113/61/2360 5898/61/2262 9439/61/2336 9463/61/2363
f 5773/61/2364 5915/61/2252 5903/61/2269 5955/61/2361
f 9463/61/2363 9439/61/2336 5796/61/2365 9465/61/2366
f 9465/61/2366 5796/61/2365 5913/61/2276 5797/61/2367
f 5797/61/2367 5913/61/2276 5919/61/2249 9467/61/2368
f 9467/61/2368 5919/61/2249 5915/61/2252 5773/61/2364
f 5894/61/2369 5959/61/2370 5958/61/2371 5771/61/2372
f 9431/61/2373 5961/61/2374 5962/61/2375 5910/61/2376
f 5910/61/2376 5962/61/2375 5963/61/2377 5892/61/2378
f 5771/61/2372 5958/61/2371 5960/61/2379 5918/61/2380
f 5892/61/2378 5963/61/2377 5799/61/2381 5893/61/2382
f 9436/61/2383 5800/61/2383 5961/61/2374 9431/61/2373
f 5893/61/2382 5799/61/2381 5798/61/2384 5901/61/2384
f 5918/61/2380 5960/61/2379 9468/61/2385 5917/61/2386
f 5958/61/2371 5964/61/2387 9472/61/2387 5960/61/2379
f 5960/61/2379 9472/61/2387 5801/61/2387 9468/61/2385
f 5959/61/2370 9470/61/2387 5964/61/2387 5958/61/2371
f 5754/61/2172 5844/61/2183 5907/61/2260 5802/61/2261
f 5903/61/2269 9474/61/2287 5902/61/2272 9428/61/2271
f 5838/61/2176 5900/61/2266 5911/61/2267 5899/61/2275
f 5899/61/2275 5911/61/2267 5905/61/2270 5912/61/2388
f 5840/61/2173 5908/61/2264 5900/61/2266 5838/61/2176
f 5754/61/2172 5802/61/2261 5908/61/2264 5840/61/2173
f 5763/61/2248 5906/61/2257 5907/61/2260 5844/61/2183
f 7114/61/2389 5902/61/2272 9474/61/2287 9430/61/2390
f 9430/61/2390 9474/61/2287 9473/61/2391 9429/61/2392
f 5813/61/2393 9475/61/2393 7132/61/2394 9480/61/2394
f 5770/61/2395 7103/61/2273 5902/61/2272 7114/61/2389
f 9429/61/2392 9473/61/2391 9476/61/2396 5803/61/2396
f 9469/61/2397 5807/61/2397 5806/61/2398 5966/61/2398
f 5966/61/2398 5806/61/2398 5804/61/2399 9471/61/2399
f 5965/61/2400 5805/61/2400 5807/61/2397 9469/61/2397
f 5954/61/2401 5808/61/2401 9477/61/2402 9462/61/2402
f 9466/61/2403 5812/61/2404 5810/61/2405 5772/61/2406
f 7112/61/2407 7111/61/2407 5808/61/2401 5954/61/2401
f 5957/61/2408 9478/61/2408 5812/61/2404 9466/61/2403
f 5772/61/2406 5810/61/2405 5811/61/2409 9464/61/2409
f 5956/61/2410 9479/61/2410 5809/61/2410 5765/61/2410
f 5803/61/2396 9476/61/2396 9475/61/2393 5813/61/2393
f 6003/61/2411 9481/61/2411 6048/61/2412 6004/61/2413
f 7127/61/2411 7134/61/2411 6047/61/2411 5971/61/2414
f 7115/61/2411 7117/61/2411 6046/61/2415 6045/61/2416
f 9481/61/2411 7127/61/2411 5971/61/2414 6048/61/2412
f 7134/61/2411 7115/61/2411 6045/61/2416 6047/61/2411
f 7144/61/2411 7141/61/2411 6052/61/2417 6053/61/2418
f 7138/61/2411 7137/61/2411 7146/61/2411 6051/61/2411
f 9485/61/2411 9484/61/2419 6050/61/2420 7147/61/2411
f 9484/61/2419 9487/61/2421 6054/61/2422 6050/61/2420
f 7141/61/2411 7138/61/2411 6051/61/2411 6052/61/2417
f 7137/61/2411 9485/61/2411 7147/61/2411 7146/61/2411
f 6045/61/2416 6046/61/2415 5980/61/2423 5979/61/2424
f 6048/61/2412 5971/61/2414 5978/61/2425 6056/61/2426 6057/61/2427
f 9483/61/2428 6045/61/2416 5979/61/2424 6055/61/2429
f 5971/61/2414 9483/61/2428 6055/61/2429 5978/61/2425
f 6004/61/2413 6048/61/2412 6057/61/2427 6058/61/2430
f 6053/61/2418 6052/61/2417 6064/61/2431 9491/61/2432
f 9489/61/2433 5976/61/2434 6062/61/2435 6063/61/2436
f 5977/61/2437 6050/61/2420 6061/61/2438 6060/61/2439
f 6050/61/2420 6054/61/2422 9490/61/2440 6061/61/2438
f 6052/61/2417 9489/61/2433 6063/61/2436 6064/61/2431
f 5976/61/2434 5977/61/2437 6060/61/2439 6062/61/2435
f 6046/61/2415 5981/61/2441 6059/61/2442 5980/61/2423
f 7117/61/2411 7136/61/2411 5981/61/2441 6046/61/2415
f 9501/61/2443 6065/61/2444 5980/61/2423 6059/61/2442
f 6066/61/2445 6091/61/2446 6064/61/2431 6063/61/2436
f 5978/61/2425 6055/61/2429 9493/61/2447 6069/61/2448
f 6055/61/2429 5979/61/2424 9494/61/2449 9493/61/2447
f 6010/61/2450 6074/61/2451 6017/61/2452 6090/61/2453
f 5865/61/2192 6010/61/2450 6090/61/2453 5936/61/2193
f 6088/62/2454 9499/62/2455 6139/62/2456 6137/62/2457
f 6071/61/2458 6070/61/2459 9496/61/2460 5983/61/2461
f 9492/61/2462 6057/61/2427 6070/61/2459 9498/61/2463
f 6070/61/2459 6056/61/2426 5978/61/2425 6069/61/2448 9496/61/2460
f 6057/61/2427 6056/61/2426 6070/61/2459
f 5985/61/2464 7148/61/2465 7149/61/2466 9528/61/2466 7123/61/2466
f 6081/61/2467 6010/61/2450 5865/61/2192 5757/61/2208
f 6078/61/2468 6083/61/2469 6074/61/2451 6082/61/2470
f 5992/61/2471 6075/61/2472 6084/61/2473 6080/61/2474
f 6075/61/2472 5990/61/2475 5986/61/2476 6084/61/2473
f 5991/61/2477 5992/61/2471 6080/61/2474 5988/61/2478
f 5990/61/2475 6079/61/2479 5987/61/2480 5986/61/2476
f 6083/61/2469 5991/61/2477 5988/61/2478 6074/61/2451
f 6079/61/2479 5982/61/2481 9500/61/2482 6087/61/2483
f 6074/61/2451 5988/61/2478 6138/61/2484 6017/61/2452
f 5979/61/2424 5980/61/2423 6065/61/2444 5989/61/2485
f 5994/61/2486 6091/61/2446 6065/61/2444 9501/61/2443
f 5979/61/2424 5989/61/2485 6089/61/2487 9494/61/2449
f 5987/61/2480 6079/61/2479 6087/61/2483 6088/61/2454
f 5984/61/2488 9497/61/2489 5991/61/2477 6083/61/2469
f 6068/61/2490 5982/61/2481 6079/61/2479 5990/61/2475
f 9497/61/2489 6072/61/2491 5992/61/2471 5991/61/2477
f 9495/61/2492 6068/61/2490 5990/61/2475 6075/61/2472
f 6072/61/2491 9495/61/2492 6075/61/2472 5992/61/2471
f 6077/61/2493 5984/61/2488 6083/61/2469 6078/61/2468
f 6093/61/2494 9502/61/2495 5993/61/2496 6092/61/2497
f 6092/61/2497 5993/61/2496 9504/61/2498 6096/61/2499
f 6099/61/2500 6098/61/2501 5889/61/2243 5890/61/2242
f 6092/61/2497 6096/61/2499 6100/61/2502 6097/61/2503
f 6097/61/2503 6100/61/2502 6098/61/2501 6099/61/2500
f 9491/61/2432 6064/61/2431 6091/61/2446 5994/61/2486
f 5989/61/2485 6065/61/2444 6091/61/2446 6066/61/2445
f 5989/61/2485 6066/61/2445 6103/61/2504 6018/61/2505
f 6127/61/2506 6125/61/2507 9505/61/2508 7119/61/2509
f 6126/61/2510 6107/61/2511 9512/61/2512 6095/61/2513
f 6034/61/2514 6035/61/2515 6101/61/2516 6102/61/2517
f 6118/61/2518 6119/61/2519 6108/61/2520 6110/61/2521
f 6119/61/2519 6112/61/2522 6109/61/2523 6108/61/2520
f 6121/61/2524 9506/61/2525 6025/61/2526 6115/61/2527
f 6112/61/2522 6121/61/2524 6115/61/2527 6109/61/2523
f 6033/61/2528 9511/61/2529 9510/61/2530 6036/61/2531
f 6060/61/2439 6061/61/2438 6111/61/2532
f 6123/61/2533 6127/61/2506 7119/61/2509 7118/61/2534
f 9513/61/2535 6123/61/2533 7118/61/2534 9509/61/2536
f 6026/61/2537 9513/61/2535 9509/61/2536 9508/61/2538
f 6118/61/2518 6110/61/2521 6101/61/2516 6035/61/2515
f 6098/61/2501 6100/61/2502 7152/61/2539 7120/61/2540
f 6100/61/2502 6096/61/2499 7150/61/2541 7152/61/2539
f 5889/61/2243 6098/61/2501 7120/61/2540 7121/61/2285
f 6096/61/2499 9504/61/2498 5995/61/2542 7150/61/2541
f 5995/61/2542 6026/61/2537 9508/61/2538 7150/61/2541
f 9550/61/2543 9505/61/2508 6125/61/2507 6025/61/2526
f 6058/61/2430 6057/61/2427 6067/61/2544 6133/61/2545 6007/61/2546
f 9516/61/2547 6004/61/2413 6058/61/2430 9517/61/2548
f 9515/61/2549 6003/61/2411 6004/61/2413 6128/61/2550
f 6129/61/2551 6058/61/2430 6007/61/2546 9521/61/2552 6006/61/2553
f 9518/61/2554 9515/61/2549 6128/61/2550 5970/61/2554
f 9519/61/2555 9516/61/2547 9517/61/2548 9520/61/2555
f 6131/61/2556 6129/61/2551 6006/61/2553 6132/61/2556
f 6085/63/2557 7122/63/2558 7124/63/2558 9522/63/2557
f 6009/63/2559 6086/63/2560 7153/63/2561
f 6078/61/2468 6082/61/2470 9531/61/2562 9526/61/2563
f 6081/61/2467 9452/61/2309 9454/61/2309 9530/61/2564
f 6077/61/2493 6078/61/2468 9526/61/2563 9527/61/2565
f 6086/63/2560 6085/63/2557 9522/63/2557 9523/63/2560
f 6008/63/2566 7158/63/2566 7156/63/2566 9529/63/2566
f 7158/63/2566 6008/63/2566 6135/63/2566 9525/63/2566
f 9524/64/2566 6012/63/2566 5931/63/2311 7108/63/2311
f 6071/61/2458 5983/61/2461 7148/61/2465 5985/61/2464
f 6134/63/2567 7157/63/2567 7125/63/2567 6076/63/2567
f 9525/63/2566 6135/63/2566 6012/63/2566 9524/64/2566
f 6082/61/2470 6081/61/2467 9530/61/2564 9531/61/2562
f 5776/65/2313 9532/65/2568 6013/65/2568 7154/65/2313
f 6009/66/2559 7153/66/2561 7155/66/2315 5863/66/2315
f 5986/61/2476 5987/61/2480 6136/61/2569 6073/61/2570
f 6082/61/2470 6074/61/2451 6010/61/2450 6081/61/2467
f 5987/61/2480 6088/61/2454 6137/61/2457 6136/61/2569
f 5988/61/2478 6080/61/2474 6140/61/2571 6138/61/2484
f 6084/61/2473 5986/61/2476 6073/61/2570 6141/61/2572
f 9499/62/2455 9418/62/2321 5787/62/2320 6139/62/2456
f 6080/61/2474 6084/61/2473 6141/61/2572 6140/61/2571
f 7153/63/2561 6086/63/2560 9523/63/2560 6011/63/2573
f 6087/61/2483 9500/61/2482 9502/61/2495 6093/61/2494
f 6090/61/2453 6016/61/2574 5940/61/2323 5936/61/2193
f 6142/61/2575 6014/61/2576 5782/61/2327 5939/61/2326
f 6016/61/2574 6015/61/2577 5783/61/2329 5940/61/2323
f 6143/61/2578 6142/61/2575 5939/61/2326 5941/61/2332
f 6015/61/2577 6143/61/2578 5941/61/2332 5783/61/2329
f 6014/61/2576 6136/61/2569 6137/61/2457 6139/61/2456
f 5782/61/2327 6014/61/2576 6139/61/2456 5787/61/2320
f 6140/61/2571 6141/61/2572 6143/61/2578 6015/61/2577
f 6141/61/2572 6073/61/2570 6142/61/2575 6143/61/2578
f 6138/61/2484 6140/61/2571 6015/61/2577 6016/61/2574
f 6073/61/2570 6136/61/2569 6014/61/2576 6142/61/2575
f 6017/61/2452 6138/61/2484 6016/61/2574 6090/61/2453
f 6102/61/2517 6101/61/2516 6107/61/2511 6126/61/2510
f 6095/61/2513 9503/61/2579 6144/61/2580 6126/61/2510
f 9503/61/2579 6094/61/2581 6018/61/2505 6144/61/2580
f 6110/61/2521 6107/61/2511 6101/61/2516
f 6107/61/2511 6110/61/2521 9514/61/2582 9512/61/2512
f 6018/61/2505 6089/61/2487 5989/61/2485
f 6094/61/2581 6089/61/2487 6018/61/2505
f 6041/61/2337 7116/61/2338 9533/61/2338 6145/61/2337
f 6043/61/2339 9482/61/2340 6020/61/2340 6147/61/2339
f 9482/61/2340 6005/61/2342 6148/61/2341 6020/61/2340
f 6040/61/2343 7135/61/2343 9534/61/2343 6146/61/2343
f 6044/61/2344 6041/61/2337 6145/61/2337 6150/61/2345
f 6005/61/2342 6130/61/2346 6019/61/2346 6148/61/2341
f 5969/61/2347 7126/61/2347 7128/61/2347 6149/61/2347
f 6042/61/2348 6043/61/2339 6147/61/2339 6151/61/2348
f 5975/61/2349 9486/61/2351 9535/61/2351 6152/61/2350
f 9488/61/2352 5975/61/2349 6152/61/2350 6153/61/2352
f 7139/61/2353 7142/61/2353 6022/61/2353 6154/61/2353
f 5974/61/2354 7143/61/2354 6024/61/2354 7145/61/2354
f 6049/61/2355 5972/61/2356 6021/61/2356 6023/61/2355
f 5972/61/2356 5973/61/2357 7140/61/2357 6021/61/2356
f 9537/61/2583 9536/61/2584 6108/61/2520 6109/61/2523
f 9536/61/2584 9539/61/2585 6110/61/2521 6108/61/2520
f 6155/61/2586 6156/61/2587 6115/61/2527 6025/61/2526
f 6156/61/2587 9537/61/2583 6109/61/2523 6115/61/2527
f 9539/61/2585 7130/61/2588 9514/61/2582 6110/61/2521
f 6002/61/2589 6155/61/2586 6025/61/2526 6125/61/2507
f 7130/61/2588 9541/61/2590 6124/61/2591 9514/61/2582
f 9541/61/2590 9542/61/2592 6123/61/2533 6124/61/2591
f 9542/61/2592 9543/61/2593 6127/61/2506 6123/61/2533
f 9543/61/2593 6002/61/2589 6125/61/2507 6127/61/2506
f 5894/61/2369 6106/61/2594 6160/61/2595 5959/61/2370
f 6120/61/2596 5999/61/2597 6163/61/2598 6162/61/2599
f 5999/61/2597 6104/61/2600 6030/61/2601 6163/61/2598
f 6106/61/2594 6001/61/2602 6161/61/2603 6160/61/2595
f 6104/61/2600 6105/61/2604 6029/61/2605 6030/61/2601
f 7151/61/2606 6120/61/2596 6162/61/2599 6031/61/2606
f 6105/61/2604 6113/61/2607 6028/61/2607 6029/61/2605
f 6001/61/2602 6000/61/2608 9544/61/2609 6161/61/2603
f 6160/61/2595 6161/61/2603 9547/61/2387 9545/61/2387
f 6161/61/2603 9544/61/2609 6032/61/2387 9547/61/2387
f 5959/61/2370 6160/61/2595 9545/61/2387 9470/61/2387
f 6063/61/2436 6118/61/2518 6035/61/2515 6066/61/2445
f 6025/61/2526 6033/61/2528 6036/61/2531 9550/61/2543
f 6060/61/2439 6111/61/2532 6121/61/2524 6112/61/2522
f 6111/61/2532 6122/61/2610 9506/61/2525 6121/61/2524
f 6062/61/2435 6060/61/2439 6112/61/2522 6119/61/2519
f 6063/61/2436 6062/61/2435 6119/61/2519 6118/61/2518
f 6103/61/2504 6066/61/2445 6035/61/2515 6034/61/2514
f 9548/61/2611 9507/61/2612 9550/61/2543 6036/61/2531
f 9507/61/2612 6116/61/2613 9549/61/2614 9550/61/2543
f 6167/61/2615 9480/61/2394 7132/61/2394 7133/61/2615
f 6166/61/2616 9548/61/2611 6036/61/2531 9510/61/2530
f 6116/61/2613 6117/61/2617 9551/61/2617 9549/61/2614
f 6164/61/2618 6165/61/2619 6170/61/2619 6169/61/2618
f 6165/61/2619 9546/61/2620 6037/61/2620 6170/61/2619
f 5965/61/2400 6164/61/2618 6169/61/2618 5805/61/2400
f 5996/61/2401 9538/61/2402 9552/61/2402 6171/61/2401
f 6159/61/2403 6158/61/2406 6173/61/2405 6172/61/2404
f 9540/61/2407 5996/61/2401 6171/61/2401 9554/61/2407
f 6027/61/2408 6159/61/2403 6172/61/2404 9553/61/2408
f 6158/61/2406 7129/61/2409 7131/61/2409 6173/61/2405
f 6157/61/2410 5997/61/2410 6174/61/2410 6038/61/2410
f 6117/61/2617 6167/61/2615 7133/61/2615 9551/61/2617
f 6184/67/2621 7169/67/2621 7167/67/2621 7183/67/2621
f 7163/67/2622 7177/67/2622 7175/67/2622 7165/67/2622
f 7171/67/2623 7238/67/2623 7180/67/2623 7173/67/2623
f 7161/67/2624 7236/67/2624 7184/67/2624 7159/67/2624
f 6185/67/2625 6186/67/2625 7166/67/2625 7168/67/2625
f 6187/67/2626 6188/67/2626 7174/67/2626 7176/67/2626
f 7190/67/2627 7191/67/2627 7215/67/2627 7214/67/2627
f 6214/67/2628 6198/67/2628 7211/67/2628 7210/67/2628
f 6213/67/2629 6197/67/2629 7207/67/2629 7206/67/2629
f 7188/67/2630 7196/67/2631 7229/67/2631 7231/67/2630
f 6212/67/2632 7208/67/2632 7203/67/2632 7202/67/2632
f 6196/67/2630 7212/67/2631 7221/67/2631 7223/67/2630
f 6211/67/2633 7204/67/2633 7199/67/2633 7198/67/2633
f 6210/67/2634 6194/67/2634 7195/67/2634 7194/67/2634
f 6209/67/2635 6193/67/2635 7187/67/2635 7186/67/2635
f 7196/67/2631 7200/67/2636 7227/67/2636 7229/67/2631
f 6207/67/2637 6191/67/2637 7192/67/2637 6208/67/2637
f 7212/67/2631 7216/67/2636 7219/67/2636 7221/67/2631
f 6195/67/2638 6196/67/2630 7223/67/2630 7225/67/2638
f 6192/67/2638 7188/67/2630 7231/67/2630 7217/67/2638
f 7216/67/2636 6192/67/2638 7217/67/2638 7219/67/2636
f 7200/67/2636 6195/67/2638 7225/67/2638 7227/67/2636
f 7193/67/2639 7185/67/2640 7237/67/2640 7172/67/2639
f 7201/67/2640 7197/67/2641 7178/67/2641 7164/67/2640
f 7209/67/2639 7205/67/2639 7170/67/2639 7235/67/2639
f 7189/67/2640 7213/67/2639 7162/67/2639 7233/67/2640
f 7185/67/2640 7189/67/2640 7233/67/2640 7237/67/2640
f 7197/67/2641 7193/67/2639 7172/67/2639 7178/67/2641
f 7205/67/2639 7201/67/2640 7164/67/2640 7170/67/2639
f 7213/67/2639 7209/67/2639 7235/67/2639 7162/67/2639
f 7234/67/2642 6183/67/2642 7160/67/2642 7182/67/2642
f 6190/67/2643 6189/67/2643 7181/67/2643 7179/67/2643
f 6182/67/2639 6181/67/2644 7251/67/2644 7253/67/2639
f 6180/67/2644 6179/67/2640 7247/67/2640 7249/67/2644
f 6178/67/2639 6177/67/2640 7243/67/2640 7245/67/2639
f 6175/67/2640 6176/67/2640 7241/67/2640 7239/67/2640
f 6176/67/2640 6182/67/2639 7253/67/2639 7241/67/2640
f 6181/67/2644 6180/67/2644 7249/67/2644 7251/67/2644
f 6179/67/2640 6178/67/2639 7245/67/2639 7247/67/2640
f 6177/67/2640 6175/67/2640 7239/67/2640 7243/67/2640
f 7248/67/2622 7246/67/2622 7262/67/2622 7263/67/2622
f 7244/67/2623 7240/67/2623 7256/67/2623 7259/67/2623
f 7254/67/2645 7252/67/2645 7268/67/2645 7269/67/2645
f 7250/67/2625 6219/67/2625 7264/67/2625 7265/67/2625
f 6218/67/2626 6217/67/2626 7260/67/2626 7261/67/2626
f 6215/67/2643 7242/67/2643 7257/67/2643 7255/67/2643
f 6216/67/2642 6222/67/2642 7270/67/2642 7258/67/2642
f 6221/67/2646 6220/67/2646 7266/67/2646 7267/67/2646
f 6223/67/2639 6224/67/2639 6230/67/2639 6229/67/2639 6228/67/2639 6227/67/2639 6226/67/2639 6225/67/2639
f 7232/67/2647 7271/67/2648 7272/67/2648 7218/67/2647
f 7230/67/2649 7273/67/2650 6231/67/2650 6199/67/2649
f 7228/67/2651 7274/67/2652 6233/67/2652 6201/67/2651
f 7226/67/2653 7275/67/2654 6234/67/2654 6202/67/2653
f 7224/67/2655 7276/67/2656 6235/67/2656 6203/67/2655
f 7222/67/2657 7277/67/2658 6236/67/2658 6204/67/2657
f 7220/67/2659 7278/67/2660 6237/67/2660 6205/67/2659
f 6200/67/2661 6232/67/2662 6238/67/2662 6206/67/2661
f 6248/67/2663 7303/67/2663 7287/67/2663 7289/67/2663
f 7283/67/2622 7285/67/2622 7295/67/2622 7297/67/2622
f 7291/67/2623 7293/67/2623 7300/67/2623 7358/67/2623
f 7281/67/2664 7279/67/2664 7304/67/2664 7356/67/2664
f 6249/67/2625 7288/67/2625 7286/67/2625 6250/67/2625
f 6251/67/2626 7296/67/2626 7294/67/2626 6252/67/2626
f 7310/67/2665 7334/67/2665 7335/67/2665 7311/67/2665
f 6278/67/2666 7330/67/2666 7331/67/2666 6262/67/2666
f 6277/67/2667 7326/67/2667 7327/67/2667 6261/67/2667
f 7308/67/2668 7351/67/2668 7349/67/2669 7316/67/2669
f 6276/67/2670 7322/67/2670 7323/67/2670 7328/67/2670
f 6260/67/2671 7343/67/2671 7341/67/2672 7332/67/2672
f 6275/67/2673 7318/67/2673 7319/67/2673 7324/67/2673
f 6274/67/2674 7314/67/2674 7315/67/2674 6258/67/2674
f 6273/67/2675 7306/67/2675 7307/67/2675 6257/67/2675
f 7316/67/2669 7349/67/2669 7347/67/2676 7320/67/2676
f 6271/67/2677 6272/67/2677 7312/67/2677 6255/67/2677
f 7332/67/2672 7341/67/2672 7339/67/2676 7336/67/2676
f 6259/67/2678 7345/67/2678 7343/67/2671 6260/67/2671
f 6256/67/2679 7337/67/2679 7351/67/2668 7308/67/2668
f 7336/67/2676 7339/67/2676 7337/67/2679 6256/67/2679
f 7320/67/2676 7347/67/2676 7345/67/2678 6259/67/2678
f 7313/67/2680 7292/67/2680 7357/67/2680 7305/67/2680
f 7321/67/2680 7284/67/2680 7298/67/2680 7317/67/2680
f 7329/67/2680 7355/67/2680 7290/67/2680 7325/67/2680
f 7309/67/2680 7353/67/2680 7282/67/2680 7333/67/2680
f 7305/67/2680 7357/67/2680 7353/67/2680 7309/67/2680
f 7317/67/2680 7298/67/2680 7292/67/2680 7313/67/2680
f 7325/67/2680 7290/67/2680 7284/67/2680 7321/67/2680
f 7333/67/2680 7282/67/2680 7355/67/2680 7329/67/2680
f 7354/67/2642 7302/67/2642 7280/67/2642 6247/67/2642
f 6254/67/2643 7299/67/2643 7301/67/2643 6253/67/2643
f 6246/67/2681 7373/67/2681 7371/67/2680 6245/67/2680
f 6244/67/2680 7369/67/2680 7367/67/2680 6243/67/2680
f 6242/67/2680 7365/67/2680 7363/67/2680 6241/67/2680
f 6239/67/2680 7359/67/2680 7361/67/2680 6240/67/2680
f 6240/67/2680 7361/67/2680 7373/67/2681 6246/67/2681
f 6245/67/2680 7371/67/2680 7369/67/2680 6244/67/2680
f 6243/67/2680 7367/67/2680 7365/67/2680 6242/67/2680
f 6241/67/2680 7363/67/2680 7359/67/2680 6239/67/2680
f 7368/67/2622 7383/67/2622 7382/67/2622 7366/67/2622
f 7364/67/2682 7379/67/2682 7376/67/2682 7360/67/2682
f 7374/67/2645 7389/67/2645 7388/67/2645 7372/67/2645
f 7370/67/2625 7385/67/2625 7384/67/2625 6283/67/2625
f 6282/67/2626 7381/67/2626 7380/67/2626 6281/67/2626
f 6279/67/2643 7375/67/2643 7377/67/2643 7362/67/2643
f 6280/67/2642 7378/67/2642 7390/67/2642 6286/67/2642
f 6285/67/2646 7387/67/2646 7386/67/2646 6284/67/2646
f 6287/67/2680 6289/67/2680 6290/67/2680 6291/67/2680 6292/67/2680 6293/67/2680 6294/67/2680 6288/67/2680
f 7352/67/2683 7338/67/2683 7272/67/2648 7271/67/2648
f 7350/68/2684 6263/68/2684 6231/68/2650 7273/68/2650
f 7348/67/2685 6265/67/2685 6233/67/2652 7274/67/2652
f 7346/67/2686 6266/67/2686 6234/67/2654 7275/67/2654
f 7344/67/2687 6267/67/2687 6235/67/2656 7276/67/2656
f 7342/67/2688 6268/67/2688 6236/67/2658 7277/67/2658
f 7340/67/2689 6269/67/2689 6237/67/2660 7278/67/2660
f 6264/67/2690 6270/67/2690 6238/67/2662 6232/67/2662
f 7391/69/2691 7397/69/2691 7400/69/2691 7394/69/2691
f 7403/69/2692 7406/69/2692 7398/69/2692 7392/69/2692
f 7409/69/2693 7412/69/2693 7407/69/2693 7404/69/2693
f 7395/69/2694 7401/69/2694 7413/69/2694 7410/69/2694
f 7399/69/2695 7415/69/2695 7418/69/2695 7402/69/2695
f 7408/69/2696 7421/69/2696 7416/69/2696 6299/69/2696
f 7414/69/2697 7424/69/2697 7422/69/2697 6300/69/2697
f 6302/69/2698 7419/69/2698 7425/69/2698 6301/69/2698
f 7417/69/2699 7427/69/2699 7430/69/2699 7420/69/2699
f 7423/69/2700 7433/69/2700 7428/69/2700 6303/69/2700
f 7426/69/2701 7436/69/2701 7434/69/2701 6304/69/2701
f 6306/69/2702 7431/69/2702 7437/69/2702 6305/69/2702
f 7429/69/2703 7393/69/2703 7396/69/2703 7432/69/2703
f 7435/69/2704 7405/69/2704 6295/69/2704 6307/69/2704
f 7438/69/2705 7411/69/2705 6296/69/2705 6308/69/2705
f 6310/69/2706 6298/69/2706 6297/69/2706 6309/69/2706
f 7439/69/2707 7445/69/2707 7448/69/2707 7442/69/2707
f 7451/69/2708 7454/69/2708 7446/69/2708 7440/69/2708
f 7457/69/2709 7460/69/2709 7455/69/2709 7452/69/2709
f 7443/69/2710 7449/69/2710 7461/69/2710 7458/69/2710
f 7447/69/2711 7463/69/2711 7466/69/2711 7450/69/2711
f 7456/69/2712 7469/69/2712 7464/69/2712 6315/69/2712
f 7462/69/2713 7472/69/2713 7470/69/2713 6316/69/2713
f 6318/69/2714 7467/69/2714 7473/69/2714 6317/69/2714
f 7465/69/2715 7475/69/2715 7478/69/2715 7468/69/2715
f 7471/69/2716 7481/69/2716 7476/69/2716 6319/69/2716
f 7474/69/2717 7484/69/2717 7482/69/2717 6320/69/2717
f 6322/69/2718 7479/69/2718 7485/69/2718 6321/69/2718
f 7477/69/2719 7441/69/2719 7444/69/2719 7480/69/2719
f 7483/69/2720 7453/69/2720 6311/69/2720 6323/69/2720
f 7486/69/2721 7459/69/2721 6312/69/2721 6324/69/2721
f 6326/69/2722 6314/69/2722 6313/69/2722 6325/69/2722
f 7487/69/2723 7493/69/2723 7496/69/2723 7490/69/2723
f 7499/69/2724 7502/69/2724 7494/69/2724 7488/69/2724
f 7505/69/2725 7508/69/2725 7503/69/2725 7500/69/2725
f 7491/69/2726 7497/69/2726 7509/69/2726 7506/69/2726
f 7495/69/2727 7511/69/2727 7514/69/2727 7498/69/2727
f 7504/69/2728 7517/69/2728 7512/69/2728 6331/69/2728
f 7510/69/2729 7520/69/2729 7518/69/2729 6332/69/2729
f 6334/69/2730 7515/69/2730 7521/69/2730 6333/69/2730
f 7513/69/2731 7523/69/2731 7526/69/2731 7516/69/2731
f 7519/69/2732 7529/69/2732 7524/69/2732 6335/69/2732
f 7522/69/2733 7532/69/2733 7530/69/2733 6336/69/2733
f 6338/69/2734 7527/69/2734 7533/69/2734 6337/69/2734
f 7525/69/2735 7489/69/2735 7492/69/2735 7528/69/2735
f 7531/69/2736 7501/69/2736 6327/69/2736 6339/69/2736
f 7534/69/2737 7507/69/2737 6328/69/2737 6340/69/2737
f 6342/69/2738 6330/69/2738 6329/69/2738 6341/69/2738
f 7535/69/2739 7541/69/2739 7544/69/2739 7538/69/2739
f 7547/69/2740 7550/69/2740 7542/69/2740 7536/69/2740
f 7553/69/2741 7556/69/2741 7551/69/2741 7548/69/2741
f 7539/69/2742 7545/69/2742 7557/69/2742 7554/69/2742
f 7543/69/2743 7559/69/2743 7562/69/2743 7546/69/2743
f 7552/69/2744 7565/69/2744 7560/69/2744 6347/69/2744
f 7558/69/2745 7568/69/2745 7566/69/2745 6348/69/2745
f 6350/69/2746 7563/69/2746 7569/69/2746 6349/69/2746
f 7561/69/2747 7571/69/2747 7574/69/2747 7564/69/2747
f 7567/69/2748 7577/69/2748 7572/69/2748 6351/69/2748
f 7570/69/2749 7580/69/2749 7578/69/2749 6352/69/2749
f 6354/69/2750 7575/69/2750 7581/69/2750 6353/69/2750
f 7573/69/2751 7537/69/2751 7540/69/2751 7576/69/2751
f 7579/69/2752 7549/69/2752 6343/69/2752 6355/69/2752
f 7582/69/2753 7555/69/2753 6344/69/2753 6356/69/2753
f 6358/69/2754 6346/69/2754 6345/69/2754 6357/69/2754
f 7583/69/2755 7589/69/2755 7592/69/2755 7586/69/2755
f 7595/69/2756 7598/69/2756 7590/69/2756 7584/69/2756
f 7601/69/2757 7604/69/2757 7599/69/2757 7596/69/2757
f 7587/69/2758 7593/69/2758 7605/69/2758 7602/69/2758
f 7591/69/2759 7607/69/2759 7610/69/2759 7594/69/2759
f 7600/69/2760 7613/69/2760 7608/69/2760 6363/69/2760
f 7606/69/2761 7616/69/2761 7614/69/2761 6364/69/2761
f 6366/69/2762 7611/69/2762 7617/69/2762 6365/69/2762
f 7609/69/2763 7619/69/2763 7622/69/2763 7612/69/2763
f 7615/69/2764 7625/69/2764 7620/69/2764 6367/69/2764
f 7618/69/2765 7628/69/2765 7626/69/2765 6368/69/2765
f 6370/69/2766 7623/69/2766 7629/69/2766 6369/69/2766
f 7621/69/2767 7585/69/2767 7588/69/2767 7624/69/2767
f 7627/69/2768 7597/69/2768 6359/69/2768 6371/69/2768
f 7630/69/2769 7603/69/2769 6360/69/2769 6372/69/2769
f 6374/69/2770 6362/69/2770 6361/69/2770 6373/69/2770
f 7631/69/2771 7637/69/2771 7640/69/2771 7634/69/2771
f 7643/69/2772 7646/69/2772 7638/69/2772 7632/69/2772
f 7649/69/2773 7652/69/2773 7647/69/2773 7644/69/2773
f 7635/69/2774 7641/69/2774 7653/69/2774 7650/69/2774
f 7639/69/2775 7655/69/2775 7658/69/2775 7642/69/2775
f 7648/69/2776 7661/69/2776 7656/69/2776 6379/69/2776
f 7654/69/2777 7664/69/2777 7662/69/2777 6380/69/2777
f 6382/69/2778 7659/69/2778 7665/69/2778 6381/69/2778
f 7657/69/2779 7667/69/2779 7670/69/2779 7660/69/2779
f 7663/69/2780 7673/69/2780 7668/69/2780 6383/69/2780
f 7666/69/2781 7676/69/2781 7674/69/2781 6384/69/2781
f 6386/69/2782 7671/69/2782 7677/69/2782 6385/69/2782
f 7669/69/2783 7633/69/2783 7636/69/2783 7672/69/2783
f 7675/69/2784 7645/69/2784 6375/69/2784 6387/69/2784
f 7678/69/2785 7651/69/2785 6376/69/2785 6388/69/2785
f 6390/69/2786 6378/69/2786 6377/69/2786 6389/69/2786
f 7679/69/2787 7685/69/2787 7688/69/2787 7682/69/2787
f 7691/69/2788 7694/69/2788 7686/69/2788 7680/69/2788
f 7697/69/2789 7700/69/2789 7695/69/2789 7692/69/2789
f 7683/69/2790 7689/69/2790 7701/69/2790 7698/69/2790
f 7687/69/2791 7703/69/2791 7706/69/2791 7690/69/2791
f 7696/69/2792 7709/69/2792 7704/69/2792 6395/69/2792
f 7702/69/2793 7712/69/2793 7710/69/2793 6396/69/2793
f 6398/69/2794 7707/69/2794 7713/69/2794 6397/69/2794
f 7705/69/2795 7715/69/2795 7718/69/2795 7708/69/2795
f 7711/69/2796 7721/69/2796 7716/69/2796 6399/69/2796
f 7714/69/2797 7724/69/2797 7722/69/2797 6400/69/2797
f 6402/69/2798 7719/69/2798 7725/69/2798 6401/69/2798
f 7717/69/2799 7681/69/2799 7684/69/2799 7720/69/2799
f 7723/69/2800 7693/69/2800 6391/69/2800 6403/69/2800
f 7726/69/2801 7699/69/2801 6392/69/2801 6404/69/2801
f 6406/69/2802 6394/69/2802 6393/69/2802 6405/69/2802
f 7727/69/2803 7733/69/2803 7736/69/2803 7730/69/2803
f 7739/69/2804 7742/69/2804 7734/69/2804 7728/69/2804
f 7745/69/2805 7748/69/2805 7743/69/2805 7740/69/2805
f 7731/69/2806 7737/69/2806 7749/69/2806 7746/69/2806
f 7735/69/2807 7751/69/2807 7754/69/2807 7738/69/2807
f 7744/69/2808 7757/69/2808 7752/69/2808 6411/69/2808
f 7750/69/2809 7760/69/2809 7758/69/2809 6412/69/2809
f 6414/69/2810 7755/69/2810 7761/69/2810 6413/69/2810
f 7753/69/2811 7763/69/2811 7766/69/2811 7756/69/2811
f 7759/69/2812 7769/69/2812 7764/69/2812 6415/69/2812
f 7762/69/2813 7772/69/2813 7770/69/2813 6416/69/2813
f 6418/69/2814 7767/69/2814 7773/69/2814 6417/69/2814
f 7765/69/2815 7729/69/2815 7732/69/2815 7768/69/2815
f 7771/69/2816 7741/69/2816 6407/69/2816 6419/69/2816
f 7774/69/2817 7747/69/2817 6408/69/2817 6420/69/2817
f 6422/69/2818 6410/69/2818 6409/69/2818 6421/69/2818
f 7775/69/2819 7781/69/2819 7784/69/2819 7778/69/2819
f 7787/69/2820 7790/69/2820 7782/69/2820 7776/69/2820
f 7793/69/2821 7796/69/2821 7791/69/2821 7788/69/2821
f 7779/69/2822 7785/69/2822 7797/69/2822 7794/69/2822
f 7783/69/2823 7799/69/2823 7802/69/2823 7786/69/2823
f 7792/69/2824 7805/69/2824 7800/69/2824 6427/69/2824
f 7798/69/2825 7808/69/2825 7806/69/2825 6428/69/2825
f 6430/69/2826 7803/69/2826 7809/69/2826 6429/69/2826
f 7801/69/2827 7811/69/2827 7814/69/2827 7804/69/2827
f 7807/69/2828 7817/69/2828 7812/69/2828 6431/69/2828
f 7810/69/2829 7820/69/2829 7818/69/2829 6432/69/2829
f 6434/69/2830 7815/69/2830 7821/69/2830 6433/69/2830
f 7813/69/2831 7777/69/2831 7780/69/2831 7816/69/2831
f 7819/69/2832 7789/69/2832 6423/69/2832 6435/69/2832
f 7822/69/2833 7795/69/2833 6424/69/2833 6436/69/2833
f 6438/69/2834 6426/69/2834 6425/69/2834 6437/69/2834
f 7823/69/2835 7829/69/2835 7832/69/2835 7826/69/2835
f 7835/69/2836 7838/69/2836 7830/69/2836 7824/69/2836
f 7841/69/2837 7844/69/2837 7839/69/2837 7836/69/2837
f 7827/69/2838 7833/69/2838 7845/69/2838 7842/69/2838
f 7831/69/2839 7847/69/2839 7850/69/2839 7834/69/2839
f 7840/69/2840 7853/69/2840 7848/69/2840 6443/69/2840
f 7846/69/2841 7856/69/2841 7854/69/2841 6444/69/2841
f 6446/69/2842 7851/69/2842 7857/69/2842 6445/69/2842
f 7849/69/2843 7859/69/2843 7862/69/2843 7852/69/2843
f 7855/69/2844 7865/69/2844 7860/69/2844 6447/69/2844
f 7858/69/2845 7868/69/2845 7866/69/2845 6448/69/2845
f 6450/69/2846 7863/69/2846 7869/69/2846 6449/69/2846
f 7861/69/2847 7825/69/2847 7828/69/2847 7864/69/2847
f 7867/69/2848 7837/69/2848 6439/69/2848 6451/69/2848
f 7870/69/2849 7843/69/2849 6440/69/2849 6452/69/2849
f 6454/69/2850 6442/69/2850 6441/69/2850 6453/69/2850
f 7871/69/2851 7877/69/2851 7880/69/2851 7874/69/2851
f 7883/69/2852 7886/69/2852 7878/69/2852 7872/69/2852
f 7889/69/2853 7892/69/2853 7887/69/2853 7884/69/2853
f 7875/69/2854 7881/69/2854 7893/69/2854 7890/69/2854
f 7879/69/2855 7895/69/2855 7898/69/2855 7882/69/2855
f 7888/69/2856 7901/69/2856 7896/69/2856 6459/69/2856
f 7894/69/2857 7904/69/2857 7902/69/2857 6460/69/2857
f 6462/69/2858 7899/69/2858 7905/69/2858 6461/69/2858
f 7897/69/2859 7907/69/2859 7910/69/2859 7900/69/2859
f 7903/69/2860 7913/69/2860 7908/69/2860 6463/69/2860
f 7906/69/2861 7916/69/2861 7914/69/2861 6464/69/2861
f 6466/69/2862 7911/69/2862 7917/69/2862 6465/69/2862
f 7909/69/2863 7873/69/2863 7876/69/2863 7912/69/2863
f 7915/69/2864 7885/69/2864 6455/69/2864 6467/69/2864
f 7918/69/2865 7891/69/2865 6456/69/2865 6468/69/2865
f 6470/69/2866 6458/69/2866 6457/69/2866 6469/69/2866
f 7919/69/2867 7925/69/2867 7928/69/2867 7922/69/2867
f 7931/69/2868 7934/69/2868 7926/69/2868 7920/69/2868
f 7937/69/2869 7940/69/2869 7935/69/2869 7932/69/2869
f 7923/69/2870 7929/69/2870 7941/69/2870 7938/69/2870
f 7927/69/2871 7943/69/2871 7946/69/2871 7930/69/2871
f 7936/69/2872 7949/69/2872 7944/69/2872 6475/69/2872
f 7942/69/2873 7952/69/2873 7950/69/2873 6476/69/2873
f 6478/69/2874 7947/69/2874 7953/69/2874 6477/69/2874
f 7945/69/2875 7955/69/2875 7958/69/2875 7948/69/2875
f 7951/69/2876 7961/69/2876 7956/69/2876 6479/69/2876
f 7954/69/2877 7964/69/2877 7962/69/2877 6480/69/2877
f 6482/69/2878 7959/69/2878 7965/69/2878 6481/69/2878
f 7957/69/2879 7921/69/2879 7924/69/2879 7960/69/2879
f 7963/69/2880 7933/69/2880 6471/69/2880 6483/69/2880
f 7966/69/2881 7939/69/2881 6472/69/2881 6484/69/2881
f 6486/69/2882 6474/69/2882 6473/69/2882 6485/69/2882
f 7967/69/2883 7973/69/2883 7976/69/2883 7970/69/2883
f 7979/69/2884 7982/69/2884 7974/69/2884 7968/69/2884
f 7985/69/2885 7988/69/2885 7983/69/2885 7980/69/2885
f 7971/69/2886 7977/69/2886 7989/69/2886 7986/69/2886
f 7975/69/2887 7991/69/2887 7994/69/2887 7978/69/2887
f 7984/69/2888 7997/69/2888 7992/69/2888 6491/69/2888
f 7990/69/2889 8000/69/2889 7998/69/2889 6492/69/2889
f 6494/69/2890 7995/69/2890 8001/69/2890 6493/69/2890
f 7993/69/2891 8003/69/2891 8006/69/2891 7996/69/2891
f 7999/69/2892 8009/69/2892 8004/69/2892 6495/69/2892
f 8002/69/2893 8012/69/2893 8010/69/2893 6496/69/2893
f 6498/69/2894 8007/69/2894 8013/69/2894 6497/69/2894
f 8005/69/2895 7969/69/2895 7972/69/2895 8008/69/2895
f 8011/69/2896 7981/69/2896 6487/69/2896 6499/69/2896
f 8014/69/2897 7987/69/2897 6488/69/2897 6500/69/2897
f 6502/69/2898 6490/69/2898 6489/69/2898 6501/69/2898
f 8015/69/2899 8021/69/2899 8024/69/2899 8018/69/2899
f 8027/69/2900 8030/69/2900 8022/69/2900 8016/69/2900
f 8033/69/2901 8036/69/2901 8031/69/2901 8028/69/2901
f 8019/69/2902 8025/69/2902 8037/69/2902 8034/69/2902
f 8023/69/2903 8039/69/2903 8042/69/2903 8026/69/2903
f 8032/69/2904 8045/69/2904 8040/69/2904 6507/69/2904
f 8038/69/2905 8048/69/2905 8046/69/2905 6508/69/2905
f 6510/69/2906 8043/69/2906 8049/69/2906 6509/69/2906
f 8041/69/2907 8051/69/2907 8054/69/2907 8044/69/2907
f 8047/69/2908 8057/69/2908 8052/69/2908 6511/69/2908
f 8050/69/2909 8060/69/2909 8058/69/2909 6512/69/2909
f 6514/69/2910 8055/69/2910 8061/69/2910 6513/69/2910
f 8053/69/2911 8017/69/2911 8020/69/2911 8056/69/2911
f 8059/69/2912 8029/69/2912 6503/69/2912 6515/69/2912
f 8062/69/2913 8035/69/2913 6504/69/2913 6516/69/2913
f 6518/69/2914 6506/69/2914 6505/69/2914 6517/69/2914
f 8063/69/2915 8069/69/2915 8072/69/2915 8066/69/2915
f 8075/69/2916 8078/69/2916 8070/69/2916 8064/69/2916
f 8081/69/2917 8084/69/2917 8079/69/2917 8076/69/2917
f 8067/69/2918 8073/69/2918 8085/69/2918 8082/69/2918
f 8071/69/2919 8087/69/2919 8090/69/2919 8074/69/2919
f 8080/69/2920 8093/69/2920 8088/69/2920 6523/69/2920
f 8086/69/2921 8096/69/2921 8094/69/2921 6524/69/2921
f 6526/69/2922 8091/69/2922 8097/69/2922 6525/69/2922
f 8089/69/2923 8099/69/2923 8102/69/2923 8092/69/2923
f 8095/69/2924 8105/69/2924 8100/69/2924 6527/69/2924
f 8098/69/2925 8108/69/2925 8106/69/2925 6528/69/2925
f 6530/69/2926 8103/69/2926 8109/69/2926 6529/69/2926
f 8101/69/2927 8065/69/2927 8068/69/2927 8104/69/2927
f 8107/69/2928 8077/69/2928 6519/69/2928 6531/69/2928
f 8110/69/2929 8083/69/2929 6520/69/2929 6532/69/2929
f 6534/69/2930 6522/69/2930 6521/69/2930 6533/69/2930
f 8111/69/2931 8117/69/2931 8120/69/2931 8114/69/2931
f 8123/69/2932 8126/69/2932 8118/69/2932 8112/69/2932
f 8129/69/2933 8132/69/2933 8127/69/2933 8124/69/2933
f 8115/69/2934 8121/69/2934 8133/69/2934 8130/69/2934
f 8119/69/2935 8135/69/2935 8138/69/2935 8122/69/2935
f 8128/69/2936 8141/69/2936 8136/69/2936 6539/69/2936
f 8134/69/2937 8144/69/2937 8142/69/2937 6540/69/2937
f 6542/69/2938 8139/69/2938 8145/69/2938 6541/69/2938
f 8137/69/2939 8147/69/2939 8150/69/2939 8140/69/2939
f 8143/69/2940 8153/69/2940 8148/69/2940 6543/69/2940
f 8146/69/2941 8156/69/2941 8154/69/2941 6544/69/2941
f 6546/69/2942 8151/69/2942 8157/69/2942 6545/69/2942
f 8149/69/2943 8113/69/2943 8116/69/2943 8152/69/2943
f 8155/69/2944 8125/69/2944 6535/69/2944 6547/69/2944
f 8158/69/2945 8131/69/2945 6536/69/2945 6548/69/2945
f 6550/69/2946 6538/69/2946 6537/69/2946 6549/69/2946
f 6560/67/2626 8183/67/2626 8167/67/2626 8169/67/2626
f 8163/67/2625 8165/67/2625 8175/67/2625 8177/67/2625
f 8171/67/2624 8173/67/2624 8180/67/2624 8238/67/2624
f 8161/67/2623 8159/67/2623 8184/67/2623 8236/67/2623
f 6561/67/2622 8168/67/2622 8166/67/2622 6562/67/2622
f 6563/67/2947 8176/67/2947 8174/67/2947 6564/67/2947
f 8190/67/2948 8214/67/2948 8215/67/2948 8191/67/2948
f 6590/67/2949 8210/67/2949 8211/67/2949 6574/67/2949
f 6589/67/2950 8206/67/2950 8207/67/2950 6573/67/2950
f 8188/67/2951 8231/67/2951 8229/67/2952 8196/67/2631
f 6588/67/2953 8202/67/2953 8203/67/2953 8208/67/2953
f 6572/67/2951 8223/67/2951 8221/67/2631 8212/67/2631
f 6587/67/2954 8198/67/2954 8199/67/2954 8204/67/2954
f 6586/67/2955 8194/67/2955 8195/67/2955 6570/67/2955
f 6585/67/2956 8186/67/2956 8187/67/2956 6569/67/2956
f 8196/67/2631 8229/67/2952 8227/67/2957 8200/67/2957
f 6583/67/2958 6584/67/2958 8192/67/2958 6567/67/2958
f 8212/67/2631 8221/67/2631 8219/67/2957 8216/67/2957
f 6571/67/2959 8225/67/2959 8223/67/2951 6572/67/2951
f 6568/67/2960 8217/67/2960 8231/67/2951 8188/67/2951
f 8216/67/2957 8219/67/2957 8217/67/2960 6568/67/2960
f 8200/67/2957 8227/67/2957 8225/67/2959 6571/67/2959
f 8193/67/2961 8172/67/2961 8237/67/2961 8185/67/2961
f 8201/67/2962 8164/67/2962 8178/67/2962 8197/67/2962
f 8209/67/2961 8235/67/2961 8170/67/2961 8205/67/2961
f 8189/67/2961 8233/67/2961 8162/67/2961 8213/67/2961
f 8185/67/2961 8237/67/2961 8233/67/2961 8189/67/2961
f 8197/67/2962 8178/67/2962 8172/67/2961 8193/67/2961
f 8205/67/2961 8170/67/2961 8164/67/2962 8201/67/2962
f 8213/67/2961 8162/67/2961 8235/67/2961 8209/67/2961
f 8234/67/2643 8182/67/2643 8160/67/2643 6559/67/2643
f 6566/67/2642 8179/67/2642 8181/67/2642 6565/67/2642
f 6558/67/2961 8253/67/2961 8251/67/2961 6557/67/2961
f 6556/67/2961 8249/67/2961 8247/67/2961 6555/67/2961
f 6554/67/2962 8245/67/2962 8243/67/2961 6553/67/2961
f 6551/67/2961 8239/67/2961 8241/67/2961 6552/67/2961
f 6552/67/2961 8241/67/2961 8253/67/2961 6558/67/2961
f 6557/67/2961 8251/67/2961 8249/67/2961 6556/67/2961
f 6555/67/2961 8247/67/2961 8245/67/2962 6554/67/2962
f 6553/67/2961 8243/67/2961 8239/67/2961 6551/67/2961
f 8248/67/2625 8263/67/2625 8262/67/2625 8246/67/2625
f 8244/67/2645 8259/67/2645 8256/67/2645 8240/67/2645
f 8254/67/2623 8269/67/2623 8268/67/2623 8252/67/2623
f 8250/67/2622 8265/67/2622 8264/67/2622 6595/67/2622
f 6594/67/2663 8261/67/2663 8260/67/2663 6593/67/2663
f 6591/67/2642 8255/67/2642 8257/67/2642 8242/67/2642
f 6592/67/2643 8258/67/2643 8270/67/2643 6598/67/2643
f 6597/67/2626 8267/67/2626 8266/67/2626 6596/67/2626
f 6599/67/2961 6601/67/2961 6602/67/2961 6603/67/2961 6604/67/2961 6605/67/2961 6606/67/2961 6600/67/2961
f 8232/67/2661 8218/67/2661 8272/67/2662 8271/67/2662
f 8230/67/2963 6575/67/2963 6607/67/2964 8273/67/2964
f 8228/67/2657 6577/67/2657 6609/67/2658 8274/67/2658
f 8226/67/2965 6578/67/2965 6610/67/2656 8275/67/2656
f 8224/67/2653 6579/67/2653 6611/67/2654 8276/67/2654
f 8222/67/2966 6580/67/2966 6612/67/2652 8277/67/2652
f 8220/67/2649 6581/67/2649 6613/67/2650 8278/67/2650
f 6576/67/2967 6582/67/2967 6614/67/2648 6608/67/2648
f 6624/67/2626 8289/67/2626 8287/67/2626 8303/67/2626
f 8283/67/2625 8297/67/2625 8295/67/2625 8285/67/2625
f 8291/67/2664 8358/67/2664 8300/67/2664 8293/67/2664
f 8281/67/2968 8356/67/2968 8304/67/2968 8279/67/2968
f 6625/67/2622 6626/67/2622 8286/67/2622 8288/67/2622
f 6627/67/2663 6628/67/2663 8294/67/2663 8296/67/2663
f 8310/67/2969 8311/67/2969 8335/67/2969 8334/67/2969
f 6654/67/2970 6638/67/2970 8331/67/2970 8330/67/2970
f 6653/67/2971 6637/67/2971 8327/67/2971 8326/67/2971
f 8308/67/2972 8316/67/2973 8349/67/2973 8351/67/2974
f 6652/67/2975 8328/67/2975 8323/67/2975 8322/67/2975
f 6636/67/2976 8332/67/2973 8341/67/2973 8343/67/2977
f 6651/67/2978 8324/67/2978 8319/67/2978 8318/67/2978
f 6650/67/2979 6634/67/2979 8315/67/2979 8314/67/2979
f 6649/67/2980 6633/67/2980 8307/67/2980 8306/67/2980
f 8316/67/2973 8320/67/2981 8347/67/2981 8349/67/2973
f 6647/67/2982 6631/67/2982 8312/67/2982 6648/67/2982
f 8332/67/2973 8336/67/2981 8339/67/2981 8341/67/2973
f 6635/67/2983 6636/67/2976 8343/67/2977 8345/67/2983
f 6632/67/2983 8308/67/2972 8351/67/2974 8337/67/2983
f 8336/67/2981 6632/67/2983 8337/67/2983 8339/67/2981
f 8320/67/2981 6635/67/2983 8345/67/2983 8347/67/2981
f 8313/67/2984 8305/67/2985 8357/67/2985 8292/67/2984
f 8321/67/2984 8317/67/2984 8298/67/2984 8284/67/2984
f 8329/67/2986 8325/67/2986 8290/67/2986 8355/67/2986
f 8309/67/2984 8333/67/2984 8282/67/2984 8353/67/2984
f 8305/67/2985 8309/67/2984 8353/67/2984 8357/67/2985
f 8317/67/2984 8313/67/2984 8292/67/2984 8298/67/2984
f 8325/67/2986 8321/67/2984 8284/67/2984 8290/67/2986
f 8333/67/2984 8329/67/2986 8355/67/2986 8282/67/2984
f 8354/67/2643 6623/67/2643 8280/67/2643 8302/67/2643
f 6630/67/2642 6629/67/2642 8301/67/2642 8299/67/2642
f 6622/67/2986 6621/67/2984 8371/67/2984 8373/67/2986
f 6620/67/2985 6619/67/2985 8367/67/2985 8369/67/2985
f 6618/67/2984 6617/67/2986 8363/67/2986 8365/67/2984
f 6615/67/2986 6616/67/2984 8361/67/2984 8359/67/2986
f 6616/67/2984 6622/67/2986 8373/67/2986 8361/67/2984
f 6621/67/2984 6620/67/2985 8369/67/2985 8371/67/2984
f 6619/67/2985 6618/67/2984 8365/67/2984 8367/67/2985
f 6617/67/2986 6615/67/2986 8359/67/2986 8363/67/2986
f 8368/67/2625 8366/67/2625 8382/67/2625 8383/67/2625
f 8364/67/2645 8360/67/2645 8376/67/2645 8379/67/2645
f 8374/67/2623 8372/67/2623 8388/67/2623 8389/67/2623
f 8370/67/2622 6659/67/2622 8384/67/2622 8385/67/2622
f 6658/67/2663 6657/67/2663 8380/67/2663 8381/67/2663
f 6655/67/2642 8362/67/2642 8377/67/2642 8375/67/2642
f 6656/67/2643 6662/67/2643 8390/67/2643 8378/67/2643
f 6661/67/2626 6660/67/2626 8386/67/2626 8387/67/2626
f 6663/67/2984 6664/67/2984 6670/67/2984 6669/67/2984 6668/67/2984 6667/67/2984 6666/67/2984 6665/67/2984
f 8352/67/2690 8271/67/2662 8272/67/2662 8338/67/2690
f 8350/67/2987 8273/67/2964 6607/67/2964 6639/67/2987
f 8348/67/2988 8274/67/2658 6609/67/2658 6641/67/2988
f 8346/67/2687 8275/67/2656 6610/67/2656 6642/67/2687
f 8344/67/2686 8276/67/2654 6611/67/2654 6643/67/2686
f 8342/67/2685 8277/67/2652 6612/67/2652 6644/67/2685
f 8340/67/2684 8278/67/2650 6613/67/2650 6645/67/2684
f 6640/67/2683 6608/67/2648 6614/67/2648 6646/67/2683
f 8391/69/2989 8394/69/2989 8400/69/2989 8397/69/2989
f 8403/69/2990 8392/69/2990 8398/69/2990 8406/69/2990
f 8409/69/2991 8404/69/2991 8407/69/2991 8412/69/2991
f 8395/69/2992 8410/69/2992 8413/69/2992 8401/69/2992
f 8399/69/2993 8402/69/2993 8418/69/2993 8415/69/2993
f 8408/69/2994 6675/69/2994 8416/69/2994 8421/69/2994
f 8414/69/2995 6676/69/2995 8422/69/2995 8424/69/2995
f 6678/69/2996 6677/69/2996 8425/69/2996 8419/69/2996
f 8417/69/2997 8420/69/2997 8430/69/2997 8427/69/2997
f 8423/69/2998 6679/69/2998 8428/69/2998 8433/69/2998
f 8426/69/2999 6680/69/2999 8434/69/2999 8436/69/2999
f 6682/69/3000 6681/69/3000 8437/69/3000 8431/69/3000
f 8429/69/3001 8432/69/3001 8396/69/3001 8393/69/3001
f 8435/69/3002 6683/69/3002 6671/69/3002 8405/69/3002
f 8438/69/3003 6684/69/3003 6672/69/3003 8411/69/3003
f 6686/69/3004 6685/69/3004 6673/69/3004 6674/69/3004
f 8439/69/3005 8442/69/3005 8448/69/3005 8445/69/3005
f 8451/69/3006 8440/69/3006 8446/69/3006 8454/69/3006
f 8457/69/3007 8452/69/3007 8455/69/3007 8460/69/3007
f 8443/69/3008 8458/69/3008 8461/69/3008 8449/69/3008
f 8447/69/3009 8450/69/3009 8466/69/3009 8463/69/3009
f 8456/69/3010 6691/69/3010 8464/69/3010 8469/69/3010
f 8462/69/3011 6692/69/3011 8470/69/3011 8472/69/3011
f 6694/69/3012 6693/69/3012 8473/69/3012 8467/69/3012
f 8465/69/3013 8468/69/3013 8478/69/3013 8475/69/3013
f 8471/69/3014 6695/69/3014 8476/69/3014 8481/69/3014
f 8474/69/3015 6696/69/3015 8482/69/3015 8484/69/3015
f 6698/69/3016 6697/69/3016 8485/69/3016 8479/69/3016
f 8477/69/3017 8480/69/3017 8444/69/3017 8441/69/3017
f 8483/69/3018 6699/69/3018 6687/69/3018 8453/69/3018
f 8486/69/3019 6700/69/3019 6688/69/3019 8459/69/3019
f 6702/69/3020 6701/69/3020 6689/69/3020 6690/69/3020
f 8487/69/3021 8490/69/3021 8496/69/3021 8493/69/3021
f 8499/69/3022 8488/69/3022 8494/69/3022 8502/69/3022
f 8505/69/3023 8500/69/3023 8503/69/3023 8508/69/3023
f 8491/69/3024 8506/69/3024 8509/69/3024 8497/69/3024
f 8495/69/3025 8498/69/3025 8514/69/3025 8511/69/3025
f 8504/69/3026 6707/69/3026 8512/69/3026 8517/69/3026
f 8510/69/3027 6708/69/3027 8518/69/3027 8520/69/3027
f 6710/69/3028 6709/69/3028 8521/69/3028 8515/69/3028
f 8513/69/3029 8516/69/3029 8526/69/3029 8523/69/3029
f 8519/69/3030 6711/69/3030 8524/69/3030 8529/69/3030
f 8522/69/3031 6712/69/3031 8530/69/3031 8532/69/3031
f 6714/69/3032 6713/69/3032 8533/69/3032 8527/69/3032
f 8525/69/3033 8528/69/3033 8492/69/3033 8489/69/3033
f 8531/69/3034 6715/69/3034 6703/69/3034 8501/69/3034
f 8534/69/3035 6716/69/3035 6704/69/3035 8507/69/3035
f 6718/69/3036 6717/69/3036 6705/69/3036 6706/69/3036
f 8535/69/3037 8538/69/3037 8544/69/3037 8541/69/3037
f 8547/69/3038 8536/69/3038 8542/69/3038 8550/69/3038
f 8553/69/3039 8548/69/3039 8551/69/3039 8556/69/3039
f 8539/69/3040 8554/69/3040 8557/69/3040 8545/69/3040
f 8543/69/3041 8546/69/3041 8562/69/3041 8559/69/3041
f 8552/69/3042 6723/69/3042 8560/69/3042 8565/69/3042
f 8558/69/3043 6724/69/3043 8566/69/3043 8568/69/3043
f 6726/69/3044 6725/69/3044 8569/69/3044 8563/69/3044
f 8561/69/3045 8564/69/3045 8574/69/3045 8571/69/3045
f 8567/69/3046 6727/69/3046 8572/69/3046 8577/69/3046
f 8570/69/3047 6728/69/3047 8578/69/3047 8580/69/3047
f 6730/69/3048 6729/69/3048 8581/69/3048 8575/69/3048
f 8573/69/3049 8576/69/3049 8540/69/3049 8537/69/3049
f 8579/69/3050 6731/69/3050 6719/69/3050 8549/69/3050
f 8582/69/3051 6732/69/3051 6720/69/3051 8555/69/3051
f 6734/69/3052 6733/69/3052 6721/69/3052 6722/69/3052
f 8583/69/3053 8586/69/3053 8592/69/3053 8589/69/3053
f 8595/69/3054 8584/69/3054 8590/69/3054 8598/69/3054
f 8601/69/3055 8596/69/3055 8599/69/3055 8604/69/3055
f 8587/69/3056 8602/69/3056 8605/69/3056 8593/69/3056
f 8591/69/3057 8594/69/3057 8610/69/3057 8607/69/3057
f 8600/69/3058 6739/69/3058 8608/69/3058 8613/69/3058
f 8606/69/3059 6740/69/3059 8614/69/3059 8616/69/3059
f 6742/69/3060 6741/69/3060 8617/69/3060 8611/69/3060
f 8609/69/3061 8612/69/3061 8622/69/3061 8619/69/3061
f 8615/69/3062 6743/69/3062 8620/69/3062 8625/69/3062
f 8618/69/3063 6744/69/3063 8626/69/3063 8628/69/3063
f 6746/69/3064 6745/69/3064 8629/69/3064 8623/69/3064
f 8621/69/3065 8624/69/3065 8588/69/3065 8585/69/3065
f 8627/69/3066 6747/69/3066 6735/69/3066 8597/69/3066
f 8630/69/3067 6748/69/3067 6736/69/3067 8603/69/3067
f 6750/69/3068 6749/69/3068 6737/69/3068 6738/69/3068
f 8631/69/3069 8634/69/3069 8640/69/3069 8637/69/3069
f 8643/69/3070 8632/69/3070 8638/69/3070 8646/69/3070
f 8649/69/3071 8644/69/3071 8647/69/3071 8652/69/3071
f 8635/69/3072 8650/69/3072 8653/69/3072 8641/69/3072
f 8639/69/3073 8642/69/3073 8658/69/3073 8655/69/3073
f 8648/69/3074 6755/69/3074 8656/69/3074 8661/69/3074
f 8654/69/3075 6756/69/3075 8662/69/3075 8664/69/3075
f 6758/69/3076 6757/69/3076 8665/69/3076 8659/69/3076
f 8657/69/3077 8660/69/3077 8670/69/3077 8667/69/3077
f 8663/69/3078 6759/69/3078 8668/69/3078 8673/69/3078
f 8666/69/3079 6760/69/3079 8674/69/3079 8676/69/3079
f 6762/69/3080 6761/69/3080 8677/69/3080 8671/69/3080
f 8669/69/3081 8672/69/3081 8636/69/3081 8633/69/3081
f 8675/69/3082 6763/69/3082 6751/69/3082 8645/69/3082
f 8678/69/3083 6764/69/3083 6752/69/3083 8651/69/3083
f 6766/69/3084 6765/69/3084 6753/69/3084 6754/69/3084
f 8679/69/3085 8682/69/3085 8688/69/3085 8685/69/3085
f 8691/69/3086 8680/69/3086 8686/69/3086 8694/69/3086
f 8697/69/3087 8692/69/3087 8695/69/3087 8700/69/3087
f 8683/69/3088 8698/69/3088 8701/69/3088 8689/69/3088
f 8687/69/3089 8690/69/3089 8706/69/3089 8703/69/3089
f 8696/69/3090 6771/69/3090 8704/69/3090 8709/69/3090
f 8702/69/3091 6772/69/3091 8710/69/3091 8712/69/3091
f 6774/69/3092 6773/69/3092 8713/69/3092 8707/69/3092
f 8705/69/3093 8708/69/3093 8718/69/3093 8715/69/3093
f 8711/69/3094 6775/69/3094 8716/69/3094 8721/69/3094
f 8714/69/3095 6776/69/3095 8722/69/3095 8724/69/3095
f 6778/69/3096 6777/69/3096 8725/69/3096 8719/69/3096
f 8717/69/3097 8720/69/3097 8684/69/3097 8681/69/3097
f 8723/69/3098 6779/69/3098 6767/69/3098 8693/69/3098
f 8726/69/3099 6780/69/3099 6768/69/3099 8699/69/3099
f 6782/69/3100 6781/69/3100 6769/69/3100 6770/69/3100
f 8727/69/3101 8730/69/3101 8736/69/3101 8733/69/3101
f 8739/69/3102 8728/69/3102 8734/69/3102 8742/69/3102
f 8745/69/3103 8740/69/3103 8743/69/3103 8748/69/3103
f 8731/69/3104 8746/69/3104 8749/69/3104 8737/69/3104
f 8735/69/3105 8738/69/3105 8754/69/3105 8751/69/3105
f 8744/69/3106 6787/69/3106 8752/69/3106 8757/69/3106
f 8750/69/3107 6788/69/3107 8758/69/3107 8760/69/3107
f 6790/69/3108 6789/69/3108 8761/69/3108 8755/69/3108
f 8753/69/3109 8756/69/3109 8766/69/3109 8763/69/3109
f 8759/69/3110 6791/69/3110 8764/69/3110 8769/69/3110
f 8762/69/3111 6792/69/3111 8770/69/3111 8772/69/3111
f 6794/69/3112 6793/69/3112 8773/69/3112 8767/69/3112
f 8765/69/3113 8768/69/3113 8732/69/3113 8729/69/3113
f 8771/69/3114 6795/69/3114 6783/69/3114 8741/69/3114
f 8774/69/3115 6796/69/3115 6784/69/3115 8747/69/3115
f 6798/69/3116 6797/69/3116 6785/69/3116 6786/69/3116
f 8775/69/3117 8778/69/3117 8784/69/3117 8781/69/3117
f 8787/69/3118 8776/69/3118 8782/69/3118 8790/69/3118
f 8793/69/3119 8788/69/3119 8791/69/3119 8796/69/3119
f 8779/69/3120 8794/69/3120 8797/69/3120 8785/69/3120
f 8783/69/3121 8786/69/3121 8802/69/3121 8799/69/3121
f 8792/69/3122 6803/69/3122 8800/69/3122 8805/69/3122
f 8798/69/3123 6804/69/3123 8806/69/3123 8808/69/3123
f 6806/69/3124 6805/69/3124 8809/69/3124 8803/69/3124
f 8801/69/3125 8804/69/3125 8814/69/3125 8811/69/3125
f 8807/69/3126 6807/69/3126 8812/69/3126 8817/69/3126
f 8810/69/3127 6808/69/3127 8818/69/3127 8820/69/3127
f 6810/69/3128 6809/69/3128 8821/69/3128 8815/69/3128
f 8813/69/3129 8816/69/3129 8780/69/3129 8777/69/3129
f 8819/69/3130 6811/69/3130 6799/69/3130 8789/69/3130
f 8822/69/3131 6812/69/3131 6800/69/3131 8795/69/3131
f 6814/69/3132 6813/69/3132 6801/69/3132 6802/69/3132
f 8823/69/3133 8826/69/3133 8832/69/3133 8829/69/3133
f 8835/69/3134 8824/69/3134 8830/69/3134 8838/69/3134
f 8841/69/3135 8836/69/3135 8839/69/3135 8844/69/3135
f 8827/69/3136 8842/69/3136 8845/69/3136 8833/69/3136
f 8831/69/3137 8834/69/3137 8850/69/3137 8847/69/3137
f 8840/69/3138 6819/69/3138 8848/69/3138 8853/69/3138
f 8846/69/3139 6820/69/3139 8854/69/3139 8856/69/3139
f 6822/69/3140 6821/69/3140 8857/69/3140 8851/69/3140
f 8849/69/3141 8852/69/3141 8862/69/3141 8859/69/3141
f 8855/69/3142 6823/69/3142 8860/69/3142 8865/69/3142
f 8858/69/3143 6824/69/3143 8866/69/3143 8868/69/3143
f 6826/69/3144 6825/69/3144 8869/69/3144 8863/69/3144
f 8861/69/3145 8864/69/3145 8828/69/3145 8825/69/3145
f 8867/69/3146 6827/69/3146 6815/69/3146 8837/69/3146
f 8870/69/3147 6828/69/3147 6816/69/3147 8843/69/3147
f 6830/69/3148 6829/69/3148 6817/69/3148 6818/69/3148
f 8871/69/3149 8874/69/3149 8880/69/3149 8877/69/3149
f 8883/69/3150 8872/69/3150 8878/69/3150 8886/69/3150
f 8889/69/3151 8884/69/3151 8887/69/3151 8892/69/3151
f 8875/69/3152 8890/69/3152 8893/69/3152 8881/69/3152
f 8879/69/3153 8882/69/3153 8898/69/3153 8895/69/3153
f 8888/69/3154 6835/69/3154 8896/69/3154 8901/69/3154
f 8894/69/3155 6836/69/3155 8902/69/3155 8904/69/3155
f 6838/69/3156 6837/69/3156 8905/69/3156 8899/69/3156
f 8897/69/3157 8900/69/3157 8910/69/3157 8907/69/3157
f 8903/69/3158 6839/69/3158 8908/69/3158 8913/69/3158
f 8906/69/3159 6840/69/3159 8914/69/3159 8916/69/3159
f 6842/69/3160 6841/69/3160 8917/69/3160 8911/69/3160
f 8909/69/3161 8912/69/3161 8876/69/3161 8873/69/3161
f 8915/69/3162 6843/69/3162 6831/69/3162 8885/69/3162
f 8918/69/3163 6844/69/3163 6832/69/3163 8891/69/3163
f 6846/69/3164 6845/69/3164 6833/69/3164 6834/69/3164
f 8919/69/3165 8922/69/3165 8928/69/3165 8925/69/3165
f 8931/69/3166 8920/69/3166 8926/69/3166 8934/69/3166
f 8937/69/3167 8932/69/3167 8935/69/3167 8940/69/3167
f 8923/69/3168 8938/69/3168 8941/69/3168 8929/69/3168
f 8927/69/3169 8930/69/3169 8946/69/3169 8943/69/3169
f 8936/69/3170 6851/69/3170 8944/69/3170 8949/69/3170
f 8942/69/3171 6852/69/3171 8950/69/3171 8952/69/3171
f 6854/69/3172 6853/69/3172 8953/69/3172 8947/69/3172
f 8945/69/3173 8948/69/3173 8958/69/3173 8955/69/3173
f 8951/69/3174 6855/69/3174 8956/69/3174 8961/69/3174
f 8954/69/3175 6856/69/3175 8962/69/3175 8964/69/3175
f 6858/69/3176 6857/69/3176 8965/69/3176 8959/69/3176
f 8957/69/3177 8960/69/3177 8924/69/3177 8921/69/3177
f 8963/69/3178 6859/69/3178 6847/69/3178 8933/69/3178
f 8966/69/3179 6860/69/3179 6848/69/3179 8939/69/3179
f 6862/69/3180 6861/69/3180 6849/69/3180 6850/69/3180
f 8967/69/3181 8970/69/3181 8976/69/3181 8973/69/3181
f 8979/69/3182 8968/69/3182 8974/69/3182 8982/69/3182
f 8985/69/3183 8980/69/3183 8983/69/3183 8988/69/3183
f 8971/69/3184 8986/69/3184 8989/69/3184 8977/69/3184
f 8975/69/3185 8978/69/3185 8994/69/3185 8991/69/3185
f 8984/69/3186 6867/69/3186 8992/69/3186 8997/69/3186
f 8990/69/3187 6868/69/3187 8998/69/3187 9000/69/3187
f 6870/69/3188 6869/69/3188 9001/69/3188 8995/69/3188
f 8993/69/3189 8996/69/3189 9006/69/3189 9003/69/3189
f 8999/69/3190 6871/69/3190 9004/69/3190 9009/69/3190
f 9002/69/3191 6872/69/3191 9010/69/3191 9012/69/3191
f 6874/69/3192 6873/69/3192 9013/69/3192 9007/69/3192
f 9005/69/3193 9008/69/3193 8972/69/3193 8969/69/3193
f 9011/69/3194 6875/69/3194 6863/69/3194 8981/69/3194
f 9014/69/3195 6876/69/3195 6864/69/3195 8987/69/3195
f 6878/69/3196 6877/69/3196 6865/69/3196 6866/69/3196
f 9015/69/3197 9018/69/3197 9024/69/3197 9021/69/3197
f 9027/69/3198 9016/69/3198 9022/69/3198 9030/69/3198
f 9033/69/3199 9028/69/3199 9031/69/3199 9036/69/3199
f 9019/69/3200 9034/69/3200 9037/69/3200 9025/69/3200
f 9023/69/3201 9026/69/3201 9042/69/3201 9039/69/3201
f 9032/69/3202 6883/69/3202 9040/69/3202 9045/69/3202
f 9038/69/3203 6884/69/3203 9046/69/3203 9048/69/3203
f 6886/69/3204 6885/69/3204 9049/69/3204 9043/69/3204
f 9041/69/3205 9044/69/3205 9054/69/3205 9051/69/3205
f 9047/69/3206 6887/69/3206 9052/69/3206 9057/69/3206
f 9050/69/3207 6888/69/3207 9058/69/3207 9060/69/3207
f 6890/69/3208 6889/69/3208 9061/69/3208 9055/69/3208
f 9053/69/3209 9056/69/3209 9020/69/3209 9017/69/3209
f 9059/69/3210 6891/69/3210 6879/69/3210 9029/69/3210
f 9062/69/3211 6892/69/3211 6880/69/3211 9035/69/3211
f 6894/69/3212 6893/69/3212 6881/69/3212 6882/69/3212
f 9063/69/3213 9066/69/3213 9072/69/3213 9069/69/3213
f 9075/69/3214 9064/69/3214 9070/69/3214 9078/69/3214
f 9081/69/3215 9076/69/3215 9079/69/3215 9084/69/3215
f 9067/69/3216 9082/69/3216 9085/69/3216 9073/69/3216
f 9071/69/3217 9074/69/3217 9090/69/3217 9087/69/3217
f 9080/69/3218 6899/69/3218 9088/69/3218 9093/69/3218
f 9086/69/3219 6900/69/3219 9094/69/3219 9096/69/3219
f 6902/69/3220 6901/69/3220 9097/69/3220 9091/69/3220
f 9089/69/3221 9092/69/3221 9102/69/3221 9099/69/3221
f 9095/69/3222 6903/69/3222 9100/69/3222 9105/69/3222
f 9098/69/3223 6904/69/3223 9106/69/3223 9108/69/3223
f 6906/69/3224 6905/69/3224 9109/69/3224 9103/69/3224
f 9101/69/3225 9104/69/3225 9068/69/3225 9065/69/3225
f 9107/69/3226 6907/69/3226 6895/69/3226 9077/69/3226
f 9110/69/3227 6908/69/3227 6896/69/3227 9083/69/3227
f 6910/69/3228 6909/69/3228 6897/69/3228 6898/69/3228
f 9111/69/3229 9114/69/3229 9120/69/3229 9117/69/3229
f 9123/69/3230 9112/69/3230 9118/69/3230 9126/69/3230
f 9129/69/3231 9124/69/3231 9127/69/3231 9132/69/3231
f 9115/69/3232 9130/69/3232 9133/69/3232 9121/69/3232
f 9119/69/3233 9122/69/3233 9138/69/3233 9135/69/3233
f 9128/69/3234 6915/69/3234 9136/69/3234 9141/69/3234
f 9134/69/3235 6916/69/3235 9142/69/3235 9144/69/3235
f 6918/69/3236 6917/69/3236 9145/69/3236 9139/69/3236
f 9137/69/3237 9140/69/3237 9150/69/3237 9147/69/3237
f 9143/69/3238 6919/69/3238 9148/69/3238 9153/69/3238
f 9146/69/3239 6920/69/3239 9154/69/3239 9156/69/3239
f 6922/69/3240 6921/69/3240 9157/69/3240 9151/69/3240
f 9149/69/3241 9152/69/3241 9116/69/3241 9113/69/3241
f 9155/69/3242 6923/69/3242 6911/69/3242 9125/69/3242
f 9158/69/3243 6924/69/3243 6912/69/3243 9131/69/3243
f 6926/69/3244 6925/69/3244 6913/69/3244 6914/69/3244
f 9159/70/3245 9161/70/3245 9163/70/3245 9170/70/3245
f 6932/70/2387 9164/70/2387 9165/70/2387 9172/70/2387
f 6933/70/3246 9166/70/3246 9167/70/3246 9174/70/3246
f 6934/70/3247 9168/70/3247 9162/70/3247 6931/70/3247
f 6930/70/3248 6928/70/3248 6927/70/3248 6929/70/3248
f 9171/70/3248 9173/70/3248 9185/70/3248 9182/70/3248
f 9160/70/3248 9169/70/3248 9178/70/3248 9187/70/3248
f 9173/70/3248 9160/70/3248 9187/70/3248 9185/70/3248
f 9169/70/3248 9171/70/3248 9182/70/3248 9178/70/3248
f 9175/70/3249 9180/70/3249 9184/70/3249 9177/70/3249
f 9181/70/3250 9183/70/3250 9186/70/3250 6940/70/3250
f 9176/70/3251 9179/70/3251 6939/70/3251 6938/70/3251
f 6936/70/3252 9188/70/3252 6937/70/3252 6935/70/3252
f 9189/70/3245 9200/70/3245 9193/70/3245 9191/70/3245
f 6948/70/3247 9202/70/3247 9195/70/3247 9194/70/3247
f 6949/70/3246 9204/70/3246 9197/70/3246 9196/70/3246
f 6950/70/2387 6947/70/2387 9192/70/2387 9198/70/2387
f 6946/70/3248 6945/70/3248 6943/70/3248 6944/70/3248
f 9201/70/3248 9212/70/3248 9185/70/3248 9203/70/3248
f 9190/70/3248 9187/70/3248 9208/70/3248 9199/70/3248
f 9203/70/3248 9185/70/3248 9187/70/3248 9190/70/3248
f 9199/70/3248 9208/70/3248 9212/70/3248 9201/70/3248
f 9205/70/3249 9207/70/3249 9214/70/3249 9210/70/3249
f 9211/70/3250 6956/70/3250 6941/70/3250 9213/70/3250
f 9206/70/3253 6954/70/3253 6955/70/3253 9209/70/3253
f 6952/70/3252 6951/70/3252 6953/70/3252 6942/70/3252
f 9215/70/3254 9226/70/3254 9219/70/3254 9217/70/3254
f 6962/70/2387 9228/70/2387 9221/70/2387 9220/70/2387
f 6963/70/3255 9230/70/3255 9223/70/3255 9222/70/3255
f 6964/70/3247 6961/70/3247 9218/70/3247 9224/70/3247
f 6960/70/3256 6959/70/3256 6957/70/3256 6958/70/3256
f 9227/70/3256 9238/70/3256 9241/70/3256 9229/70/3256
f 9216/70/3256 9243/70/3256 9234/70/3256 9225/70/3256
f 9229/70/3256 9241/70/3256 9243/70/3256 9216/70/3256
f 9225/70/3256 9234/70/3256 9238/70/3256 9227/70/3256
f 9231/70/3257 9233/70/3257 9240/70/3257 9236/70/3257
f 9237/70/3258 6970/70/3258 9242/70/3258 9239/70/3258
f 9232/70/3259 6968/70/3259 6969/70/3259 9235/70/3259
f 6966/70/3260 6965/70/3260 6967/70/3260 9244/70/3260
f 9245/70/3254 9247/70/3254 9249/70/3254 9256/70/3254
f 6978/70/3247 9250/70/3247 9251/70/3247 9258/70/3247
f 6979/70/3255 9252/70/3255 9253/70/3255 9260/70/3255
f 6980/70/2387 9254/70/2387 9248/70/2387 6977/70/2387
f 6976/70/3256 6974/70/3256 6973/70/3256 6975/70/3256
f 9257/70/3256 9259/70/3261 9241/70/3256 9268/70/3256
f 9246/70/3261 9255/70/3256 9264/70/3256 9243/70/3256
f 9259/70/3261 9246/70/3261 9243/70/3256 9241/70/3256
f 9255/70/3256 9257/70/3256 9268/70/3256 9264/70/3256
f 9261/70/3257 9266/70/3257 9270/70/3257 9263/70/3257
f 9267/70/3258 9269/70/3258 6971/70/3258 6986/70/3258
f 9262/70/3262 9265/70/3262 6985/70/3262 6984/70/3262
f 6982/70/3260 6972/70/3260 6983/70/3260 6981/70/3260
f 9271/71/3263 9272/71/3263 9274/71/3263 9277/71/3263
f 9278/71/3264 9279/71/3265 9273/71/3266 6987/71/3264
f 9280/71/3267 9281/71/3268 6996/71/3269 6988/71/3267
f 9282/71/3270 9283/71/3271 6997/71/3272 6989/71/3270
f 9284/71/3273 9285/71/3274 6998/71/3275 6990/71/3273
f 9286/71/3276 9287/71/3277 6999/71/3278 6991/71/3276
f 9288/71/3279 9289/71/3280 7000/71/3281 6992/71/3279
f 6994/71/3282 9275/71/3282 9290/71/3282 6993/71/3282
f 6995/71/3283 9291/71/3284 9292/71/3285 9276/71/3283
f 9279/71/3265 9293/71/3286 7003/71/3287 9273/71/3266
f 9281/71/3268 9294/71/3288 7004/71/3289 6996/71/3269
f 9283/71/3271 9295/71/3290 7005/71/3291 6997/71/3272
f 9285/71/3274 9296/71/3292 7006/71/3293 6998/71/3275
f 9287/71/3277 9297/71/3294 7007/71/3295 6999/71/3278
f 9289/71/3280 9298/71/3296 7008/71/3297 7000/71/3281
f 7002/71/3298 7010/71/3299 7009/71/3300 7001/71/3298
f 9291/71/3284 9299/71/3301 9300/71/3302 9292/71/3285
f 9293/71/3286 9301/71/3303 7011/71/3304 7003/71/3287
f 9294/71/3288 9302/71/3305 7012/71/3306 7004/71/3289
f 9295/71/3290 9303/71/3307 7013/71/3308 7005/71/3291
f 9296/71/3292 9304/71/3309 7014/71/3310 7006/71/3293
f 9297/71/3294 9305/71/3311 7015/71/3312 7007/71/3295
f 9298/71/3296 9306/71/3313 7016/71/3314 7008/71/3297
f 7010/71/3299 7018/71/3315 7017/71/3316 7009/71/3300
f 9299/71/3301 9307/71/3317 9309/71/3317 9300/71/3302
f 9301/71/3303 9312/71/3318 9308/71/3319 7011/71/3304
f 9302/71/3305 9313/71/3320 7020/71/3321 7012/71/3306
f 9303/71/3307 9314/71/3322 7021/71/3323 7013/71/3308
f 9304/71/3309 9315/71/3324 7022/71/3325 7014/71/3310
f 9305/71/3311 9316/71/3326 7023/71/3327 7015/71/3312
f 9306/71/3313 9317/71/3328 7024/71/3329 7016/71/3314
f 7018/71/3315 9310/71/3330 9318/71/3330 7017/71/3316
f 7019/71/3331 9319/71/3331 9320/71/3331 9311/71/3331
f 9312/71/3318 9321/71/3332 7027/71/3332 9308/71/3319
f 9313/71/3320 9322/71/3333 7028/71/3333 7020/71/3321
f 9314/71/3322 9323/71/3334 7029/71/3334 7021/71/3323
f 9315/71/3324 9324/71/3335 7030/71/3335 7022/71/3325
f 9316/71/3326 9325/71/3336 7031/71/3336 7023/71/3327
f 9317/71/3328 9326/71/3337 7032/71/3337 7024/71/3329
f 7026/71/3338 7034/71/3338 7033/71/3338 7025/71/3338
f 9327/71/3339 9333/71/3339 9330/71/3339 9328/71/3339
f 9334/71/3267 7035/71/3267 9329/71/3340 9335/71/3341
f 9336/71/3264 7036/71/3264 7044/71/3342 9337/71/3343
f 9338/71/3344 7037/71/3344 7045/71/3345 9339/71/3346
f 9340/71/3347 7038/71/3347 7046/71/3348 9341/71/3349
f 9342/71/3279 7039/71/3279 7047/71/3350 9343/71/3351
f 9344/71/3276 7040/71/3276 7048/71/3352 9345/71/3353
f 7042/71/3354 7041/71/3354 9346/71/3354 9331/71/3354
f 7043/71/3355 9332/71/3355 9348/71/3356 9347/71/3357
f 9335/71/3341 9329/71/3340 7051/71/3358 9349/71/3359
f 9337/71/3343 7044/71/3342 7052/71/3360 9350/71/3361
f 9339/71/3346 7045/71/3345 7053/71/3362 9351/71/3363
f 9341/71/3349 7046/71/3348 7054/71/3364 9352/71/3365
f 9343/71/3351 7047/71/3350 7055/71/3366 9353/71/3367
f 9345/71/3353 7048/71/3352 7056/71/3368 9354/71/3369
f 7050/71/3370 7049/71/3370 7057/71/3371 7058/71/3372
f 9347/71/3357 9348/71/3356 9356/71/3373 9355/71/3374
f 9349/71/3359 7051/71/3358 7059/71/3375 9357/71/3376
f 9350/71/3361 7052/71/3360 7060/71/3377 9358/71/3378
f 9351/71/3363 7053/71/3362 7061/71/3379 9359/71/3380
f 9352/71/3365 7054/71/3364 7062/71/3381 9360/71/3382
f 9353/71/3367 7055/71/3366 7063/71/3383 9361/71/3384
f 9354/71/3369 7056/71/3368 7064/71/3385 9362/71/3386
f 7058/71/3372 7057/71/3371 7065/71/3387 7066/71/3388
f 9355/71/3374 9356/71/3373 9365/71/3389 9363/71/3389
f 9357/71/3376 7059/71/3375 9364/71/3390 9368/71/3391
f 9358/71/3378 7060/71/3377 7068/71/3392 9369/71/3393
f 9359/71/3380 7061/71/3379 7069/71/3394 9370/71/3395
f 9360/71/3382 7062/71/3381 7070/71/3396 9371/71/3397
f 9361/71/3384 7063/71/3383 7071/71/3398 9372/71/3399
f 9362/71/3386 7064/71/3385 7072/71/3400 9373/71/3401
f 7066/71/3388 7065/71/3387 9374/71/3402 9366/71/3402
f 7067/71/3403 9367/71/3403 9376/71/3403 9375/71/3403
f 9368/71/3391 9364/71/3390 7075/71/3404 9377/71/3404
f 9369/71/3393 7068/71/3392 7076/71/3405 9378/71/3405
f 9370/71/3395 7069/71/3394 7077/71/3406 9379/71/3406
f 9371/71/3397 7070/71/3396 7078/71/3407 9380/71/3407
f 9372/71/3399 7071/71/3398 7079/71/3408 9381/71/3408
f 9373/71/3401 7072/71/3400 7080/71/3409 9382/71/3409
f 7074/71/3410 7073/71/3410 7081/71/3410 7082/71/3410
f 6168/61/2400 6039/61/2400 7086/61/2400 7087/61/2400
f 5768/61/2400 5968/61/2400 7085/61/2400 7083/61/2400
f 6039/61/2400 5768/61/2400 7083/61/2400 7086/61/2400
f 5968/61/2400 5967/61/2400 7084/61/2400 7085/61/2400
f 6114/61/3411 5998/61/3411 7090/61/3411 7091/61/3411
f 5769/61/3412 5767/61/3412 7088/61/3412 7089/61/3412
