# Blender 5.2.2 LTS
# www.blender.org
mtllib body.mtl
o i8_misc
v 0.000000 0.851637 0.485243
v 0.388932 0.822636 0.444031
v 0.000000 0.834847 -0.489821
v 0.346195 0.805846 -0.453189
v 0.000000 0.898953 0.129332
v 0.345859 0.869953 0.116535
v 0.338395 0.856216 -0.168327
v 0.000000 0.885216 -0.180245
v 0.194466 0.844005 0.484418
v 0.173097 0.827215 -0.475901
v 0.172929 0.891321 0.122933
v 0.169197 0.877584 -0.174286
v 0.432891 0.789667 0.426448
v 0.442904 0.766110 -0.398241
v 0.400807 0.836984 0.118732
v 0.406531 0.823247 -0.161734
v 0.368174 0.709572 -0.889112
v 0.444126 0.706641 -0.731594
v 0.365051 0.649398 -1.075298
v 0.469635 0.658979 -0.973125
v 0.216883 0.654668 -1.091512
v 0.225420 0.648909 -1.168659
v 0.441047 0.736073 0.660439
v 0.485006 0.703104 0.642856
v 0.529170 0.597991 0.855731
v 0.614913 0.517435 1.220409
v 0.620945 0.497295 1.368803
v 0.501696 0.628053 -0.119600
v 0.508565 0.620538 0.124232
v 0.515433 0.613022 0.368065
v 0.522302 0.605507 0.611898
v 0.524276 0.634734 -0.967669
v 0.620061 0.505746 -0.706155
v 0.620061 0.355232 -0.899067
v 0.620061 0.171859 -0.927686
v 0.457656 0.651142 -0.851421
v 0.215540 0.654668 -1.131800
v 0.620061 0.470767 -0.802611
v 0.531680 0.565986 -1.052906
v 0.626476 0.489616 -0.561367
v 0.631775 0.374081 -0.403610
v 0.631775 0.211665 -0.072559
v 0.631775 0.242646 -0.378171
v 0.610927 0.237724 0.024626
v 0.631775 0.126488 -0.241987
v 0.631775 0.120843 -0.396170
v 0.610927 0.232767 0.176902
v 0.610927 0.205293 0.549329
v 0.610927 0.165311 0.740321
v 0.610927 0.127999 0.844295
v 0.610927 0.240299 0.990794
v 0.610927 0.213237 0.987877
v 0.610927 0.121894 0.990824
v 0.593273 0.377542 1.012601
v 0.618624 0.376967 1.500463
v 0.618624 0.151261 1.513453
v 0.486432 0.151962 1.664712
v 0.000000 0.438039 1.833609
v 0.000000 0.600122 1.284666
v 0.000000 0.565143 1.464986
v 0.000000 0.624077 1.104347
v 0.000000 0.515961 1.613380
v 0.235666 0.600122 1.240351
v 0.242449 0.624077 1.060032
v 0.274491 0.600122 1.222200
v 0.363752 0.624077 1.004906
v 0.485055 0.624077 0.872852
v 0.110463 0.515961 1.591022
v 0.000000 0.490781 1.678633
v 0.166166 0.565143 1.432806
v 0.234092 0.592003 1.282204
v 0.473097 0.602960 1.031809
v 0.357090 0.608391 1.122983
v 0.198985 0.583105 1.334348
v 0.323535 0.606874 1.149355
v 0.131216 0.532258 1.537656
v 0.079931 0.489543 1.669532
v 0.000000 0.553040 1.281728
v 0.000000 0.519042 1.456988
v 0.232110 0.553040 1.238657
v 0.164560 0.519042 1.425711
v 0.230580 0.545149 1.279335
v 0.196458 0.536500 1.330016
v 0.000000 0.150690 1.847873
v 0.000000 0.335098 1.856388
v 0.249654 0.151343 1.807171
v 0.411798 0.151766 1.753749
v 0.289354 0.233480 -1.174987
v 0.000000 0.233480 -1.215223
v 0.468476 0.218347 -1.065052
v 0.557619 0.210815 -1.010342
v 0.471551 0.343508 -1.104831
v 0.292428 0.307272 -1.212195
v 0.292428 0.232356 -1.180142
v 0.471551 0.217223 -1.070207
v 0.560694 0.343508 -1.051399
v 0.560694 0.209691 -1.015496
v 0.459340 0.498262 -1.128362
v 0.548483 0.498262 -1.074930
v 0.291254 0.567169 -1.176897
v 0.000000 0.561500 -1.212306
v 0.412099 0.566822 -1.114779
v 0.277143 0.499386 -1.236201
v 0.000000 0.499386 -1.276437
v 0.000000 0.654668 -1.122039
v 0.000000 0.654668 -1.202615
v 0.000000 0.654668 -1.162327
v 0.604689 0.232594 -0.091613
v 0.587248 0.254394 -0.010309
v 0.604689 0.133209 -0.244356
v 0.587248 0.216089 0.195172
v 0.587248 0.193105 0.506739
v 0.587248 0.159656 0.666520
v 0.587248 0.128442 0.753503
v 0.598875 0.185509 0.213158
v 0.593062 0.172583 0.439839
v 0.598875 0.127599 0.147658
v 0.593062 0.128020 0.450581
v 0.493566 0.635859 -0.345225
v 0.000000 0.737857 0.794795
v 0.218458 0.734041 0.772225
v 0.329752 0.735057 0.742707
v 0.291699 0.833320 0.464225
v 0.259646 0.816531 -0.464545
v 0.259394 0.880637 0.119734
v 0.253796 0.866900 -0.171307
v 0.290079 0.648932 -1.125063
v 0.292529 0.666151 -0.990312
v 0.378915 0.225913 -1.120020
v 0.381989 0.325390 -1.158513
v 0.381989 0.224789 -1.125174
v 0.350168 0.567209 -1.146975
v 0.368241 0.498824 -1.182281
v 0.028898 0.438571 1.828047
v 0.025246 0.335179 1.852749
v 0.443466 0.151849 1.715971
v 0.391028 0.429751 1.669276
v 0.450696 0.439746 1.618750
v 0.313168 0.423085 1.714101
v 0.493535 0.407491 1.611156
v 0.505228 0.449007 1.555488
v 0.357721 0.379280 1.707927
v 0.450921 0.386078 1.646400
v 0.037778 0.433148 1.834882
v 0.209808 0.436263 1.801570
v 0.241587 0.344278 1.818024
v 0.204418 0.344208 1.831503
v 0.034540 0.343602 1.855762
v 0.276827 0.439921 1.787501
v 0.261744 0.379122 1.803157
v 0.278674 0.408056 1.790926
v 0.030806 0.440001 1.834177
v 0.209205 0.443285 1.799841
v 0.245891 0.337314 1.818620
v 0.204872 0.337182 1.833264
v 0.027154 0.336610 1.858880
v 0.282521 0.446884 1.782715
v 0.267648 0.375084 1.801732
v 0.285334 0.405788 1.788004
v 0.207285 0.434416 1.793310
v 0.201894 0.342361 1.823242
v 0.259220 0.377276 1.794896
v 0.274303 0.438074 1.779240
v 0.035254 0.431302 1.826621
v 0.239063 0.342432 1.809764
v 0.032016 0.341755 1.847502
v 0.276150 0.406209 1.782665
v 0.261738 0.432519 1.749089
v 0.292070 0.434008 1.742004
v 0.349771 0.365983 1.734045
v 0.246864 0.360719 1.768106
v 0.264551 0.391423 1.754378
v 0.307178 0.363804 1.748704
v 0.436086 0.154164 1.696456
v 0.475785 0.154254 1.647872
v 0.216054 0.252196 1.798938
v 0.232271 0.191971 1.792153
v 0.000000 0.196557 1.830425
v 0.000000 0.252199 1.832949
v 0.337840 0.310842 1.757005
v 0.395809 0.175072 1.737208
v 0.387362 0.334149 1.742178
v 0.276806 0.196497 1.776738
v 0.279657 0.252195 1.776263
v 0.280657 0.196322 1.775397
v 0.289537 0.287950 1.774556
v 0.476437 0.566222 -1.081269
v 0.466874 0.664104 -0.968312
v 0.362093 0.654668 -1.071175
v 0.288133 0.654668 -1.122181
v 0.214197 0.654668 -1.172089
v 0.538358 0.561500 -1.055093
v 0.351763 0.561500 -1.150108
v 0.289564 0.561500 -1.181780
v 0.478602 0.561500 -1.085521
v 0.413961 0.561500 -1.118436
v 0.367655 0.614809 -1.070836
v 0.403085 0.553176 -1.100354
v 0.467628 0.621755 -0.978065
v 0.522666 0.552340 -1.038482
v 0.300222 0.610123 -1.117018
v 0.341154 0.553562 -1.132550
v 0.445371 0.645332 -0.958701
v 0.281065 0.635285 -1.110638
v 0.356038 0.635752 -1.060874
v 0.282240 0.553522 -1.162472
v 0.467423 0.552575 -1.066845
v 0.216406 0.635263 -1.154235
v 0.515262 0.621087 -0.953245
v 0.366666 0.334858 -1.160074
v 0.280853 0.317498 -1.211510
v 0.452478 0.352217 -1.108639
v 0.440778 0.500494 -1.131185
v 0.369611 0.333781 -1.165013
v 0.283799 0.316421 -1.216448
v 0.455424 0.351140 -1.113578
v 0.443724 0.499416 -1.136124
v 0.000000 0.517435 1.220409
v 0.000000 0.497295 1.368803
v 0.000000 0.505746 -0.706155
v 0.000000 0.355232 -0.899067
v 0.000000 0.171859 -0.927686
v 0.000000 0.470767 -0.802611
v 0.000000 0.489616 -0.561367
v 0.000000 0.374081 -0.403610
v 0.000000 0.242646 -0.378171
v 0.000000 0.126488 -0.241987
v 0.000000 0.120843 -0.396170
v 0.000000 0.127999 0.844295
v 0.000000 0.240299 0.990794
v 0.000000 0.213237 0.987877
v 0.000000 0.121894 0.990824
v 0.000000 0.377542 1.012601
v 0.000000 0.376967 1.500463
v 0.000000 0.151261 1.513453
v 0.000000 0.151962 1.664712
v 0.000000 0.133209 -0.244356
v 0.000000 0.128442 0.753503
v 0.000000 0.127599 0.147658
v 0.000000 0.128020 0.450581
v 0.604093 0.464652 1.092079
v 0.000000 0.464652 1.092079
v 0.411215 0.160613 1.579283
v 0.411215 0.455408 1.579283
v 0.411215 0.192090 -0.990404
v 0.411215 0.576692 -0.990404
v 0.000000 0.192090 -0.990404
v 0.000000 0.576692 -0.990404
v 0.000000 0.160613 1.579283
v 0.000000 0.500613 1.579283
v 0.411215 0.166286 1.116116
v 0.411215 0.514325 1.116116
v 0.000000 0.514325 1.116116
v 0.000000 0.166286 1.116116
v 0.411215 0.506306 1.386999
v 0.000000 0.506306 1.386999
v 0.000000 0.162968 1.386999
v 0.411215 0.162968 1.386999
v 0.411215 0.164316 1.276990
v 0.411215 0.522439 1.276990
v 0.000000 0.522439 1.276990
v 0.000000 0.164316 1.276990
v 0.602996 0.676542 0.667381
v 0.570928 0.676542 0.600855
v 0.690026 0.658626 0.603495
v 0.676029 0.658626 0.541556
v 0.624758 0.682941 0.571205
v 0.656827 0.682941 0.637732
v 0.686267 0.634867 0.541556
v 0.700263 0.634867 0.603495
v 0.656827 0.634867 0.637732
v 0.563250 0.634867 0.600855
v 0.595318 0.634867 0.667381
v 0.389096 0.437669 1.667779
v 0.447565 0.447234 1.616954
v 0.285448 0.430037 1.719453
v 0.514985 0.458245 1.537338
v 0.343149 0.362013 1.711494
v 0.375614 0.380137 1.692681
v 0.291173 0.433699 1.728565
v 0.348875 0.365674 1.720606
v 0.383020 0.368422 1.703516
v 0.459535 0.374578 1.656575
v 0.504826 0.397330 1.618944
v 0.520711 0.461906 1.546450
v 0.318894 0.426746 1.723213
v 0.363738 0.382440 1.717039
v 0.381631 0.383296 1.701793
v 0.456646 0.389740 1.655512
v 0.499261 0.411153 1.620268
v 0.510954 0.452668 1.564600
v 0.384214 0.431922 1.630747
v 0.404884 0.436474 1.670745
v 0.388141 0.431262 1.628793
v 0.408811 0.435814 1.668791
v 0.391917 0.429763 1.627012
v 0.412587 0.434315 1.667010
v 0.395397 0.427484 1.625473
v 0.416067 0.432036 1.665471
v 0.398447 0.424511 1.624235
v 0.419117 0.429063 1.664233
v 0.400950 0.420959 1.623346
v 0.421620 0.425511 1.663344
v 0.402810 0.416964 1.622839
v 0.423480 0.421516 1.662837
v 0.403955 0.412680 1.622735
v 0.424626 0.417232 1.662733
v 0.404342 0.408272 1.623037
v 0.425013 0.412824 1.663035
v 0.403955 0.403908 1.623733
v 0.424626 0.408460 1.663731
v 0.402810 0.399757 1.624797
v 0.423480 0.404309 1.664795
v 0.400950 0.395979 1.626189
v 0.421620 0.400531 1.666187
v 0.398447 0.392717 1.627853
v 0.419117 0.397269 1.667852
v 0.395397 0.390099 1.629727
v 0.416067 0.394650 1.669726
v 0.391917 0.388223 1.631739
v 0.412587 0.392775 1.671738
v 0.388141 0.387163 1.633811
v 0.408811 0.391715 1.673810
v 0.384214 0.386959 1.635864
v 0.404884 0.391511 1.675862
v 0.380287 0.387619 1.637818
v 0.400958 0.392171 1.677816
v 0.376511 0.389117 1.639599
v 0.397182 0.393669 1.679597
v 0.373031 0.391397 1.641138
v 0.393702 0.395949 1.681136
v 0.369981 0.394370 1.642376
v 0.390652 0.398922 1.682374
v 0.367478 0.397922 1.643265
v 0.388148 0.402474 1.683263
v 0.365618 0.401917 1.643772
v 0.386288 0.406469 1.683770
v 0.364473 0.406201 1.643876
v 0.385143 0.410753 1.683874
v 0.364086 0.410609 1.643574
v 0.384756 0.415161 1.683573
v 0.364473 0.414973 1.642878
v 0.385143 0.419524 1.682876
v 0.365618 0.419123 1.641814
v 0.386288 0.423675 1.681812
v 0.367478 0.422902 1.640422
v 0.388148 0.427454 1.680421
v 0.369981 0.426164 1.638757
v 0.390652 0.430715 1.678756
v 0.373031 0.428782 1.636883
v 0.393702 0.433334 1.676881
v 0.376511 0.430658 1.634871
v 0.397182 0.435210 1.674870
v 0.380287 0.431718 1.632800
v 0.400958 0.436270 1.672798
v 0.437646 0.439351 1.592504
v 0.458317 0.443903 1.632502
v 0.441573 0.438691 1.590549
v 0.462244 0.443243 1.630548
v 0.445349 0.437193 1.588768
v 0.466020 0.441745 1.628767
v 0.448829 0.434913 1.587229
v 0.469499 0.439465 1.627228
v 0.451879 0.431940 1.585992
v 0.472550 0.436492 1.625990
v 0.454382 0.428388 1.585102
v 0.475053 0.432940 1.625100
v 0.456242 0.424393 1.584595
v 0.476913 0.428945 1.624594
v 0.457388 0.420110 1.584491
v 0.478058 0.424661 1.624489
v 0.457775 0.415701 1.584793
v 0.478445 0.420253 1.624791
v 0.457388 0.411338 1.585489
v 0.478058 0.415890 1.625488
v 0.456242 0.407187 1.586554
v 0.476913 0.411739 1.626552
v 0.454382 0.403408 1.587945
v 0.475053 0.407960 1.627943
v 0.451879 0.400147 1.589610
v 0.472550 0.404699 1.629608
v 0.448829 0.397528 1.591484
v 0.469499 0.402080 1.631482
v 0.445349 0.395652 1.593496
v 0.466020 0.400204 1.633494
v 0.441573 0.394592 1.595568
v 0.462244 0.399144 1.635566
v 0.437646 0.394388 1.597620
v 0.458317 0.398940 1.637618
v 0.433720 0.395048 1.599574
v 0.454390 0.399600 1.639573
v 0.429944 0.396547 1.601355
v 0.450614 0.401099 1.641354
v 0.426464 0.398826 1.602894
v 0.447134 0.403378 1.642893
v 0.423414 0.401799 1.604132
v 0.444084 0.406351 1.644130
v 0.420910 0.405351 1.605022
v 0.441581 0.409903 1.645020
v 0.419050 0.409346 1.605528
v 0.439721 0.413898 1.645527
v 0.417905 0.413630 1.605633
v 0.438575 0.418182 1.645631
v 0.417518 0.418038 1.605331
v 0.438189 0.422590 1.645329
v 0.417905 0.422402 1.604634
v 0.438575 0.426954 1.644633
v 0.419050 0.426553 1.603570
v 0.439721 0.431105 1.643568
v 0.420910 0.430332 1.602179
v 0.441581 0.434883 1.642177
v 0.423414 0.433593 1.600514
v 0.444084 0.438145 1.640512
v 0.426464 0.436212 1.598640
v 0.447134 0.440764 1.638638
v 0.429944 0.438087 1.596628
v 0.450614 0.442639 1.636626
v 0.433720 0.439147 1.594556
v 0.454390 0.443699 1.634554
v 0.631775 0.123665 -0.319078
v 0.000000 0.123665 -0.319078
v 0.000000 0.892085 -0.025456
v 0.342127 0.863084 -0.025896
v 0.171063 0.884453 -0.025676
v 0.403669 0.830115 -0.021501
v 0.505131 0.624295 0.002316
v 0.256595 0.873768 -0.025786
v 0.400741 0.656962 -0.729467
v 0.439101 0.725994 -0.515190
v 0.479213 0.631430 -0.473214
v 0.461807 0.626651 -0.673137
v 0.445127 0.618011 -0.849320
v 0.448092 0.617833 -0.727287
v 0.450980 0.679442 -0.948797
v 0.362614 0.671067 -1.056348
v 0.288510 0.670082 -1.111658
v 0.214428 0.669097 -1.165965
v 0.466334 0.664867 -0.951258
v 0.362531 0.656323 -1.058059
v 0.288450 0.655495 -1.112680
v 0.214391 0.654668 -1.166283
v -0.388932 0.822636 0.444031
v -0.346195 0.805846 -0.453189
v -0.345859 0.869953 0.116535
v -0.338395 0.856216 -0.168327
v -0.194466 0.844005 0.484418
v -0.173097 0.827215 -0.475901
v -0.172929 0.891321 0.122933
v -0.169197 0.877584 -0.174286
v -0.432891 0.789667 0.426448
v -0.442904 0.766110 -0.398241
v -0.400807 0.836984 0.118732
v -0.406531 0.823247 -0.161734
v -0.368174 0.709572 -0.889112
v -0.444126 0.706641 -0.731594
v -0.365051 0.649398 -1.075298
v -0.469635 0.658979 -0.973125
v -0.216883 0.654668 -1.091512
v -0.225420 0.648909 -1.168659
v -0.441047 0.736073 0.660439
v -0.485006 0.703104 0.642856
v -0.529170 0.597991 0.855731
v -0.614913 0.517435 1.220409
v -0.620945 0.497295 1.368803
v -0.501696 0.628053 -0.119600
v -0.508565 0.620538 0.124232
v -0.515433 0.613022 0.368065
v -0.522302 0.605507 0.611898
v -0.524276 0.634734 -0.967669
v -0.620061 0.505746 -0.706155
v -0.620061 0.355232 -0.899067
v -0.620061 0.171859 -0.927686
v -0.457656 0.651142 -0.851421
v -0.215540 0.654668 -1.131800
v -0.620061 0.470767 -0.802611
v -0.531680 0.565986 -1.052906
v -0.626476 0.489616 -0.561367
v -0.631775 0.374081 -0.403610
v -0.631775 0.211665 -0.072559
v -0.631775 0.242646 -0.378171
v -0.610927 0.237724 0.024626
v -0.631775 0.126488 -0.241987
v -0.631775 0.120843 -0.396170
v -0.610927 0.232767 0.176902
v -0.610927 0.205293 0.549329
v -0.610927 0.165311 0.740321
v -0.610927 0.127999 0.844295
v -0.610927 0.240299 0.990794
v -0.610927 0.213237 0.987877
v -0.610927 0.121894 0.990824
v -0.593273 0.377542 1.012601
v -0.618624 0.376967 1.500463
v -0.618624 0.151261 1.513453
v -0.486432 0.151962 1.664712
v -0.235666 0.600122 1.240351
v -0.242449 0.624077 1.060032
v -0.274491 0.600122 1.222200
v -0.363752 0.624077 1.004906
v -0.485055 0.624077 0.872852
v -0.110463 0.515961 1.591022
v -0.166166 0.565143 1.432806
v -0.234092 0.592003 1.282204
v -0.473097 0.602960 1.031809
v -0.357090 0.608391 1.122983
v -0.198985 0.583105 1.334348
v -0.323535 0.606874 1.149355
v -0.131216 0.532258 1.537656
v -0.079931 0.489543 1.669532
v -0.232110 0.553040 1.238657
v -0.164560 0.519042 1.425711
v -0.230580 0.545149 1.279335
v -0.196458 0.536500 1.330016
v -0.249654 0.151343 1.807171
v -0.411798 0.151766 1.753749
v -0.289354 0.233480 -1.174987
v -0.468476 0.218347 -1.065052
v -0.557619 0.210815 -1.010342
v -0.471551 0.343508 -1.104831
v -0.292428 0.307272 -1.212195
v -0.292428 0.232356 -1.180142
v -0.471551 0.217223 -1.070207
v -0.560694 0.343508 -1.051399
v -0.560694 0.209691 -1.015496
v -0.459340 0.498262 -1.128362
v -0.548483 0.498262 -1.074930
v -0.291254 0.567169 -1.176897
v -0.412099 0.566822 -1.114779
v -0.277143 0.499386 -1.236201
v -0.604689 0.232594 -0.091613
v -0.587248 0.254394 -0.010309
v -0.604689 0.133209 -0.244356
v -0.587248 0.216089 0.195172
v -0.587248 0.193105 0.506739
v -0.587248 0.159656 0.666520
v -0.587248 0.128442 0.753503
v -0.598875 0.185509 0.213158
v -0.593062 0.172583 0.439839
v -0.598875 0.127599 0.147658
v -0.593062 0.128020 0.450581
v -0.493566 0.635859 -0.345225
v -0.218458 0.734041 0.772225
v -0.329752 0.735057 0.742707
v -0.291699 0.833320 0.464225
v -0.259646 0.816531 -0.464545
v -0.259394 0.880637 0.119734
v -0.253796 0.866900 -0.171307
v -0.290079 0.648932 -1.125063
v -0.292529 0.666151 -0.990312
v -0.378915 0.225913 -1.120020
v -0.381989 0.325390 -1.158513
v -0.381989 0.224789 -1.125174
v -0.350168 0.567209 -1.146975
v -0.368241 0.498824 -1.182281
v -0.028898 0.438571 1.828047
v -0.025246 0.335179 1.852749
v -0.443466 0.151849 1.715971
v -0.391028 0.429751 1.669276
v -0.450696 0.439746 1.618750
v -0.313168 0.423085 1.714101
v -0.493535 0.407491 1.611156
v -0.505228 0.449007 1.555488
v -0.357721 0.379280 1.707927
v -0.450921 0.386078 1.646400
v -0.037778 0.433148 1.834882
v -0.209808 0.436263 1.801570
v -0.241587 0.344278 1.818024
v -0.204418 0.344208 1.831503
v -0.034540 0.343602 1.855762
v -0.276827 0.439921 1.787501
v -0.261744 0.379122 1.803157
v -0.278674 0.408056 1.790926
v -0.030806 0.440001 1.834177
v -0.209205 0.443285 1.799841
v -0.245891 0.337314 1.818620
v -0.204872 0.337182 1.833264
v -0.027154 0.336610 1.858880
v -0.282521 0.446884 1.782715
v -0.267648 0.375084 1.801732
v -0.285334 0.405788 1.788004
v -0.207285 0.434416 1.793310
v -0.201894 0.342361 1.823242
v -0.259220 0.377276 1.794896
v -0.274303 0.438074 1.779240
v -0.035254 0.431302 1.826621
v -0.239063 0.342432 1.809764
v -0.032016 0.341755 1.847502
v -0.276150 0.406209 1.782665
v -0.261738 0.432519 1.749089
v -0.292070 0.434008 1.742004
v -0.349771 0.365983 1.734045
v -0.246864 0.360719 1.768106
v -0.264551 0.391423 1.754378
v -0.307178 0.363804 1.748704
v -0.436086 0.154164 1.696456
v -0.475785 0.154254 1.647872
v -0.216054 0.252196 1.798938
v -0.232271 0.191971 1.792153
v -0.337840 0.310842 1.757005
v -0.395809 0.175072 1.737208
v -0.387362 0.334149 1.742178
v -0.276806 0.196497 1.776738
v -0.279657 0.252195 1.776263
v -0.280657 0.196322 1.775397
v -0.289537 0.287950 1.774556
v -0.476437 0.566222 -1.081269
v -0.466874 0.664104 -0.968312
v -0.362093 0.654668 -1.071175
v -0.288133 0.654668 -1.122181
v -0.214197 0.654668 -1.172089
v -0.538358 0.561500 -1.055093
v -0.351763 0.561500 -1.150108
v -0.289564 0.561500 -1.181780
v -0.478602 0.561500 -1.085521
v -0.413961 0.561500 -1.118436
v -0.367655 0.614809 -1.070836
v -0.403085 0.553176 -1.100354
v -0.467628 0.621755 -0.978065
v -0.522666 0.552340 -1.038482
v -0.300222 0.610123 -1.117018
v -0.341154 0.553562 -1.132550
v -0.445371 0.645332 -0.958701
v -0.281065 0.635285 -1.110638
v -0.356038 0.635752 -1.060874
v -0.282240 0.553522 -1.162472
v -0.467423 0.552575 -1.066845
v -0.216406 0.635263 -1.154235
v -0.515262 0.621087 -0.953245
v -0.366666 0.334858 -1.160074
v -0.280853 0.317498 -1.211510
v -0.452478 0.352217 -1.108639
v -0.440778 0.500494 -1.131185
v -0.369611 0.333781 -1.165013
v -0.283799 0.316421 -1.216448
v -0.455424 0.351140 -1.113578
v -0.443724 0.499416 -1.136124
v -0.604093 0.464652 1.092079
v -0.411215 0.160613 1.579283
v -0.411215 0.455408 1.579283
v -0.411215 0.192090 -0.990404
v -0.411215 0.576692 -0.990404
v -0.411215 0.166286 1.116116
v -0.411215 0.514325 1.116116
v -0.411215 0.506306 1.386999
v -0.411215 0.162968 1.386999
v -0.411215 0.164316 1.276990
v -0.411215 0.522439 1.276990
v -0.602996 0.676542 0.667381
v -0.570928 0.676542 0.600855
v -0.690026 0.658626 0.603495
v -0.676029 0.658626 0.541556
v -0.624758 0.682941 0.571205
v -0.656827 0.682941 0.637732
v -0.686267 0.634867 0.541556
v -0.700263 0.634867 0.603495
v -0.656827 0.634867 0.637732
v -0.563250 0.634867 0.600855
v -0.595318 0.634867 0.667381
v -0.389096 0.437669 1.667779
v -0.447565 0.447234 1.616954
v -0.285448 0.430037 1.719453
v -0.514985 0.458245 1.537338
v -0.343149 0.362013 1.711494
v -0.375614 0.380137 1.692681
v -0.291173 0.433699 1.728565
v -0.348875 0.365674 1.720606
v -0.383020 0.368422 1.703516
v -0.459535 0.374578 1.656575
v -0.504826 0.397330 1.618944
v -0.520711 0.461906 1.546450
v -0.318894 0.426746 1.723213
v -0.363738 0.382440 1.717039
v -0.381631 0.383296 1.701793
v -0.456646 0.389740 1.655512
v -0.499261 0.411153 1.620268
v -0.510954 0.452668 1.564600
v -0.384214 0.431922 1.630747
v -0.404884 0.436474 1.670745
v -0.388141 0.431262 1.628793
v -0.408811 0.435814 1.668791
v -0.391917 0.429763 1.627012
v -0.412587 0.434315 1.667010
v -0.395397 0.427484 1.625473
v -0.416067 0.432036 1.665471
v -0.398447 0.424511 1.624235
v -0.419117 0.429063 1.664233
v -0.400950 0.420959 1.623346
v -0.421620 0.425511 1.663344
v -0.402810 0.416964 1.622839
v -0.423480 0.421516 1.662837
v -0.403955 0.412680 1.622735
v -0.424626 0.417232 1.662733
v -0.404342 0.408272 1.623037
v -0.425013 0.412824 1.663035
v -0.403955 0.403908 1.623733
v -0.424626 0.408460 1.663731
v -0.402810 0.399757 1.624797
v -0.423480 0.404309 1.664795
v -0.400950 0.395979 1.626189
v -0.421620 0.400531 1.666187
v -0.398447 0.392717 1.627853
v -0.419117 0.397269 1.667852
v -0.395397 0.390099 1.629727
v -0.416067 0.394650 1.669726
v -0.391917 0.388223 1.631739
v -0.412587 0.392775 1.671738
v -0.388141 0.387163 1.633811
v -0.408811 0.391715 1.673810
v -0.384214 0.386959 1.635864
v -0.404884 0.391511 1.675862
v -0.380287 0.387619 1.637818
v -0.400958 0.392171 1.677816
v -0.376511 0.389117 1.639599
v -0.397182 0.393669 1.679597
v -0.373031 0.391397 1.641138
v -0.393702 0.395949 1.681136
v -0.369981 0.394370 1.642376
v -0.390652 0.398922 1.682374
v -0.367478 0.397922 1.643265
v -0.388148 0.402474 1.683263
v -0.365618 0.401917 1.643772
v -0.386288 0.406469 1.683770
v -0.364473 0.406201 1.643876
v -0.385143 0.410753 1.683874
v -0.364086 0.410609 1.643574
v -0.384756 0.415161 1.683573
v -0.364473 0.414973 1.642878
v -0.385143 0.419524 1.682876
v -0.365618 0.419123 1.641814
v -0.386288 0.423675 1.681812
v -0.367478 0.422902 1.640422
v -0.388148 0.427454 1.680421
v -0.369981 0.426164 1.638757
v -0.390652 0.430715 1.678756
v -0.373031 0.428782 1.636883
v -0.393702 0.433334 1.676881
v -0.376511 0.430658 1.634871
v -0.397182 0.435210 1.674870
v -0.380287 0.431718 1.632800
v -0.400958 0.436270 1.672798
v -0.437646 0.439351 1.592504
v -0.458317 0.443903 1.632502
v -0.441573 0.438691 1.590549
v -0.462244 0.443243 1.630548
v -0.445349 0.437193 1.588768
v -0.466020 0.441745 1.628767
v -0.448829 0.434913 1.587229
v -0.469499 0.439465 1.627228
v -0.451879 0.431940 1.585992
v -0.472550 0.436492 1.625990
v -0.454382 0.428388 1.585102
v -0.475053 0.432940 1.625100
v -0.456242 0.424393 1.584595
v -0.476913 0.428945 1.624594
v -0.457388 0.420110 1.584491
v -0.478058 0.424661 1.624489
v -0.457775 0.415701 1.584793
v -0.478445 0.420253 1.624791
v -0.457388 0.411338 1.585489
v -0.478058 0.415890 1.625488
v -0.456242 0.407187 1.586554
v -0.476913 0.411739 1.626552
v -0.454382 0.403408 1.587945
v -0.475053 0.407960 1.627943
v -0.451879 0.400147 1.589610
v -0.472550 0.404699 1.629608
v -0.448829 0.397528 1.591484
v -0.469499 0.402080 1.631482
v -0.445349 0.395652 1.593496
v -0.466020 0.400204 1.633494
v -0.441573 0.394592 1.595568
v -0.462244 0.399144 1.635566
v -0.437646 0.394388 1.597620
v -0.458317 0.398940 1.637618
v -0.433720 0.395048 1.599574
v -0.454390 0.399600 1.639573
v -0.429944 0.396547 1.601355
v -0.450614 0.401099 1.641354
v -0.426464 0.398826 1.602894
v -0.447134 0.403378 1.642893
v -0.423414 0.401799 1.604132
v -0.444084 0.406351 1.644130
v -0.420910 0.405351 1.605022
v -0.441581 0.409903 1.645020
v -0.419050 0.409346 1.605528
v -0.439721 0.413898 1.645527
v -0.417905 0.413630 1.605633
v -0.438575 0.418182 1.645631
v -0.417518 0.418038 1.605331
v -0.438189 0.422590 1.645329
v -0.417905 0.422402 1.604634
v -0.438575 0.426954 1.644633
v -0.419050 0.426553 1.603570
v -0.439721 0.431105 1.643568
v -0.420910 0.430332 1.602179
v -0.441581 0.434883 1.642177
v -0.423414 0.433593 1.600514
v -0.444084 0.438145 1.640512
v -0.426464 0.436212 1.598640
v -0.447134 0.440764 1.638638
v -0.429944 0.438087 1.596628
v -0.450614 0.442639 1.636626
v -0.433720 0.439147 1.594556
v -0.454390 0.443699 1.634554
v -0.631775 0.123665 -0.319078
v -0.342127 0.863084 -0.025896
v -0.171063 0.884453 -0.025676
v -0.403669 0.830115 -0.021501
v -0.505131 0.624295 0.002316
v -0.256595 0.873768 -0.025786
v -0.400741 0.656962 -0.729467
v -0.439101 0.725994 -0.515190
v -0.479213 0.631430 -0.473214
v -0.461807 0.626651 -0.673137
v -0.445127 0.618011 -0.849320
v -0.448092 0.617833 -0.727287
v -0.450980 0.679442 -0.948797
v -0.362614 0.671067 -1.056348
v -0.288510 0.670082 -1.111658
v -0.214428 0.669097 -1.165965
v -0.466334 0.664867 -0.951258
v -0.362531 0.656323 -1.058059
v -0.288450 0.655495 -1.112680
v -0.214391 0.654668 -1.166283
vn 0.1308 0.9856 -0.1073
vn 0.2902 0.9514 -0.1036
vn 0.3332 0.9286 -0.1633
vn 0.1358 0.9769 -0.1650
vn 0.1301 0.9839 0.1229
vn 0.4430 0.8891 0.1153
vn 0.3234 0.9460 0.0224
vn 0.1266 0.9913 0.0370
vn 0.1237 0.9911 -0.0492
vn 0.3041 0.9514 -0.0480
vn -0.0000 0.9990 -0.0455
vn 0.0842 0.9953 -0.0469
vn 0.0897 0.9904 -0.1049
vn -0.0000 0.9945 -0.1052
vn -0.0000 0.9916 0.1295
vn 0.0859 0.9883 0.1259
vn 0.0844 0.9956 0.0396
vn -0.0000 0.9990 0.0441
vn 0.0926 0.9823 -0.1628
vn -0.0000 0.9867 -0.1623
vn 0.0600 0.9856 0.1579
vn 0.0469 0.9899 0.1335
vn -0.0000 0.9912 0.1321
vn -0.8961 0.0890 -0.4348
vn -0.8332 0.0958 -0.5446
vn -0.9034 0.0880 -0.4197
vn 0.0668 0.9872 0.1446
vn 0.0619 0.9890 0.1343
vn 0.0872 0.9868 0.1361
vn 0.1259 0.9823 0.1386
vn 0.0631 0.9431 0.3264
vn 0.0627 0.9469 0.3153
vn -0.0000 0.9488 0.3159
vn -0.0000 0.9422 0.3349
vn 0.0902 0.9771 0.1929
vn 0.1544 0.9780 0.1403
vn -0.0000 0.9368 0.3498
vn 0.0638 0.9349 0.3491
vn 0.0358 0.9810 0.1908
vn -0.0000 0.9816 0.1909
vn 0.1834 -0.0552 0.9815
vn -0.0000 -0.0562 0.9984
vn -0.9968 0.0761 -0.0227
vn -0.9499 0.0796 -0.3021
vn -0.0000 0.1648 -0.9863
vn -0.1859 0.1619 -0.9691
vn -0.0000 0.2215 0.9752
vn 0.1611 0.2186 0.9624
vn 0.5110 -0.2696 -0.8162
vn 0.5075 -0.3008 -0.8074
vn 0.5106 -0.2736 -0.8151
vn 0.4981 -0.2269 -0.8369
vn 0.5047 -0.2353 -0.8306
vn 0.5095 -0.1835 -0.8407
vn 0.5057 -0.1647 -0.8469
vn 0.5121 -0.0895 -0.8543
vn -0.0000 0.6856 -0.7280
vn 0.3471 0.5619 -0.7508
vn 0.2164 0.6341 -0.7424
vn 0.4028 0.5243 -0.7503
vn 0.4014 0.5313 -0.7461
vn 0.4393 0.4155 -0.7965
vn 0.4238 0.4994 -0.7557
vn 0.3932 0.5498 -0.7369
vn 0.3818 0.5918 -0.7100
vn 0.4428 0.3849 -0.8098
vn -0.0000 1.0000 -0.0000
vn -0.0000 0.1513 -0.9885
vn 0.1189 0.1502 -0.9815
vn 0.3856 -0.8181 -0.4266
vn 0.4202 -0.8495 -0.3191
vn 0.3894 -0.8219 -0.4157
vn -0.9106 0.2795 -0.3046
vn 0.5714 0.3873 0.7235
vn 0.9891 0.1450 0.0266
vn 0.9991 0.0361 0.0233
vn 0.9993 0.0292 0.0226
vn 0.9997 0.0119 0.0222
vn 0.9985 0.0476 0.0255
vn 0.9872 0.1560 0.0326
vn 0.9997 -0.0188 0.0166
vn 0.9997 -0.0209 0.0151
vn 0.9826 0.1827 0.0342
vn 0.9247 0.3753 0.0639
vn 0.9090 0.4092 0.0788
vn -0.2839 0.7788 0.5594
vn -0.2840 0.7788 0.5593
vn 0.5034 0.3264 0.8000
vn 0.4962 0.3147 0.8091
vn 0.5100 0.3373 0.7913
vn 0.5448 0.4969 0.6755
vn 0.5314 0.4251 0.7328
vn 0.4892 0.3034 0.8177
vn 0.5568 0.6056 0.5686
vn 0.7042 0.6346 -0.3185
vn 0.2111 0.2497 0.9450
vn 0.2024 0.2513 0.9465
vn 0.2548 0.2413 0.9364
vn 0.2724 0.2306 0.9341
vn 0.2941 0.2171 0.9308
vn 0.1576 0.2591 0.9529
vn 0.4369 0.1211 0.8913
vn 0.2583 0.1716 0.9507
vn 0.2807 0.1658 0.9454
vn 0.3142 0.1570 0.9363
vn 0.2410 0.1759 0.9544
vn 0.6341 0.0207 0.7729
vn 0.4861 0.0058 0.8739
vn 0.5486 0.0120 0.8360
vn 0.2605 -0.0316 0.9650
vn 0.3327 -0.0130 0.9429
vn 0.2309 -0.0391 0.9722
vn 0.1583 -0.0570 0.9857
vn 0.3228 -0.0092 0.9464
vn -0.1699 -0.6105 -0.7736
vn -0.2847 0.7788 0.5589
vn -0.2848 0.7788 0.5589
vn -0.2850 0.7788 0.5587
vn -0.2849 0.7788 0.5588
vn 0.3502 -0.7798 -0.5189
vn 0.3499 -0.7798 -0.5191
vn 0.4120 0.7140 -0.5661
vn 0.4507 0.6620 -0.5988
vn 0.4514 0.6663 -0.5936
vn 0.4221 0.7135 -0.5592
vn 0.4611 0.5653 -0.6840
vn 0.4806 0.4903 -0.7271
vn 0.4610 0.5654 -0.6839
vn 0.4337 0.4981 -0.7509
vn 0.3812 0.5491 -0.7438
vn 0.3623 0.6163 -0.6992
vn 0.3298 0.6956 -0.6382
vn 0.3138 0.7400 -0.5949
vn -0.2845 0.7788 0.5590
vn -0.0000 -0.9999 -0.0143
vn -0.0000 -1.0000 -0.0065
vn -0.0000 -0.7382 -0.6746
vn -0.0000 -0.9997 -0.0249
vn -0.0000 -0.9991 -0.0416
vn -0.0000 -0.9997 -0.0233
vn -0.0000 -1.0000 0.0014
vn -0.0000 -1.0000 0.0046
vn 0.0002 -1.0000 0.0020
vn -0.0000 -1.0000 -0.0001
vn -0.0000 -0.9909 -0.1345
vn -0.0000 -1.0000 -0.0020
vn -0.0000 -1.0000 -0.0017
vn -0.0000 -0.1310 0.9914
vn -0.0000 -0.1569 0.9876
vn -0.0000 -0.1321 0.9912
vn -0.0000 -0.1900 -0.9818
vn -0.0000 -0.0222 -0.9998
vn -0.0000 -0.0575 -0.9983
vn -0.0000 -0.6409 0.7676
vn -0.0000 -0.9993 0.0366
vn -0.0000 -0.9401 0.3409
vn -0.0000 -0.9934 0.1150
vn -0.0000 -0.9930 0.1182
vn -0.0000 -0.8261 0.5635
vn -0.0000 -0.9248 0.3804
vn -0.0000 -0.8192 0.5734
vn -0.0000 -0.1542 0.9880
vn -0.0000 -0.0376 0.9993
vn -0.0000 0.0322 0.9995
vn -0.0000 0.1462 -0.9893
vn -0.0000 -0.9296 -0.3687
vn -0.0000 -0.8068 -0.5909
vn -0.0000 -0.9318 -0.3630
vn -0.0408 -0.9920 -0.1192
vn -0.0661 -0.9955 -0.0680
vn -0.0661 -0.9955 -0.0681
vn -0.1260 -0.9818 -0.1422
vn -0.0133 -0.9686 -0.2481
vn -0.0000 -0.9674 -0.2534
vn -0.0000 -1.0000 -0.0049
vn 0.0008 -1.0000 -0.0049
vn -0.0000 -0.6740 0.7387
vn -0.0000 -0.0000 -1.0000
vn 1.0000 -0.0000 -0.0000
vn -0.0000 -0.9999 -0.0122
vn 0.0272 0.9890 0.1453
vn -0.0000 0.9894 0.1453
vn -0.0000 0.9893 0.1456
vn 0.0543 0.9879 0.1454
vn -0.0000 -0.0000 1.0000
vn -0.0000 0.9996 0.0296
vn -0.0000 0.9999 -0.0104
vn -0.0000 0.9989 0.0476
vn -0.8976 0.0842 0.4327
vn -0.8887 0.1637 0.4284
vn -0.8979 0.0801 0.4328
vn 0.8992 0.3875 -0.2032
vn 0.5645 -0.0151 0.8253
vn 0.5599 0.0193 0.8283
vn 0.4586 -0.0392 0.8878
vn 0.4459 -0.0186 0.8949
vn -0.0934 0.9946 0.0450
vn 0.4081 0.9011 -0.1463
vn 0.6730 -0.0045 0.7396
vn 0.6801 0.0969 0.7267
vn 0.4750 0.4437 0.7600
vn 0.6087 0.4135 0.6771
vn 0.6084 0.4129 0.6777
vn 0.4755 0.4432 0.7599
vn 0.3652 0.5298 0.7654
vn 0.6349 0.4751 0.6093
vn -0.6141 0.7861 0.0700
vn -0.6879 0.7108 0.1467
vn -0.7236 0.6641 0.1879
vn 0.3262 0.7903 -0.5186
vn 0.1369 0.8864 -0.4422
vn 0.3669 0.7629 -0.5322
vn -0.5803 -0.5613 0.5901
vn 0.9372 0.3242 -0.1284
vn 0.8330 0.5144 -0.2038
vn 0.6197 0.7345 -0.2766
vn 0.6336 0.7582 -0.1540
vn 0.6360 0.7633 -0.1135
vn 0.6373 0.7705 -0.0144
vn 0.8454 -0.5300 0.0670
vn 0.0620 0.9935 -0.0950
vn 0.0738 0.9911 -0.1112
vn 0.0452 0.9964 -0.0719
vn 0.5909 0.0530 -0.8050
vn 0.5881 0.0353 -0.8080
vn 0.5911 0.0542 -0.8048
vn 0.6552 0.4297 -0.6213
vn -0.0056 0.9968 -0.0799
vn 0.0329 0.9979 -0.0550
vn 0.5937 0.0718 -0.8015
vn -0.9994 0.0018 0.0333
vn 0.9425 0.3326 0.0320
vn 0.7738 -0.5028 0.3851
vn -0.1308 0.9856 -0.1073
vn -0.1358 0.9769 -0.1650
vn -0.3332 0.9286 -0.1633
vn -0.2902 0.9513 -0.1036
vn -0.1301 0.9839 0.1229
vn -0.1266 0.9913 0.0370
vn -0.3234 0.9460 0.0224
vn -0.4430 0.8891 0.1153
vn -0.1237 0.9911 -0.0492
vn -0.3041 0.9514 -0.0480
vn -0.0897 0.9904 -0.1049
vn -0.0842 0.9953 -0.0469
vn -0.0844 0.9956 0.0396
vn -0.0859 0.9883 0.1259
vn -0.0926 0.9823 -0.1628
vn -0.0600 0.9856 0.1579
vn -0.0469 0.9899 0.1335
vn 0.8961 0.0890 -0.4348
vn 0.9034 0.0880 -0.4197
vn 0.8332 0.0958 -0.5446
vn -0.0668 0.9872 0.1446
vn -0.1259 0.9823 0.1386
vn -0.0872 0.9868 0.1361
vn -0.0619 0.9890 0.1343
vn -0.0631 0.9431 0.3264
vn -0.0627 0.9469 0.3153
vn -0.0902 0.9771 0.1929
vn -0.1544 0.9780 0.1403
vn -0.0638 0.9349 0.3491
vn -0.0358 0.9810 0.1908
vn -0.1834 -0.0552 0.9815
vn 0.9968 0.0761 -0.0227
vn 0.9499 0.0796 -0.3021
vn 0.1859 0.1619 -0.9691
vn -0.1611 0.2186 0.9624
vn -0.5110 -0.2696 -0.8162
vn -0.5106 -0.2736 -0.8151
vn -0.5075 -0.3008 -0.8074
vn -0.4981 -0.2269 -0.8369
vn -0.5057 -0.1647 -0.8469
vn -0.5095 -0.1835 -0.8407
vn -0.5047 -0.2353 -0.8306
vn -0.5121 -0.0895 -0.8543
vn -0.2164 0.6341 -0.7424
vn -0.3471 0.5619 -0.7508
vn -0.4028 0.5243 -0.7503
vn -0.4238 0.4994 -0.7557
vn -0.4393 0.4155 -0.7965
vn -0.4014 0.5313 -0.7461
vn -0.4428 0.3849 -0.8098
vn -0.3818 0.5918 -0.7100
vn -0.3932 0.5498 -0.7369
vn -0.1189 0.1502 -0.9815
vn -0.3856 -0.8181 -0.4266
vn -0.3894 -0.8219 -0.4157
vn -0.4202 -0.8495 -0.3191
vn 0.9105 0.2795 -0.3046
vn -0.5714 0.3873 0.7235
vn -0.9891 0.1450 0.0266
vn -0.9997 0.0119 0.0222
vn -0.9993 0.0292 0.0226
vn -0.9991 0.0361 0.0233
vn -0.9985 0.0476 0.0255
vn -0.9997 -0.0209 0.0151
vn -0.9997 -0.0188 0.0166
vn -0.9872 0.1560 0.0326
vn -0.9826 0.1827 0.0342
vn -0.9247 0.3753 0.0639
vn -0.9090 0.4092 0.0788
vn 0.2839 0.7788 0.5594
vn 0.2840 0.7788 0.5593
vn -0.5034 0.3264 0.8000
vn -0.5314 0.4251 0.7328
vn -0.5448 0.4969 0.6755
vn -0.5100 0.3373 0.7913
vn -0.4962 0.3147 0.8091
vn -0.4892 0.3034 0.8177
vn -0.5568 0.6056 0.5686
vn -0.7042 0.6346 -0.3185
vn -0.2111 0.2497 0.9450
vn -0.2941 0.2171 0.9308
vn -0.2724 0.2306 0.9341
vn -0.2548 0.2413 0.9364
vn -0.2024 0.2513 0.9465
vn -0.1576 0.2591 0.9529
vn -0.4369 0.1211 0.8913
vn -0.2583 0.1716 0.9507
vn -0.3142 0.1570 0.9363
vn -0.2807 0.1658 0.9454
vn -0.2410 0.1759 0.9544
vn -0.6341 0.0207 0.7729
vn -0.5486 0.0120 0.8360
vn -0.4861 0.0058 0.8739
vn -0.2605 -0.0316 0.9650
vn -0.2309 -0.0391 0.9722
vn -0.3327 -0.0130 0.9429
vn -0.1583 -0.0570 0.9857
vn -0.3228 -0.0092 0.9464
vn 0.1699 -0.6105 -0.7736
vn 0.2848 0.7788 0.5589
vn 0.2847 0.7788 0.5589
vn 0.2849 0.7788 0.5588
vn 0.2850 0.7788 0.5587
vn -0.3502 -0.7798 -0.5189
vn -0.3499 -0.7798 -0.5191
vn -0.4120 0.7140 -0.5661
vn -0.4221 0.7135 -0.5592
vn -0.4514 0.6662 -0.5936
vn -0.4507 0.6620 -0.5988
vn -0.4611 0.5653 -0.6840
vn -0.4610 0.5654 -0.6839
vn -0.4806 0.4903 -0.7271
vn -0.4337 0.4981 -0.7509
vn -0.3812 0.5491 -0.7438
vn -0.3623 0.6163 -0.6992
vn -0.3298 0.6956 -0.6382
vn -0.3138 0.7400 -0.5949
vn 0.2845 0.7788 0.5590
vn -0.0002 -1.0000 0.0020
vn 0.0407 -0.9920 -0.1193
vn 0.0133 -0.9686 -0.2481
vn 0.1260 -0.9818 -0.1422
vn 0.0661 -0.9955 -0.0681
vn 0.0661 -0.9955 -0.0680
vn -0.0008 -1.0000 -0.0049
vn -1.0000 -0.0000 -0.0000
vn -0.0272 0.9890 0.1453
vn -0.0543 0.9879 0.1454
vn 0.8976 0.0842 0.4327
vn 0.8979 0.0801 0.4328
vn 0.8887 0.1637 0.4284
vn -0.8992 0.3875 -0.2032
vn -0.5645 -0.0151 0.8253
vn -0.4459 -0.0186 0.8949
vn -0.4586 -0.0392 0.8878
vn -0.5599 0.0193 0.8283
vn 0.0934 0.9946 0.0450
vn -0.4081 0.9011 -0.1463
vn -0.6730 -0.0045 0.7396
vn -0.6801 0.0969 0.7267
vn -0.4750 0.4437 0.7600
vn -0.4755 0.4432 0.7599
vn -0.6084 0.4129 0.6777
vn -0.6087 0.4135 0.6771
vn -0.3652 0.5298 0.7654
vn -0.6349 0.4751 0.6093
vn 0.6141 0.7861 0.0700
vn 0.7236 0.6641 0.1879
vn 0.6879 0.7108 0.1467
vn -0.3262 0.7903 -0.5186
vn -0.3669 0.7629 -0.5322
vn -0.1369 0.8864 -0.4422
vn 0.5803 -0.5613 0.5901
vn -0.9372 0.3242 -0.1284
vn -0.8330 0.5144 -0.2038
vn -0.6197 0.7345 -0.2766
vn -0.6360 0.7633 -0.1135
vn -0.6336 0.7582 -0.1540
vn -0.6373 0.7705 -0.0144
vn -0.8454 -0.5300 0.0670
vn -0.0620 0.9935 -0.0950
vn -0.0452 0.9964 -0.0719
vn -0.0738 0.9911 -0.1112
vn -0.5909 0.0530 -0.8050
vn -0.5911 0.0542 -0.8048
vn -0.5881 0.0353 -0.8080
vn -0.6552 0.4297 -0.6213
vn 0.0056 0.9968 -0.0799
vn -0.0329 0.9979 -0.0550
vn -0.5937 0.0718 -0.8015
vn 0.9994 0.0018 0.0333
vn -0.9425 0.3326 0.0320
vn -0.7738 -0.5028 0.3851
vn 0.5019 0.0727 -0.8619
vn 0.5424 -0.8378 -0.0618
vn 0.6366 -0.7590 -0.1367
vn 0.5680 -0.8190 -0.0814
vn -0.6054 -0.7632 0.2259
vn -0.6396 -0.7657 0.0681
vn -0.5942 -0.7594 0.2651
vn 0.7717 -0.6033 -0.2014
vn 0.6802 -0.7146 -0.1635
vn -0.5387 -0.7310 0.4188
vn 0.7874 -0.5802 -0.2082
vn 0.0424 -0.9919 -0.1199
vn 0.9577 -0.0978 -0.2708
vn -0.9546 -0.0234 0.2969
vn -0.0538 0.9779 -0.2022
vn -0.0730 0.9778 -0.1963
vn -0.0525 0.9779 -0.2026
vn 0.1689 0.2427 0.9553
vn 0.1817 0.3117 0.9327
vn 0.1817 0.3117 0.9326
vn 0.3202 0.2430 0.9156
vn 0.2321 0.2656 0.9357
vn 0.2320 0.2656 0.9357
vn 0.1479 0.2434 0.9586
vn 0.1479 0.2433 0.9586
vn 0.3431 0.2506 0.9053
vn 0.3403 0.2526 0.9057
vn 0.4418 0.1493 0.8846
vn 0.3552 0.1934 0.9146
vn 0.4418 0.1494 0.8846
vn -0.0332 0.9775 -0.2084
vn 0.0762 -0.9778 0.1953
vn 0.0567 -0.9779 0.2013
vn 0.0738 -0.9778 0.1961
vn -0.8320 0.5384 0.1339
vn -0.8310 0.5400 0.1332
vn -0.8310 0.5401 0.1332
vn -0.8301 0.5417 0.1325
vn 0.0932 -0.9773 0.1900
vn -0.8634 -0.1417 -0.4841
vn -0.0511 0.9690 -0.2418
vn 0.4368 -0.1014 -0.8938
vn -0.5019 0.0727 -0.8619
vn -0.5424 -0.8378 -0.0618
vn -0.5680 -0.8190 -0.0814
vn -0.6366 -0.7590 -0.1367
vn 0.6054 -0.7632 0.2259
vn 0.5942 -0.7594 0.2651
vn 0.6396 -0.7657 0.0681
vn -0.6802 -0.7146 -0.1635
vn -0.7717 -0.6033 -0.2014
vn 0.5387 -0.7310 0.4188
vn -0.7874 -0.5802 -0.2082
vn -0.0424 -0.9919 -0.1199
vn -0.9577 -0.0978 -0.2708
vn 0.9546 -0.0234 0.2969
vn 0.0538 0.9779 -0.2022
vn 0.0525 0.9779 -0.2026
vn 0.0730 0.9778 -0.1963
vn -0.1689 0.2427 0.9553
vn -0.1817 0.3117 0.9326
vn -0.1817 0.3117 0.9327
vn -0.3202 0.2430 0.9156
vn -0.2320 0.2656 0.9357
vn -0.2321 0.2656 0.9357
vn -0.1479 0.2433 0.9586
vn -0.1478 0.2434 0.9586
vn -0.3403 0.2526 0.9057
vn -0.3431 0.2506 0.9053
vn -0.4418 0.1493 0.8846
vn -0.4418 0.1494 0.8846
vn -0.3552 0.1934 0.9146
vn 0.0332 0.9775 -0.2084
vn -0.0762 -0.9778 0.1953
vn -0.0738 -0.9778 0.1961
vn -0.0567 -0.9779 0.2013
vn 0.8320 0.5384 0.1339
vn 0.8310 0.5401 0.1332
vn 0.8310 0.5400 0.1332
vn 0.8301 0.5417 0.1325
vn -0.0932 -0.9773 0.1900
vn 0.8634 -0.1417 -0.4841
vn 0.0511 0.9690 -0.2418
vn -0.4368 -0.1014 -0.8938
vn 0.3116 0.7545 -0.5776
vn 0.3061 0.7520 -0.5838
vn 0.3735 0.7309 -0.5712
vn 0.4231 0.7254 -0.5430
vn 0.4722 0.4768 -0.7414
vn 0.4653 0.5050 -0.7270
vn 0.4445 0.5171 -0.7314
vn 0.4330 0.4872 -0.7584
vn 0.4105 0.5293 -0.7425
vn 0.4493 0.6211 -0.6421
vn 0.3885 0.7000 -0.5992
vn 0.4325 0.6172 -0.6573
vn -0.3116 0.7545 -0.5776
vn -0.4231 0.7254 -0.5430
vn -0.3735 0.7309 -0.5712
vn -0.3061 0.7520 -0.5838
vn -0.4722 0.4768 -0.7414
vn -0.4330 0.4872 -0.7584
vn -0.4445 0.5171 -0.7314
vn -0.4653 0.5050 -0.7270
vn -0.4105 0.5293 -0.7425
vn -0.4493 0.6211 -0.6421
vn -0.4325 0.6172 -0.6573
vn -0.3885 0.7000 -0.5992
vn 0.4675 0.6308 -0.6193
vn -0.2120 0.9552 -0.2064
vn -0.2105 0.9583 -0.1933
vn -0.2119 0.9554 -0.2059
vn -0.7795 0.5695 0.2610
vn 0.3969 -0.0278 0.9174
vn 0.1930 0.0529 0.9798
vn 0.3172 0.0046 0.9484
vn 0.5228 0.0370 0.8516
vn 0.5235 0.0301 0.8515
vn 0.5473 0.1571 0.8221
vn 0.5424 0.1563 0.8254
vn 0.6978 0.3079 0.6467
vn 0.6680 0.2676 0.6944
vn 0.7614 0.4093 0.5027
vn -0.3504 0.9265 -0.1370
vn -0.3532 0.9257 -0.1352
vn -0.4809 0.8754 -0.0496
vn 0.5324 0.6208 -0.5754
vn -0.0000 0.9936 -0.1131
vn 0.1736 0.9644 -0.1995
vn 0.3404 0.8982 -0.2781
vn 0.4942 0.7975 -0.3461
vn 0.6291 0.6660 -0.4009
vn 0.7397 0.5090 -0.4402
vn 0.8219 0.3325 -0.4626
vn 0.8725 0.1432 -0.4672
vn 0.8896 -0.0516 -0.4539
vn 0.8725 -0.2445 -0.4231
vn 0.8218 -0.4280 -0.3760
vn 0.8219 -0.4280 -0.3760
vn 0.7397 -0.5950 -0.3145
vn 0.6291 -0.7391 -0.2410
vn 0.4942 -0.8548 -0.1581
vn 0.3404 -0.9377 -0.0692
vn 0.1735 -0.9846 0.0224
vn -0.0000 -0.9936 0.1131
vn -0.1735 -0.9644 0.1994
vn -0.3404 -0.8982 0.2781
vn -0.4943 -0.7974 0.3462
vn -0.6290 -0.6661 0.4009
vn -0.6290 -0.6660 0.4009
vn -0.7397 -0.5091 0.4402
vn -0.8219 -0.3324 0.4626
vn -0.8219 -0.3325 0.4626
vn -0.8725 -0.1432 0.4672
vn -0.8896 0.0516 0.4538
vn -0.8725 0.2445 0.4231
vn -0.8219 0.4279 0.3760
vn -0.7397 0.5950 0.3145
vn -0.6290 0.7391 0.2410
vn -0.4942 0.8548 0.1581
vn -0.4943 0.8548 0.1581
vn -0.3405 0.9377 0.0692
vn 0.4568 0.1006 0.8839
vn -0.1735 0.9846 -0.0224
vn -0.4568 -0.1006 -0.8839
vn 0.1735 0.9644 -0.1994
vn 0.4943 0.7974 -0.3462
vn 0.6290 0.6661 -0.4009
vn 0.7397 0.5091 -0.4402
vn 0.8896 -0.0517 -0.4538
vn 0.8219 -0.4279 -0.3760
vn 0.7397 -0.5949 -0.3145
vn 0.6290 -0.7391 -0.2410
vn 0.4943 -0.8548 -0.1582
vn 0.3405 -0.9377 -0.0692
vn -0.1736 -0.9644 0.1995
vn -0.4942 -0.7975 0.3461
vn -0.7396 -0.5091 0.4402
vn -0.8896 0.0517 0.4538
vn -0.8219 0.4280 0.3760
vn -0.7396 0.5950 0.3145
vn -0.3404 0.9377 0.0692
vn -0.4675 0.6308 -0.6193
vn 0.2119 0.9552 -0.2064
vn 0.2119 0.9554 -0.2059
vn 0.2105 0.9583 -0.1933
vn 0.7795 0.5695 0.2610
vn -0.3969 -0.0278 0.9174
vn -0.3171 0.0046 0.9484
vn -0.1930 0.0529 0.9798
vn -0.5228 0.0370 0.8516
vn -0.5235 0.0301 0.8515
vn -0.3172 0.0046 0.9483
vn -0.5473 0.1571 0.8221
vn -0.5424 0.1563 0.8254
vn -0.6978 0.3079 0.6467
vn -0.6680 0.2676 0.6944
vn -0.7614 0.4093 0.5027
vn 0.3504 0.9265 -0.1370
vn 0.3532 0.9257 -0.1352
vn 0.4809 0.8754 -0.0496
vn -0.5324 0.6208 -0.5754
vn -0.1736 0.9644 -0.1995
vn -0.3404 0.8982 -0.2781
vn -0.4942 0.7975 -0.3461
vn -0.6291 0.6660 -0.4009
vn -0.7397 0.5090 -0.4402
vn -0.8219 0.3325 -0.4626
vn -0.8725 0.1432 -0.4672
vn -0.8896 -0.0516 -0.4539
vn -0.8725 -0.2445 -0.4231
vn -0.8219 -0.4280 -0.3760
vn -0.8218 -0.4280 -0.3760
vn -0.7397 -0.5950 -0.3145
vn -0.6291 -0.7391 -0.2410
vn -0.4942 -0.8548 -0.1581
vn -0.3404 -0.9377 -0.0692
vn -0.1735 -0.9846 0.0224
vn 0.1735 -0.9644 0.1994
vn 0.3404 -0.8982 0.2781
vn 0.4943 -0.7974 0.3462
vn 0.6290 -0.6660 0.4009
vn 0.6290 -0.6661 0.4009
vn 0.7397 -0.5091 0.4402
vn 0.8219 -0.3325 0.4626
vn 0.8725 -0.1432 0.4672
vn 0.8896 0.0516 0.4538
vn 0.8725 0.2445 0.4231
vn 0.8219 0.4279 0.3760
vn 0.7397 0.5950 0.3145
vn 0.6290 0.7391 0.2410
vn 0.4943 0.8548 0.1581
vn 0.4942 0.8548 0.1581
vn 0.3405 0.9377 0.0692
vn -0.4568 0.1006 0.8839
vn 0.1736 0.9846 -0.0224
vn 0.4568 -0.1006 -0.8839
vn -0.1735 0.9644 -0.1994
vn -0.4943 0.7974 -0.3462
vn -0.6290 0.6661 -0.4009
vn -0.7397 0.5091 -0.4402
vn -0.8896 -0.0517 -0.4538
vn -0.8219 -0.4279 -0.3760
vn -0.7397 -0.5949 -0.3145
vn -0.6290 -0.7391 -0.2410
vn -0.4943 -0.8548 -0.1582
vn -0.3405 -0.9377 -0.0692
vn 0.1736 -0.9644 0.1995
vn 0.4942 -0.7975 0.3461
vn 0.7396 -0.5091 0.4402
vn 0.8896 0.0517 0.4538
vn 0.8219 0.4280 0.3760
vn 0.7396 0.5950 0.3145
vn 0.3404 0.9377 0.0692
vn 0.1735 0.9846 -0.0224
vn 0.9112 0.4117 0.0117
vn 0.9050 0.4253 0.0025
vn 0.9039 0.4276 0.0009
vn 0.8973 0.4414 -0.0072
vn 0.8972 0.4416 -0.0072
vn 0.9054 0.4238 -0.0265
vn 0.9044 0.4259 -0.0255
vn 0.8976 0.4406 -0.0138
vn 0.8975 0.4409 -0.0132
vn 0.9213 0.3880 -0.0252
vn 0.9208 0.3891 -0.0256
vn 0.9324 0.3611 -0.0151
vn -0.0000 0.9372 0.3489
vn -0.0000 0.9372 0.3487
vn 0.0875 0.9316 0.3527
vn 0.0883 0.9335 0.3475
vn -0.0000 0.9371 0.3491
vn 0.0839 0.9367 0.3400
vn 0.2032 0.9167 0.3440
vn 0.1600 0.9334 0.3212
vn 0.2459 0.9115 0.3298
vn 0.1962 0.9298 0.3115
vn 0.1944 0.9126 0.3598
vn 0.3257 0.8752 0.3576
vn 0.1124 0.9579 -0.2641
vn 0.0878 0.9598 -0.2666
vn -0.0000 0.9627 -0.2704
vn 0.0742 0.9642 -0.2546
vn 0.1317 0.9575 -0.2564
vn -0.0222 0.9681 -0.2496
vn -0.9112 0.4117 0.0117
vn -0.9039 0.4276 0.0009
vn -0.9050 0.4253 0.0025
vn -0.8973 0.4414 -0.0072
vn -0.8972 0.4416 -0.0072
vn -0.9054 0.4238 -0.0265
vn -0.8975 0.4409 -0.0132
vn -0.8976 0.4406 -0.0138
vn -0.9044 0.4259 -0.0255
vn -0.9213 0.3880 -0.0252
vn -0.9208 0.3891 -0.0256
vn -0.9324 0.3611 -0.0151
vn -0.0883 0.9335 0.3475
vn -0.0875 0.9316 0.3527
vn -0.0839 0.9367 0.3400
vn -0.1600 0.9334 0.3212
vn -0.2032 0.9167 0.3440
vn -0.1962 0.9298 0.3115
vn -0.2459 0.9115 0.3298
vn -0.1944 0.9126 0.3598
vn -0.3257 0.8752 0.3576
vn -0.1124 0.9579 -0.2641
vn -0.0878 0.9598 -0.2666
vn -0.0742 0.9642 -0.2546
vn -0.1317 0.9575 -0.2564
vn 0.0222 0.9681 -0.2496
vt 0.106201 0.297554
vt 0.081568 0.299048
vt 0.076145 0.217247
vt 0.101283 0.213318
vt 0.098911 0.481961
vt 0.070472 0.476830
vt 0.081725 0.381336
vt 0.106940 0.381618
vt 0.106570 0.339586
vt 0.081647 0.340192
vt 0.181019 0.337914
vt 0.131494 0.338979
vt 0.130834 0.296060
vt 0.179777 0.293219
vt 0.183630 0.486058
vt 0.127351 0.487092
vt 0.132154 0.381899
vt 0.182260 0.382610
vt 0.126420 0.209389
vt 0.176433 0.204222
vt 0.115002 0.708605
vt 0.112351 0.656235
vt 0.182595 0.667569
vt 0.183289 0.719980
vt 0.971859 0.830127
vt 0.971859 0.813759
vt 0.985193 0.816334
vt 0.985193 0.832243
vt 0.103676 0.703593
vt 0.089180 0.682751
vt 0.079353 0.675313
vt 0.076976 0.641033
vt 0.140249 0.926730
vt 0.134230 0.911263
vt 0.124105 0.880826
vt 0.172284 0.888981
vt 0.172284 0.932430
vt 0.115557 0.720788
vt 0.045126 0.649711
vt 0.041065 0.603581
vt 0.172200 0.951575
vt 0.149046 0.949510
vt 0.123895 0.929184
vt 0.098121 0.942998
vt 0.085389 0.955214
vt 0.073792 0.957664
vt 0.073792 0.889512
vt 0.550170 0.992499
vt 0.550170 0.923891
vt 0.563670 0.924359
vt 0.563685 0.991877
vt 0.946550 0.809982
vt 0.957537 0.808737
vt 0.957229 0.822365
vt 0.946550 0.823575
vt 0.948529 0.846373
vt 0.948529 0.823891
vt 0.962021 0.825238
vt 0.962021 0.847089
vt 0.783035 0.974696
vt 0.783037 0.928044
vt 0.796397 0.927493
vt 0.796397 0.973611
vt 0.482516 0.944821
vt 0.452426 0.948487
vt 0.451969 0.941259
vt 0.482147 0.936404
vt 0.352768 0.956375
vt 0.334553 0.951048
vt 0.328267 0.928374
vt 0.347095 0.926286
vt 0.389114 0.967005
vt 0.370983 0.961703
vt 0.365923 0.924198
vt 0.383976 0.927293
vt 0.382780 0.881879
vt 0.364727 0.878784
vt 0.873258 0.372535
vt 0.800286 0.414109
vt 0.796119 0.399442
vt 0.864674 0.356734
vt 0.357542 0.858489
vt 0.368538 0.860441
vt 0.346495 0.875485
vt 0.379966 0.862470
vt 0.390530 0.864345
vt 0.105541 0.021800
vt 0.105648 0.010140
vt 0.167220 -0.000000
vt 0.167501 0.011652
vt 0.105435 0.033461
vt 0.167782 0.023305
vt 0.734270 0.988594
vt 0.707276 0.989818
vt 0.707257 0.939712
vt 0.734270 0.919362
vt 0.946351 0.578210
vt 0.949198 0.535892
vt 0.956888 0.538827
vt 0.951172 0.577796
vt 0.823349 0.945463
vt 0.817365 0.969021
vt 0.811573 0.968388
vt 0.817558 0.944831
vt 0.321022 0.966825
vt 0.321022 0.936413
vt 0.326648 0.937346
vt 0.326648 0.967758
vt 0.377623 0.225673
vt 0.381393 0.160684
vt 0.390456 0.135707
vt 0.390522 0.222641
vt 0.360172 0.378066
vt 0.373853 0.290662
vt 0.390588 0.309576
vt 0.388878 0.422127
vt 0.371659 0.206596
vt 0.364900 0.296177
vt 0.353744 0.355227
vt 0.751418 0.476143
vt 0.762712 0.462241
vt 0.766538 0.465275
vt 0.755244 0.479177
vt 0.787544 0.429687
vt 0.778326 0.424263
vt 0.986122 0.918639
vt 0.972353 0.926973
vt 0.971253 0.901883
vt 0.975894 0.886112
vt 0.986919 0.897192
vt 0.972725 0.933333
vt 0.987143 0.944300
vt 0.987876 0.875900
vt 0.964202 0.355486
vt 0.964202 0.335311
vt 0.970883 0.334067
vt 0.970883 0.354241
vt 0.320497 0.902116
vt 0.293346 0.906887
vt 0.293200 0.895442
vt 0.303328 0.888352
vt 0.321022 0.882456
vt 0.321022 0.952285
vt 0.294772 0.955581
vt 0.311733 0.882423
vt 0.763375 0.943077
vt 0.742702 0.940547
vt 0.742721 0.927493
vt 0.763445 0.952046
vt 0.751444 0.952341
vt 0.742702 0.958901
vt 0.225198 0.952214
vt 0.183630 0.908489
vt 0.193485 0.895427
vt 0.227647 0.921532
vt 0.229534 0.937286
vt 0.989151 0.067558
vt 0.987684 0.081184
vt 0.971626 0.081809
vt 0.971874 0.062262
vt 0.987606 0.000442
vt 0.971626 -0.000000
vt 0.203281 0.882423
vt 0.229534 0.885926
vt 0.819929 0.931024
vt 0.811573 0.927493
vt 0.775816 0.445918
vt 0.779641 0.448952
vt 0.788432 0.430224
vt 0.792258 0.433258
vt 0.952067 0.626367
vt 0.949499 0.604004
vt 0.954320 0.603590
vt 0.956888 0.625953
vt 0.778774 0.488326
vt 0.794318 0.449364
vt 0.795674 0.450014
vt 0.780156 0.489184
vt 0.839439 0.929196
vt 0.824763 0.929202
vt 0.823349 0.927492
vt 0.840147 0.927492
vt 0.800510 0.415490
vt 0.761560 0.461455
vt 0.774802 0.445266
vt 0.825378 0.953403
vt 0.823974 0.955082
vt 0.808315 0.427528
vt 0.809268 0.427957
vt 0.749318 0.476422
vt 0.804336 0.418524
vt 0.743455 0.356734
vt 0.745570 0.243551
vt 0.918711 0.243551
vt 0.918277 0.356734
vt 0.617542 0.742465
vt 0.653496 0.745041
vt 0.653495 0.923891
vt 0.617542 0.921987
vt 0.742702 0.042236
vt 0.742924 -0.000000
vt 0.919550 -0.000000
vt 0.919328 0.042236
vt 0.747515 0.156008
vt 0.918976 0.156008
vt 0.873258 0.356734
vt 0.916979 0.395077
vt 0.916979 0.535710
vt 0.873258 0.535585
vt 0.575011 0.743777
vt 0.575011 0.921555
vt 0.749461 0.068465
vt 0.919240 0.068465
vt 0.912223 0.706055
vt 0.873258 0.697915
vt 0.873258 0.535892
vt 0.912223 0.539211
vt 0.873258 0.707116
vt 0.911249 0.710801
vt 0.911249 0.871130
vt 0.873258 0.867446
vt 0.327130 0.699445
vt 0.392440 0.701497
vt 0.392440 0.858489
vt 0.327130 0.856437
vt 0.183630 0.702994
vt 0.213512 0.701364
vt 0.213512 0.880630
vt 0.183630 0.882260
vt 0.941876 0.173750
vt 0.964202 0.173777
vt 0.964202 0.356430
vt 0.941876 0.356403
vt 0.241994 0.700931
vt 0.241994 0.880197
vt 0.537010 0.747574
vt 0.537010 0.922224
vt 0.971626 0.173723
vt 0.919550 0.169339
vt 0.971626 0.004384
vt 0.919944 0.706577
vt 0.919944 0.539733
vt 0.946351 0.707116
vt 0.946351 0.540272
vt 0.946550 0.708424
vt 0.946550 0.868754
vt 0.283553 0.699445
vt 0.327130 0.699770
vt 0.327130 0.882423
vt 0.283553 0.880566
vt 0.671107 0.835585
vt 0.686490 0.809631
vt 0.701873 0.783677
vt 0.717184 0.757844
vt 0.740141 0.740114
vt 0.742702 0.919362
vt 0.660676 0.919362
vt 0.969885 0.535892
vt 0.931789 0.407546
vt 0.942705 0.416737
vt 0.958135 0.463668
vt 0.512528 0.751925
vt 0.512528 0.923447
vt 0.742702 0.927493
vt 0.742702 0.816155
vt 0.847058 0.815769
vt 0.847058 0.927106
vt 0.631414 0.684808
vt 0.730762 0.683912
vt 0.716716 0.739345
vt 0.631414 0.740114
vt 0.631414 0.055524
vt 0.512528 0.055967
vt 0.512528 0.000443
vt 0.631414 -0.000000
vt 0.393626 0.688646
vt 0.512268 0.688532
vt 0.512348 0.744220
vt 0.392633 0.744799
vt 0.971254 0.986489
vt 0.886287 0.983839
vt 0.873258 0.871130
vt 0.971254 0.874186
vt 0.392633 0.000114
vt 0.511275 0.000000
vt 0.512155 0.610080
vt 0.393512 0.610195
vt 0.631414 0.742022
vt 0.512528 0.742465
vt 0.512528 0.134187
vt 0.631414 0.133744
vt 0.631414 0.001004
vt 0.742702 -0.000000
vt 0.732123 0.605987
vt 0.631414 0.606895
vt 0.393885 0.656654
vt 0.512528 0.656539
vt 0.631414 0.087290
vt 0.512528 0.087733
vt 0.631414 0.653166
vt 0.735040 0.652232
vt 0.848588 0.923233
vt 0.850146 0.911298
vt 0.871070 0.915666
vt 0.869511 0.927601
vt 0.410104 0.950607
vt 0.417063 0.950249
vt 0.417063 0.968524
vt 0.410104 0.968883
vt 0.635330 0.939053
vt 0.649192 0.938918
vt 0.647262 0.956490
vt 0.635330 0.958702
vt 0.606612 0.942953
vt 0.606612 0.925290
vt 0.627897 0.923891
vt 0.627897 0.941555
vt 0.606882 0.960455
vt 0.624460 0.955162
vt 0.635638 0.923891
vt 0.642603 0.926619
vt 0.989218 0.897577
vt 0.988487 0.918713
vt 0.990292 0.952038
vt 0.990292 0.871130
vt 0.181090 0.943863
vt 0.181090 0.937913
vt 0.183630 0.936262
vt 0.183630 0.942211
vt 0.948763 0.634309
vt 0.946351 0.626367
vt 0.949374 0.626568
vt 0.951786 0.634510
vt 0.511641 0.839652
vt 0.511642 0.860375
vt 0.508395 0.860075
vt 0.508395 0.839352
vt 0.919550 0.173723
vt 0.919550 0.356376
vt 0.204315 0.470883
vt 0.242452 0.454138
vt 0.243569 0.491428
vt 0.215851 0.504697
vt 0.235429 0.567678
vt 0.244735 0.549507
vt 0.815299 0.567441
vt 0.812446 0.551687
vt 0.825398 0.544893
vt 0.798984 0.519038
vt 0.221419 0.566798
vt 0.810308 0.430493
vt 0.797119 0.453505
vt 0.234772 0.681591
vt 0.234367 0.699445
vt 0.230192 0.699333
vt 0.230552 0.681276
vt 0.233618 0.629301
vt 0.235177 0.663444
vt 0.230912 0.662929
vt 0.229272 0.629079
vt 0.782304 0.493621
vt 0.822983 0.406194
vt 0.823609 0.407753
vt 0.970515 0.868836
vt 0.966340 0.868975
vt 0.966340 0.848974
vt 0.237551 0.600889
vt 0.247033 0.600740
vt 0.327130 0.925484
vt 0.345170 0.923483
vt 0.961824 0.697497
vt 0.959160 0.590385
vt 0.966543 0.602675
vt 0.968772 0.692284
vt 0.958192 0.770103
vt 0.963010 0.741398
vt 0.969885 0.750990
vt 0.965855 0.775004
vt 0.958192 0.535892
vt 0.965733 0.557088
vt 0.960908 0.820483
vt 0.968651 0.820805
vt 0.379982 0.138671
vt 0.390815 0.108815
vt 0.183630 0.909732
vt 0.183630 0.936261
vt 0.181117 0.936223
vt 0.181117 0.909693
vt 0.966504 0.830502
vt 0.966340 0.821212
vt 0.968871 0.821408
vt 0.969034 0.830698
vt 0.658066 0.900919
vt 0.656160 0.912179
vt 0.653706 0.911939
vt 0.655612 0.900679
vt 0.291121 0.954379
vt 0.290621 0.904211
vt 0.292692 0.904179
vt 0.293201 0.956184
vt 0.263328 0.897523
vt 0.263467 0.908968
vt 0.261396 0.909044
vt 0.261252 0.896436
vt 0.264869 0.957662
vt 0.262875 0.960009
vt 0.291156 0.884551
vt 0.293201 0.882505
vt 0.281867 0.884513
vt 0.273459 0.890438
vt 0.272253 0.888706
vt 0.281196 0.882423
vt 0.656160 0.851437
vt 0.653706 0.851197
vt 0.957786 0.726965
vt 0.957598 0.777688
vt 0.955080 0.777959
vt 0.955267 0.727236
vt 0.966340 0.848778
vt 0.966458 0.838789
vt 0.968989 0.838984
vt 0.968871 0.848974
vt 0.957598 0.707116
vt 0.955080 0.707386
vt 0.962020 0.866496
vt 0.962020 0.823621
vt 0.963457 0.823933
vt 0.963457 0.866807
vt 0.659735 0.879601
vt 0.659735 0.908005
vt 0.658066 0.908024
vt 0.658066 0.879620
vt 0.659735 0.851197
vt 0.658066 0.851216
vt 0.966340 0.824227
vt 0.363210 0.921483
vt 0.768366 0.499583
vt 0.778071 0.487490
vt 0.786631 0.489596
vt 0.392633 0.950249
vt 0.407304 0.950615
vt 0.406162 0.958071
vt 0.392633 0.974457
vt 0.805889 0.431565
vt 0.793540 0.451501
vt 0.812141 0.430562
vt 0.798144 0.452398
vt 0.952333 0.653892
vt 0.953915 0.647288
vt 0.956986 0.647572
vt 0.955405 0.654175
vt 0.201318 0.952213
vt 0.201318 0.969921
vt 0.198488 0.971540
vt 0.198488 0.953833
vt 0.493298 0.924506
vt 0.507872 0.935533
vt 0.511022 0.943271
vt 0.489120 0.929496
vt 0.492926 0.918146
vt 0.488593 0.918502
vt 0.491983 0.893116
vt 0.487509 0.893014
vt 0.496624 0.877345
vt 0.492442 0.876235
vt 0.508606 0.867133
vt 0.511022 0.862363
vt 0.950230 0.679272
vt 0.953253 0.679472
vt 0.946351 0.694538
vt 0.949374 0.694739
vt 0.473451 0.950249
vt 0.473451 0.963161
vt 0.472173 0.963181
vt 0.472173 0.950269
vt 0.470942 0.963243
vt 0.470942 0.950330
vt 0.469806 0.963344
vt 0.469806 0.950432
vt 0.468809 0.963481
vt 0.468809 0.950568
vt 0.161060 0.963964
vt 0.161060 0.951721
vt 0.162088 0.951996
vt 0.162088 0.964238
vt 0.163247 0.952193
vt 0.163247 0.964435
vt 0.164491 0.952306
vt 0.164491 0.964548
vt 0.165773 0.952331
vt 0.165773 0.964573
vt 0.167044 0.952266
vt 0.167044 0.964508
vt 0.168255 0.952114
vt 0.168255 0.964356
vt 0.169359 0.951880
vt 0.169359 0.964122
vt 0.170315 0.951575
vt 0.170315 0.963817
vt 0.142579 0.964710
vt 0.142579 0.951613
vt 0.143626 0.951595
vt 0.143626 0.964692
vt 0.144798 0.951583
vt 0.144798 0.964679
vt 0.146050 0.951576
vt 0.146050 0.964673
vt 0.147334 0.951575
vt 0.147334 0.964672
vt 0.148600 0.951580
vt 0.148600 0.964677
vt 0.149799 0.951591
vt 0.149799 0.964688
vt 0.150887 0.951607
vt 0.150887 0.964704
vt 0.151820 0.951628
vt 0.151820 0.964725
vt 0.124105 0.964739
vt 0.124105 0.951657
vt 0.125157 0.951618
vt 0.125157 0.964701
vt 0.126332 0.951591
vt 0.126332 0.964673
vt 0.127585 0.951576
vt 0.127585 0.964659
vt 0.128869 0.951575
vt 0.128869 0.964657
vt 0.130134 0.951587
vt 0.130134 0.964669
vt 0.131331 0.951611
vt 0.131331 0.964693
vt 0.132414 0.951647
vt 0.132414 0.964730
vt 0.133342 0.951694
vt 0.133342 0.964776
vt 0.478072 0.950577
vt 0.478072 0.963489
vt 0.477084 0.963351
vt 0.477084 0.950439
vt 0.475955 0.963248
vt 0.475955 0.950335
vt 0.447553 0.950501
vt 0.448801 0.950249
vt 0.450073 0.950248
vt 0.451321 0.950498
vt 0.452496 0.950989
vt 0.453553 0.951701
vt 0.454453 0.952609
vt 0.455159 0.953676
vt 0.455646 0.954862
vt 0.455894 0.956121
vt 0.455894 0.957405
vt 0.455646 0.958665
vt 0.455159 0.959851
vt 0.454452 0.960919
vt 0.453553 0.961828
vt 0.452495 0.962542
vt 0.451320 0.963034
vt 0.450073 0.963286
vt 0.448801 0.963287
vt 0.447553 0.963037
vt 0.446378 0.962546
vt 0.445320 0.961834
vt 0.444421 0.960926
vt 0.443714 0.959859
vt 0.443228 0.958673
vt 0.442979 0.957414
vt 0.442979 0.956130
vt 0.443228 0.954870
vt 0.443714 0.953684
vt 0.444421 0.952616
vt 0.445321 0.951707
vt 0.446378 0.950993
vt 0.474729 0.963183
vt 0.474729 0.950271
vt 0.430271 0.954866
vt 0.430759 0.953679
vt 0.431468 0.952612
vt 0.432371 0.951704
vt 0.433432 0.950990
vt 0.434612 0.950499
vt 0.435863 0.950249
vt 0.437140 0.950249
vt 0.438391 0.950499
vt 0.439570 0.950991
vt 0.440631 0.951704
vt 0.441534 0.952612
vt 0.442243 0.953680
vt 0.442731 0.954866
vt 0.442979 0.956125
vt 0.442979 0.957410
vt 0.442730 0.958669
vt 0.442241 0.959855
vt 0.441532 0.960923
vt 0.440630 0.961831
vt 0.439568 0.962544
vt 0.438389 0.963036
vt 0.437137 0.963286
vt 0.435861 0.963286
vt 0.434609 0.963035
vt 0.433430 0.962544
vt 0.432369 0.961831
vt 0.431467 0.960923
vt 0.430758 0.959855
vt 0.430270 0.958669
vt 0.430021 0.957409
vt 0.430021 0.956125
vt 0.482715 0.950249
vt 0.482715 0.963161
vt 0.481436 0.963181
vt 0.481436 0.950269
vt 0.480205 0.963243
vt 0.480205 0.950330
vt 0.479069 0.963344
vt 0.479069 0.950432
vt 0.478072 0.963480
vt 0.478072 0.950568
vt 0.183630 0.964602
vt 0.183630 0.952360
vt 0.184658 0.952634
vt 0.184658 0.964876
vt 0.185816 0.952832
vt 0.185816 0.965074
vt 0.187060 0.952945
vt 0.187060 0.965187
vt 0.188342 0.952969
vt 0.188342 0.965211
vt 0.189613 0.952904
vt 0.189613 0.965146
vt 0.190824 0.952752
vt 0.190824 0.964994
vt 0.191929 0.952519
vt 0.191929 0.964761
vt 0.192884 0.952214
vt 0.192884 0.964456
vt 0.151820 0.964709
vt 0.151820 0.951612
vt 0.152867 0.951595
vt 0.152867 0.964692
vt 0.154039 0.951582
vt 0.154039 0.964679
vt 0.155291 0.951576
vt 0.155291 0.964672
vt 0.156574 0.951575
vt 0.156574 0.964671
vt 0.157840 0.951580
vt 0.157840 0.964677
vt 0.159040 0.951591
vt 0.159040 0.964687
vt 0.160127 0.951607
vt 0.160127 0.964704
vt 0.161061 0.951628
vt 0.161061 0.964725
vt 0.133342 0.964739
vt 0.133342 0.951657
vt 0.134394 0.951618
vt 0.134394 0.964700
vt 0.135569 0.951591
vt 0.135569 0.964673
vt 0.136822 0.951576
vt 0.136822 0.964659
vt 0.138106 0.951575
vt 0.138106 0.964657
vt 0.139371 0.951586
vt 0.139371 0.964669
vt 0.140568 0.951611
vt 0.140568 0.964693
vt 0.141651 0.951647
vt 0.141651 0.964729
vt 0.142579 0.951693
vt 0.142579 0.964776
vt 0.487336 0.950577
vt 0.487336 0.963489
vt 0.486348 0.963351
vt 0.486348 0.950438
vt 0.485219 0.963247
vt 0.485219 0.950335
vt 0.460468 0.950501
vt 0.461716 0.950249
vt 0.462988 0.950249
vt 0.464235 0.950498
vt 0.465410 0.950989
vt 0.466468 0.951702
vt 0.467367 0.952609
vt 0.468074 0.953676
vt 0.468561 0.954862
vt 0.468809 0.956121
vt 0.468809 0.957405
vt 0.468561 0.958665
vt 0.468074 0.959852
vt 0.467367 0.960920
vt 0.466468 0.961828
vt 0.465410 0.962542
vt 0.464235 0.963035
vt 0.462987 0.963286
vt 0.461715 0.963287
vt 0.460468 0.963037
vt 0.459293 0.962546
vt 0.458235 0.961834
vt 0.457336 0.960926
vt 0.456629 0.959859
vt 0.456142 0.958673
vt 0.455894 0.957414
vt 0.455894 0.956130
vt 0.456142 0.954871
vt 0.456629 0.953684
vt 0.457336 0.952616
vt 0.458235 0.951707
vt 0.459293 0.950993
vt 0.483992 0.963183
vt 0.483992 0.950271
vt 0.417312 0.954867
vt 0.417800 0.953681
vt 0.418510 0.952613
vt 0.419412 0.951705
vt 0.420473 0.950991
vt 0.421652 0.950499
vt 0.422904 0.950249
vt 0.424180 0.950249
vt 0.425432 0.950499
vt 0.426611 0.950990
vt 0.427672 0.951703
vt 0.428575 0.952611
vt 0.429284 0.953679
vt 0.429772 0.954865
vt 0.430021 0.956124
vt 0.430021 0.957408
vt 0.429772 0.958668
vt 0.429284 0.959854
vt 0.428575 0.960922
vt 0.427672 0.961830
vt 0.426611 0.962544
vt 0.425432 0.963035
vt 0.424180 0.963286
vt 0.422904 0.963286
vt 0.421652 0.963036
vt 0.420473 0.962545
vt 0.419412 0.961831
vt 0.418510 0.960924
vt 0.417800 0.959856
vt 0.417312 0.958670
vt 0.417063 0.957410
vt 0.417063 0.956126
vt 0.187556 0.403981
vt 0.244858 0.388988
vt 0.185593 0.363733
vt 0.246017 0.353814
vt 0.197700 0.233987
vt 0.249492 0.248295
vt 0.247175 0.318641
vt 0.183630 0.323485
vt 0.223264 0.170144
vt 0.251810 0.177948
vt 0.254127 0.107602
vt 0.183112 0.576814
vt 0.119851 0.571663
vt 0.087566 0.563796
vt 0.054912 0.540672
vt 0.084591 0.063070
vt 0.064499 0.092336
s 1
usemtl Material.002
f 126/1/1 7/2/2 4/3/3 124/4/4
f 123/5/5 2/6/6 6/7/7 125/8/8
f 427/9/9 423/10/10 7/2/2 126/1/1
f 422/11/11 424/12/12 12/13/13 8/14/14
f 1/15/15 9/16/16 11/17/17 5/18/18
f 8/14/14 12/13/13 10/19/19 3/20/20
f 63/21/21 64/22/22 61/23/23 59/24/23
f 74/25/24 71/26/25 82/27/25 83/28/26
f 65/29/27 75/30/28 73/31/29 66/32/30 64/22/22 63/21/21
f 68/33/31 76/34/32 70/35/32 60/36/33 62/37/34
f 71/38/35 65/29/27 63/21/21
f 73/31/29 72/39/36 67/40/36 66/32/30
f 69/41/37 77/42/38 68/33/31 62/37/34
f 81/43/39 83/44/39 82/45/39 80/46/39 78/47/40 79/35/40
f 63/48/41 59/49/42 78/50/42 80/51/41
f 71/52/43 63/53/43 80/54/43 82/55/43
f 70/56/44 74/57/24 83/58/26 81/59/44
f 60/60/45 70/61/46 81/62/46 79/63/45
f 58/64/47 85/65/47 135/66/48 134/67/48
f 131/68/49 94/69/50 93/70/50 130/71/51
f 97/72/52 95/73/53 92/74/54 96/75/55
f 99/76/56 96/75/55 92/74/54 98/77/56
f 101/78/57 194/79/58 103/80/59 104/81/57
f 193/82/60 196/83/61 98/77/62 133/84/63
f 98/77/62 196/83/61 195/85/64 192/86/65 99/76/66
f 37/87/67 191/88/67 106/89/67 107/90/67
f 21/91/67 37/87/67 107/90/67 105/92/67
f 101/93/68 106/94/68 191/95/69 194/96/69
f 19/97/70 20/98/71 203/99/71 205/100/72
f 32/101/73 39/102/73 200/103/73 209/104/73
f 100/105/74 22/106/74 208/107/74 206/108/74
f 116/109/75 113/110/76 114/111/77 118/112/78
f 108/113/79 115/114/80 117/115/81 110/116/82
f 115/114/80 116/109/75 118/112/78 117/115/81
f 112/117/83 116/109/75 115/114/80 111/118/84
f 108/113/79 109/119/85 111/118/84 115/114/80
f 113/110/76 116/109/75 112/117/83
f 424/12/12 427/9/9 126/1/1 12/13/13
f 9/16/16 123/5/5 125/8/8 11/17/17
f 12/13/13 126/1/1 124/4/4 10/19/19
f 39/120/86 187/121/87 207/122/87 200/123/86
f 194/79/58 193/124/60 133/125/63 103/80/59
f 95/73/53 131/68/49 130/71/51 92/74/54
f 137/126/88 279/127/89 143/128/90 140/129/91 138/130/92
f 142/131/93 279/127/89 137/126/88 139/132/93
f 140/129/91 141/133/94 138/130/92
f 278/134/95 276/135/95 169/136/95 170/137/95
f 160/138/96 161/139/97 165/140/98 162/141/99 163/142/100
f 164/143/101 166/144/101 161/139/97 160/138/96
f 163/142/100 162/141/99 167/145/102
f 169/146/103 173/147/104 170/148/105
f 168/149/106 172/150/106 171/151/106 173/147/104 169/146/103
f 175/152/107 182/153/107 180/154/108 181/155/109 174/156/107
f 177/157/110 183/158/111 184/159/111 176/160/112
f 178/161/113 177/157/110 176/160/112 179/162/113
f 180/154/108 186/163/114 185/164/114 181/155/109
f 20/165/115 32/101/115 209/104/115 203/166/115
f 187/121/87 102/167/116 198/168/117 207/122/87
f 102/167/116 132/169/118 202/170/119 198/168/117
f 22/171/120 127/172/121 204/173/121 208/174/120
f 20/175/122 19/176/123 189/177/124 188/178/125
f 127/179/126 22/180/127 191/181/127 190/182/128
f 100/183/129 132/169/130 193/124/60 194/79/58
f 102/167/131 187/121/132 195/184/64 196/185/61
f 22/180/127 100/186/129 194/187/58 191/181/127
f 19/176/123 127/188/126 190/189/128 189/177/124
f 132/169/130 102/167/131 196/185/61 193/124/60
f 187/121/132 39/120/133 192/190/65 195/184/64
f 127/172/121 19/97/70 205/100/72 204/173/121
f 132/169/118 100/183/134 206/191/134 202/170/119
f 110/192/135 117/193/136 239/194/136 237/195/135
f 27/196/137 55/197/137 234/198/137 219/199/137
f 50/200/138 53/201/139 232/202/139 229/203/140
f 117/193/136 118/204/141 240/205/141 239/194/136
f 56/206/142 57/207/143 236/208/144 235/209/142
f 26/210/145 27/196/145 219/199/145 218/211/145
f 114/212/146 50/200/138 229/203/140 238/213/147
f 51/214/148 54/215/149 233/216/149 230/217/150
f 41/218/151 43/219/152 226/220/152 225/221/151
f 55/222/153 56/223/153 235/224/153 234/225/153
f 34/226/154 38/227/154 223/228/154 221/229/154
f 420/230/155 45/231/155 227/232/155 421/233/155
f 118/204/141 114/212/146 238/213/147 240/205/141
f 38/227/156 33/234/157 220/235/158 223/228/156
f 241/236/159 26/210/160 218/211/160 242/237/161
f 35/238/162 34/239/162 221/202/162 222/240/162
f 52/241/163 51/214/148 230/217/150 231/242/163
f 53/243/164 52/241/163 231/242/163 232/244/164
f 43/219/152 46/245/165 228/246/165 226/220/152
f 40/247/166 41/248/167 225/249/167 224/250/168
f 33/234/157 40/247/166 224/250/168 220/235/158
f 88/251/169 129/252/170 90/253/171 91/254/172 35/255/173 222/256/174 89/257/174
f 84/258/175 236/208/144 57/207/143 136/259/176 87/260/176 86/261/176
f 54/262/177 241/236/159 242/237/161 233/263/177
f 247/264/178 248/265/178 246/266/178 245/267/178
f 258/268/179 255/269/179 244/270/179 243/271/179
f 257/272/180 258/273/180 243/274/180 249/275/180
f 255/276/181 256/277/182 250/278/183 244/279/184
f 243/280/185 244/281/185 250/282/185 249/283/185
f 246/284/186 248/285/186 253/286/187 252/287/187
f 247/288/180 245/289/180 251/290/180 254/291/180
f 245/292/179 246/293/179 252/294/179 251/295/179
f 260/296/188 261/297/188 256/277/182 255/276/181
f 262/298/180 259/299/180 258/273/180 257/272/180
f 259/300/179 260/301/179 255/269/179 258/268/179
f 251/295/179 252/294/179 260/301/179 259/300/179
f 254/291/180 251/290/180 259/299/180 262/298/180
f 252/287/187 253/286/187 261/297/188 260/296/188
f 273/302/189 263/303/190 264/304/190 272/305/191
f 269/306/192 266/307/192 265/308/192 270/309/192
f 271/310/193 268/311/194 263/312/195 273/313/196
f 267/314/197 264/315/197 263/316/197 268/317/197
f 266/318/198 267/314/198 268/317/198 265/319/198
f 270/320/199 265/321/200 268/311/194 271/310/193
f 137/126/201 138/130/202 275/322/203 274/323/204
f 139/132/205 137/126/201 274/323/204 276/324/205
f 138/130/202 141/133/206 277/325/206 275/322/203
f 277/326/207 141/327/208 291/328/209 285/329/207
f 139/330/210 276/331/211 280/332/211 286/333/212
f 276/334/213 278/335/213 281/336/213 280/337/213
f 46/338/155 420/230/155 421/233/155 228/339/155
f 11/17/17 125/8/8 427/9/9 424/12/12
f 5/18/18 11/17/17 424/12/12 422/11/11
f 125/8/8 6/7/7 423/10/10 427/9/9
f 14/340/214 119/341/214 430/342/214 429/343/214
f 428/344/215 429/343/215 430/342/215 431/345/215
f 431/346/216 433/347/217 428/348/218
f 433/347/217 432/349/219 428/348/218
f 18/350/220 14/340/220 429/343/220 428/344/220
f 440/351/221 439/352/222 189/177/222 190/189/223
f 440/353/224 441/354/225 437/355/225 436/356/226
f 438/357/227 439/358/227 435/359/227 434/360/227
f 188/178/228 189/177/228 439/352/228 438/361/228
f 190/189/223 191/362/229 441/363/229 440/351/221
f 436/356/226 435/359/230 439/358/230 440/353/224
f 437/364/231 441/365/231 21/366/231
f 434/360/232 18/350/232 36/367/232 438/357/232
f 432/368/233 36/367/233 18/350/233 428/344/233
f 546/1/234 544/4/235 443/3/236 445/2/237
f 543/5/238 545/8/239 444/7/240 442/6/241
f 809/9/242 546/1/234 445/2/237 805/10/243
f 422/11/11 8/14/14 449/13/244 806/12/245
f 1/15/15 5/18/18 448/17/246 446/16/247
f 8/14/14 3/20/20 447/19/248 449/13/244
f 495/21/249 59/24/23 61/23/23 496/22/250
f 505/25/251 512/28/252 511/27/253 502/26/253
f 497/29/254 495/21/249 496/22/250 498/32/255 504/31/256 506/30/257
f 500/33/258 62/37/34 60/36/33 501/35/259 507/34/259
f 502/38/260 495/21/249 497/29/254
f 504/31/256 498/32/255 499/40/261 503/39/261
f 69/41/37 62/37/34 500/33/258 508/42/262
f 510/43/263 79/35/40 78/47/40 509/46/263 511/45/263 512/44/263
f 495/48/264 509/51/264 78/50/42 59/49/42
f 502/52/265 511/55/265 509/54/265 495/53/265
f 501/56/266 510/59/266 512/58/252 505/57/251
f 60/60/45 79/63/45 510/62/267 501/61/267
f 58/64/47 554/67/268 555/66/268 85/65/47
f 551/68/269 550/71/270 519/70/271 520/69/271
f 523/72/272 522/75/273 518/74/274 521/73/275
f 525/76/276 524/77/276 518/74/274 522/75/273
f 101/78/57 104/81/57 528/80/277 612/79/278
f 611/82/279 553/84/280 524/77/281 614/83/282
f 524/77/281 525/76/283 610/86/284 613/85/285 614/83/282
f 474/87/67 107/90/67 106/89/67 609/88/67
f 458/91/67 105/92/67 107/90/67 474/87/67
f 101/93/68 612/96/286 609/95/286 106/94/68
f 456/97/287 623/100/288 621/99/289 457/98/289
f 469/101/290 627/104/290 618/103/290 476/102/290
f 526/105/291 624/108/291 626/107/291 459/106/291
f 537/109/292 539/112/293 535/111/294 534/110/295
f 529/113/296 531/116/297 538/115/298 536/114/299
f 536/114/299 538/115/298 539/112/293 537/109/292
f 533/117/300 532/118/301 536/114/299 537/109/292
f 529/113/296 536/114/299 532/118/301 530/119/302
f 534/110/295 533/117/300 537/109/292
f 806/12/245 449/13/244 546/1/234 809/9/242
f 446/16/247 448/17/246 545/8/239 543/5/238
f 449/13/244 447/19/248 544/4/235 546/1/234
f 476/120/303 618/123/303 625/122/304 605/121/304
f 612/79/278 528/80/277 553/125/280 611/124/279
f 521/73/275 518/74/274 550/71/270 551/68/269
f 557/126/305 558/130/306 560/129/307 563/128/308 663/127/309
f 562/131/310 559/132/310 557/126/305 663/127/309
f 560/129/307 558/130/306 561/133/311
f 662/134/312 590/137/312 589/136/312 660/135/312
f 580/138/313 583/142/314 582/141/315 585/140/316 581/139/317
f 584/143/318 580/138/313 581/139/317 586/144/318
f 583/142/314 587/145/319 582/141/315
f 589/146/320 590/148/321 593/147/322
f 588/149/323 589/146/320 593/147/322 591/151/323 592/150/323
f 595/152/324 594/156/324 599/155/325 598/154/326 600/153/324
f 597/157/327 596/160/328 602/159/329 601/158/329
f 178/161/330 179/162/330 596/160/328 597/157/327
f 598/154/326 599/155/325 603/164/331 604/163/331
f 457/165/332 621/166/332 627/104/332 469/101/332
f 605/121/304 625/122/304 616/168/333 527/167/334
f 527/167/334 616/168/333 620/170/335 552/169/336
f 459/171/337 626/174/337 622/173/338 547/172/338
f 457/175/339 606/178/340 607/177/341 456/176/342
f 547/179/343 608/182/344 609/181/345 459/180/345
f 526/183/346 612/79/278 611/124/279 552/169/347
f 527/167/348 614/185/282 613/184/285 605/121/349
f 459/180/345 609/181/345 612/187/278 526/186/346
f 456/176/342 607/177/341 608/189/344 547/188/343
f 552/169/347 611/124/279 614/185/282 527/167/348
f 605/121/349 613/184/285 610/190/284 476/120/350
f 547/172/338 622/173/338 623/100/288 456/97/287
f 552/169/336 620/170/335 624/191/351 526/183/351
f 531/192/135 237/195/135 239/194/136 538/193/136
f 464/196/137 219/199/137 234/198/137 492/197/137
f 487/200/138 229/203/140 232/202/139 490/201/139
f 538/193/136 239/194/136 240/205/141 539/204/141
f 493/206/142 235/209/142 236/208/144 494/207/352
f 463/210/145 218/211/145 219/199/145 464/196/145
f 535/212/146 238/213/147 229/203/140 487/200/138
f 488/214/148 230/217/150 233/216/149 491/215/149
f 478/218/151 225/221/151 226/220/152 480/219/152
f 492/222/153 234/225/153 235/224/153 493/223/153
f 471/226/154 221/229/154 223/228/154 475/227/154
f 804/230/155 421/233/155 227/232/155 482/231/155
f 539/204/141 240/205/141 238/213/147 535/212/146
f 475/227/156 223/228/156 220/235/158 470/234/157
f 636/236/159 242/237/161 218/211/160 463/210/160
f 472/238/162 222/240/162 221/202/162 471/239/162
f 489/241/163 231/242/163 230/217/150 488/214/148
f 490/243/164 232/244/164 231/242/163 489/241/163
f 480/219/152 226/220/152 228/246/165 483/245/165
f 477/247/166 224/250/168 225/249/167 478/248/167
f 470/234/157 220/235/158 224/250/168 477/247/166
f 515/251/353 89/257/174 222/256/174 472/255/354 517/254/355 516/253/356 549/252/357
f 84/258/175 513/261/358 514/260/358 556/259/358 494/207/352 236/208/144
f 491/262/177 233/263/177 242/237/161 636/236/159
f 247/264/178 639/267/178 640/266/178 248/265/178
f 644/268/359 637/271/359 638/270/359 643/269/359
f 257/272/180 249/275/180 637/274/180 644/273/180
f 643/276/360 638/279/361 250/278/183 256/277/182
f 637/280/185 249/283/185 250/282/185 638/281/185
f 640/284/186 642/287/187 253/286/187 248/285/186
f 247/288/180 254/291/180 641/290/180 639/289/180
f 639/292/359 641/295/359 642/294/359 640/293/359
f 646/296/188 643/276/360 256/277/182 261/297/188
f 262/298/180 257/272/180 644/273/180 645/299/180
f 645/300/359 644/268/359 643/269/359 646/301/359
f 641/295/359 645/300/359 646/301/359 642/294/359
f 254/291/180 262/298/180 645/299/180 641/290/180
f 642/287/187 646/296/188 261/297/188 253/286/187
f 657/302/362 656/305/363 648/304/364 647/303/364
f 653/306/365 654/309/365 649/308/365 650/307/365
f 655/310/366 657/313/367 647/312/368 652/311/369
f 651/314/370 652/317/370 647/316/370 648/315/370
f 650/318/371 649/319/371 652/317/371 651/314/371
f 654/320/372 655/310/366 652/311/369 649/321/373
f 557/126/374 658/323/375 659/322/376 558/130/377
f 559/132/378 660/324/378 658/323/375 557/126/374
f 558/130/377 659/322/376 661/325/379 561/133/379
f 661/326/380 669/329/380 675/328/381 561/327/382
f 559/330/383 670/333/384 664/332/385 660/331/385
f 660/334/386 664/337/386 665/336/386 662/335/386
f 483/338/155 228/339/155 421/233/155 804/230/155
f 448/17/246 806/12/245 809/9/242 545/8/239
f 5/18/18 422/11/11 806/12/245 448/17/246
f 545/8/239 809/9/242 805/10/243 444/7/240
f 451/340/387 811/343/387 812/342/387 540/341/387
f 810/344/388 813/345/388 812/342/388 811/343/388
f 813/346/389 810/348/390 815/347/391
f 815/347/391 810/348/390 814/349/392
f 455/350/393 810/344/393 811/343/393 451/340/393
f 822/351/394 608/189/395 607/177/396 821/352/396
f 822/353/397 818/356/398 819/355/399 823/354/399
f 820/357/400 816/360/400 817/359/400 821/358/400
f 606/178/401 820/361/401 821/352/401 607/177/401
f 608/189/395 822/351/394 823/363/402 609/362/402
f 818/356/398 822/353/397 821/358/403 817/359/403
f 819/364/404 458/366/404 823/365/404
f 816/360/405 820/357/405 473/367/405 455/350/405
f 814/368/406 810/344/406 455/350/406 473/367/406
usemtl Material.003
f 130/71/407 93/70/407 215/369/407 214/370/407
f 47/371/408 48/372/409 112/373/410 111/374/408
f 42/375/411 44/376/412 109/377/412 108/378/413
f 48/372/409 49/379/414 113/380/415 112/373/410
f 45/381/416 42/375/411 108/378/413 110/382/416
f 49/383/414 50/384/417 114/111/417 113/110/415
f 44/376/418 47/371/418 111/374/418 109/377/418
f 144/385/419 148/386/419 166/387/419 164/388/419
f 151/389/420 149/390/420 163/391/420 167/392/420
f 147/393/421 146/394/422 165/395/422 161/396/423
f 144/397/424 145/398/425 153/399/426 152/400/424
f 146/401/427 147/402/428 155/403/429 154/404/427
f 147/402/428 148/405/430 156/406/431 155/403/429
f 145/398/425 149/407/432 157/408/433 153/399/426
f 148/405/430 144/397/424 152/400/424 156/406/431
f 151/409/434 150/410/435 158/411/435 159/412/436
f 149/407/432 151/409/434 159/412/436 157/408/433
f 150/410/435 146/401/427 154/404/427 158/411/435
f 148/413/437 147/393/421 161/396/423 166/414/437
f 145/415/438 144/416/439 164/417/439 160/418/440
f 146/419/441 150/420/442 162/421/443 165/422/441
f 150/420/442 151/389/444 167/392/444 162/421/443
f 149/423/445 145/415/438 160/418/440 163/424/445
f 212/425/446 213/426/446 217/427/446 216/428/446
f 210/429/447 212/430/447 216/431/447 214/432/447
f 211/433/447 210/429/447 214/432/447 215/434/447
f 98/435/448 92/365/448 216/428/448 217/427/448
f 92/74/407 130/71/407 214/370/407 216/436/407
f 550/71/449 632/370/449 633/369/449 519/70/449
f 484/371/450 532/374/450 533/373/451 485/372/452
f 479/375/453 529/378/454 530/377/455 481/376/455
f 485/372/452 533/373/451 534/380/456 486/379/457
f 482/381/458 531/382/458 529/378/454 479/375/453
f 486/383/457 534/110/456 535/111/459 487/384/459
f 481/376/460 530/377/460 532/374/460 484/371/460
f 564/385/461 584/388/461 586/387/461 568/386/461
f 571/389/462 587/392/462 583/391/462 569/390/462
f 567/393/463 581/396/464 585/395/465 566/394/465
f 564/397/466 572/400/466 573/399/467 565/398/468
f 566/401/469 574/404/469 575/403/470 567/402/471
f 567/402/471 575/403/470 576/406/472 568/405/473
f 565/398/468 573/399/467 577/408/474 569/407/475
f 568/405/473 576/406/472 572/400/466 564/397/466
f 571/409/476 579/412/477 578/411/478 570/410/478
f 569/407/475 577/408/474 579/412/477 571/409/476
f 570/410/478 578/411/478 574/404/469 566/401/469
f 568/413/479 586/414/479 581/396/464 567/393/463
f 565/415/480 580/418/481 584/417/482 564/416/482
f 566/419/483 585/422/483 582/421/484 570/420/485
f 570/420/485 582/421/484 587/392/486 571/389/486
f 569/423/487 583/424/487 580/418/481 565/415/480
f 630/425/488 634/428/488 635/427/488 631/426/488
f 628/429/489 632/432/489 634/431/489 630/430/489
f 629/433/489 633/434/489 632/432/489 628/429/489
f 524/435/490 635/427/490 634/428/490 518/365/490
f 518/74/449 634/436/449 632/370/449 550/71/449
usemtl Material.004
f 209/437/491 200/123/492 199/438/493 203/439/494
f 208/440/495 204/441/496 201/442/497 206/443/498
f 206/191/498 201/444/497 202/170/499
f 197/445/500 199/438/493 207/122/501 198/168/502
f 207/122/501 199/438/493 200/123/492
f 201/444/497 197/445/500 198/168/502 202/170/499
f 627/437/503 621/439/504 617/438/505 618/123/506
f 626/440/507 624/443/508 619/442/509 622/441/510
f 624/191/508 620/170/511 619/444/509
f 615/445/512 616/168/513 625/122/514 617/438/505
f 625/122/514 618/123/506 617/438/505
f 619/444/509 620/170/511 616/168/513 615/445/512
usemtl Material.005
f 204/446/496 205/447/515 197/445/500 201/444/497
f 205/447/515 203/439/494 199/438/493 197/445/500
f 279/448/516 142/449/517 287/450/517 288/451/518
f 141/452/208 140/453/519 290/454/519 291/455/209
f 287/456/520 286/457/521 280/458/521 281/459/522
f 288/460/523 287/456/520 281/459/522 282/461/524
f 289/462/525 288/460/523 282/461/524 283/463/526
f 290/464/527 289/462/525 283/463/526 284/465/528
f 291/466/529 290/464/527 284/465/528 285/467/529
f 143/468/530 279/448/516 288/451/518 289/469/531
f 140/470/532 143/468/530 289/469/531 290/471/532
f 142/449/533 139/330/210 286/333/212 287/450/533
f 292/472/534 293/473/534 295/474/535 294/475/535
f 294/475/535 295/474/535 297/476/536 296/477/536
f 296/477/536 297/476/536 299/478/537 298/479/537
f 298/479/537 299/478/537 301/480/538 300/481/538
f 300/482/538 301/483/538 303/484/539 302/485/539
f 302/485/539 303/484/539 305/486/540 304/487/540
f 304/487/540 305/486/540 307/488/541 306/489/541
f 306/489/541 307/488/541 309/490/542 308/491/542
f 308/491/542 309/490/542 311/492/543 310/493/543
f 310/493/543 311/492/543 313/494/544 312/495/545
f 312/495/545 313/494/544 315/496/546 314/497/546
f 314/497/546 315/496/546 317/498/547 316/499/547
f 316/500/547 317/501/547 319/502/548 318/503/548
f 318/503/548 319/502/548 321/504/549 320/505/549
f 320/505/549 321/504/549 323/506/550 322/507/550
f 322/507/550 323/506/550 325/508/551 324/509/551
f 324/509/551 325/508/551 327/510/552 326/511/552
f 326/511/552 327/510/552 329/512/553 328/513/553
f 328/513/553 329/512/553 331/514/554 330/515/554
f 330/515/554 331/514/554 333/516/555 332/517/556
f 332/518/556 333/519/555 335/520/557 334/521/557
f 334/521/557 335/520/557 337/522/558 336/523/559
f 336/523/559 337/522/558 339/524/560 338/525/560
f 338/525/560 339/524/560 341/526/561 340/527/561
f 340/527/561 341/526/561 343/528/562 342/529/562
f 342/529/562 343/528/562 345/530/563 344/531/563
f 344/531/563 345/530/563 347/532/564 346/533/564
f 346/533/564 347/532/564 349/534/565 348/535/565
f 348/536/565 349/537/565 351/538/566 350/539/567
f 350/539/567 351/538/566 353/540/568 352/541/568
f 295/542/569 293/543/569 355/544/569 353/545/569 351/546/569 349/547/569 347/548/569 345/549/569 343/550/569 341/551/569 339/552/569 337/553/569 335/554/569 333/555/569 331/556/569 329/557/569 327/558/569 325/559/569 323/560/569 321/561/569 319/562/569 317/563/569 315/564/569 313/565/569 311/566/569 309/567/569 307/568/569 305/569/569 303/570/569 301/571/569 299/572/569 297/573/569
f 352/541/568 353/540/568 355/574/570 354/575/570
f 354/575/570 355/574/570 293/473/534 292/472/534
f 292/576/571 294/577/571 296/578/571 298/579/571 300/580/571 302/581/571 304/582/571 306/583/571 308/584/571 310/585/571 312/586/571 314/587/571 316/588/571 318/589/571 320/590/571 322/591/571 324/592/571 326/593/571 328/594/571 330/595/571 332/596/571 334/597/571 336/598/571 338/599/571 340/600/571 342/601/571 344/602/571 346/603/571 348/604/571 350/605/571 352/606/571 354/607/571
f 356/608/534 357/609/534 359/610/572 358/611/572
f 358/611/572 359/610/572 361/612/536 360/613/536
f 360/613/536 361/612/536 363/614/573 362/615/573
f 362/615/573 363/614/573 365/616/574 364/617/574
f 364/618/574 365/619/574 367/620/575 366/621/575
f 366/621/575 367/620/575 369/622/540 368/623/540
f 368/623/540 369/622/540 371/624/541 370/625/541
f 370/625/541 371/624/541 373/626/576 372/627/576
f 372/627/576 373/626/576 375/628/543 374/629/543
f 374/629/543 375/628/543 377/630/577 376/631/577
f 376/631/577 377/630/577 379/632/578 378/633/578
f 378/633/578 379/632/578 381/634/579 380/635/579
f 380/636/579 381/637/579 383/638/580 382/639/580
f 382/639/580 383/638/580 385/640/581 384/641/581
f 384/641/581 385/640/581 387/642/550 386/643/550
f 386/643/550 387/642/550 389/644/551 388/645/551
f 388/645/551 389/644/551 391/646/582 390/647/582
f 390/647/582 391/646/582 393/648/553 392/649/553
f 392/649/553 393/648/553 395/650/583 394/651/583
f 394/651/583 395/650/583 397/652/555 396/653/555
f 396/654/555 397/655/555 399/656/584 398/657/584
f 398/657/584 399/656/584 401/658/559 400/659/559
f 400/659/559 401/658/559 403/660/560 402/661/560
f 402/661/560 403/660/560 405/662/585 404/663/585
f 404/663/585 405/662/585 407/664/562 406/665/562
f 406/665/562 407/664/562 409/666/586 408/667/586
f 408/667/586 409/666/586 411/668/587 410/669/587
f 410/669/587 411/668/587 413/670/565 412/671/565
f 412/672/565 413/673/565 415/674/566 414/675/566
f 414/675/566 415/674/566 417/676/588 416/677/588
f 359/678/569 357/679/569 419/680/569 417/681/569 415/682/569 413/683/569 411/684/569 409/685/569 407/686/569 405/687/569 403/688/569 401/689/569 399/690/569 397/691/569 395/692/569 393/693/569 391/694/569 389/695/569 387/696/569 385/697/569 383/698/569 381/699/569 379/700/569 377/701/569 375/702/569 373/703/569 371/704/569 369/705/569 367/706/569 365/707/569 363/708/569 361/709/569
f 416/677/588 417/676/588 419/710/570 418/711/570
f 418/711/570 419/710/570 357/609/534 356/608/534
f 356/712/571 358/713/571 360/714/571 362/715/571 364/716/571 366/717/571 368/718/571 370/719/571 372/720/571 374/721/571 376/722/571 378/723/571 380/724/571 382/725/571 384/726/571 386/727/571 388/728/571 390/729/571 392/730/571 394/731/571 396/732/571 398/733/571 400/734/571 402/735/571 404/736/571 406/737/571 408/738/571 410/739/571 412/740/571 414/741/571 416/742/571 418/743/571
f 622/446/510 619/444/509 615/445/512 623/447/589
f 623/447/589 615/445/512 617/438/505 621/439/504
f 663/448/590 672/451/591 671/450/592 562/449/592
f 561/452/382 675/455/381 674/454/593 560/453/593
f 671/456/594 665/459/595 664/458/596 670/457/596
f 672/460/597 666/461/598 665/459/599 671/456/594
f 673/462/600 667/463/601 666/461/598 672/460/597
f 674/464/602 668/465/603 667/463/601 673/462/600
f 675/466/604 669/467/604 668/465/603 674/464/602
f 563/468/605 673/469/606 672/451/591 663/448/590
f 560/470/607 674/471/607 673/469/606 563/468/605
f 562/449/608 671/450/608 670/333/384 559/330/383
f 676/472/534 678/475/609 679/474/609 677/473/534
f 678/475/609 680/477/610 681/476/610 679/474/609
f 680/477/610 682/479/611 683/478/611 681/476/610
f 682/479/611 684/481/612 685/480/612 683/478/611
f 684/482/612 686/485/613 687/484/613 685/483/612
f 686/485/613 688/487/614 689/486/614 687/484/613
f 688/487/614 690/489/615 691/488/615 689/486/614
f 690/489/615 692/491/616 693/490/616 691/488/615
f 692/491/616 694/493/617 695/492/617 693/490/616
f 694/493/617 696/495/618 697/494/619 695/492/617
f 696/495/618 698/497/620 699/496/620 697/494/619
f 698/497/620 700/499/621 701/498/621 699/496/620
f 700/500/621 702/503/622 703/502/622 701/501/621
f 702/503/622 704/505/623 705/504/623 703/502/622
f 704/505/623 706/507/624 707/506/624 705/504/623
f 706/507/624 708/509/551 709/508/551 707/506/624
f 708/509/551 710/511/625 711/510/625 709/508/551
f 710/511/625 712/513/626 713/512/626 711/510/625
f 712/513/626 714/515/627 715/514/627 713/512/626
f 714/515/627 716/517/628 717/516/629 715/514/627
f 716/518/628 718/521/630 719/520/630 717/519/629
f 718/521/630 720/523/631 721/522/631 719/520/630
f 720/523/631 722/525/632 723/524/632 721/522/631
f 722/525/632 724/527/633 725/526/633 723/524/632
f 724/527/633 726/529/634 727/528/634 725/526/633
f 726/529/634 728/531/635 729/530/635 727/528/634
f 728/531/635 730/533/636 731/532/636 729/530/635
f 730/533/636 732/535/637 733/534/637 731/532/636
f 732/536/637 734/539/638 735/538/639 733/537/637
f 734/539/638 736/541/640 737/540/640 735/538/639
f 679/542/641 681/573/641 683/572/641 685/571/641 687/570/641 689/569/641 691/568/641 693/567/641 695/566/641 697/565/641 699/564/641 701/563/641 703/562/641 705/561/641 707/560/641 709/559/641 711/558/641 713/557/641 715/556/641 717/555/641 719/554/641 721/553/641 723/552/641 725/551/641 727/550/641 729/549/641 731/548/641 733/547/641 735/546/641 737/545/641 739/544/641 677/543/641
f 736/541/640 738/575/642 739/574/642 737/540/640
f 738/575/642 676/472/534 677/473/534 739/574/642
f 676/576/643 738/607/643 736/606/643 734/605/643 732/604/643 730/603/643 728/602/643 726/601/643 724/600/643 722/599/643 720/598/643 718/597/643 716/596/643 714/595/643 712/594/643 710/593/643 708/592/643 706/591/643 704/590/643 702/589/643 700/588/643 698/587/643 696/586/643 694/585/643 692/584/643 690/583/643 688/582/643 686/581/643 684/580/643 682/579/643 680/578/643 678/577/643
f 740/608/534 742/611/644 743/610/644 741/609/534
f 742/611/644 744/613/610 745/612/610 743/610/644
f 744/613/610 746/615/645 747/614/645 745/612/610
f 746/615/645 748/617/646 749/616/646 747/614/645
f 748/618/646 750/621/647 751/620/647 749/619/646
f 750/621/647 752/623/614 753/622/614 751/620/647
f 752/623/614 754/625/615 755/624/615 753/622/614
f 754/625/615 756/627/648 757/626/648 755/624/615
f 756/627/648 758/629/617 759/628/617 757/626/648
f 758/629/617 760/631/649 761/630/649 759/628/617
f 760/631/649 762/633/650 763/632/650 761/630/649
f 762/633/650 764/635/651 765/634/651 763/632/650
f 764/636/651 766/639/652 767/638/652 765/637/651
f 766/639/652 768/641/653 769/640/653 767/638/652
f 768/641/653 770/643/624 771/642/624 769/640/653
f 770/643/624 772/645/551 773/644/551 771/642/624
f 772/645/551 774/647/654 775/646/654 773/644/551
f 774/647/654 776/649/626 777/648/626 775/646/654
f 776/649/626 778/651/655 779/650/655 777/648/626
f 778/651/655 780/653/629 781/652/629 779/650/655
f 780/654/629 782/657/656 783/656/656 781/655/629
f 782/657/656 784/659/631 785/658/631 783/656/656
f 784/659/631 786/661/632 787/660/632 785/658/631
f 786/661/632 788/663/657 789/662/657 787/660/632
f 788/663/657 790/665/634 791/664/634 789/662/657
f 790/665/634 792/667/658 793/666/658 791/664/634
f 792/667/658 794/669/659 795/668/659 793/666/658
f 794/669/659 796/671/637 797/670/637 795/668/659
f 796/672/637 798/675/639 799/674/639 797/673/637
f 798/675/639 800/677/660 801/676/660 799/674/639
f 743/678/641 745/709/641 747/708/641 749/707/641 751/706/641 753/705/641 755/704/641 757/703/641 759/702/641 761/701/641 763/700/641 765/699/641 767/698/641 769/697/641 771/696/641 773/695/641 775/694/641 777/693/641 779/692/641 781/691/641 783/690/641 785/689/641 787/688/641 789/687/641 791/686/641 793/685/641 795/684/641 797/683/641 799/682/641 801/681/641 803/680/641 741/679/641
f 800/677/660 802/711/661 803/710/661 801/676/660
f 802/711/661 740/608/534 741/609/534 803/710/661
f 740/712/643 802/743/643 800/742/643 798/741/643 796/740/643 794/739/643 792/738/643 790/737/643 788/736/643 786/735/643 784/734/643 782/733/643 780/732/643 778/731/643 776/730/643 774/729/643 772/728/643 770/727/643 768/726/643 766/725/643 764/724/643 762/723/643 760/722/643 758/721/643 756/720/643 754/719/643 752/718/643 750/717/643 748/716/643 746/715/643 744/714/643 742/713/643
usemtl blackGlass
f 14/340/662 16/744/663 28/745/664 119/341/662
f 425/746/665 426/747/666 28/745/664 16/744/663
f 13/748/667 30/749/668 29/750/669 15/751/670
f 24/752/671 31/753/672 30/749/668 13/748/667
f 25/754/673 31/753/672 24/752/671
f 120/755/674 61/23/675 64/22/676 121/756/677
f 1/15/678 120/755/674 121/756/677 9/16/679
f 9/16/679 121/756/677 122/757/680 123/5/681
f 123/5/681 122/757/680 23/758/682 2/6/683
f 64/22/676 66/32/684 122/757/680 121/756/677
f 66/32/684 67/40/685 23/758/682 122/757/680
f 10/19/686 21/91/687 105/92/688 3/20/688
f 124/4/689 128/759/690 21/91/687 10/19/686
f 17/760/691 128/759/690 124/4/689 4/3/691
f 15/751/670 29/750/669 426/747/666 425/746/665
f 451/340/692 540/341/692 465/745/693 453/744/694
f 807/746/695 453/744/694 465/745/693 808/747/696
f 450/748/697 452/751/698 466/750/699 467/749/700
f 461/752/701 450/748/697 467/749/700 468/753/702
f 462/754/703 461/752/701 468/753/702
f 120/755/674 541/756/704 496/22/705 61/23/675
f 1/15/678 446/16/706 541/756/704 120/755/674
f 446/16/706 543/5/707 542/757/708 541/756/704
f 543/5/707 442/6/709 460/758/710 542/757/708
f 496/22/705 541/756/704 542/757/708 498/32/711
f 498/32/711 542/757/708 460/758/710 499/40/712
f 447/19/713 3/20/688 105/92/688 458/91/714
f 544/4/715 447/19/713 458/91/714 548/759/716
f 454/760/717 443/3/717 544/4/715 548/759/716
f 452/751/698 807/746/695 808/747/696 466/750/699
o i8_body
v 0.388932 0.822636 0.444031
v 0.346195 0.805846 -0.453189
v 0.345859 0.869953 0.116535
v 0.338395 0.856216 -0.168327
v 0.432891 0.789667 0.426448
v 0.442904 0.766110 -0.398241
v 0.400807 0.836984 0.118732
v 0.406531 0.823247 -0.161734
v 0.368174 0.709572 -0.889112
v 0.444126 0.706641 -0.731594
v 0.469635 0.658979 -0.973125
v 0.216883 0.654668 -1.091512
v 0.441047 0.736073 0.660439
v 0.485006 0.703104 0.642856
v 0.485212 0.630960 0.873314
v 0.529170 0.597991 0.855731
v 0.458081 0.572027 1.233953
v 0.505016 0.558561 1.227735
v 0.614646 0.497295 0.848404
v 0.614913 0.517435 1.220409
v 0.471647 0.607005 1.053634
v 0.517093 0.605411 1.041733
v 0.622411 0.514785 1.034407
v 0.438515 0.522845 1.382348
v 0.493111 0.519342 1.376129
v 0.620945 0.497295 1.368803
v 0.414594 0.454574 1.717826
v 0.473063 0.464140 1.667001
v 0.567881 0.479624 1.555032
v 0.501696 0.628053 -0.119600
v 0.579219 0.557884 -0.126927
v 0.640742 0.449414 -0.142893
v 0.631775 0.357651 -0.150810
v 0.611593 0.512442 0.604572
v 0.608540 0.527590 0.360739
v 0.605488 0.542737 0.116906
v 0.508565 0.620538 0.124232
v 0.515433 0.613022 0.368065
v 0.522302 0.605507 0.611898
v 0.620061 0.645404 -0.718874
v 0.607850 0.568199 -0.955457
v 0.542472 0.659612 -0.725234
v 0.524276 0.634734 -0.967669
v 0.620061 0.505746 -0.706155
v 0.620061 0.355232 -0.899067
v 0.620061 0.171859 -0.927686
v 0.457656 0.651142 -0.851421
v 0.613956 0.640105 -0.837166
v 0.536367 0.654312 -0.843525
v 0.620061 0.470767 -0.802611
v 0.554852 0.499386 -1.081592
v 0.531680 0.565986 -1.052906
v 0.567063 0.344632 -1.058061
v 0.567063 0.210017 -1.022022
v 0.499615 0.657393 -0.675264
v 0.626476 0.626228 -0.573236
v 0.554074 0.634014 -0.579171
v 0.626476 0.489616 -0.561367
v 0.518108 0.574140 -0.500426
v 0.640742 0.555205 -0.371844
v 0.599478 0.574216 -0.377779
v 0.631775 0.374081 -0.403610
v 0.610927 0.365505 0.024594
v 0.610927 0.336300 0.021446
v 0.631775 0.211665 -0.072559
v 0.631775 0.242646 -0.378171
v 0.610927 0.237724 0.024626
v 0.631775 0.126488 -0.241987
v 0.631775 0.120843 -0.396170
v 0.610927 0.305575 0.176884
v 0.610927 0.288934 0.175090
v 0.610927 0.232767 0.176902
v 0.610927 0.278101 0.549311
v 0.610927 0.261460 0.547517
v 0.610927 0.205293 0.549329
v 0.610927 0.261886 0.740297
v 0.610927 0.239813 0.737918
v 0.610927 0.165311 0.740321
v 0.610927 0.246405 0.844266
v 0.610927 0.219342 0.841349
v 0.610927 0.127999 0.844295
v 0.610927 0.240299 0.990794
v 0.610927 0.213237 0.987877
v 0.610927 0.121894 0.990824
v 0.593273 0.377542 1.012601
v 0.589390 0.371850 0.846335
v 0.587864 0.387164 0.672434
v 0.586338 0.402845 0.455025
v 0.584811 0.327628 0.146895
v 0.618624 0.376967 1.500463
v 0.551657 0.382449 1.656139
v 0.618624 0.151261 1.513453
v 0.486432 0.151962 1.664712
v 0.394987 0.333837 1.761442
v 0.000000 0.438039 1.833609
v 0.229041 0.572027 1.421134
v 0.219258 0.522845 1.569528
v 0.207297 0.441855 1.793710
v 0.343561 0.572027 1.366007
v 0.328886 0.522845 1.514402
v 0.310946 0.446942 1.769499
v 0.353735 0.607005 1.185688
v 0.110620 0.522845 1.591485
v 0.274648 0.607005 1.222663
v 0.000000 0.497664 1.679096
v 0.166323 0.572027 1.433268
v 0.234249 0.598887 1.282667
v 0.473254 0.609843 1.032272
v 0.357247 0.615274 1.123446
v 0.199142 0.589989 1.334811
v 0.323692 0.613757 1.149818
v 0.131373 0.539141 1.538119
v 0.080088 0.496426 1.669995
v 0.274491 0.600122 1.222200
v 0.485055 0.624077 0.872852
v 0.110463 0.515961 1.591022
v 0.000000 0.490781 1.678633
v 0.166166 0.565143 1.432806
v 0.234092 0.592003 1.282204
v 0.473097 0.602960 1.031809
v 0.357090 0.608391 1.122983
v 0.198985 0.583105 1.334348
v 0.323535 0.606874 1.149355
v 0.131216 0.532258 1.537656
v 0.079931 0.489543 1.669532
v 0.000000 0.150690 1.847873
v 0.000000 0.335098 1.856388
v 0.249654 0.151343 1.807171
v 0.411798 0.151766 1.753749
v 0.334785 0.336175 1.780071
v 0.202964 0.335751 1.827133
v 0.277143 0.499386 -1.230571
v 0.289354 0.308396 -1.207040
v 0.000000 0.499386 -1.270807
v 0.000000 0.344632 -1.247276
v 0.289354 0.233480 -1.174987
v 0.000000 0.233480 -1.215223
v 0.468476 0.344632 -1.099676
v 0.456266 0.499386 -1.123207
v 0.468476 0.218347 -1.065052
v 0.545409 0.499386 -1.069776
v 0.557619 0.344632 -1.046245
v 0.557619 0.210815 -1.010342
v 0.292428 0.307272 -1.212195
v 0.292428 0.232356 -1.180142
v 0.471551 0.217223 -1.070207
v 0.560694 0.343508 -1.051399
v 0.560694 0.209691 -1.015496
v 0.459340 0.498262 -1.128362
v 0.548483 0.498262 -1.074930
v 0.277143 0.499386 -1.236201
v 0.000000 0.499386 -1.276437
v 0.604689 0.133209 -0.244356
v 0.561099 0.564485 -0.278584
v 0.493566 0.635859 -0.345225
v 0.292529 0.666151 -0.990312
v 0.378915 0.326514 -1.153358
v 0.378915 0.225913 -1.120020
v 0.366704 0.499386 -1.176889
v 0.381989 0.224789 -1.125174
v 0.368241 0.498824 -1.182281
v 0.524598 0.410574 1.659878
v 0.402793 0.381665 1.744451
v 0.540483 0.475150 1.587385
v 0.368647 0.378918 1.761541
v 0.479307 0.387822 1.697509
v 0.028898 0.438571 1.828047
v 0.207534 0.443455 1.789280
v 0.025246 0.335179 1.852749
v 0.243983 0.335883 1.812489
v 0.280614 0.445453 1.776585
v 0.283427 0.404357 1.781873
v 0.223678 0.251884 1.818202
v 0.239895 0.191659 1.811417
v 0.000000 0.194285 1.849886
v 0.000000 0.253885 1.852638
v 0.288282 0.196010 1.794661
v 0.287282 0.251884 1.795527
v 0.345465 0.310530 1.776269
v 0.403434 0.174760 1.756472
v 0.443466 0.151849 1.715971
v 0.297162 0.287638 1.793820
v 0.265740 0.373653 1.795601
v 0.326055 0.376739 1.776199
v 0.255115 0.428548 1.726538
v 0.377294 0.364760 1.694404
v 0.240242 0.356748 1.745554
v 0.257928 0.387452 1.731827
v 0.300556 0.359834 1.726153
v 0.030806 0.440001 1.834177
v 0.209205 0.443285 1.799841
v 0.245891 0.337314 1.818620
v 0.204872 0.337182 1.833264
v 0.027154 0.336610 1.858880
v 0.282521 0.446884 1.782715
v 0.267648 0.375084 1.801732
v 0.285334 0.405788 1.788004
v 0.261738 0.432519 1.749089
v 0.292070 0.434008 1.742004
v 0.349771 0.365983 1.734045
v 0.246864 0.360719 1.768106
v 0.264551 0.391423 1.754378
v 0.307178 0.363804 1.748704
v 0.395461 0.336370 1.760992
v 0.483410 0.153942 1.667136
v 0.443711 0.153853 1.715720
v 0.239954 0.189657 1.811319
v 0.001981 0.196246 1.849689
v 0.001974 0.251887 1.852213
v 0.289278 0.253885 1.794852
v 0.286225 0.194358 1.795342
v 0.284431 0.196185 1.796002
v 0.223692 0.253885 1.818271
v 0.403009 0.172813 1.756753
v 0.344733 0.312354 1.776671
v 0.295383 0.288991 1.794437
v 0.436086 0.154164 1.696456
v 0.475785 0.154254 1.647872
v 0.216054 0.252196 1.798938
v 0.232271 0.191971 1.792153
v 0.000000 0.196557 1.830425
v 0.000000 0.252199 1.832949
v 0.337840 0.310842 1.757005
v 0.395809 0.175072 1.737208
v 0.387362 0.334149 1.742178
v 0.276806 0.196497 1.776738
v 0.279657 0.252195 1.776263
v 0.280657 0.196322 1.775397
v 0.289537 0.287950 1.774556
v 0.466874 0.664104 -0.968312
v 0.530261 0.636757 -0.961817
v 0.538358 0.561500 -1.055093
v 0.366666 0.334858 -1.160074
v 0.280853 0.317498 -1.211510
v 0.452478 0.352217 -1.108639
v 0.440778 0.500494 -1.131185
v 0.283799 0.316421 -1.216448
v 0.443724 0.499416 -1.136124
v 0.000000 0.126488 -0.241987
v 0.000000 0.133209 -0.244356
v 0.604093 0.464652 1.092079
v 0.593629 0.612978 0.663879
v 0.564938 0.612978 0.604358
v 0.570928 0.676542 0.600855
v 0.693895 0.625011 0.603495
v 0.679898 0.625011 0.541556
v 0.676029 0.658626 0.541556
v 0.624758 0.609089 0.571205
v 0.624758 0.682941 0.571205
v 0.656827 0.609089 0.637732
v 0.593629 0.630978 0.663879
v 0.564938 0.630978 0.604358
v 0.686267 0.634867 0.541556
v 0.700263 0.634867 0.603495
v 0.656827 0.634867 0.637732
v 0.624758 0.634867 0.571205
v 0.563250 0.609089 0.600855
v 0.595318 0.609089 0.667381
v 0.563250 0.634867 0.600855
v 0.595318 0.634867 0.667381
v 0.507604 0.539497 0.602686
v 0.536296 0.539497 0.662207
v 0.507604 0.557498 0.602686
v 0.536296 0.557498 0.662207
v 0.595802 0.499326 -0.246610
v 0.596628 0.444017 -0.115442
v 0.389096 0.437669 1.667779
v 0.447565 0.447234 1.616954
v 0.285448 0.430037 1.719453
v 0.514985 0.458245 1.537338
v 0.343149 0.362013 1.711494
v 0.453809 0.370916 1.647463
v 0.499100 0.393669 1.609832
v 0.348875 0.365674 1.720606
v 0.383020 0.368422 1.703516
v 0.459535 0.374578 1.656575
v 0.504826 0.397330 1.618944
v 0.520711 0.461906 1.546450
v 0.640742 0.489512 -0.257368
v 0.631775 0.365866 -0.277210
v 0.631775 0.227156 -0.225365
v 0.631775 0.123665 -0.319078
v 0.342127 0.863084 -0.025896
v 0.403669 0.830115 -0.021501
v 0.592353 0.550310 -0.005010
v 0.505131 0.624295 0.002316
v 0.586236 0.385032 0.015727
v 0.491477 0.657631 -0.729414
v 0.479213 0.631430 -0.473214
v 0.461807 0.626651 -0.673137
v 0.445127 0.618011 -0.849320
v 0.448092 0.617833 -0.727287
v 0.450980 0.679442 -0.948797
v 0.362614 0.671067 -1.056348
v 0.288510 0.670082 -1.111658
v 0.214428 0.669097 -1.165965
v 0.466334 0.664867 -0.951258
v -0.388932 0.822636 0.444031
v -0.346195 0.805846 -0.453189
v -0.345859 0.869953 0.116535
v -0.338395 0.856216 -0.168327
v -0.432891 0.789667 0.426448
v -0.442904 0.766110 -0.398241
v -0.400807 0.836984 0.118732
v -0.406531 0.823247 -0.161734
v -0.368174 0.709572 -0.889112
v -0.444126 0.706641 -0.731594
v -0.469635 0.658979 -0.973125
v -0.216883 0.654668 -1.091512
v -0.441047 0.736073 0.660439
v -0.485006 0.703104 0.642856
v -0.485212 0.630960 0.873314
v -0.529170 0.597991 0.855731
v -0.458081 0.572027 1.233953
v -0.505016 0.558561 1.227735
v -0.614646 0.497295 0.848404
v -0.614913 0.517435 1.220409
v -0.471647 0.607005 1.053634
v -0.517093 0.605411 1.041733
v -0.622411 0.514785 1.034407
v -0.438515 0.522845 1.382348
v -0.493111 0.519342 1.376129
v -0.620945 0.497295 1.368803
v -0.414594 0.454574 1.717826
v -0.473063 0.464140 1.667001
v -0.567881 0.479624 1.555032
v -0.501696 0.628053 -0.119600
v -0.579219 0.557884 -0.126927
v -0.640742 0.449414 -0.142893
v -0.631775 0.357651 -0.150810
v -0.611593 0.512442 0.604572
v -0.608540 0.527590 0.360739
v -0.605488 0.542737 0.116906
v -0.508565 0.620538 0.124232
v -0.515433 0.613022 0.368065
v -0.522302 0.605507 0.611898
v -0.620061 0.645404 -0.718874
v -0.607850 0.568199 -0.955457
v -0.542472 0.659612 -0.725234
v -0.524276 0.634734 -0.967669
v -0.620061 0.505746 -0.706155
v -0.620061 0.355232 -0.899067
v -0.620061 0.171859 -0.927686
v -0.457656 0.651142 -0.851421
v -0.613956 0.640105 -0.837166
v -0.536367 0.654312 -0.843525
v -0.620061 0.470767 -0.802611
v -0.554852 0.499386 -1.081592
v -0.531680 0.565986 -1.052906
v -0.567063 0.344632 -1.058061
v -0.567063 0.210017 -1.022022
v -0.499615 0.657393 -0.675264
v -0.626476 0.626228 -0.573236
v -0.554074 0.634014 -0.579171
v -0.626476 0.489616 -0.561367
v -0.518108 0.574140 -0.500426
v -0.640742 0.555205 -0.371844
v -0.599478 0.574216 -0.377779
v -0.631775 0.374081 -0.403610
v -0.610927 0.365505 0.024594
v -0.610927 0.336300 0.021446
v -0.631775 0.211665 -0.072559
v -0.631775 0.242646 -0.378171
v -0.610927 0.237724 0.024626
v -0.631775 0.126488 -0.241987
v -0.631775 0.120843 -0.396170
v -0.610927 0.305575 0.176884
v -0.610927 0.288934 0.175090
v -0.610927 0.232767 0.176902
v -0.610927 0.278101 0.549311
v -0.610927 0.261460 0.547517
v -0.610927 0.205293 0.549329
v -0.610927 0.261886 0.740297
v -0.610927 0.239813 0.737918
v -0.610927 0.165311 0.740321
v -0.610927 0.246405 0.844266
v -0.610927 0.219342 0.841349
v -0.610927 0.127999 0.844295
v -0.610927 0.240299 0.990794
v -0.610927 0.213237 0.987877
v -0.610927 0.121894 0.990824
v -0.593273 0.377542 1.012601
v -0.589390 0.371850 0.846335
v -0.587864 0.387164 0.672434
v -0.586338 0.402845 0.455025
v -0.584811 0.327628 0.146895
v -0.618624 0.376967 1.500463
v -0.551657 0.382449 1.656139
v -0.618624 0.151261 1.513453
v -0.486432 0.151962 1.664712
v -0.394987 0.333837 1.761442
v -0.229041 0.572027 1.421134
v -0.219258 0.522845 1.569528
v -0.207297 0.441855 1.793710
v -0.343561 0.572027 1.366007
v -0.328886 0.522845 1.514402
v -0.310946 0.446942 1.769499
v -0.353735 0.607005 1.185688
v -0.110620 0.522845 1.591485
v -0.274648 0.607005 1.222663
v -0.166323 0.572027 1.433268
v -0.234249 0.598887 1.282667
v -0.473254 0.609843 1.032272
v -0.357247 0.615274 1.123446
v -0.199142 0.589989 1.334811
v -0.323692 0.613757 1.149818
v -0.131373 0.539141 1.538119
v -0.080088 0.496426 1.669995
v -0.274491 0.600122 1.222200
v -0.485055 0.624077 0.872852
v -0.110463 0.515961 1.591022
v -0.166166 0.565143 1.432806
v -0.234092 0.592003 1.282204
v -0.473097 0.602960 1.031809
v -0.357090 0.608391 1.122983
v -0.198985 0.583105 1.334348
v -0.323535 0.606874 1.149355
v -0.131216 0.532258 1.537656
v -0.079931 0.489543 1.669532
v -0.249654 0.151343 1.807171
v -0.411798 0.151766 1.753749
v -0.334785 0.336175 1.780071
v -0.202964 0.335751 1.827133
v -0.277143 0.499386 -1.230571
v -0.289354 0.308396 -1.207040
v -0.289354 0.233480 -1.174987
v -0.468476 0.344632 -1.099676
v -0.456266 0.499386 -1.123207
v -0.468476 0.218347 -1.065052
v -0.545409 0.499386 -1.069776
v -0.557619 0.344632 -1.046245
v -0.557619 0.210815 -1.010342
v -0.292428 0.307272 -1.212195
v -0.292428 0.232356 -1.180142
v -0.471551 0.217223 -1.070207
v -0.560694 0.343508 -1.051399
v -0.560694 0.209691 -1.015496
v -0.459340 0.498262 -1.128362
v -0.548483 0.498262 -1.074930
v -0.277143 0.499386 -1.236201
v -0.604689 0.133209 -0.244356
v -0.561099 0.564485 -0.278584
v -0.493566 0.635859 -0.345225
v -0.292529 0.666151 -0.990312
v -0.378915 0.326514 -1.153358
v -0.378915 0.225913 -1.120020
v -0.366704 0.499386 -1.176889
v -0.381989 0.224789 -1.125174
v -0.368241 0.498824 -1.182281
v -0.524598 0.410574 1.659878
v -0.402793 0.381665 1.744451
v -0.540483 0.475150 1.587385
v -0.368647 0.378918 1.761541
v -0.479307 0.387822 1.697509
v -0.028898 0.438571 1.828047
v -0.207534 0.443455 1.789280
v -0.025246 0.335179 1.852749
v -0.243983 0.335883 1.812489
v -0.280614 0.445453 1.776585
v -0.283427 0.404357 1.781873
v -0.223678 0.251884 1.818202
v -0.239895 0.191659 1.811417
v -0.288282 0.196010 1.794661
v -0.287282 0.251884 1.795527
v -0.345465 0.310530 1.776269
v -0.403434 0.174760 1.756472
v -0.443466 0.151849 1.715971
v -0.297162 0.287638 1.793820
v -0.265740 0.373653 1.795601
v -0.326055 0.376739 1.776199
v -0.255115 0.428548 1.726538
v -0.377294 0.364760 1.694404
v -0.240242 0.356748 1.745554
v -0.257928 0.387452 1.731827
v -0.300556 0.359834 1.726153
v -0.030806 0.440001 1.834177
v -0.209205 0.443285 1.799841
v -0.245891 0.337314 1.818620
v -0.204872 0.337182 1.833264
v -0.027154 0.336610 1.858880
v -0.282521 0.446884 1.782715
v -0.267648 0.375084 1.801732
v -0.285334 0.405788 1.788004
v -0.261738 0.432519 1.749089
v -0.292070 0.434008 1.742004
v -0.349771 0.365983 1.734045
v -0.246864 0.360719 1.768106
v -0.264551 0.391423 1.754378
v -0.307178 0.363804 1.748704
v -0.395461 0.336370 1.760992
v -0.483410 0.153942 1.667136
v -0.443711 0.153853 1.715720
v -0.239954 0.189657 1.811319
v -0.001981 0.196246 1.849689
v -0.001974 0.251887 1.852213
v -0.289278 0.253885 1.794852
v -0.286225 0.194358 1.795342
v -0.284431 0.196185 1.796002
v -0.223692 0.253885 1.818271
v -0.403009 0.172813 1.756753
v -0.344733 0.312354 1.776671
v -0.295383 0.288991 1.794437
v -0.436086 0.154164 1.696456
v -0.475785 0.154254 1.647872
v -0.216054 0.252196 1.798938
v -0.232271 0.191971 1.792153
v -0.337840 0.310842 1.757005
v -0.395809 0.175072 1.737208
v -0.387362 0.334149 1.742178
v -0.276806 0.196497 1.776738
v -0.279657 0.252195 1.776263
v -0.280657 0.196322 1.775397
v -0.289537 0.287950 1.774556
v -0.466874 0.664104 -0.968312
v -0.530261 0.636757 -0.961817
v -0.538358 0.561500 -1.055093
v -0.366666 0.334858 -1.160074
v -0.280853 0.317498 -1.211510
v -0.452478 0.352217 -1.108639
v -0.440778 0.500494 -1.131185
v -0.283799 0.316421 -1.216448
v -0.443724 0.499416 -1.136124
v -0.604093 0.464652 1.092079
v -0.593629 0.612978 0.663879
v -0.564938 0.612978 0.604358
v -0.570928 0.676542 0.600855
v -0.693895 0.625011 0.603495
v -0.679898 0.625011 0.541556
v -0.676029 0.658626 0.541556
v -0.624758 0.609089 0.571205
v -0.624758 0.682941 0.571205
v -0.656827 0.609089 0.637732
v -0.593629 0.630978 0.663879
v -0.564938 0.630978 0.604358
v -0.686267 0.634867 0.541556
v -0.700263 0.634867 0.603495
v -0.656827 0.634867 0.637732
v -0.624758 0.634867 0.571205
v -0.563250 0.609089 0.600855
v -0.595318 0.609089 0.667381
v -0.563250 0.634867 0.600855
v -0.595318 0.634867 0.667381
v -0.507604 0.539497 0.602686
v -0.536296 0.539497 0.662207
v -0.507604 0.557498 0.602686
v -0.536296 0.557498 0.662207
v -0.595802 0.499326 -0.246610
v -0.596628 0.444017 -0.115442
v -0.389096 0.437669 1.667779
v -0.447565 0.447234 1.616954
v -0.285448 0.430037 1.719453
v -0.514985 0.458245 1.537338
v -0.343149 0.362013 1.711494
v -0.453809 0.370916 1.647463
v -0.499100 0.393669 1.609832
v -0.348875 0.365674 1.720606
v -0.383020 0.368422 1.703516
v -0.459535 0.374578 1.656575
v -0.504826 0.397330 1.618944
v -0.520711 0.461906 1.546450
v -0.640742 0.489512 -0.257368
v -0.631775 0.365866 -0.277210
v -0.631775 0.227156 -0.225365
v -0.631775 0.123665 -0.319078
v -0.342127 0.863084 -0.025896
v -0.403669 0.830115 -0.021501
v -0.592353 0.550310 -0.005010
v -0.505131 0.624295 0.002316
v -0.586236 0.385032 0.015727
v -0.491477 0.657631 -0.729414
v -0.479213 0.631430 -0.473214
v -0.461807 0.626651 -0.673137
v -0.445127 0.618011 -0.849320
v -0.448092 0.617833 -0.727287
v -0.450980 0.679442 -0.948797
v -0.362614 0.671067 -1.056348
v -0.288510 0.670082 -1.111658
v -0.214428 0.669097 -1.165965
v -0.466334 0.664867 -0.951258
vn 0.3044 0.9514 -0.0480
vn 0.3237 0.9459 0.0224
vn 0.5299 0.8480 0.0095
vn 0.4753 0.8787 -0.0442
vn 0.4431 0.8890 0.1153
vn 0.5966 0.7958 0.1042
vn 0.3333 0.9286 -0.1633
vn 0.2905 0.9513 -0.1036
vn 0.4503 0.8877 -0.0963
vn 0.4369 0.8863 -0.1535
vn 0.4255 0.8894 -0.1672
vn 0.6363 0.7482 0.1880
vn 0.6370 0.7462 0.1933
vn 0.5125 0.8460 0.1472
vn 0.6459 0.7607 0.0645
vn 0.4663 0.8797 0.0927
vn 0.2222 0.9620 0.1589
vn 0.2291 0.9414 0.2475
vn 0.2974 0.9306 0.2133
vn 0.4011 0.9016 0.1618
vn 0.6264 0.7785 0.0400
vn 0.6459 0.7607 0.0642
vn 0.7257 0.6879 -0.0107
vn 0.5123 0.8461 0.1471
vn 0.3335 0.9390 0.0837
vn 0.1579 0.9632 0.2176
vn 0.1993 0.9627 0.1829
vn 0.2320 0.9313 0.2809
vn 0.0618 0.9798 0.1904
vn 0.1187 0.9787 0.1677
vn 0.1422 0.9621 0.2325
vn 0.6467 0.7627 -0.0085
vn 0.6465 0.7629 -0.0085
vn 0.6800 0.7330 -0.0156
vn 0.6804 0.7327 -0.0156
vn 0.7617 0.6474 -0.0255
vn 0.8955 0.4437 -0.0349
vn 0.8481 0.5289 -0.0313
vn 0.9994 -0.0338 -0.0084
vn 0.9977 -0.0663 -0.0168
vn 0.9959 -0.0825 0.0380
vn 0.9981 -0.0346 0.0504
vn 0.7219 0.6918 0.0175
vn 0.7221 0.6915 0.0174
vn 0.6765 0.7362 0.0204
vn 0.6768 0.7358 0.0204
vn 0.6443 0.7647 0.0076
vn 0.6443 0.7648 0.0075
vn 0.3425 0.9160 -0.2087
vn 0.1616 0.9862 0.0348
vn 0.1567 0.9862 0.0531
vn 0.3259 0.9257 -0.1921
vn 0.0816 0.9963 -0.0284
vn 0.0150 0.9996 0.0236
vn 0.0317 0.9985 0.0456
vn 0.0571 0.9979 -0.0315
vn 0.9985 0.0266 -0.0476
vn 0.9988 0.0238 -0.0437
vn 0.9993 0.0064 -0.0373
vn 0.9993 0.0056 -0.0378
vn 0.9573 0.0008 -0.2891
vn 0.9832 0.0143 -0.1818
vn 0.1694 0.9854 -0.0170
vn 0.5581 0.7208 -0.4111
vn 0.5831 0.6881 -0.4319
vn 0.9313 -0.0111 -0.3642
vn 0.9384 -0.0127 -0.3453
vn 0.9221 -0.0090 -0.3868
vn 0.6641 0.5553 -0.5005
vn 0.9985 -0.0118 -0.0533
vn 0.9982 -0.0165 -0.0585
vn 0.0875 0.9890 0.1190
vn 0.1580 0.9671 0.1992
vn 0.1661 0.9619 0.2171
vn 0.9982 -0.0372 -0.0463
vn 0.9993 -0.0279 -0.0256
vn -0.4794 0.7902 0.3819
vn 0.1930 0.9413 0.2771
vn 0.9924 0.1227 -0.0013
vn 0.9604 0.2787 -0.0033
vn 0.9848 0.1736 -0.0019
vn 0.9961 -0.0505 0.0725
vn 0.9974 -0.0070 0.0720
vn 0.9965 0.0265 0.0797
vn 0.9963 0.0273 0.0819
vn 1.0000 -0.0000 -0.0000
vn 0.9920 0.1262 -0.0097
vn 0.9935 0.1140 0.0010
vn 0.9955 0.0941 0.0069
vn 0.9969 0.0790 0.0002
vn 0.9969 0.0787 -0.0064
vn 0.9971 -0.0762 0.0043
vn 0.9999 -0.0111 -0.0102
vn 1.0000 -0.0048 -0.0062
vn 0.9994 0.0307 -0.0135
vn 0.9996 0.0148 -0.0245
vn 0.9995 -0.0124 -0.0295
vn 0.9982 -0.0400 -0.0448
vn 0.9897 -0.1433 -0.0026
vn 0.9945 -0.0985 -0.0350
vn 0.9803 -0.1959 -0.0235
vn 0.9796 -0.1996 -0.0221
vn 0.9717 -0.2329 0.0389
vn 0.9532 -0.2992 0.0427
vn 0.9611 -0.2663 0.0738
vn 0.9046 0.2731 0.3273
vn 0.8506 0.3398 0.4013
vn 0.7317 0.1494 0.6650
vn 0.8965 0.1281 0.4240
vn 0.8343 -0.0936 0.5433
vn 0.5793 -0.1340 0.8040
vn 0.4570 0.1122 0.8824
vn 0.0920 0.9606 0.2622
vn 0.0823 0.9777 0.1934
vn 0.0366 0.9808 0.1914
vn 0.0535 0.9601 0.2746
vn -0.8955 0.0502 -0.4422
vn -0.8321 0.0561 -0.5517
vn -0.8322 0.0561 -0.5517
vn -0.9035 0.0492 -0.4257
vn 0.0890 0.9417 0.3246
vn 0.0621 0.9465 0.3168
vn 0.0611 0.9385 0.3399
vn 0.0423 0.9390 0.3414
vn 0.0578 0.9392 0.3386
vn 0.0604 0.9345 0.3509
vn 0.1246 0.9488 0.2904
vn 0.1802 0.9390 0.2929
vn 0.0939 0.9443 0.3154
vn 0.2373 0.9323 0.2729
vn 0.1423 0.9749 0.1712
vn 0.1304 0.9818 0.1381
vn 0.0621 0.9890 0.1341
vn 0.0868 0.9792 0.1835
vn -0.0000 0.0684 -0.9977
vn -0.1117 0.0680 -0.9914
vn -0.9508 0.0423 -0.3068
vn -0.9510 0.0423 -0.3062
vn -0.6165 0.0668 -0.7845
vn -0.6146 0.0669 -0.7860
vn -0.8311 0.0562 -0.5532
vn -0.8312 0.0562 -0.5532
vn -0.9971 0.0275 -0.0713
vn -0.9361 0.0448 -0.3489
vn -0.9358 0.0449 -0.3496
vn -0.9359 0.0449 -0.3495
vn -0.7319 0.0623 -0.6785
vn -0.7351 0.0622 -0.6751
vn -0.9451 0.0433 -0.3238
vn -0.9428 0.0437 -0.3305
vn 0.2511 -0.0274 0.9676
vn 0.2355 -0.0372 0.9712
vn -0.0000 -0.0525 0.9986
vn -0.0000 -0.0560 0.9984
vn 0.1654 0.9850 -0.0495
vn 0.2499 0.9647 -0.0833
vn 0.2699 0.9586 -0.0913
vn 0.3154 -0.0072 0.9489
vn 0.4932 0.0309 0.8693
vn 0.3212 -0.0070 0.9470
vn -0.0752 0.9760 -0.2043
vn -0.0583 0.9761 -0.2095
vn -0.0774 0.9760 -0.2036
vn -0.1648 0.9569 -0.2393
vn -0.1994 0.9547 -0.2209
vn -0.1996 0.9547 -0.2208
vn -0.1618 0.9570 -0.2408
vn 0.3101 -0.9374 0.1587
vn 0.2384 -0.9504 0.1996
vn 0.2446 -0.9496 0.1962
vn 0.3152 -0.9362 0.1556
vn 0.6176 0.5152 0.5943
vn 0.5658 0.3912 0.7258
vn 0.5184 -0.0792 -0.8515
vn 0.5184 -0.0794 -0.8515
vn 0.2569 -0.1895 -0.9477
vn 0.3193 -0.1063 -0.9417
vn -0.0000 -0.2199 -0.9755
vn -0.0000 -0.1303 -0.9915
vn 0.1104 -0.3237 -0.9397
vn -0.0000 -0.3257 -0.9455
vn -0.0662 -0.9955 -0.0679
vn -0.0408 -0.9921 -0.1190
vn -0.1567 -0.9803 0.1203
vn 0.8636 0.1363 0.4855
vn 0.8637 0.1306 0.4868
vn 0.8636 0.1361 0.4855
vn -0.7585 -0.0560 -0.6493
vn -0.7716 -0.1592 -0.6158
vn -0.7716 -0.1601 -0.6156
vn -0.7688 -0.1264 -0.6269
vn -0.7715 -0.1647 -0.6146
vn 0.8634 0.1417 0.4842
vn -0.8600 -0.2007 -0.4691
vn -0.6518 -0.7223 -0.2312
vn -0.1261 -0.9818 -0.1420
vn -0.0184 -0.9994 0.0278
vn -0.0000 -1.0000 -0.0000
vn -0.0116 -0.9998 0.0176
vn -0.0579 -0.9941 0.0921
vn -0.0503 -0.9956 0.0793
vn -0.0772 -0.9892 0.1244
vn -0.7272 0.0787 -0.6819
vn 0.1381 0.9816 -0.1318
vn 0.5185 -0.0836 -0.8510
vn -0.6202 0.7835 0.0381
vn -0.1315 0.9576 -0.2565
vn -0.1342 0.9576 -0.2551
vn -0.1337 0.9576 -0.2553
vn 0.4943 0.2538 0.8314
vn 0.4351 0.2306 0.8703
vn -0.8312 0.4930 0.2570
vn 0.8319 -0.5387 -0.1331
vn -0.3434 0.9289 -0.1388
vn -0.4814 0.8751 -0.0503
vn -0.3564 0.9251 -0.1309
vn 0.0603 0.9345 0.3508
vn 0.0605 0.9344 0.3510
vn -0.0000 0.9361 0.3516
vn -0.7837 -0.5432 0.3014
vn -0.0039 -0.9999 -0.0148
vn -0.0024 -0.9999 -0.0156
vn -0.0036 -0.9999 -0.0149
vn -0.0000 -0.0527 0.9986
vn 0.2492 -0.0340 0.9679
vn 0.2233 -0.0386 0.9740
vn 0.1473 -0.0576 0.9874
vn -0.0000 -0.0583 0.9983
vn 0.3317 -0.0174 0.9432
vn 0.3144 -0.0048 0.9493
vn 0.3173 -0.0114 0.9483
vn 0.3274 -0.0117 0.9448
vn 0.3308 -0.0147 0.9436
vn 0.0213 0.9997 0.0109
vn -0.0361 0.9988 0.0319
vn -0.0274 0.9992 0.0287
vn 0.7376 0.0978 0.6682
vn 0.7469 0.2225 0.6266
vn 0.4348 -0.0243 0.9002
vn 0.0985 -0.9846 0.1444
vn 0.0999 -0.9845 0.1440
vn 0.0984 -0.9846 0.1444
vn 0.3238 0.1925 0.9263
vn 0.3143 0.1940 0.9293
vn 0.3257 0.1922 0.9257
vn 0.3349 0.1906 0.9228
vn 0.1506 -0.9573 0.2466
vn 0.1095 -0.9573 0.2676
vn 0.1441 -0.9575 0.2500
vn 0.8000 -0.5587 -0.2189
vn 0.3275 -0.9331 0.1483
vn 0.8907 0.0025 -0.4546
vn 0.9528 0.0263 -0.3025
vn -0.9564 0.0994 0.2745
vn -0.0942 0.9756 -0.1983
vn 0.0545 -0.9760 0.2108
vn 0.0760 -0.9760 0.2041
vn 0.0561 -0.9760 0.2104
vn 0.0344 -0.9756 0.2170
vn -0.0832 0.9853 -0.1491
vn -0.8271 0.5424 0.1474
vn 0.0970 -0.9847 0.1449
vn -0.9577 -0.0287 0.2863
vn 0.4729 -0.0297 0.8806
vn 0.7077 0.0508 0.7047
vn 0.7095 0.0549 0.7026
vn 0.7077 0.0509 0.7047
vn 0.7354 0.0813 0.6728
vn 0.1562 -0.0485 0.9865
vn 0.1532 -0.0464 0.9871
vn 0.3309 -0.0184 0.9435
vn 0.2442 -0.0399 0.9689
vn 0.3343 -0.0177 0.9423
vn 0.2450 -0.0371 0.9688
vn 0.5240 0.0048 0.8517
vn 0.3209 0.0052 0.9471
vn 0.3360 -0.0231 0.9416
vn 0.3149 0.0017 0.9491
vn 0.9948 0.0047 -0.1020
vn 0.3765 -0.9118 -0.1638
vn 0.3737 -0.9132 -0.1627
vn 0.3763 -0.9119 -0.1637
vn 0.9253 -0.0930 -0.3677
vn -0.0840 0.9952 0.0494
vn 0.2375 0.9682 -0.0784
vn 0.1387 0.9896 -0.0389
vn -0.9283 0.0507 0.3683
vn 0.0118 0.9999 0.0115
vn 0.3792 -0.9105 -0.1648
vn -0.0051 -0.9999 -0.0142
vn 0.3432 0.7341 -0.5859
vn 0.4120 0.7140 -0.5661
vn 0.4221 0.7135 -0.5592
vn 0.3439 0.7337 -0.5861
vn 0.3138 0.7400 -0.5949
vn 0.3818 0.5919 -0.7099
vn -0.5060 -0.0498 0.8611
vn -0.4500 0.0994 0.8875
vn -0.3199 -0.9271 -0.1953
vn -0.0135 -0.9686 -0.2481
vn -0.1261 -0.9818 -0.1422
vn -0.0000 0.3324 0.9431
vn -0.4580 0.0135 -0.8888
vn -0.4669 -0.0085 -0.8843
vn -0.4757 -0.0678 -0.8770
vn -0.4699 0.0024 -0.8827
vn 0.1359 -0.9895 -0.0487
vn 0.2654 -0.9594 -0.0952
vn 0.1208 -0.9917 -0.0433
vn -0.4459 0.0185 -0.8949
vn -0.4586 0.0392 -0.8878
vn -0.4342 -0.0000 -0.9008
vn -0.4467 0.0376 -0.8939
vn 0.6568 -0.1174 0.7449
vn 0.6730 -0.0048 0.7397
vn 0.5644 -0.0151 0.8253
vn 0.5394 -0.0529 0.8404
vn 0.4459 -0.0185 0.8949
vn 0.4342 -0.0000 0.9008
vn 0.8252 -0.5332 -0.1865
vn -0.4605 0.0823 -0.8838
vn -0.0292 -0.0000 0.9996
vn -0.9008 -0.0001 0.4343
vn -0.9008 -0.0001 0.4342
vn -0.9009 -0.0000 0.4341
vn -0.8979 0.0801 0.4328
vn -0.9008 0.0001 0.4343
vn -0.8976 0.0842 0.4327
vn -0.9008 0.0002 0.4342
vn -0.9008 -0.0000 0.4342
vn 0.7404 -0.5696 -0.3569
vn -0.7404 0.5696 0.3569
vn 0.0292 -0.0000 -0.9996
vn 0.2677 0.9433 0.1961
vn 0.2520 0.8931 0.3726
vn 0.2830 0.9118 0.2975
vn 0.3555 -0.9230 0.1475
vn 0.4809 -0.8754 0.0495
vn 0.3581 -0.9223 0.1456
vn 0.7998 -0.5245 -0.2919
vn 0.2027 -0.9461 0.2528
vn 0.2124 -0.9456 0.2465
vn 0.2133 -0.9455 0.2459
vn 0.3026 0.8253 0.4768
vn 0.2552 0.8699 0.4221
vn 0.2259 0.8964 0.3814
vn 0.2637 0.8699 0.4167
vn 0.2938 0.8462 0.4444
vn 0.4190 0.8382 0.3491
vn -0.6520 0.7548 0.0718
vn -0.7169 0.6918 0.0863
vn -0.7284 0.6794 0.0890
vn -0.7865 0.6090 0.1028
vn 0.2314 0.9591 -0.1631
vn -0.1811 0.9827 0.0380
vn -0.1830 0.9782 0.0978
vn -0.1762 0.9819 -0.0693
vn -0.1737 0.9785 -0.1115
vn 0.9561 -0.2899 0.0432
vn -0.3044 0.9514 -0.0480
vn -0.4753 0.8787 -0.0442
vn -0.5299 0.8480 0.0095
vn -0.3236 0.9459 0.0223
vn -0.5966 0.7958 0.1042
vn -0.4431 0.8890 0.1153
vn -0.3333 0.9286 -0.1633
vn -0.4369 0.8863 -0.1535
vn -0.4503 0.8877 -0.0963
vn -0.2905 0.9513 -0.1036
vn -0.4255 0.8894 -0.1672
vn -0.6370 0.7462 0.1933
vn -0.6363 0.7482 0.1880
vn -0.6459 0.7607 0.0642
vn -0.5124 0.8461 0.1471
vn -0.4663 0.8797 0.0927
vn -0.2974 0.9306 0.2133
vn -0.2291 0.9414 0.2475
vn -0.2222 0.9620 0.1589
vn -0.6264 0.7785 0.0400
vn -0.4011 0.9016 0.1618
vn -0.7257 0.6879 -0.0107
vn -0.3335 0.9390 0.0837
vn -0.1993 0.9627 0.1829
vn -0.1579 0.9632 0.2176
vn -0.2320 0.9313 0.2809
vn -0.1187 0.9787 0.1677
vn -0.0618 0.9798 0.1904
vn -0.1422 0.9621 0.2325
vn -0.6467 0.7627 -0.0085
vn -0.6804 0.7327 -0.0156
vn -0.6800 0.7330 -0.0156
vn -0.6465 0.7629 -0.0085
vn -0.7617 0.6474 -0.0255
vn -0.8481 0.5289 -0.0313
vn -0.8955 0.4437 -0.0349
vn -0.9994 -0.0338 -0.0084
vn -0.9981 -0.0346 0.0504
vn -0.9959 -0.0825 0.0380
vn -0.9977 -0.0663 -0.0168
vn -0.7221 0.6915 0.0174
vn -0.7219 0.6918 0.0175
vn -0.6768 0.7358 0.0204
vn -0.6765 0.7362 0.0204
vn -0.6443 0.7648 0.0075
vn -0.6443 0.7647 0.0076
vn -0.3425 0.9160 -0.2087
vn -0.3259 0.9257 -0.1921
vn -0.1567 0.9862 0.0531
vn -0.1616 0.9862 0.0348
vn -0.0816 0.9963 -0.0284
vn -0.0571 0.9979 -0.0315
vn -0.0317 0.9985 0.0456
vn -0.0150 0.9996 0.0236
vn -0.9985 0.0266 -0.0476
vn -0.9993 0.0056 -0.0378
vn -0.9993 0.0064 -0.0373
vn -0.9988 0.0238 -0.0437
vn -0.9573 0.0008 -0.2891
vn -0.9832 0.0143 -0.1818
vn -0.1694 0.9854 -0.0170
vn -0.5581 0.7208 -0.4111
vn -0.5831 0.6881 -0.4319
vn -0.9384 -0.0127 -0.3453
vn -0.9313 -0.0111 -0.3642
vn -0.9221 -0.0090 -0.3868
vn -0.6641 0.5553 -0.5005
vn -0.9982 -0.0165 -0.0585
vn -0.9985 -0.0118 -0.0533
vn -0.0875 0.9890 0.1190
vn -0.1661 0.9619 0.2171
vn -0.1580 0.9671 0.1992
vn -0.9993 -0.0279 -0.0256
vn -0.9982 -0.0372 -0.0463
vn 0.4794 0.7902 0.3819
vn -0.1930 0.9413 0.2771
vn -0.9924 0.1227 -0.0013
vn -0.9848 0.1736 -0.0019
vn -0.9604 0.2787 -0.0033
vn -0.9974 -0.0070 0.0720
vn -0.9961 -0.0505 0.0725
vn -0.9963 0.0273 0.0819
vn -0.9965 0.0265 0.0797
vn -1.0000 -0.0000 -0.0000
vn -0.9920 0.1262 -0.0097
vn -0.9935 0.1140 0.0010
vn -0.9955 0.0941 0.0069
vn -0.9969 0.0790 0.0002
vn -0.9969 0.0787 -0.0064
vn -0.9971 -0.0762 0.0043
vn -0.9999 -0.0111 -0.0102
vn -1.0000 -0.0048 -0.0062
vn -0.9994 0.0307 -0.0135
vn -0.9996 0.0148 -0.0245
vn -0.9995 -0.0124 -0.0295
vn -0.9982 -0.0400 -0.0448
vn -0.9897 -0.1433 -0.0026
vn -0.9945 -0.0985 -0.0350
vn -0.9803 -0.1959 -0.0235
vn -0.9796 -0.1996 -0.0221
vn -0.9717 -0.2329 0.0389
vn -0.9611 -0.2663 0.0738
vn -0.9532 -0.2992 0.0427
vn -0.9046 0.2731 0.3273
vn -0.8965 0.1281 0.4240
vn -0.7317 0.1494 0.6650
vn -0.8506 0.3398 0.4013
vn -0.8343 -0.0936 0.5433
vn -0.5793 -0.1340 0.8040
vn -0.4570 0.1122 0.8824
vn -0.0920 0.9606 0.2622
vn -0.0535 0.9601 0.2746
vn -0.0366 0.9808 0.1914
vn -0.0823 0.9777 0.1934
vn 0.8955 0.0502 -0.4422
vn 0.9035 0.0492 -0.4257
vn 0.8322 0.0561 -0.5517
vn 0.8321 0.0561 -0.5517
vn -0.0890 0.9417 0.3246
vn -0.0611 0.9385 0.3399
vn -0.0621 0.9465 0.3168
vn -0.0423 0.9390 0.3414
vn -0.0604 0.9345 0.3509
vn -0.0578 0.9392 0.3386
vn -0.1246 0.9488 0.2904
vn -0.0939 0.9443 0.3154
vn -0.1802 0.9390 0.2929
vn -0.2373 0.9323 0.2729
vn -0.1423 0.9749 0.1712
vn -0.0868 0.9792 0.1835
vn -0.0621 0.9890 0.1341
vn -0.1304 0.9818 0.1381
vn 0.1117 0.0680 -0.9914
vn 0.9508 0.0423 -0.3068
vn 0.9510 0.0423 -0.3062
vn 0.6165 0.0668 -0.7845
vn 0.6146 0.0669 -0.7860
vn 0.8312 0.0562 -0.5532
vn 0.8311 0.0562 -0.5532
vn 0.9971 0.0275 -0.0713
vn 0.9361 0.0448 -0.3489
vn 0.9359 0.0449 -0.3495
vn 0.9358 0.0449 -0.3496
vn 0.7351 0.0622 -0.6751
vn 0.7319 0.0623 -0.6785
vn 0.9428 0.0437 -0.3305
vn 0.9451 0.0433 -0.3238
vn -0.2511 -0.0274 0.9676
vn -0.2355 -0.0372 0.9712
vn -0.1654 0.9850 -0.0495
vn -0.2699 0.9586 -0.0913
vn -0.2499 0.9647 -0.0833
vn -0.3154 -0.0072 0.9489
vn -0.3212 -0.0070 0.9470
vn -0.4932 0.0309 0.8693
vn 0.0752 0.9760 -0.2043
vn 0.0774 0.9760 -0.2036
vn 0.0583 0.9761 -0.2095
vn 0.1648 0.9569 -0.2393
vn 0.1618 0.9570 -0.2408
vn 0.1996 0.9547 -0.2208
vn 0.1994 0.9547 -0.2209
vn -0.3101 -0.9374 0.1587
vn -0.3152 -0.9362 0.1556
vn -0.2446 -0.9496 0.1962
vn -0.2384 -0.9504 0.1996
vn -0.5658 0.3912 0.7258
vn -0.6176 0.5152 0.5943
vn -0.5184 -0.0792 -0.8515
vn -0.3193 -0.1063 -0.9417
vn -0.2569 -0.1895 -0.9477
vn -0.5184 -0.0794 -0.8515
vn -0.1104 -0.3237 -0.9397
vn 0.0662 -0.9955 -0.0679
vn 0.1567 -0.9803 0.1203
vn 0.0408 -0.9921 -0.1190
vn -0.8636 0.1363 0.4855
vn -0.8636 0.1361 0.4855
vn -0.8637 0.1306 0.4868
vn 0.7585 -0.0560 -0.6493
vn 0.7688 -0.1264 -0.6269
vn 0.7716 -0.1601 -0.6156
vn 0.7716 -0.1592 -0.6158
vn 0.7715 -0.1647 -0.6146
vn -0.8634 0.1417 0.4842
vn 0.8600 -0.2007 -0.4691
vn 0.6518 -0.7223 -0.2312
vn 0.1261 -0.9818 -0.1420
vn 0.0184 -0.9994 0.0278
vn 0.0116 -0.9998 0.0176
vn 0.0579 -0.9941 0.0921
vn 0.0772 -0.9892 0.1244
vn 0.0503 -0.9956 0.0793
vn 0.7272 0.0787 -0.6819
vn -0.8481 0.5290 -0.0313
vn -0.1381 0.9816 -0.1318
vn -0.5185 -0.0836 -0.8510
vn 0.6202 0.7835 0.0381
vn 0.1315 0.9576 -0.2565
vn 0.1337 0.9576 -0.2553
vn 0.1342 0.9576 -0.2551
vn -0.4351 0.2306 0.8703
vn -0.4943 0.2538 0.8314
vn 0.8312 0.4930 0.2570
vn -0.8319 -0.5387 -0.1331
vn 0.3434 0.9289 -0.1388
vn 0.3564 0.9251 -0.1309
vn 0.4814 0.8751 -0.0503
vn -0.0605 0.9344 0.3510
vn 0.7837 -0.5432 0.3014
vn 0.0039 -0.9999 -0.0148
vn 0.0036 -0.9999 -0.0149
vn 0.0024 -0.9999 -0.0156
vn -0.1473 -0.0576 0.9874
vn -0.2233 -0.0386 0.9740
vn -0.2492 -0.0340 0.9679
vn -0.3308 -0.0147 0.9436
vn -0.3274 -0.0117 0.9448
vn -0.3173 -0.0114 0.9483
vn -0.3144 -0.0048 0.9493
vn -0.3317 -0.0174 0.9432
vn -0.0213 0.9997 0.0109
vn 0.0274 0.9992 0.0287
vn 0.0361 0.9988 0.0319
vn -0.7376 0.0978 0.6681
vn -0.7469 0.2225 0.6266
vn -0.4348 -0.0243 0.9002
vn -0.0985 -0.9846 0.1444
vn -0.0984 -0.9846 0.1444
vn -0.0999 -0.9845 0.1440
vn -0.3238 0.1925 0.9263
vn -0.3257 0.1922 0.9257
vn -0.3143 0.1940 0.9293
vn -0.3349 0.1906 0.9228
vn -0.1506 -0.9573 0.2466
vn -0.1441 -0.9575 0.2500
vn -0.1095 -0.9573 0.2676
vn -0.8000 -0.5587 -0.2189
vn -0.3275 -0.9331 0.1483
vn -0.8907 0.0025 -0.4546
vn -0.9528 0.0263 -0.3025
vn 0.9564 0.0994 0.2745
vn 0.0942 0.9756 -0.1983
vn -0.0545 -0.9760 0.2108
vn -0.0561 -0.9760 0.2104
vn -0.0760 -0.9760 0.2041
vn -0.0344 -0.9756 0.2170
vn 0.0832 0.9853 -0.1491
vn 0.8271 0.5424 0.1474
vn -0.0970 -0.9847 0.1449
vn 0.9577 -0.0287 0.2863
vn -0.4729 -0.0297 0.8806
vn -0.7095 0.0549 0.7026
vn -0.7077 0.0508 0.7047
vn -0.7354 0.0813 0.6728
vn -0.1562 -0.0485 0.9865
vn -0.1532 -0.0464 0.9871
vn -0.3309 -0.0184 0.9435
vn -0.2442 -0.0399 0.9689
vn -0.3343 -0.0177 0.9423
vn -0.2450 -0.0371 0.9688
vn -0.5240 0.0048 0.8517
vn -0.3209 0.0052 0.9471
vn -0.3360 -0.0231 0.9416
vn -0.3149 0.0017 0.9491
vn -0.9948 0.0047 -0.1020
vn -0.3765 -0.9118 -0.1638
vn -0.3763 -0.9119 -0.1637
vn -0.3737 -0.9132 -0.1627
vn -0.9253 -0.0930 -0.3677
vn 0.0840 0.9952 0.0494
vn -0.1387 0.9896 -0.0389
vn -0.2375 0.9682 -0.0784
vn 0.9283 0.0507 0.3683
vn -0.0118 0.9999 0.0115
vn -0.3792 -0.9105 -0.1648
vn 0.0051 -0.9999 -0.0142
vn -0.3432 0.7341 -0.5859
vn -0.3439 0.7337 -0.5861
vn -0.4221 0.7135 -0.5592
vn -0.4120 0.7140 -0.5661
vn -0.3138 0.7400 -0.5949
vn -0.3818 0.5919 -0.7099
vn 0.5060 -0.0498 0.8611
vn 0.4500 0.0994 0.8875
vn 0.3199 -0.9271 -0.1953
vn 0.1261 -0.9818 -0.1422
vn 0.0134 -0.9686 -0.2481
vn 0.4580 0.0135 -0.8888
vn 0.4699 0.0024 -0.8827
vn 0.4757 -0.0678 -0.8770
vn 0.4669 -0.0085 -0.8843
vn -0.1359 -0.9895 -0.0487
vn -0.1208 -0.9917 -0.0433
vn -0.2654 -0.9594 -0.0952
vn 0.4459 0.0185 -0.8949
vn 0.4586 0.0392 -0.8878
vn 0.4342 -0.0000 -0.9008
vn 0.4467 0.0376 -0.8939
vn -0.6568 -0.1174 0.7449
vn -0.5394 -0.0529 0.8404
vn -0.5644 -0.0151 0.8253
vn -0.6730 -0.0048 0.7397
vn -0.4342 -0.0000 0.9008
vn -0.4459 -0.0185 0.8949
vn -0.8252 -0.5332 -0.1865
vn 0.4605 0.0823 -0.8838
vn 0.0292 -0.0000 0.9996
vn 0.9008 -0.0001 0.4343
vn 0.9008 -0.0001 0.4342
vn 0.8979 0.0801 0.4328
vn 0.9008 0.0001 0.4342
vn 0.9007 -0.0000 0.4344
vn 0.8976 0.0842 0.4327
vn 0.9008 0.0002 0.4342
vn 0.9008 -0.0000 0.4342
vn -0.7404 -0.5696 -0.3569
vn 0.7404 0.5696 0.3569
vn -0.0291 -0.0000 -0.9996
vn -0.2677 0.9433 0.1961
vn -0.2830 0.9118 0.2975
vn -0.2520 0.8931 0.3726
vn -0.3555 -0.9230 0.1475
vn -0.3581 -0.9223 0.1456
vn -0.4809 -0.8754 0.0495
vn -0.7998 -0.5245 -0.2919
vn -0.2027 -0.9461 0.2528
vn -0.2133 -0.9455 0.2459
vn -0.2124 -0.9456 0.2465
vn -0.3026 0.8253 0.4768
vn -0.2552 0.8699 0.4221
vn -0.2259 0.8964 0.3814
vn -0.2637 0.8699 0.4167
vn -0.2938 0.8462 0.4444
vn -0.4190 0.8382 0.3491
vn 0.6520 0.7548 0.0718
vn 0.7284 0.6794 0.0890
vn 0.7169 0.6918 0.0863
vn 0.7865 0.6090 0.1028
vn -0.2314 0.9591 -0.1631
vn 0.1811 0.9827 0.0380
vn 0.1762 0.9819 -0.0693
vn 0.1830 0.9782 0.0978
vn 0.1737 0.9785 -0.1115
vn -0.9561 -0.2899 0.0432
vt 0.081647 0.340192
vt 0.081725 0.381336
vt 0.065115 0.382663
vt 0.063150 0.342195
vt 0.070472 0.476830
vt 0.056894 0.472368
vt 0.076145 0.217247
vt 0.081568 0.299048
vt 0.061184 0.301727
vt 0.047698 0.234159
vt 0.043620 0.138391
vt 0.064499 0.092336
vt 0.054912 0.540672
vt 0.041334 0.536210
vt 0.041185 0.603642
vt 0.027607 0.599180
vt 0.032562 0.652824
vt 0.045792 0.655971
vt 0.050140 0.708417
vt 0.036241 0.707051
vt 0.003523 0.706047
vt -0.000000 0.652324
vt 0.000531 0.598667
vt 0.045246 0.649771
vt 0.039788 0.750320
vt 0.002344 0.749220
vt 0.055662 0.751747
vt 0.046301 0.834919
vt 0.026557 0.812186
vt 0.018534 0.802948
vt 0.063296 0.849365
vt 0.999661 0.457454
vt 0.972704 0.456891
vt 0.975523 0.421442
vt 0.999594 0.422130
vt 0.488607 0.862363
vt 0.487509 0.797085
vt 0.508395 0.744799
vt 0.508395 0.839706
vt 0.321771 0.430382
vt 0.286075 0.424219
vt 0.297718 0.391347
vt 0.324192 0.394038
vt 0.254127 0.107602
vt 0.283985 0.107029
vt 0.279491 0.177240
vt 0.251810 0.177948
vt 1.000000 0.634073
vt 0.971999 0.633737
vt 0.970942 0.563038
vt 0.999865 0.563426
vt 0.969885 0.492339
vt 0.999729 0.492778
vt 0.776186 0.530439
vt 0.788477 0.562357
vt 0.768461 0.573284
vt 0.756169 0.541366
vt 0.796012 0.519304
vt 0.801433 0.555390
vt 0.291135 0.581745
vt 0.242071 0.591663
vt 0.240630 0.557433
vt 0.281047 0.553957
vt 0.324534 0.609638
vt 0.262786 0.625980
vt 0.780156 0.489184
vt 0.763678 0.498752
vt 0.742702 0.510708
vt 0.327099 0.657124
vt 0.282206 0.664091
vt 0.377587 0.618108
vt 0.366065 0.646934
vt 0.242289 0.630272
vt 0.264102 0.656931
vt 0.246283 0.515359
vt 0.285819 0.512123
vt 0.805600 0.570669
vt 0.802013 0.602847
vt 0.783432 0.612940
vt 0.267025 0.457059
vt 0.319351 0.466726
vt 0.819657 0.620664
vt 0.812472 0.662540
vt 0.801923 0.669243
vt 0.298916 0.384909
vt 0.282859 0.422590
vt 0.263700 0.432843
vt 0.265815 0.388637
vt 0.321804 0.344265
vt 0.330254 0.345208
vt 0.358780 0.344422
vt 0.366463 0.371723
vt 0.361928 0.415652
vt 0.391053 0.420564
vt 0.391843 0.442740
vt 0.344014 0.301080
vt 0.360267 0.300632
vt 0.339199 0.300542
vt 0.352093 0.193999
vt 0.368347 0.193551
vt 0.347278 0.193462
vt 0.358423 0.139265
vt 0.379982 0.138671
vt 0.352036 0.138552
vt 0.364382 0.109544
vt 0.390815 0.108815
vt 0.356552 0.108669
vt 0.366200 0.067408
vt 0.392633 0.066679
vt 0.358370 0.066533
vt 0.318514 0.060663
vt 0.320071 0.108619
vt 0.315566 0.158666
vt 0.310940 0.221226
vt 0.332587 0.309997
vt 0.268160 0.353149
vt 0.315942 0.347602
vt 0.274998 0.247451
vt 0.270505 0.317662
vt 0.279054 0.053254
vt 0.278288 0.000000
vt 0.293426 0.037334
vt 0.229534 0.882423
vt 0.261252 0.923641
vt 0.260002 0.963530
vt 0.229534 0.933712
vt 0.457892 0.744799
vt 0.457916 0.778127
vt 0.392786 0.799957
vt 0.392633 0.749237
vt 0.446018 0.831515
vt 0.117513 0.761154
vt 0.115677 0.720848
vt 0.125958 0.735811
vt 0.135689 0.764280
vt 0.969885 0.829844
vt 0.969885 0.813476
vt 0.971859 0.813759
vt 0.971859 0.830127
vt 0.120213 0.804543
vt 0.145728 0.794746
vt 0.151703 0.810229
vt 0.123321 0.870181
vt 0.123260 0.868884
vt 0.174943 0.879056
vt 0.093374 0.863758
vt 0.088206 0.789270
vt 0.102138 0.865638
vt 0.084095 0.745911
vt 0.080725 0.693443
vt 0.079473 0.675373
vt 0.089300 0.682812
vt 0.103796 0.703653
vt 0.653706 0.794409
vt 0.658725 0.773407
vt 0.660676 0.773819
vt 0.655665 0.794783
vt 0.946550 0.846103
vt 0.946550 0.823621
vt 0.948529 0.823891
vt 0.948529 0.846373
vt 0.973572 0.760013
vt 0.981659 0.718625
vt 0.983632 0.718907
vt 0.975546 0.760296
vt 0.970492 0.794736
vt 0.972465 0.795018
vt 0.390530 0.899305
vt 0.390530 0.858489
vt 0.392523 0.858616
vt 0.392523 0.899432
vt 0.655458 0.753524
vt 0.657408 0.753936
vt 0.972116 0.772123
vt 0.974090 0.772405
vt 0.653706 0.740114
vt 0.655656 0.740526
vt 0.950446 0.870860
vt 0.952425 0.871130
vt 0.395011 0.878309
vt 0.406177 0.880816
vt 0.411995 0.949832
vt 0.399478 0.950249
vt 0.977509 0.081809
vt 0.986468 0.116113
vt 0.980586 0.117253
vt 0.971627 0.082949
vt 0.392633 0.828956
vt 0.398828 0.831346
vt 0.406832 0.866596
vt 0.174469 0.880826
vt 0.122847 0.871951
vt 0.991015 0.664836
vt 0.991265 0.675823
vt 0.975390 0.676492
vt 0.975141 0.665505
vt 0.870555 0.847504
vt 0.872425 0.869852
vt 0.856014 0.867434
vt 0.854144 0.845085
vt 0.487509 0.762489
vt 0.486191 0.773164
vt 0.466534 0.785462
vt 0.530675 0.926941
vt 0.531349 0.977550
vt 0.512528 0.979700
vt 0.512528 0.923892
vt 0.072481 0.880826
vt 0.072294 0.936063
vt 0.004470 0.925905
vt 0.007754 0.881146
vt 0.067826 0.957695
vt 0.000000 0.958026
vt 0.686490 0.809631
vt 0.671107 0.835585
vt 0.669585 0.834730
vt 0.684968 0.808776
vt 0.385392 0.927123
vt 0.390530 0.966835
vt 0.389114 0.967005
vt 0.383976 0.927293
vt 0.954665 0.725021
vt 0.955080 0.769767
vt 0.951037 0.769809
vt 0.950623 0.725063
vt 0.950576 0.808738
vt 0.946550 0.808549
vt 0.384196 0.881708
vt 0.382780 0.881879
vt 0.073792 0.936395
vt 0.069324 0.958026
vt 0.658066 0.908023
vt 0.659807 0.908148
vt 0.659807 0.910729
vt 0.658139 0.910609
vt 0.717184 0.757844
vt 0.701873 0.783677
vt 0.700351 0.782822
vt 0.715663 0.756989
vt 0.965751 0.232825
vt 0.979352 0.312602
vt 0.977802 0.313099
vt 0.964202 0.233321
vt 0.972552 0.203459
vt 0.970924 0.203522
vt 0.977646 0.173723
vt 0.979352 0.174092
vt 0.946550 0.707116
vt 0.952125 0.725375
vt 0.979478 0.377362
vt 1.000000 0.356734
vt 0.872806 0.916350
vt 0.871070 0.916486
vt 0.871142 0.911428
vt 0.872806 0.911298
vt 0.548822 0.929990
vt 0.550170 0.975400
vt 0.845355 0.657740
vt 0.815299 0.567441
vt 0.834126 0.622284
vt 0.985760 0.634073
vt 0.988983 0.652026
vt 0.973108 0.652696
vt 0.969885 0.634743
vt 0.460239 0.801779
vt 0.459225 0.827271
vt 0.796397 0.960182
vt 0.796397 0.935061
vt 0.811573 0.927492
vt 0.811573 0.952613
vt 0.781169 0.960160
vt 0.780189 0.948698
vt 0.782056 0.948820
vt 0.783035 0.960282
vt 0.989624 0.701632
vt 0.985760 0.717955
vt 0.969885 0.718624
vt 0.973750 0.702301
vt 0.160436 0.833034
vt 0.183630 0.835163
vt 0.183305 0.880494
vt 0.653706 0.849723
vt 0.653706 0.794783
vt 0.659513 0.796257
vt 0.659513 0.851197
vt 0.180937 0.900169
vt 0.177844 0.964971
vt 0.172284 0.964406
vt 0.175053 0.901204
vt 0.429108 0.949263
vt 0.424896 0.885018
vt 0.448755 0.890374
vt 0.451969 0.941259
vt 0.452426 0.948487
vt 0.433906 0.862685
vt 0.439903 0.847191
vt 0.446915 0.849896
vt 0.448183 0.877778
vt 0.423920 0.864881
vt 0.984933 0.173723
vt 0.987234 0.243346
vt 0.981342 0.242260
vt 0.979352 0.174235
vt 0.392698 0.816652
vt 0.734424 0.932414
vt 0.734270 0.919362
vt 0.741136 0.919550
vt 0.741290 0.932602
vt 0.779393 0.939380
vt 0.781259 0.939502
vt 0.458864 0.851325
vt 0.458914 0.869679
vt 0.458847 0.838270
vt 0.866942 0.902966
vt 0.863469 0.911298
vt 0.847058 0.908880
vt 0.850531 0.900547
vt 0.764241 0.948985
vt 0.763445 0.939667
vt 0.863469 0.818187
vt 0.847058 0.815769
vt 0.781169 0.927493
vt 0.765221 0.927779
vt 0.783035 0.927614
vt 0.392523 0.899476
vt 0.392523 0.929893
vt 0.390632 0.929848
vt 0.390632 0.899432
vt 0.101664 0.867407
vt 0.510410 0.757475
vt 0.508395 0.745033
vt 0.510264 0.744799
vt 0.512280 0.757242
vt 0.508395 0.809377
vt 0.510264 0.809143
vt 0.653706 0.921142
vt 0.653706 0.912179
vt 0.660429 0.912434
vt 0.660429 0.921397
vt 0.971170 0.325239
vt 0.971039 0.334067
vt 0.964202 0.333947
vt 0.964333 0.325118
vt 0.734270 0.950774
vt 0.741136 0.950962
vt 0.971039 0.313219
vt 0.964202 0.313099
vt 0.445290 0.831724
vt 0.393376 0.800988
vt 0.393274 0.816532
vt 0.412520 0.949246
vt 0.428497 0.948712
vt 0.407384 0.867123
vt 0.406753 0.880813
vt 0.423374 0.865518
vt 0.424321 0.885043
vt 0.399385 0.831175
vt 0.407276 0.865947
vt 0.433490 0.862160
vt 0.439370 0.846978
vt 0.198488 0.952213
vt 0.198488 0.968333
vt 0.192884 0.968497
vt 0.192884 0.952378
vt 0.846099 0.942667
vt 0.846530 0.957725
vt 0.840579 0.958245
vt 0.840147 0.943188
vt 0.511269 0.943395
vt 0.511269 0.969835
vt 0.505477 0.969711
vt 0.505477 0.943271
vt 0.985244 0.256727
vt 0.979352 0.255640
vt 0.983212 0.132577
vt 0.977330 0.133717
vt 0.734270 0.967058
vt 0.734270 0.950962
vt 0.740260 0.950961
vt 0.740260 0.967057
vt 0.977509 0.149815
vt 0.971627 0.150955
vt 0.846530 0.927493
vt 0.840579 0.928013
vt 0.178168 0.880826
vt 0.172284 0.881861
vt 0.764541 0.496549
vt 0.778774 0.488326
vt 0.751418 0.476143
vt 0.749318 0.476422
vt 0.660676 0.945556
vt 0.660676 0.920222
vt 0.663723 0.923998
vt 0.663723 0.948272
vt 0.706112 0.919362
vt 0.707257 0.923175
vt 0.660676 0.970890
vt 0.663723 0.972545
vt 0.713756 0.755164
vt 0.740141 0.740114
vt 0.989235 0.346261
vt 0.987234 0.339030
vt 0.987234 0.173889
vt 0.989235 0.173723
vt 0.577602 0.943631
vt 0.563685 0.943626
vt 0.570733 0.926487
vt 0.577602 0.923891
vt 0.585297 0.942092
vt 0.585064 0.923891
vt 0.602874 0.928264
vt 0.606612 0.942376
vt 0.585064 0.961854
vt 0.606380 0.962138
vt 0.577602 0.963371
vt 0.565531 0.961418
vt 0.585064 0.963373
vt 0.585064 0.943634
vt 0.632867 0.925657
vt 0.635638 0.923891
vt 0.635330 0.939053
vt 0.627897 0.939125
vt 0.635330 0.958702
vt 0.627897 0.958774
vt 0.407304 0.950407
vt 0.410104 0.950607
vt 0.410104 0.968883
vt 0.407304 0.968682
vt 0.580460 0.925509
vt 0.508395 0.813530
vt 0.511509 0.809377
vt 0.511509 0.835199
vt 0.508395 0.839352
vt 0.848391 0.929663
vt 0.867111 0.933571
vt 0.867982 0.934902
vt 0.847058 0.930534
vt 0.868179 0.928473
vt 0.869511 0.927601
vt 0.849459 0.924564
vt 0.848588 0.923233
vt 0.851282 0.951550
vt 0.852350 0.946452
vt 0.871070 0.950360
vt 0.870002 0.955459
vt 0.487509 0.945135
vt 0.505477 0.964194
vt 0.487509 0.966059
vt 0.955080 0.777959
vt 0.957984 0.782285
vt 0.957984 0.807973
vt 0.955080 0.803647
vt 0.834026 0.684542
vt 0.827437 0.698252
vt 0.322692 0.899403
vt 0.321022 0.882423
vt 0.324211 0.882424
vt 0.325881 0.899405
vt 0.180985 0.908302
vt 0.180985 0.880826
vt 0.183630 0.882217
vt 0.183630 0.909693
vt 0.321022 0.936411
vt 0.322188 0.925406
vt 0.325376 0.925407
vt 0.324211 0.936413
vt 0.357393 0.459581
vt 0.392633 0.464917
vt 0.814129 0.700789
vt 0.826788 0.731849
vt 0.841558 0.734115
vt 0.852744 0.774323
vt 0.858579 0.768750
vt 0.869467 0.815769
vt 0.873258 0.804392
vt 0.812446 0.551687
vt 0.660090 0.923891
vt 0.660090 0.960152
vt 0.650674 0.961634
vt 0.649192 0.929157
vt 0.039488 0.075904
vt 0.064030 0.044347
vt 0.084996 0.027907
vt 0.105964 0.011757
vt 0.105435 0.033461
vt 0.084591 0.063070
vt 0.233838 0.634189
vt 0.233618 0.629301
vt 0.237551 0.600889
s 1
usemtl Material.001
f 1106/761/718 826/762/719 830/763/720 1107/764/721
f 826/762/719 824/765/722 828/766/723 830/763/720
f 825/767/724 827/768/725 831/769/726 829/770/727
f 825/767/724 829/770/727 833/771/728 832/772/728
f 828/766/723 824/765/722 836/773/729 837/774/730
f 837/774/730 836/773/729 838/775/731 839/776/732
f 845/777/733 844/778/734 840/779/735 841/780/736
f 845/777/733 841/780/736 843/781/737 846/782/738
f 839/776/739 845/777/733 846/782/738 842/783/740
f 839/776/739 838/775/741 931/784/742 844/778/734 845/777/733
f 843/781/737 841/780/736 848/785/743 849/786/744
f 841/780/736 840/779/735 847/787/745 848/785/743
f 849/786/744 848/785/743 851/788/746 987/789/747 852/790/747
f 848/785/743 847/787/745 850/791/748 851/788/746
f 1109/792/749 1108/793/750 854/794/751 853/795/752
f 977/796/753 882/797/754 878/798/754 978/799/755
f 1103/800/756 1102/801/757 855/802/758 856/803/759
f 839/804/739 842/805/740 857/806/760 862/807/761
f 862/808/761 857/809/760 858/810/762 861/811/763
f 861/811/763 858/810/762 859/812/764 860/813/765
f 872/814/766 865/815/767 863/816/768 871/817/769
f 870/818/770 1111/819/771 865/815/772 872/814/773
f 873/820/774 871/821/775 863/822/776 867/823/777
f 868/824/778 864/825/779 871/821/775 873/820/774
f 1053/826/780 870/818/770 872/814/773 1054/827/780
f 1054/827/781 872/814/766 871/817/769 864/828/782
f 864/825/779 868/824/778 876/829/783 874/830/784
f 868/824/778 869/831/785 877/832/785 876/829/783
f 1054/833/781 864/825/782 874/830/786 1055/834/786
f 867/823/777 863/822/776 879/835/787 881/836/788
f 865/815/772 1111/819/771 878/837/789 880/838/789
f 863/816/768 865/815/767 880/838/790 879/839/791
f 881/836/788 879/835/787 883/840/792 885/841/793
f 880/838/794 878/837/794 882/842/794 884/843/794
f 879/839/791 880/838/790 884/843/795 883/844/795
f 1089/845/796 1088/846/797 977/847/797 854/848/798
f 856/803/759 855/802/758 886/849/799 887/850/800
f 856/803/759 887/850/800 890/851/801 888/852/802
f 1103/800/756 856/803/759 888/852/802 1104/853/803
f 1104/853/803 888/852/802 891/854/803 1105/855/803
f 890/851/801 887/850/800 894/856/803 895/857/803
f 887/850/800 886/849/799 893/858/804 894/856/803
f 895/857/803 894/856/803 897/859/803 898/860/803
f 894/856/803 893/858/804 896/861/805 897/859/803
f 898/860/803 897/859/803 900/862/803 901/863/803
f 897/859/803 896/861/805 899/864/806 900/862/803
f 901/863/803 900/862/803 903/865/803 904/866/803
f 900/862/803 899/864/806 902/867/807 903/865/803
f 904/866/803 903/865/803 906/868/803 907/869/803
f 903/865/803 902/867/807 905/870/808 906/868/803
f 908/871/809 905/870/808 902/867/807 909/872/810
f 909/872/810 902/867/807 899/864/806 910/873/811
f 910/873/811 899/864/806 896/861/805 911/874/812
f 911/874/812 896/861/805 893/858/804 912/875/813
f 1108/876/814 1110/877/815 1089/845/796 854/848/798
f 858/878/816 911/874/812 912/875/813 859/879/817
f 857/806/818 910/873/811 911/874/812 858/878/816
f 842/805/819 909/872/810 910/873/811 857/806/818
f 846/880/820 908/871/809 909/872/810 842/805/819
f 846/880/820 843/881/821 1064/882/822
f 849/883/823 852/884/824 914/885/825 913/886/826
f 913/887/826 914/888/825 916/889/827 915/890/827
f 916/889/828 914/888/825 1027/891/829
f 919/892/830 930/893/831 933/894/832 929/895/833
f 933/896/834 930/897/835 942/898/836 945/899/837
f 920/900/838 919/892/830 929/895/833 935/901/839 926/902/840
f 921/903/841 991/904/842 990/905/843
f 924/906/844 923/907/845 920/900/838 991/904/842 994/908/846
f 923/907/845 922/909/847 919/892/830 920/900/838
f 925/910/848 932/911/849 934/912/850 927/913/851
f 922/909/847 925/910/848 927/913/851 930/893/831 919/892/830
f 840/779/735 844/778/734 925/910/848 922/909/847
f 844/778/734 931/784/742 932/911/849 925/910/848
f 847/787/745 840/779/735 922/909/847 923/907/845
f 850/791/748 847/787/745 923/907/845 924/906/844
f 928/914/852 936/915/853 948/916/853 940/917/852
f 929/918/854 933/919/834 945/920/837 941/921/855
f 932/922/856 931/923/857 943/924/857 944/925/856
f 930/897/835 927/926/858 937/927/859 942/898/836
f 931/928/860 838/929/860 938/930/860 943/931/860
f 936/915/861 926/932/862 939/933/863 948/916/861
f 927/926/858 934/934/864 946/935/865 937/927/859
f 934/934/864 932/922/856 944/925/856 946/935/865
f 926/932/862 935/936/866 947/937/867 939/933/863
f 935/938/866 929/918/854 941/921/855 947/939/867
f 951/940/868 1030/941/869 998/942/870 949/943/871
f 1000/944/872 1003/945/873 1047/946/874 1051/947/872
f 952/948/875 1037/949/876 1034/950/877 1030/941/869 951/940/868
f 921/903/878 990/905/879 1013/951/879 1014/952/880
f 988/953/881 986/954/882 1009/955/883 1094/956/884
f 851/957/885 850/958/886 1090/959/887 1091/960/888
f 852/961/824 987/962/889 985/963/890 914/888/825
f 982/964/891 980/965/892 956/966/893 955/967/894
f 955/968/894 956/969/893 958/970/895 957/971/896
f 958/970/895 956/969/893 959/972/897 960/973/898
f 981/974/899 959/975/900 968/976/901 983/977/901
f 965/978/902 966/979/903 971/980/903 970/981/904
f 874/982/905 876/983/906 965/984/907 964/985/908
f 877/986/909 966/987/909 965/984/907 876/983/906
f 964/988/910 965/978/902 970/981/904 973/989/910
f 959/972/911 956/969/911 967/990/911 968/991/911
f 967/992/912 956/993/912 1057/994/912 1060/995/912
f 966/996/913 963/997/899 969/998/901 971/999/901
f 955/1000/914 957/1001/915 975/1002/915 974/1003/916
f 982/1004/917 984/1005/918 972/1006/919 962/1007/919
f 1055/1008/920 874/982/905 964/985/908 973/1009/920
f 854/794/751 977/1010/753 978/1011/755 853/795/752
f 955/1000/914 974/1003/916 984/1005/918 982/1004/917
f 962/1012/921 972/1013/921 1061/1014/921 1059/1015/921
f 963/997/899 981/974/899 983/977/901 969/998/901
f 962/1016/922 961/1017/922 980/965/892 982/964/891
f 978/1018/923 878/837/923 1113/1019/923 1112/1020/923
f 1006/1021/924 1007/1022/925 1012/1023/926 1010/1024/924
f 985/963/890 989/1025/927 986/1026/928 1027/891/829 914/888/825
f 985/1027/929 987/1028/929 1093/1029/929 1096/1030/929
f 994/908/846 991/904/842 921/903/841
f 993/1031/930 1006/1032/930 1019/1033/930 1015/1034/930
f 989/1035/931 985/1036/932 1096/1037/932 1095/1038/933
f 990/905/934 991/904/842 920/900/838 926/902/840 936/1039/935 928/1040/936 918/1041/936
f 1028/1042/937 917/1043/937 1048/1044/937 1041/1045/937
f 996/1046/938 1032/1047/939 1045/1048/939 1042/1049/940
f 999/1050/941 1036/1051/942 954/1052/943 992/1053/944 950/1054/945
f 1034/950/877 1039/1055/946 1038/1056/947 953/1057/948 993/1058/949 954/1052/943 1036/1051/942 1033/1059/950
f 1031/1060/951 997/1061/952 1043/1062/953 1044/1063/951
f 1004/1064/954 1037/949/876 952/948/955
f 1038/1056/947 1027/891/956 953/1057/948
f 1012/1065/957 1094/1066/958 1023/1067/958 1026/1068/959
f 1006/1032/930 995/1069/930 1020/1070/930 1019/1033/930
f 1007/1071/960 1006/1072/961 993/1058/961 953/1057/962
f 988/1073/963 1007/1071/960 953/1057/962 1027/891/829 986/1026/928
f 924/1074/964 994/1075/965 1008/1076/965 1092/1077/966
f 995/1069/967 1006/1032/967 1010/1078/967 1011/1079/967
f 1007/1022/925 988/953/881 1094/956/884 1012/1023/926
f 986/954/882 989/1035/931 1095/1038/933 1009/955/883
f 987/1080/968 851/957/885 1091/960/888 1093/1081/968
f 850/958/886 924/1074/964 1092/1077/966 1090/959/887
f 994/1082/969 995/1069/969 1011/1079/969 1008/1083/969
f 995/1069/970 994/1082/970 1018/1084/970 1020/1070/970
f 990/1085/971 992/1086/971 1017/1087/971 1013/1088/971
f 994/908/972 921/903/878 1014/952/880 1018/1089/972
f 954/1090/973 993/1091/974 1015/1092/974 1016/1093/975
f 992/1094/976 954/1090/973 1016/1093/975 1017/1095/976
f 1092/1096/977 1008/1097/977 1021/1098/977 1022/1099/977
f 1011/1100/978 1010/1101/978 1024/1102/978 1025/1103/978
f 1010/1104/979 1012/1065/957 1026/1068/959 1024/1105/979
f 1008/1106/980 1011/1100/980 1025/1103/980 1021/1107/980
f 917/1108/981 1028/1109/982 916/889/983 1027/891/956
f 1028/1109/984 1029/1110/985 1004/1064/954 916/889/983
f 1031/1111/986 1032/1112/987 999/1050/941 998/942/870
f 1035/1113/988 997/1114/989 1030/941/869 1034/950/877
f 1001/1115/990 1035/1113/988 1034/950/877 1033/1059/950
f 996/1116/991 1001/1115/990 1033/1059/950 1036/1051/942
f 997/1114/989 1031/1111/986 998/942/870 1030/941/869
f 1032/1112/987 996/1116/991 1036/1051/942 999/1050/941
f 1003/1117/992 1000/1118/993 1034/950/877 1037/949/876
f 1005/1119/994 1002/1120/995 1038/1056/947 1039/1055/946
f 1000/1118/993 1005/1119/994 1039/1055/946 1034/950/877
f 1029/1110/985 1003/1117/992 1037/949/876 1004/1064/954
f 1002/1120/995 917/1108/981 1027/891/956 1038/1056/947
f 1032/1121/996 1031/1122/996 1044/1123/996 1045/1124/996
f 1002/1125/997 1005/1126/998 1052/1127/998 1046/1128/999
f 1005/1129/1000 1000/1130/1000 1051/1131/1000 1052/1132/1000
f 997/1061/952 1035/1133/1001 1049/1134/1001 1043/1062/953
f 1003/945/873 1029/1135/1002 1040/1136/1003 1047/946/874
f 1035/1137/1004 1001/1138/1004 1050/1139/1004 1049/1140/1004
f 1029/1135/1002 1028/1141/1005 1041/1142/1005 1040/1136/1003
f 917/1143/1006 1002/1125/997 1046/1128/999 1048/1144/1006
f 1001/1145/1007 996/1046/938 1042/1049/940 1050/1146/1007
f 866/1147/1008 834/1148/1009 1053/826/1010 1054/827/1011
f 875/1149/1012 866/1147/1008 1054/827/1011 1055/1150/1013
f 980/1151/1014 961/1152/1014 1058/1153/1014 1056/1154/1014
f 961/1152/1015 962/1155/1015 1059/1156/1015 1058/1153/1015
f 956/1157/1014 980/1151/1014 1056/1154/1014 1057/1158/1014
f 877/1159/1016 869/1160/1017 966/996/1018
f 891/1161/1019 976/1162/1019 1063/1163/1019 1062/1164/1019
f 908/871/809 846/880/820 1064/882/822
f 1079/1165/1020 1072/1166/1021 1070/1167/1022 1076/1168/1023
f 1071/1169/1024 1069/1170/1025 1068/1171/1025 1073/1172/1026
f 1080/1173/915 1071/1169/1024 1073/1172/1026 1081/1174/915
f 1082/1175/1027 1067/1176/1028 1072/1166/1021 1079/1165/1020
f 1080/1177/1029 1082/1175/1027 1079/1165/1020 1071/1178/1030
f 1068/1179/1031 1077/1180/1032 1078/1181/1033 1073/1182/1034
f 1073/1182/1034 1078/1181/1033 1083/1183/1035 1081/1184/1036
f 1069/1185/1037 1076/1186/1037 1077/1187/1037 1068/1188/1037
f 1071/1178/1030 1079/1165/1020 1076/1168/1023 1069/1189/1038
f 1065/1190/1039 1074/1191/1039 1087/1192/1039 1085/1193/1039
f 1065/1194/1040 1066/1195/1041 1080/1196/1041 1081/1197/1040
f 1066/1195/1041 1075/1198/1042 1082/1199/1043 1080/1196/1041
f 1074/1200/1044 1065/1194/1040 1081/1197/1040 1083/1201/1045
f 1075/1198/1046 1074/1200/1044 1083/1201/1045 1082/1199/1043
f 1085/1202/1047 1087/1203/1047 1086/1204/1047 1084/1205/1047
f 1066/1206/1048 1065/1132/1048 1085/1207/1048 1084/1208/1048
f 1074/1200/1049 1075/1198/1049 1086/1204/1049 1087/1203/1049
f 1075/1209/1050 1066/1210/1050 1084/1211/1050 1086/1212/1050
f 977/1213/1051 1088/1214/1052 884/843/1053 882/842/1051
f 1095/1215/1054 1096/1216/1055 1100/1217/1055 1099/1218/1056
f 1096/1219/1057 1093/1220/1057 1101/1221/1057 1100/1222/1057
f 1094/1223/1058 1009/1224/1059 1098/1225/1060 1097/1226/1058
f 1009/1224/1059 1095/1215/1054 1099/1218/1056 1098/1225/1060
f 889/1227/803 1104/853/803 1105/855/803 892/1228/803
f 885/841/793 1103/800/756 1104/853/803 889/1227/803
f 885/841/793 883/840/792 1102/801/757 1103/800/756
f 883/844/1061 884/843/1053 1088/1214/1052 1102/1229/1062
f 855/1230/1063 1102/1229/1062 1088/1214/1052 1089/1231/1064
f 859/879/817 912/875/813 1110/877/815 1108/876/814
f 860/813/765 859/812/764 1108/793/750 1109/792/749
f 827/768/725 1106/761/718 1107/764/721 831/769/726
f 886/1232/1065 855/1230/1063 1089/1231/1064 1110/1233/1065
f 893/1234/1066 886/1232/1066 1110/1233/1066 912/1235/1066
f 878/837/1067 1111/819/1068 1115/1236/1069 1113/1019/1067
f 1111/1237/1068 870/1238/1070 1114/1239/1070 1115/1240/1069
f 1116/1241/1071 1117/1242/1071 832/772/1071 833/771/1071
f 1118/1243/1072 1119/1244/1073 835/1245/1073 979/1246/1074
f 979/1246/1074 832/772/1075 1117/1242/1075 1118/1243/1072
f 1053/1247/1076 1120/1248/1076 870/1249/1076
f 1388/761/1077 1389/764/1078 1127/763/1079 1123/762/1080
f 1123/762/1080 1127/763/1079 1125/766/1081 1121/765/1082
f 1122/767/1083 1126/770/1084 1128/769/1085 1124/768/1086
f 1122/767/1083 1129/772/1087 1130/771/1087 1126/770/1084
f 1125/766/1081 1134/774/1088 1133/773/1089 1121/765/1082
f 1134/774/1088 1136/776/1090 1135/775/1091 1133/773/1089
f 1142/777/1092 1138/780/1093 1137/779/1094 1141/778/1095
f 1142/777/1092 1143/782/1096 1140/781/1097 1138/780/1093
f 1136/776/1090 1139/783/1098 1143/782/1096 1142/777/1092
f 1136/776/1090 1142/777/1092 1141/778/1095 1226/784/1099 1135/775/1091
f 1140/781/1097 1146/786/1100 1145/785/1101 1138/780/1093
f 1138/780/1093 1145/785/1101 1144/787/1102 1137/779/1094
f 1146/786/1100 1149/790/1103 1275/789/1103 1148/788/1104 1145/785/1101
f 1145/785/1101 1148/788/1104 1147/791/1105 1144/787/1102
f 1391/792/1106 1150/795/1107 1151/794/1108 1390/793/1109
f 1265/796/1110 1266/799/1111 1175/798/1112 1179/797/1112
f 1385/800/1113 1153/803/1114 1152/802/1115 1384/801/1116
f 1136/804/1090 1159/807/1117 1154/806/1118 1139/805/1098
f 1159/808/1117 1158/811/1119 1155/810/1120 1154/809/1118
f 1158/811/1119 1157/813/1121 1156/812/1122 1155/810/1120
f 1169/814/1123 1168/817/1124 1160/816/1125 1162/815/1126
f 1167/818/1127 1169/814/1128 1162/815/1129 1393/819/1130
f 1170/820/1131 1164/823/1132 1160/822/1133 1168/821/1134
f 1165/824/1135 1170/820/1131 1168/821/1134 1161/825/1136
f 1337/826/1137 1338/827/1137 1169/814/1128 1167/818/1127
f 1338/827/1138 1161/828/1139 1168/817/1124 1169/814/1123
f 1161/825/1136 1171/830/1140 1173/829/1141 1165/824/1135
f 1165/824/1135 1173/829/1141 1174/832/1142 1166/831/1142
f 1338/833/1138 1339/834/1143 1171/830/1143 1161/825/1139
f 1164/823/1132 1178/836/1144 1176/835/1145 1160/822/1133
f 1162/815/1129 1177/838/1146 1175/837/1146 1393/819/1130
f 1160/816/1125 1176/839/1147 1177/838/1148 1162/815/1126
f 1178/836/1144 1182/841/1149 1180/840/1150 1176/835/1145
f 1177/838/1151 1181/843/1151 1179/842/1151 1175/837/1151
f 1176/839/1147 1180/844/1152 1181/843/1152 1177/838/1148
f 1371/845/1153 1151/848/1154 1265/847/1155 1370/846/1155
f 1153/803/1114 1184/850/1156 1183/849/1157 1152/802/1115
f 1153/803/1114 1185/852/1158 1187/851/1159 1184/850/1156
f 1385/800/1113 1386/853/1160 1185/852/1158 1153/803/1114
f 1386/853/1160 1387/855/1160 1188/854/1160 1185/852/1158
f 1187/851/1159 1192/857/1160 1191/856/1160 1184/850/1156
f 1184/850/1156 1191/856/1160 1190/858/1161 1183/849/1157
f 1192/857/1160 1195/860/1160 1194/859/1160 1191/856/1160
f 1191/856/1160 1194/859/1160 1193/861/1162 1190/858/1161
f 1195/860/1160 1198/863/1160 1197/862/1160 1194/859/1160
f 1194/859/1160 1197/862/1160 1196/864/1163 1193/861/1162
f 1198/863/1160 1201/866/1160 1200/865/1160 1197/862/1160
f 1197/862/1160 1200/865/1160 1199/867/1164 1196/864/1163
f 1201/866/1160 1204/869/1160 1203/868/1160 1200/865/1160
f 1200/865/1160 1203/868/1160 1202/870/1165 1199/867/1164
f 1205/871/1166 1206/872/1167 1199/867/1164 1202/870/1165
f 1206/872/1167 1207/873/1168 1196/864/1163 1199/867/1164
f 1207/873/1168 1208/874/1169 1193/861/1162 1196/864/1163
f 1208/874/1169 1209/875/1170 1190/858/1161 1193/861/1162
f 1390/876/1171 1151/848/1154 1371/845/1153 1392/877/1172
f 1155/878/1173 1156/879/1174 1209/875/1170 1208/874/1169
f 1154/806/1175 1155/878/1173 1208/874/1169 1207/873/1168
f 1139/805/1176 1154/806/1175 1207/873/1168 1206/872/1167
f 1143/880/1177 1139/805/1176 1206/872/1167 1205/871/1166
f 1143/880/1177 1346/882/1178 1140/881/1179
f 1146/883/1180 1210/886/1181 1211/885/1182 1149/884/1183
f 1210/887/1181 1212/890/1184 1213/889/1184 1211/888/1182
f 1213/889/1185 1313/891/1186 1211/888/1182
f 1215/892/1187 1224/895/1188 1228/894/1189 1225/893/1190
f 1228/896/1191 1239/899/1192 1236/898/1193 1225/897/1194
f 1216/900/1195 1222/902/1196 1230/901/1197 1224/895/1188 1215/892/1187
f 1217/903/1198 1278/905/1199 1279/904/1200
f 1220/906/1201 1282/908/1202 1279/904/1200 1216/900/1195 1219/907/1203
f 1219/907/1203 1216/900/1195 1215/892/1187 1218/909/1204
f 1221/910/1205 1223/913/1206 1229/912/1207 1227/911/1208
f 1218/909/1204 1215/892/1187 1225/893/1190 1223/913/1206 1221/910/1205
f 1137/779/1094 1218/909/1204 1221/910/1205 1141/778/1095
f 1141/778/1095 1221/910/1205 1227/911/1208 1226/784/1099
f 1144/787/1102 1219/907/1203 1218/909/1204 1137/779/1094
f 1147/791/1105 1220/906/1201 1219/907/1203 1144/787/1102
f 928/914/852 940/917/852 1242/916/1209 1231/915/1209
f 1224/918/1210 1235/921/1211 1239/920/1192 1228/919/1191
f 1227/922/1212 1238/925/1212 1237/924/1213 1226/923/1213
f 1225/897/1194 1236/898/1193 1232/927/1214 1223/926/1215
f 1226/928/1216 1237/931/1216 1233/930/1216 1135/929/1216
f 1231/915/1217 1242/916/1217 1234/933/1218 1222/932/1219
f 1223/926/1215 1232/927/1214 1240/935/1220 1229/934/1221
f 1229/934/1221 1240/935/1220 1238/925/1212 1227/922/1212
f 1222/932/1219 1234/933/1218 1241/937/1222 1230/936/1223
f 1230/938/1223 1241/939/1222 1235/921/1211 1224/918/1210
f 1243/940/1224 949/943/871 998/942/870 1316/941/1225
f 1286/944/1226 1335/947/1226 1331/946/1227 1289/945/1228
f 1244/948/1229 1243/940/1224 1316/941/1225 1320/950/1230 1323/949/1231
f 1217/903/1232 1300/952/1233 1299/951/1234 1278/905/1234
f 1276/953/1235 1376/956/1236 1295/955/1237 1274/954/1238
f 1148/957/1239 1373/960/1240 1372/959/1241 1147/958/1242
f 1149/961/1183 1211/888/1182 1273/963/1243 1275/962/1244
f 1270/964/1245 1247/967/1246 1248/966/1247 1268/965/1248
f 1247/968/1246 957/971/896 958/970/895 1248/969/1247
f 958/970/895 960/973/898 1249/972/1249 1248/969/1247
f 1269/974/1250 1271/977/1251 1257/976/1251 1249/975/1252
f 1254/978/1253 1259/981/1254 1260/980/1255 1255/979/1255
f 1171/982/1256 1253/985/1257 1254/984/1258 1173/983/1259
f 1174/986/1260 1173/983/1259 1254/984/1258 1255/987/1260
f 1253/988/1261 1262/989/1261 1259/981/1254 1254/978/1253
f 1249/972/1262 1257/991/1262 1256/990/1262 1248/969/1262
f 1256/992/1263 1344/995/1263 1341/994/1263 1248/993/1263
f 1255/996/1264 1260/999/1251 1258/998/1251 1252/997/1250
f 1247/1000/1265 1263/1003/1266 975/1002/915 957/1001/915
f 1270/1004/1267 1251/1007/1268 1261/1006/1268 1272/1005/1269
f 1339/1008/1270 1262/1009/1270 1253/985/1257 1171/982/1256
f 1151/794/1108 1150/795/1107 1266/1011/1271 1265/1010/1110
f 1247/1000/1265 1270/1004/1267 1272/1005/1269 1263/1003/1266
f 1251/1012/1272 1343/1015/1272 1345/1014/1272 1261/1013/1272
f 1252/997/1250 1258/998/1251 1271/977/1251 1269/974/1250
f 1251/1016/1273 1270/964/1245 1268/965/1248 1250/1017/1273
f 1266/1018/1274 1394/1020/1274 1395/1019/1274 1175/837/1274
f 1292/1021/1275 1296/1024/1275 1298/1023/1276 1293/1022/1277
f 1273/963/1243 1211/888/1182 1313/891/1186 1274/1026/1278 1277/1025/1279
f 1273/1027/1280 1378/1030/1280 1375/1029/1280 1275/1028/1280
f 1282/908/1202 1217/903/1198 1279/904/1200
f 1281/1031/1281 1301/1034/1281 1305/1033/1281 1292/1032/1281
f 1277/1035/1282 1377/1038/1283 1378/1037/1284 1273/1036/1284
f 1278/905/1199 918/1041/936 928/1040/936 1231/1039/1285 1222/902/1196 1216/900/1195 1279/904/1200
f 1314/1042/1286 1327/1045/1286 1332/1044/1286 1214/1043/1286
f 1284/1046/1287 1328/1049/1288 1045/1048/1289 1318/1047/1289
f 999/1050/941 950/1054/945 1280/1053/1290 1246/1052/1291 1322/1051/1292
f 1320/950/1230 1319/1059/1293 1322/1051/1292 1246/1052/1291 1281/1058/1294 1245/1057/1295 1324/1056/1296 1325/1055/1297
f 1317/1060/1298 1044/1063/1298 1329/1062/1299 1285/1061/1300
f 1290/1064/1301 1244/948/1302 1323/949/1231
f 1324/1056/1296 1245/1057/1295 1313/891/1303
f 1298/1065/1304 1312/1068/1305 1309/1067/1306 1376/1066/1306
f 1292/1032/1281 1305/1033/1281 1306/1070/1281 1283/1069/1281
f 1293/1071/1307 1245/1057/1308 1281/1058/1309 1292/1072/1309
f 1276/1073/1310 1274/1026/1278 1313/891/1186 1245/1057/1308 1293/1071/1307
f 1220/1074/1311 1374/1077/1312 1294/1076/1313 1282/1075/1313
f 1283/1069/1314 1297/1079/1314 1296/1078/1314 1292/1032/1314
f 1293/1022/1277 1298/1023/1276 1376/956/1236 1276/953/1235
f 1274/954/1238 1295/955/1237 1377/1038/1283 1277/1035/1282
f 1275/1080/1315 1375/1081/1315 1373/960/1240 1148/957/1239
f 1147/958/1242 1372/959/1241 1374/1077/1312 1220/1074/1311
f 1282/1082/1316 1294/1083/1316 1297/1079/1316 1283/1069/1316
f 1283/1069/1317 1306/1070/1317 1304/1084/1317 1282/1082/1317
f 1278/1085/1318 1299/1088/1318 1303/1087/1318 1280/1086/1318
f 1282/908/1319 1304/1089/1319 1300/952/1233 1217/903/1232
f 1246/1090/1320 1302/1093/1321 1301/1092/1322 1281/1091/1322
f 1280/1094/1323 1303/1095/1323 1302/1093/1321 1246/1090/1320
f 1374/1096/1324 1308/1099/1324 1307/1098/1324 1294/1097/1324
f 1297/1100/1325 1311/1103/1325 1310/1102/1325 1296/1101/1325
f 1296/1104/1326 1310/1105/1326 1312/1068/1305 1298/1065/1304
f 1294/1106/1327 1307/1107/1327 1311/1103/1327 1297/1100/1327
f 1214/1108/1328 1313/891/1303 1213/889/1329 1314/1109/1330
f 1314/1109/1330 1213/889/1329 1290/1064/1301 1315/1110/1331
f 1317/1111/1332 998/942/870 999/1050/941 1318/1112/1333
f 1321/1113/1334 1320/950/1230 1316/941/1225 1285/1114/1335
f 1287/1115/1336 1319/1059/1293 1320/950/1230 1321/1113/1334
f 1284/1116/1337 1322/1051/1292 1319/1059/1293 1287/1115/1336
f 1285/1114/1335 1316/941/1225 998/942/870 1317/1111/1332
f 1318/1112/1333 999/1050/941 1322/1051/1292 1284/1116/1337
f 1289/1117/1338 1323/949/1231 1320/950/1230 1286/1118/1339
f 1291/1119/1340 1325/1055/1297 1324/1056/1296 1288/1120/1341
f 1286/1118/1339 1320/950/1230 1325/1055/1297 1291/1119/1340
f 1315/1110/1331 1290/1064/1301 1323/949/1231 1289/1117/1338
f 1288/1120/1341 1324/1056/1296 1313/891/1303 1214/1108/1328
f 1318/1121/1342 1045/1124/1342 1044/1123/1342 1317/1122/1342
f 1288/1125/1343 1330/1128/1344 1336/1127/1345 1291/1126/1345
f 1291/1129/1346 1336/1132/1346 1335/1131/1346 1286/1130/1346
f 1285/1061/1300 1329/1062/1299 1333/1134/1347 1321/1133/1347
f 1289/945/1228 1331/946/1227 1326/1136/1348 1315/1135/1349
f 1321/1137/1350 1333/1140/1350 1334/1139/1350 1287/1138/1350
f 1315/1135/1349 1326/1136/1348 1327/1142/1351 1314/1141/1351
f 1214/1143/1352 1332/1144/1352 1330/1128/1344 1288/1125/1343
f 1287/1145/1353 1334/1146/1353 1328/1049/1288 1284/1046/1287
f 1163/1147/1354 1338/827/1355 1337/826/1356 1131/1148/1357
f 1172/1149/1358 1339/1150/1359 1338/827/1355 1163/1147/1354
f 1268/1151/1360 1340/1154/1360 1342/1153/1360 1250/1152/1360
f 1250/1152/1361 1342/1153/1361 1343/1156/1361 1251/1155/1361
f 1248/1157/1360 1341/1158/1360 1340/1154/1360 1268/1151/1360
f 1174/1159/1362 1255/996/1363 1166/1160/1364
f 1188/1161/1019 1062/1164/1019 1063/1163/1019 1264/1162/1019
f 1205/871/1166 1346/882/1178 1143/880/1177
f 1361/1165/1365 1358/1168/1366 1352/1167/1367 1354/1166/1368
f 1353/1169/1369 1355/1172/1370 1350/1171/1371 1351/1170/1371
f 1362/1173/915 1363/1174/915 1355/1172/1370 1353/1169/1369
f 1364/1175/1372 1361/1165/1365 1354/1166/1368 1349/1176/1373
f 1362/1177/1374 1353/1178/1375 1361/1165/1365 1364/1175/1372
f 1350/1179/1376 1355/1182/1377 1360/1181/1378 1359/1180/1379
f 1355/1182/1377 1363/1184/1380 1365/1183/1381 1360/1181/1378
f 1351/1185/1382 1350/1188/1382 1359/1187/1382 1358/1186/1382
f 1353/1178/1375 1351/1189/1383 1358/1168/1366 1361/1165/1365
f 1347/1190/1384 1367/1193/1384 1369/1192/1384 1356/1191/1384
f 1347/1194/1385 1363/1197/1385 1362/1196/1386 1348/1195/1386
f 1348/1195/1386 1362/1196/1386 1364/1199/1387 1357/1198/1388
f 1356/1200/1389 1365/1201/1390 1363/1197/1385 1347/1194/1385
f 1357/1198/1388 1364/1199/1387 1365/1201/1390 1356/1200/1391
f 1367/1202/1392 1366/1205/1392 1368/1204/1392 1369/1203/1392
f 1348/1206/1393 1366/1208/1393 1367/1207/1393 1347/1132/1393
f 1356/1200/1394 1369/1203/1394 1368/1204/1394 1357/1198/1394
f 1357/1209/1395 1368/1212/1395 1366/1211/1395 1348/1210/1395
f 1265/1213/1396 1179/842/1396 1181/843/1397 1370/1214/1398
f 1377/1215/1399 1381/1218/1400 1382/1217/1401 1378/1216/1401
f 1378/1219/1402 1382/1222/1402 1383/1221/1402 1375/1220/1402
f 1376/1223/1403 1379/1226/1403 1380/1225/1404 1295/1224/1405
f 1295/1224/1405 1380/1225/1404 1381/1218/1400 1377/1215/1399
f 1186/1227/1160 1189/1228/1160 1387/855/1160 1386/853/1160
f 1182/841/1149 1186/1227/1160 1386/853/1160 1385/800/1113
f 1182/841/1149 1385/800/1113 1384/801/1116 1180/840/1150
f 1180/844/1406 1384/1229/1407 1370/1214/1398 1181/843/1397
f 1152/1230/1408 1371/1231/1409 1370/1214/1398 1384/1229/1407
f 1156/879/1174 1390/876/1171 1392/877/1172 1209/875/1170
f 1157/813/1121 1391/792/1106 1390/793/1109 1156/812/1122
f 1124/768/1086 1128/769/1085 1389/764/1078 1388/761/1077
f 1183/1232/1410 1392/1233/1410 1371/1231/1409 1152/1230/1408
f 1190/1234/1411 1209/1235/1411 1392/1233/1411 1183/1232/1411
f 1175/837/1412 1395/1019/1412 1397/1236/1413 1393/819/1414
f 1393/1237/1414 1397/1240/1413 1396/1239/1415 1167/1238/1415
f 1398/1241/1416 1130/771/1416 1129/772/1416 1399/1242/1416
f 1400/1243/1417 1267/1246/1418 1132/1245/1419 1401/1244/1419
f 1267/1246/1418 1400/1243/1417 1399/1242/1420 1129/772/1420
f 1337/1247/1421 1167/1249/1421 1402/1248/1421
