# Blender 5.2.2 LTS
# www.blender.org
mtllib hybrid.mtl
o body
g body
v 0.388932 0.822636 0.444031
v 0.346195 0.805846 -0.453189
v 0.345859 0.869953 0.116535
v 0.338395 0.856216 -0.168327
v 0.432891 0.789667 0.426448
v 0.442904 0.766110 -0.398241
v 0.400807 0.836984 0.118732
v 0.406531 0.823247 -0.161734
v 0.368174 0.709572 -0.889112
v 0.444126 0.706641 -0.731594
v 0.469635 0.658979 -0.973125
v 0.216883 0.654668 -1.091512
v 0.441047 0.736073 0.660439
v 0.485006 0.703104 0.642856
v 0.485212 0.630960 0.873314
v 0.529170 0.597991 0.855731
v 0.458081 0.572027 1.233953
v 0.505016 0.558561 1.227735
v 0.614646 0.497295 0.848404
v 0.614913 0.517435 1.220409
v 0.471647 0.607005 1.053634
v 0.517093 0.605411 1.041733
v 0.622411 0.514785 1.034407
v 0.438515 0.522845 1.382348
v 0.493111 0.519342 1.376129
v 0.620945 0.497295 1.368803
v 0.414594 0.454574 1.717826
v 0.473063 0.464140 1.667001
v 0.567881 0.479624 1.555032
v 0.501696 0.628053 -0.119600
v 0.579219 0.557884 -0.126927
v 0.640742 0.449414 -0.142893
v 0.631775 0.357651 -0.150810
v 0.611593 0.512442 0.604572
v 0.608540 0.527590 0.360739
v 0.605488 0.542737 0.116906
v 0.508565 0.620538 0.124232
v 0.515433 0.613022 0.368065
v 0.522302 0.605507 0.611898
v 0.620061 0.645404 -0.718874
v 0.607850 0.568199 -0.955457
v 0.542472 0.659612 -0.725234
v 0.524276 0.634734 -0.967669
v 0.620061 0.505746 -0.706155
v 0.620061 0.355232 -0.899067
v 0.620061 0.171859 -0.927686
v 0.457656 0.651142 -0.851421
v 0.613956 0.640105 -0.837166
v 0.536367 0.654312 -0.843525
v 0.620061 0.470767 -0.802611
v 0.554852 0.499386 -1.081592
v 0.531680 0.565986 -1.052906
v 0.567063 0.344632 -1.058061
v 0.567063 0.210017 -1.022022
v 0.499615 0.657393 -0.675264
v 0.626476 0.626228 -0.573236
v 0.554074 0.634014 -0.579171
v 0.626476 0.489616 -0.561367
v 0.518108 0.574140 -0.500426
v 0.640742 0.555205 -0.371844
v 0.599478 0.574216 -0.377779
v 0.631775 0.374081 -0.403610
v 0.610927 0.365505 0.024594
v 0.610927 0.336300 0.021446
v 0.631775 0.211665 -0.072559
v 0.631775 0.242646 -0.378171
v 0.610927 0.237724 0.024626
v 0.631775 0.126488 -0.241987
v 0.631775 0.120843 -0.396170
v 0.610927 0.305575 0.176884
v 0.610927 0.288934 0.175090
v 0.610927 0.232767 0.176902
v 0.610927 0.278101 0.549311
v 0.610927 0.261460 0.547517
v 0.610927 0.205293 0.549329
v 0.610927 0.261886 0.740297
v 0.610927 0.239813 0.737918
v 0.610927 0.165311 0.740321
v 0.610927 0.246405 0.844266
v 0.610927 0.219342 0.841349
v 0.610927 0.127999 0.844295
v 0.610927 0.240299 0.990794
v 0.610927 0.213237 0.987877
v 0.610927 0.121894 0.990824
v 0.593273 0.377542 1.012601
v 0.589390 0.371850 0.846335
v 0.587864 0.387164 0.672434
v 0.586338 0.402845 0.455025
v 0.584811 0.327628 0.146895
v 0.618624 0.376967 1.500463
v 0.551657 0.382449 1.656139
v 0.618624 0.151261 1.513453
v 0.486432 0.151962 1.664712
v 0.394987 0.333837 1.761442
v 0.000000 0.438039 1.833609
v 0.229041 0.572027 1.421134
v 0.219258 0.522845 1.569528
v 0.207297 0.441855 1.793710
v 0.343561 0.572027 1.366007
v 0.328886 0.522845 1.514402
v 0.310946 0.446942 1.769499
v 0.353735 0.607005 1.185688
v 0.110620 0.522845 1.591485
v 0.274648 0.607005 1.222663
v 0.000000 0.497664 1.679096
v 0.166323 0.572027 1.433268
v 0.234249 0.598887 1.282667
v 0.473254 0.609843 1.032272
v 0.357247 0.615274 1.123446
v 0.199142 0.589989 1.334811
v 0.323692 0.613757 1.149818
v 0.131373 0.539141 1.538119
v 0.080088 0.496426 1.669995
v 0.274491 0.600122 1.222200
v 0.485055 0.624077 0.872852
v 0.110463 0.515961 1.591022
v 0.000000 0.490781 1.678633
v 0.166166 0.565143 1.432806
v 0.234092 0.592003 1.282204
v 0.473097 0.602960 1.031809
v 0.357090 0.608391 1.122983
v 0.198985 0.583105 1.334348
v 0.323535 0.606874 1.149355
v 0.131216 0.532258 1.537656
v 0.079931 0.489543 1.669532
v 0.000000 0.150690 1.847873
v 0.000000 0.335098 1.856388
v 0.249654 0.151343 1.807171
v 0.411798 0.151766 1.753749
v 0.334785 0.336175 1.780071
v 0.202964 0.335751 1.827133
v 0.277143 0.499386 -1.230571
v 0.289354 0.308396 -1.207040
v 0.000000 0.499386 -1.270807
v 0.000000 0.344632 -1.247276
v 0.289354 0.233480 -1.174987
v 0.000000 0.233480 -1.215223
v 0.468476 0.344632 -1.099676
v 0.456266 0.499386 -1.123207
v 0.468476 0.218347 -1.065052
v 0.545409 0.499386 -1.069776
v 0.557619 0.344632 -1.046245
v 0.557619 0.210815 -1.010342
v 0.292428 0.307272 -1.212195
v 0.292428 0.232356 -1.180142
v 0.471551 0.217223 -1.070207
v 0.560694 0.343508 -1.051399
v 0.560694 0.209691 -1.015496
v 0.459340 0.498262 -1.128362
v 0.548483 0.498262 -1.074930
v 0.277143 0.499386 -1.236201
v 0.000000 0.499386 -1.276437
v 0.604689 0.133209 -0.244356
v 0.561099 0.564485 -0.278584
v 0.493566 0.635859 -0.345225
v 0.292529 0.666151 -0.990312
v 0.378915 0.326514 -1.153358
v 0.378915 0.225913 -1.120020
v 0.366704 0.499386 -1.176889
v 0.381989 0.224789 -1.125174
v 0.368241 0.498824 -1.182281
v 0.524598 0.410574 1.659878
v 0.402793 0.381665 1.744451
v 0.540483 0.475150 1.587385
v 0.368647 0.378918 1.761541
v 0.479307 0.387822 1.697509
v 0.028898 0.438571 1.828047
v 0.207534 0.443455 1.789280
v 0.025246 0.335179 1.852749
v 0.243983 0.335883 1.812489
v 0.280614 0.445453 1.776585
v 0.283427 0.404357 1.781873
v 0.223678 0.251884 1.818202
v 0.239895 0.191659 1.811417
v 0.000000 0.194285 1.849886
v 0.000000 0.253885 1.852638
v 0.288282 0.196010 1.794661
v 0.287282 0.251884 1.795527
v 0.345465 0.310530 1.776269
v 0.403434 0.174760 1.756472
v 0.443466 0.151849 1.715971
v 0.297162 0.287638 1.793820
v 0.265740 0.373653 1.795601
v 0.326055 0.376739 1.776199
v 0.255115 0.428548 1.726538
v 0.377294 0.364760 1.694404
v 0.240242 0.356748 1.745554
v 0.257928 0.387452 1.731827
v 0.300556 0.359834 1.726153
v 0.030806 0.440001 1.834177
v 0.209205 0.443285 1.799841
v 0.245891 0.337314 1.818620
v 0.204872 0.337182 1.833264
v 0.027154 0.336610 1.858880
v 0.282521 0.446884 1.782715
v 0.267648 0.375084 1.801732
v 0.285334 0.405788 1.788004
v 0.261738 0.432519 1.749089
v 0.292070 0.434008 1.742004
v 0.349771 0.365983 1.734045
v 0.246864 0.360719 1.768106
v 0.264551 0.391423 1.754378
v 0.307178 0.363804 1.748704
v 0.395461 0.336370 1.760992
v 0.483410 0.153942 1.667136
v 0.443711 0.153853 1.715720
v 0.239954 0.189657 1.811319
v 0.001981 0.196246 1.849689
v 0.001974 0.251887 1.852213
v 0.289278 0.253885 1.794852
v 0.286225 0.194358 1.795342
v 0.284431 0.196185 1.796002
v 0.223692 0.253885 1.818271
v 0.403009 0.172813 1.756753
v 0.344733 0.312354 1.776671
v 0.295383 0.288991 1.794437
v 0.436086 0.154164 1.696456
v 0.475785 0.154254 1.647872
v 0.216054 0.252196 1.798938
v 0.232271 0.191971 1.792153
v 0.000000 0.196557 1.830425
v 0.000000 0.252199 1.832949
v 0.337840 0.310842 1.757005
v 0.395809 0.175072 1.737208
v 0.387362 0.334149 1.742178
v 0.276806 0.196497 1.776738
v 0.279657 0.252195 1.776263
v 0.280657 0.196322 1.775397
v 0.289537 0.287950 1.774556
v 0.466874 0.664104 -0.968312
v 0.530261 0.636757 -0.961817
v 0.538358 0.561500 -1.055093
v 0.366666 0.334858 -1.160074
v 0.280853 0.317498 -1.211510
v 0.452478 0.352217 -1.108639
v 0.440778 0.500494 -1.131185
v 0.283799 0.316421 -1.216448
v 0.443724 0.499416 -1.136124
v 0.000000 0.126488 -0.241987
v 0.000000 0.133209 -0.244356
v 0.604093 0.464652 1.092079
v 0.593629 0.612978 0.663879
v 0.564938 0.612978 0.604358
v 0.570928 0.676542 0.600855
v 0.693895 0.625011 0.603495
v 0.679898 0.625011 0.541556
v 0.676029 0.658626 0.541556
v 0.624758 0.609089 0.571205
v 0.624758 0.682941 0.571205
v 0.656827 0.609089 0.637732
v 0.593629 0.630978 0.663879
v 0.564938 0.630978 0.604358
v 0.686267 0.634867 0.541556
v 0.700263 0.634867 0.603495
v 0.656827 0.634867 0.637732
v 0.624758 0.634867 0.571205
v 0.563250 0.609089 0.600855
v 0.595318 0.609089 0.667381
v 0.563250 0.634867 0.600855
v 0.595318 0.634867 0.667381
v 0.507604 0.539497 0.602686
v 0.536296 0.539497 0.662207
v 0.507604 0.557498 0.602686
v 0.536296 0.557498 0.662207
v 0.595802 0.499326 -0.246610
v 0.596628 0.444017 -0.115442
v 0.389096 0.437669 1.667779
v 0.447565 0.447234 1.616954
v 0.285448 0.430037 1.719453
v 0.514985 0.458245 1.537338
v 0.343149 0.362013 1.711494
v 0.453809 0.370916 1.647463
v 0.499100 0.393669 1.609832
v 0.348875 0.365674 1.720606
v 0.383020 0.368422 1.703516
v 0.459535 0.374578 1.656575
v 0.504826 0.397330 1.618944
v 0.520711 0.461906 1.546450
v 0.640742 0.489512 -0.257368
v 0.631775 0.365866 -0.277210
v 0.631775 0.227156 -0.225365
v 0.631775 0.123665 -0.319078
v 0.342127 0.863084 -0.025896
v 0.403669 0.830115 -0.021501
v 0.592353 0.550310 -0.005010
v 0.505131 0.624295 0.002316
v 0.586236 0.385032 0.015727
v 0.491477 0.657631 -0.729414
v 0.479213 0.631430 -0.473214
v 0.461807 0.626651 -0.673137
v 0.445127 0.618011 -0.849320
v 0.448092 0.617833 -0.727287
v 0.450980 0.679442 -0.948797
v 0.362614 0.671067 -1.056348
v 0.288510 0.670082 -1.111658
v 0.214428 0.669097 -1.165965
v 0.466334 0.664867 -0.951258
v -0.388932 0.822636 0.444031
v -0.346195 0.805846 -0.453189
v -0.345859 0.869953 0.116535
v -0.338395 0.856216 -0.168327
v -0.432891 0.789667 0.426448
v -0.442904 0.766110 -0.398241
v -0.400807 0.836984 0.118732
v -0.406531 0.823247 -0.161734
v -0.368174 0.709572 -0.889112
v -0.444126 0.706641 -0.731594
v -0.469635 0.658979 -0.973125
v -0.216883 0.654668 -1.091512
v -0.441047 0.736073 0.660439
v -0.485006 0.703104 0.642856
v -0.485212 0.630960 0.873314
v -0.529170 0.597991 0.855731
v -0.458081 0.572027 1.233953
v -0.505016 0.558561 1.227735
v -0.614646 0.497295 0.848404
v -0.614913 0.517435 1.220409
v -0.471647 0.607005 1.053634
v -0.517093 0.605411 1.041733
v -0.622411 0.514785 1.034407
v -0.438515 0.522845 1.382348
v -0.493111 0.519342 1.376129
v -0.620945 0.497295 1.368803
v -0.414594 0.454574 1.717826
v -0.473063 0.464140 1.667001
v -0.567881 0.479624 1.555032
v -0.501696 0.628053 -0.119600
v -0.579219 0.557884 -0.126927
v -0.640742 0.449414 -0.142893
v -0.631775 0.357651 -0.150810
v -0.611593 0.512442 0.604572
v -0.608540 0.527590 0.360739
v -0.605488 0.542737 0.116906
v -0.508565 0.620538 0.124232
v -0.515433 0.613022 0.368065
v -0.522302 0.605507 0.611898
v -0.620061 0.645404 -0.718874
v -0.607850 0.568199 -0.955457
v -0.542472 0.659612 -0.725234
v -0.524276 0.634734 -0.967669
v -0.620061 0.505746 -0.706155
v -0.620061 0.355232 -0.899067
v -0.620061 0.171859 -0.927686
v -0.457656 0.651142 -0.851421
v -0.613956 0.640105 -0.837166
v -0.536367 0.654312 -0.843525
v -0.620061 0.470767 -0.802611
v -0.554852 0.499386 -1.081592
v -0.531680 0.565986 -1.052906
v -0.567063 0.344632 -1.058061
v -0.567063 0.210017 -1.022022
v -0.499615 0.657393 -0.675264
v -0.626476 0.626228 -0.573236
v -0.554074 0.634014 -0.579171
v -0.626476 0.489616 -0.561367
v -0.518108 0.574140 -0.500426
v -0.640742 0.555205 -0.371844
v -0.599478 0.574216 -0.377779
v -0.631775 0.374081 -0.403610
v -0.610927 0.365505 0.024594
v -0.610927 0.336300 0.021446
v -0.631775 0.211665 -0.072559
v -0.631775 0.242646 -0.378171
v -0.610927 0.237724 0.024626
v -0.631775 0.126488 -0.241987
v -0.631775 0.120843 -0.396170
v -0.610927 0.305575 0.176884
v -0.610927 0.288934 0.175090
v -0.610927 0.232767 0.176902
v -0.610927 0.278101 0.549311
v -0.610927 0.261460 0.547517
v -0.610927 0.205293 0.549329
v -0.610927 0.261886 0.740297
v -0.610927 0.239813 0.737918
v -0.610927 0.165311 0.740321
v -0.610927 0.246405 0.844266
v -0.610927 0.219342 0.841349
v -0.610927 0.127999 0.844295
v -0.610927 0.240299 0.990794
v -0.610927 0.213237 0.987877
v -0.610927 0.121894 0.990824
v -0.593273 0.377542 1.012601
v -0.589390 0.371850 0.846335
v -0.587864 0.387164 0.672434
v -0.586338 0.402845 0.455025
v -0.584811 0.327628 0.146895
v -0.618624 0.376967 1.500463
v -0.551657 0.382449 1.656139
v -0.618624 0.151261 1.513453
v -0.486432 0.151962 1.664712
v -0.394987 0.333837 1.761442
v -0.229041 0.572027 1.421134
v -0.219258 0.522845 1.569528
v -0.207297 0.441855 1.793710
v -0.343561 0.572027 1.366007
v -0.328886 0.522845 1.514402
v -0.310946 0.446942 1.769499
v -0.353735 0.607005 1.185688
v -0.110620 0.522845 1.591485
v -0.274648 0.607005 1.222663
v -0.166323 0.572027 1.433268
v -0.234249 0.598887 1.282667
v -0.473254 0.609843 1.032272
v -0.357247 0.615274 1.123446
v -0.199142 0.589989 1.334811
v -0.323692 0.613757 1.149818
v -0.131373 0.539141 1.538119
v -0.080088 0.496426 1.669995
v -0.274491 0.600122 1.222200
v -0.485055 0.624077 0.872852
v -0.110463 0.515961 1.591022
v -0.166166 0.565143 1.432806
v -0.234092 0.592003 1.282204
v -0.473097 0.602960 1.031809
v -0.357090 0.608391 1.122983
v -0.198985 0.583105 1.334348
v -0.323535 0.606874 1.149355
v -0.131216 0.532258 1.537656
v -0.079931 0.489543 1.669532
v -0.249654 0.151343 1.807171
v -0.411798 0.151766 1.753749
v -0.334785 0.336175 1.780071
v -0.202964 0.335751 1.827133
v -0.277143 0.499386 -1.230571
v -0.289354 0.308396 -1.207040
v -0.289354 0.233480 -1.174987
v -0.468476 0.344632 -1.099676
v -0.456266 0.499386 -1.123207
v -0.468476 0.218347 -1.065052
v -0.545409 0.499386 -1.069776
v -0.557619 0.344632 -1.046245
v -0.557619 0.210815 -1.010342
v -0.292428 0.307272 -1.212195
v -0.292428 0.232356 -1.180142
v -0.471551 0.217223 -1.070207
v -0.560694 0.343508 -1.051399
v -0.560694 0.209691 -1.015496
v -0.459340 0.498262 -1.128362
v -0.548483 0.498262 -1.074930
v -0.277143 0.499386 -1.236201
v -0.604689 0.133209 -0.244356
v -0.561099 0.564485 -0.278584
v -0.493566 0.635859 -0.345225
v -0.292529 0.666151 -0.990312
v -0.378915 0.326514 -1.153358
v -0.378915 0.225913 -1.120020
v -0.366704 0.499386 -1.176889
v -0.381989 0.224789 -1.125174
v -0.368241 0.498824 -1.182281
v -0.524598 0.410574 1.659878
v -0.402793 0.381665 1.744451
v -0.540483 0.475150 1.587385
v -0.368647 0.378918 1.761541
v -0.479307 0.387822 1.697509
v -0.028898 0.438571 1.828047
v -0.207534 0.443455 1.789280
v -0.025246 0.335179 1.852749
v -0.243983 0.335883 1.812489
v -0.280614 0.445453 1.776585
v -0.283427 0.404357 1.781873
v -0.223678 0.251884 1.818202
v -0.239895 0.191659 1.811417
v -0.288282 0.196010 1.794661
v -0.287282 0.251884 1.795527
v -0.345465 0.310530 1.776269
v -0.403434 0.174760 1.756472
v -0.443466 0.151849 1.715971
v -0.297162 0.287638 1.793820
v -0.265740 0.373653 1.795601
v -0.326055 0.376739 1.776199
v -0.255115 0.428548 1.726538
v -0.377294 0.364760 1.694404
v -0.240242 0.356748 1.745554
v -0.257928 0.387452 1.731827
v -0.300556 0.359834 1.726153
v -0.030806 0.440001 1.834177
v -0.209205 0.443285 1.799841
v -0.245891 0.337314 1.818620
v -0.204872 0.337182 1.833264
v -0.027154 0.336610 1.858880
v -0.282521 0.446884 1.782715
v -0.267648 0.375084 1.801732
v -0.285334 0.405788 1.788004
v -0.261738 0.432519 1.749089
v -0.292070 0.434008 1.742004
v -0.349771 0.365983 1.734045
v -0.246864 0.360719 1.768106
v -0.264551 0.391423 1.754378
v -0.307178 0.363804 1.748704
v -0.395461 0.336370 1.760992
v -0.483410 0.153942 1.667136
v -0.443711 0.153853 1.715720
v -0.239954 0.189657 1.811319
v -0.001981 0.196246 1.849689
v -0.001974 0.251887 1.852213
v -0.289278 0.253885 1.794852
v -0.286225 0.194358 1.795342
v -0.284431 0.196185 1.796002
v -0.223692 0.253885 1.818271
v -0.403009 0.172813 1.756753
v -0.344733 0.312354 1.776671
v -0.295383 0.288991 1.794437
v -0.436086 0.154164 1.696456
v -0.475785 0.154254 1.647872
v -0.216054 0.252196 1.798938
v -0.232271 0.191971 1.792153
v -0.337840 0.310842 1.757005
v -0.395809 0.175072 1.737208
v -0.387362 0.334149 1.742178
v -0.276806 0.196497 1.776738
v -0.279657 0.252195 1.776263
v -0.280657 0.196322 1.775397
v -0.289537 0.287950 1.774556
v -0.466874 0.664104 -0.968312
v -0.530261 0.636757 -0.961817
v -0.538358 0.561500 -1.055093
v -0.366666 0.334858 -1.160074
v -0.280853 0.317498 -1.211510
v -0.452478 0.352217 -1.108639
v -0.440778 0.500494 -1.131185
v -0.283799 0.316421 -1.216448
v -0.443724 0.499416 -1.136124
v -0.604093 0.464652 1.092079
v -0.593629 0.612978 0.663879
v -0.564938 0.612978 0.604358
v -0.570928 0.676542 0.600855
v -0.693895 0.625011 0.603495
v -0.679898 0.625011 0.541556
v -0.676029 0.658626 0.541556
v -0.624758 0.609089 0.571205
v -0.624758 0.682941 0.571205
v -0.656827 0.609089 0.637732
v -0.593629 0.630978 0.663879
v -0.564938 0.630978 0.604358
v -0.686267 0.634867 0.541556
v -0.700263 0.634867 0.603495
v -0.656827 0.634867 0.637732
v -0.624758 0.634867 0.571205
v -0.563250 0.609089 0.600855
v -0.595318 0.609089 0.667381
v -0.563250 0.634867 0.600855
v -0.595318 0.634867 0.667381
v -0.507604 0.539497 0.602686
v -0.536296 0.539497 0.662207
v -0.507604 0.557498 0.602686
v -0.536296 0.557498 0.662207
v -0.595802 0.499326 -0.246610
v -0.596628 0.444017 -0.115442
v -0.389096 0.437669 1.667779
v -0.447565 0.447234 1.616954
v -0.285448 0.430037 1.719453
v -0.514985 0.458245 1.537338
v -0.343149 0.362013 1.711494
v -0.453809 0.370916 1.647463
v -0.499100 0.393669 1.609832
v -0.348875 0.365674 1.720606
v -0.383020 0.368422 1.703516
v -0.459535 0.374578 1.656575
v -0.504826 0.397330 1.618944
v -0.520711 0.461906 1.546450
v -0.640742 0.489512 -0.257368
v -0.631775 0.365866 -0.277210
v -0.631775 0.227156 -0.225365
v -0.631775 0.123665 -0.319078
v -0.342127 0.863084 -0.025896
v -0.403669 0.830115 -0.021501
v -0.592353 0.550310 -0.005010
v -0.505131 0.624295 0.002316
v -0.586236 0.385032 0.015727
v -0.491477 0.657631 -0.729414
v -0.479213 0.631430 -0.473214
v -0.461807 0.626651 -0.673137
v -0.445127 0.618011 -0.849320
v -0.448092 0.617833 -0.727287
v -0.450980 0.679442 -0.948797
v -0.362614 0.671067 -1.056348
v -0.288510 0.670082 -1.111658
v -0.214428 0.669097 -1.165965
v -0.466334 0.664867 -0.951258
vn 0.3044 0.9513 -0.0480
vn 0.3237 0.9459 0.0224
vn 0.5299 0.8480 0.0095
vn 0.4753 0.8787 -0.0442
vn 0.4431 0.8890 0.1153
vn 0.5966 0.7958 0.1042
vn 0.3333 0.9286 -0.1633
vn 0.2905 0.9513 -0.1036
vn 0.4503 0.8877 -0.0963
vn 0.4369 0.8863 -0.1535
vn 0.4255 0.8894 -0.1672
vn 0.6363 0.7482 0.1880
vn 0.6370 0.7462 0.1933
vn 0.5125 0.8460 0.1472
vn 0.6459 0.7607 0.0645
vn 0.4663 0.8797 0.0927
vn 0.2222 0.9620 0.1589
vn 0.2291 0.9414 0.2475
vn 0.2974 0.9306 0.2133
vn 0.4011 0.9016 0.1618
vn 0.6264 0.7785 0.0400
vn 0.6459 0.7607 0.0642
vn 0.7257 0.6879 -0.0107
vn 0.5123 0.8461 0.1471
vn 0.3335 0.9390 0.0837
vn 0.1579 0.9632 0.2176
vn 0.1993 0.9627 0.1829
vn 0.2320 0.9313 0.2809
vn 0.0618 0.9798 0.1904
vn 0.1187 0.9787 0.1677
vn 0.1422 0.9621 0.2325
vn 0.6467 0.7627 -0.0085
vn 0.6465 0.7629 -0.0085
vn 0.6800 0.7330 -0.0156
vn 0.6804 0.7327 -0.0156
vn 0.7617 0.6474 -0.0255
vn 0.8955 0.4437 -0.0349
vn 0.8481 0.5289 -0.0313
vn 0.9994 -0.0338 -0.0084
vn 0.9977 -0.0663 -0.0168
vn 0.9959 -0.0825 0.0380
vn 0.9981 -0.0346 0.0504
vn 0.7219 0.6918 0.0175
vn 0.7221 0.6915 0.0174
vn 0.6765 0.7362 0.0204
vn 0.6768 0.7358 0.0204
vn 0.6443 0.7647 0.0076
vn 0.6443 0.7648 0.0075
vn 0.3425 0.9160 -0.2087
vn 0.1616 0.9862 0.0348
vn 0.1567 0.9862 0.0531
vn 0.3259 0.9257 -0.1921
vn 0.0816 0.9963 -0.0284
vn 0.0150 0.9996 0.0236
vn 0.0317 0.9985 0.0456
vn 0.0571 0.9979 -0.0315
vn 0.9985 0.0266 -0.0476
vn 0.9988 0.0238 -0.0437
vn 0.9993 0.0064 -0.0373
vn 0.9993 0.0056 -0.0378
vn 0.9573 0.0008 -0.2891
vn 0.9832 0.0143 -0.1818
vn 0.1694 0.9854 -0.0170
vn 0.5581 0.7208 -0.4111
vn 0.5831 0.6881 -0.4319
vn 0.9313 -0.0111 -0.3642
vn 0.9384 -0.0127 -0.3453
vn 0.9221 -0.0090 -0.3868
vn 0.6641 0.5553 -0.5005
vn 0.9985 -0.0118 -0.0533
vn 0.9982 -0.0165 -0.0585
vn 0.0875 0.9890 0.1190
vn 0.1580 0.9671 0.1992
vn 0.1661 0.9619 0.2171
vn 0.9982 -0.0372 -0.0463
vn 0.9993 -0.0279 -0.0256
vn -0.4794 0.7902 0.3819
vn 0.1930 0.9413 0.2771
vn 0.9924 0.1227 -0.0013
vn 0.9604 0.2787 -0.0033
vn 0.9848 0.1736 -0.0019
vn 0.9961 -0.0505 0.0725
vn 0.9974 -0.0070 0.0720
vn 0.9965 0.0265 0.0797
vn 0.9963 0.0273 0.0819
vn 1.0000 -0.0000 -0.0000
vn 0.9920 0.1262 -0.0097
vn 0.9935 0.1140 0.0010
vn 0.9955 0.0941 0.0069
vn 0.9969 0.0790 0.0002
vn 0.9969 0.0787 -0.0064
vn 0.9971 -0.0762 0.0043
vn 0.9999 -0.0111 -0.0102
vn 1.0000 -0.0048 -0.0062
vn 0.9994 0.0307 -0.0135
vn 0.9996 0.0148 -0.0245
vn 0.9995 -0.0124 -0.0295
vn 0.9982 -0.0400 -0.0448
vn 0.9897 -0.1433 -0.0026
vn 0.9945 -0.0985 -0.0350
vn 0.9803 -0.1959 -0.0235
vn 0.9796 -0.1996 -0.0221
vn 0.9717 -0.2329 0.0389
vn 0.9532 -0.2992 0.0427
vn 0.9611 -0.2663 0.0738
vn 0.9046 0.2731 0.3273
vn 0.8506 0.3398 0.4013
vn 0.7317 0.1494 0.6650
vn 0.8965 0.1281 0.4240
vn 0.8343 -0.0936 0.5433
vn 0.5793 -0.1340 0.8040
vn 0.4570 0.1122 0.8824
vn 0.0920 0.9606 0.2622
vn 0.0823 0.9777 0.1934
vn 0.0366 0.9808 0.1914
vn 0.0535 0.9601 0.2746
vn -0.8955 0.0502 -0.4422
vn -0.8321 0.0561 -0.5517
vn -0.8322 0.0561 -0.5517
vn -0.9035 0.0492 -0.4257
vn 0.0890 0.9417 0.3246
vn 0.0621 0.9465 0.3168
vn 0.0611 0.9385 0.3399
vn 0.0423 0.9390 0.3414
vn 0.0578 0.9392 0.3386
vn 0.0604 0.9345 0.3509
vn 0.1246 0.9488 0.2904
vn 0.1802 0.9390 0.2929
vn 0.0939 0.9443 0.3154
vn 0.2373 0.9323 0.2729
vn 0.1423 0.9749 0.1712
vn 0.1304 0.9818 0.1381
vn 0.0621 0.9890 0.1341
vn 0.0868 0.9792 0.1835
vn -0.0000 0.0684 -0.9977
vn -0.1117 0.0680 -0.9914
vn -0.9508 0.0423 -0.3068
vn -0.9510 0.0423 -0.3062
vn -0.6165 0.0668 -0.7845
vn -0.6146 0.0669 -0.7860
vn -0.8311 0.0562 -0.5532
vn -0.8312 0.0562 -0.5532
vn -0.9971 0.0275 -0.0713
vn -0.9361 0.0448 -0.3489
vn -0.9358 0.0449 -0.3496
vn -0.9359 0.0449 -0.3495
vn -0.7319 0.0623 -0.6785
vn -0.7351 0.0622 -0.6751
vn -0.9451 0.0433 -0.3238
vn -0.9428 0.0437 -0.3305
vn 0.2511 -0.0274 0.9676
vn 0.2355 -0.0372 0.9712
vn -0.0000 -0.0525 0.9986
vn -0.0000 -0.0560 0.9984
vn 0.1654 0.9850 -0.0495
vn 0.2499 0.9647 -0.0833
vn 0.2699 0.9586 -0.0913
vn 0.3154 -0.0072 0.9489
vn 0.4932 0.0309 0.8693
vn 0.3212 -0.0070 0.9470
vn -0.0752 0.9760 -0.2043
vn -0.0583 0.9761 -0.2095
vn -0.0774 0.9760 -0.2036
vn -0.1648 0.9569 -0.2393
vn -0.1994 0.9547 -0.2209
vn -0.1996 0.9547 -0.2208
vn -0.1618 0.9570 -0.2408
vn 0.3101 -0.9374 0.1587
vn 0.2384 -0.9504 0.1996
vn 0.2446 -0.9496 0.1962
vn 0.3152 -0.9362 0.1556
vn 0.6176 0.5152 0.5943
vn 0.5658 0.3912 0.7258
vn 0.5184 -0.0792 -0.8515
vn 0.5184 -0.0794 -0.8515
vn 0.2569 -0.1895 -0.9477
vn 0.3193 -0.1063 -0.9417
vn -0.0000 -0.2199 -0.9755
vn -0.0000 -0.1303 -0.9915
vn 0.1104 -0.3237 -0.9397
vn -0.0000 -0.3257 -0.9455
vn -0.0662 -0.9955 -0.0679
vn -0.0408 -0.9921 -0.1190
vn -0.1567 -0.9803 0.1203
vn 0.8636 0.1363 0.4855
vn 0.8637 0.1306 0.4868
vn 0.8636 0.1361 0.4855
vn -0.7585 -0.0560 -0.6493
vn -0.7716 -0.1592 -0.6158
vn -0.7716 -0.1601 -0.6156
vn -0.7688 -0.1264 -0.6269
vn -0.7715 -0.1647 -0.6146
vn 0.8634 0.1417 0.4842
vn -0.8600 -0.2007 -0.4691
vn -0.6518 -0.7223 -0.2312
vn -0.1261 -0.9818 -0.1420
vn -0.0184 -0.9994 0.0278
vn -0.0000 -1.0000 -0.0000
vn -0.0116 -0.9998 0.0176
vn -0.0579 -0.9941 0.0921
vn -0.0503 -0.9956 0.0793
vn -0.0772 -0.9892 0.1244
vn -0.7272 0.0787 -0.6819
vn 0.1381 0.9816 -0.1318
vn 0.5185 -0.0836 -0.8510
vn -0.6202 0.7835 0.0381
vn -0.1315 0.9576 -0.2565
vn -0.1342 0.9576 -0.2551
vn -0.1337 0.9576 -0.2553
vn 0.4943 0.2538 0.8314
vn 0.4351 0.2306 0.8703
vn -0.8312 0.4930 0.2570
vn 0.8319 -0.5387 -0.1331
vn -0.3434 0.9289 -0.1388
vn -0.4814 0.8751 -0.0503
vn -0.3564 0.9251 -0.1309
vn 0.0603 0.9345 0.3508
vn 0.0605 0.9344 0.3510
vn -0.0000 0.9361 0.3516
vn -0.7837 -0.5432 0.3014
vn -0.0039 -0.9999 -0.0148
vn -0.0024 -0.9999 -0.0156
vn -0.0036 -0.9999 -0.0149
vn -0.0000 -0.0527 0.9986
vn 0.2492 -0.0340 0.9679
vn 0.2233 -0.0386 0.9740
vn 0.1473 -0.0576 0.9874
vn -0.0000 -0.0583 0.9983
vn 0.3317 -0.0174 0.9432
vn 0.3144 -0.0048 0.9493
vn 0.3173 -0.0114 0.9483
vn 0.3274 -0.0117 0.9448
vn 0.3308 -0.0147 0.9436
vn 0.0213 0.9997 0.0109
vn -0.0361 0.9988 0.0319
vn -0.0274 0.9992 0.0287
vn 0.7376 0.0978 0.6682
vn 0.7469 0.2225 0.6266
vn 0.4348 -0.0243 0.9002
vn 0.0985 -0.9846 0.1444
vn 0.0999 -0.9845 0.1440
vn 0.0984 -0.9846 0.1444
vn 0.3238 0.1925 0.9263
vn 0.3143 0.1940 0.9293
vn 0.3257 0.1922 0.9257
vn 0.3349 0.1906 0.9228
vn 0.1506 -0.9573 0.2466
vn 0.1095 -0.9573 0.2676
vn 0.1441 -0.9575 0.2500
vn 0.8000 -0.5587 -0.2189
vn 0.3275 -0.9331 0.1483
vn 0.8907 0.0025 -0.4546
vn 0.9528 0.0263 -0.3025
vn -0.9564 0.0994 0.2745
vn -0.0942 0.9756 -0.1983
vn 0.0545 -0.9760 0.2108
vn 0.0760 -0.9760 0.2041
vn 0.0561 -0.9760 0.2104
vn 0.0344 -0.9756 0.2170
vn -0.0832 0.9853 -0.1491
vn -0.8271 0.5424 0.1474
vn 0.0970 -0.9847 0.1449
vn -0.9577 -0.0287 0.2863
vn 0.4729 -0.0297 0.8806
vn 0.7077 0.0508 0.7047
vn 0.7095 0.0549 0.7026
vn 0.7077 0.0509 0.7047
vn 0.7354 0.0813 0.6728
vn 0.1562 -0.0485 0.9865
vn 0.1532 -0.0464 0.9871
vn 0.3309 -0.0184 0.9435
vn 0.2442 -0.0399 0.9689
vn 0.3343 -0.0177 0.9423
vn 0.2450 -0.0371 0.9688
vn 0.5240 0.0048 0.8517
vn 0.3209 0.0052 0.9471
vn 0.3360 -0.0231 0.9416
vn 0.3149 0.0017 0.9491
vn 0.9948 0.0047 -0.1020
vn 0.3765 -0.9118 -0.1638
vn 0.3737 -0.9132 -0.1627
vn 0.3763 -0.9119 -0.1637
vn 0.9253 -0.0930 -0.3677
vn -0.0840 0.9952 0.0494
vn 0.2375 0.9682 -0.0784
vn 0.1387 0.9896 -0.0389
vn -0.9283 0.0507 0.3683
vn 0.0118 0.9999 0.0115
vn 0.3792 -0.9105 -0.1648
vn -0.0051 -0.9999 -0.0142
vn 0.3432 0.7341 -0.5859
vn 0.4120 0.7140 -0.5661
vn 0.4221 0.7135 -0.5592
vn 0.3439 0.7337 -0.5861
vn 0.3138 0.7400 -0.5949
vn 0.3818 0.5919 -0.7099
vn -0.5060 -0.0498 0.8611
vn -0.4500 0.0994 0.8875
vn -0.3199 -0.9271 -0.1953
vn -0.0135 -0.9686 -0.2481
vn -0.1261 -0.9818 -0.1422
vn -0.0000 0.3324 0.9431
vn -0.4580 0.0135 -0.8888
vn -0.4669 -0.0085 -0.8843
vn -0.4757 -0.0678 -0.8770
vn -0.4699 0.0024 -0.8827
vn 0.1359 -0.9895 -0.0487
vn 0.2654 -0.9594 -0.0952
vn 0.1208 -0.9917 -0.0433
vn -0.4459 0.0185 -0.8949
vn -0.4586 0.0392 -0.8878
vn -0.4342 -0.0000 -0.9008
vn -0.4467 0.0376 -0.8939
vn 0.6568 -0.1174 0.7449
vn 0.6730 -0.0048 0.7397
vn 0.5644 -0.0151 0.8253
vn 0.5394 -0.0529 0.8404
vn 0.4459 -0.0185 0.8949
vn 0.4342 -0.0000 0.9008
vn 0.8252 -0.5332 -0.1865
vn -0.4605 0.0823 -0.8838
vn -0.0292 -0.0000 0.9996
vn -0.9008 -0.0001 0.4343
vn -0.9008 -0.0001 0.4342
vn -0.9009 -0.0000 0.4341
vn -0.8979 0.0801 0.4328
vn -0.9008 0.0001 0.4343
vn -0.8976 0.0842 0.4327
vn -0.9008 0.0002 0.4342
vn -0.9008 -0.0000 0.4342
vn 0.7404 -0.5696 -0.3569
vn -0.7404 0.5696 0.3569
vn 0.0292 -0.0000 -0.9996
vn 0.2677 0.9433 0.1961
vn 0.2520 0.8931 0.3726
vn 0.2830 0.9118 0.2975
vn 0.3555 -0.9230 0.1475
vn 0.4809 -0.8754 0.0495
vn 0.3581 -0.9223 0.1456
vn 0.7998 -0.5245 -0.2919
vn 0.2027 -0.9461 0.2528
vn 0.2124 -0.9456 0.2465
vn 0.2133 -0.9455 0.2459
vn 0.3026 0.8253 0.4768
vn 0.2552 0.8699 0.4221
vn 0.2259 0.8964 0.3814
vn 0.2637 0.8699 0.4167
vn 0.2938 0.8462 0.4444
vn 0.4190 0.8382 0.3491
vn -0.6520 0.7548 0.0718
vn -0.7169 0.6918 0.0863
vn -0.7284 0.6794 0.0890
vn -0.7865 0.6090 0.1028
vn 0.2314 0.9591 -0.1631
vn -0.1811 0.9827 0.0380
vn -0.1830 0.9782 0.0978
vn -0.1762 0.9819 -0.0693
vn -0.1737 0.9785 -0.1115
vn 0.9561 -0.2899 0.0432
vn -0.3044 0.9513 -0.0480
vn -0.4753 0.8787 -0.0442
vn -0.5299 0.8480 0.0095
vn -0.3236 0.9459 0.0223
vn -0.5966 0.7958 0.1042
vn -0.4431 0.8890 0.1153
vn -0.3333 0.9286 -0.1633
vn -0.4369 0.8863 -0.1535
vn -0.4503 0.8877 -0.0963
vn -0.2905 0.9512 -0.1036
vn -0.4255 0.8894 -0.1672
vn -0.6370 0.7462 0.1933
vn -0.6363 0.7482 0.1880
vn -0.6459 0.7607 0.0642
vn -0.5124 0.8461 0.1471
vn -0.4663 0.8797 0.0927
vn -0.2974 0.9306 0.2133
vn -0.2291 0.9414 0.2475
vn -0.2222 0.9620 0.1589
vn -0.6264 0.7785 0.0400
vn -0.4011 0.9016 0.1618
vn -0.7257 0.6879 -0.0107
vn -0.3335 0.9390 0.0837
vn -0.1993 0.9627 0.1829
vn -0.1579 0.9632 0.2176
vn -0.2320 0.9313 0.2809
vn -0.1187 0.9787 0.1677
vn -0.0618 0.9798 0.1904
vn -0.1422 0.9621 0.2325
vn -0.6467 0.7627 -0.0085
vn -0.6804 0.7327 -0.0156
vn -0.6800 0.7330 -0.0156
vn -0.6465 0.7629 -0.0085
vn -0.7617 0.6474 -0.0255
vn -0.8481 0.5289 -0.0313
vn -0.8955 0.4437 -0.0349
vn -0.9994 -0.0338 -0.0084
vn -0.9981 -0.0346 0.0504
vn -0.9959 -0.0825 0.0380
vn -0.9977 -0.0663 -0.0168
vn -0.7221 0.6915 0.0174
vn -0.7219 0.6918 0.0175
vn -0.6768 0.7358 0.0204
vn -0.6765 0.7362 0.0204
vn -0.6443 0.7648 0.0075
vn -0.6443 0.7647 0.0076
vn -0.3425 0.9160 -0.2087
vn -0.3259 0.9257 -0.1921
vn -0.1567 0.9862 0.0531
vn -0.1616 0.9862 0.0348
vn -0.0816 0.9963 -0.0284
vn -0.0571 0.9979 -0.0315
vn -0.0317 0.9985 0.0456
vn -0.0150 0.9996 0.0236
vn -0.9985 0.0266 -0.0476
vn -0.9993 0.0056 -0.0378
vn -0.9993 0.0064 -0.0373
vn -0.9988 0.0238 -0.0437
vn -0.9573 0.0008 -0.2891
vn -0.9832 0.0143 -0.1818
vn -0.1694 0.9854 -0.0170
vn -0.5581 0.7208 -0.4111
vn -0.5831 0.6881 -0.4319
vn -0.9384 -0.0127 -0.3453
vn -0.9313 -0.0111 -0.3642
vn -0.9221 -0.0090 -0.3868
vn -0.6641 0.5553 -0.5005
vn -0.9982 -0.0165 -0.0585
vn -0.9985 -0.0118 -0.0533
vn -0.0875 0.9890 0.1190
vn -0.1661 0.9619 0.2171
vn -0.1580 0.9671 0.1992
vn -0.9993 -0.0279 -0.0256
vn -0.9982 -0.0372 -0.0463
vn 0.4794 0.7902 0.3819
vn -0.1930 0.9413 0.2771
vn -0.9924 0.1227 -0.0013
vn -0.9848 0.1736 -0.0019
vn -0.9604 0.2787 -0.0033
vn -0.9974 -0.0070 0.0720
vn -0.9961 -0.0505 0.0725
vn -0.9963 0.0273 0.0819
vn -0.9965 0.0265 0.0797
vn -1.0000 -0.0000 -0.0000
vn -0.9920 0.1262 -0.0097
vn -0.9935 0.1140 0.0010
vn -0.9955 0.0941 0.0069
vn -0.9969 0.0790 0.0002
vn -0.9969 0.0787 -0.0064
vn -0.9971 -0.0762 0.0043
vn -0.9999 -0.0111 -0.0102
vn -1.0000 -0.0048 -0.0062
vn -0.9994 0.0307 -0.0135
vn -0.9996 0.0148 -0.0245
vn -0.9995 -0.0124 -0.0295
vn -0.9982 -0.0400 -0.0448
vn -0.9897 -0.1433 -0.0026
vn -0.9945 -0.0985 -0.0350
vn -0.9803 -0.1959 -0.0235
vn -0.9796 -0.1996 -0.0221
vn -0.9717 -0.2329 0.0389
vn -0.9611 -0.2663 0.0738
vn -0.9532 -0.2992 0.0427
vn -0.9046 0.2731 0.3273
vn -0.8965 0.1281 0.4240
vn -0.7317 0.1494 0.6650
vn -0.8506 0.3398 0.4013
vn -0.8343 -0.0936 0.5433
vn -0.5793 -0.1340 0.8040
vn -0.4570 0.1122 0.8824
vn -0.0920 0.9606 0.2622
vn -0.0535 0.9601 0.2746
vn -0.0366 0.9808 0.1914
vn -0.0823 0.9777 0.1934
vn 0.8955 0.0502 -0.4422
vn 0.9035 0.0492 -0.4257
vn 0.8322 0.0561 -0.5517
vn 0.8321 0.0561 -0.5517
vn -0.0890 0.9417 0.3246
vn -0.0611 0.9385 0.3399
vn -0.0621 0.9465 0.3168
vn -0.0423 0.9390 0.3414
vn -0.0604 0.9345 0.3509
vn -0.0578 0.9392 0.3386
vn -0.1246 0.9488 0.2904
vn -0.0939 0.9443 0.3154
vn -0.1802 0.9390 0.2929
vn -0.2373 0.9323 0.2729
vn -0.1423 0.9749 0.1712
vn -0.0868 0.9792 0.1835
vn -0.0621 0.9890 0.1341
vn -0.1304 0.9818 0.1381
vn 0.1117 0.0680 -0.9914
vn 0.9508 0.0423 -0.3068
vn 0.9510 0.0423 -0.3062
vn 0.6165 0.0668 -0.7845
vn 0.6146 0.0669 -0.7860
vn 0.8312 0.0562 -0.5532
vn 0.8311 0.0562 -0.5532
vn 0.9971 0.0275 -0.0713
vn 0.9361 0.0448 -0.3489
vn 0.9359 0.0449 -0.3495
vn 0.9358 0.0449 -0.3496
vn 0.7351 0.0622 -0.6751
vn 0.7319 0.0623 -0.6785
vn 0.9428 0.0437 -0.3305
vn 0.9451 0.0433 -0.3238
vn -0.2511 -0.0274 0.9676
vn -0.2355 -0.0372 0.9712
vn -0.1654 0.9850 -0.0495
vn -0.2699 0.9586 -0.0913
vn -0.2499 0.9647 -0.0833
vn -0.3154 -0.0072 0.9489
vn -0.3212 -0.0070 0.9470
vn -0.4932 0.0309 0.8693
vn 0.0752 0.9760 -0.2043
vn 0.0774 0.9760 -0.2036
vn 0.0583 0.9761 -0.2095
vn 0.1648 0.9569 -0.2393
vn 0.1618 0.9570 -0.2408
vn 0.1996 0.9547 -0.2208
vn 0.1994 0.9547 -0.2209
vn -0.3101 -0.9374 0.1587
vn -0.3152 -0.9362 0.1556
vn -0.2446 -0.9496 0.1962
vn -0.2384 -0.9504 0.1996
vn -0.5658 0.3912 0.7258
vn -0.6176 0.5152 0.5943
vn -0.5184 -0.0792 -0.8515
vn -0.3193 -0.1063 -0.9417
vn -0.2569 -0.1895 -0.9477
vn -0.5184 -0.0794 -0.8515
vn -0.1104 -0.3237 -0.9397
vn 0.0662 -0.9955 -0.0679
vn 0.1567 -0.9803 0.1203
vn 0.0408 -0.9921 -0.1190
vn -0.8636 0.1363 0.4855
vn -0.8636 0.1361 0.4855
vn -0.8637 0.1306 0.4868
vn 0.7585 -0.0560 -0.6493
vn 0.7688 -0.1264 -0.6269
vn 0.7716 -0.1601 -0.6156
vn 0.7716 -0.1592 -0.6158
vn 0.7715 -0.1647 -0.6146
vn -0.8634 0.1417 0.4842
vn 0.8600 -0.2007 -0.4691
vn 0.6518 -0.7223 -0.2312
vn 0.1261 -0.9818 -0.1420
vn 0.0184 -0.9994 0.0278
vn 0.0116 -0.9998 0.0176
vn 0.0579 -0.9941 0.0921
vn 0.0772 -0.9892 0.1244
vn 0.0503 -0.9956 0.0793
vn 0.7272 0.0787 -0.6819
vn -0.8480 0.5290 -0.0313
vn -0.1381 0.9816 -0.1318
vn -0.5185 -0.0836 -0.8510
vn 0.6202 0.7835 0.0381
vn 0.1315 0.9576 -0.2565
vn 0.1337 0.9576 -0.2553
vn 0.1342 0.9576 -0.2551
vn -0.4351 0.2306 0.8703
vn -0.4943 0.2538 0.8314
vn 0.8312 0.4930 0.2570
vn -0.8319 -0.5387 -0.1331
vn 0.3434 0.9289 -0.1388
vn 0.3564 0.9251 -0.1309
vn 0.4814 0.8751 -0.0503
vn -0.0605 0.9344 0.3510
vn 0.7837 -0.5432 0.3014
vn 0.0039 -0.9999 -0.0148
vn 0.0036 -0.9999 -0.0149
vn 0.0024 -0.9999 -0.0156
vn -0.1473 -0.0576 0.9874
vn -0.2233 -0.0386 0.9740
vn -0.2492 -0.0340 0.9679
vn -0.3308 -0.0147 0.9436
vn -0.3274 -0.0117 0.9448
vn -0.3173 -0.0114 0.9483
vn -0.3144 -0.0048 0.9493
vn -0.3317 -0.0174 0.9432
vn -0.0213 0.9997 0.0109
vn 0.0274 0.9992 0.0287
vn 0.0361 0.9988 0.0319
vn -0.7376 0.0978 0.6681
vn -0.7469 0.2225 0.6266
vn -0.4348 -0.0243 0.9002
vn -0.0985 -0.9846 0.1444
vn -0.0984 -0.9846 0.1444
vn -0.0999 -0.9845 0.1440
vn -0.3238 0.1925 0.9263
vn -0.3257 0.1922 0.9257
vn -0.3143 0.1940 0.9293
vn -0.3349 0.1906 0.9228
vn -0.1506 -0.9573 0.2466
vn -0.1441 -0.9575 0.2500
vn -0.1095 -0.9573 0.2676
vn -0.8000 -0.5587 -0.2189
vn -0.3275 -0.9331 0.1483
vn -0.8907 0.0025 -0.4546
vn -0.9528 0.0263 -0.3025
vn 0.9564 0.0994 0.2745
vn 0.0942 0.9756 -0.1983
vn -0.0545 -0.9760 0.2108
vn -0.0561 -0.9760 0.2104
vn -0.0760 -0.9760 0.2041
vn -0.0344 -0.9756 0.2170
vn 0.0832 0.9853 -0.1491
vn 0.8271 0.5424 0.1474
vn -0.0970 -0.9847 0.1449
vn 0.9577 -0.0287 0.2863
vn -0.4729 -0.0297 0.8806
vn -0.7095 0.0549 0.7026
vn -0.7077 0.0508 0.7047
vn -0.7354 0.0813 0.6728
vn -0.1562 -0.0485 0.9865
vn -0.1532 -0.0464 0.9871
vn -0.3309 -0.0184 0.9435
vn -0.2442 -0.0399 0.9689
vn -0.3343 -0.0177 0.9423
vn -0.2450 -0.0371 0.9688
vn -0.5240 0.0048 0.8517
vn -0.3209 0.0052 0.9471
vn -0.3360 -0.0231 0.9416
vn -0.3149 0.0017 0.9491
vn -0.9948 0.0047 -0.1020
vn -0.3765 -0.9118 -0.1638
vn -0.3763 -0.9119 -0.1637
vn -0.3737 -0.9132 -0.1627
vn -0.9253 -0.0930 -0.3677
vn 0.0840 0.9952 0.0494
vn -0.1387 0.9896 -0.0389
vn -0.2375 0.9682 -0.0784
vn 0.9283 0.0507 0.3683
vn -0.0118 0.9999 0.0115
vn -0.3792 -0.9105 -0.1648
vn 0.0051 -0.9999 -0.0142
vn -0.3432 0.7341 -0.5859
vn -0.3439 0.7337 -0.5861
vn -0.4221 0.7135 -0.5592
vn -0.4120 0.7140 -0.5661
vn -0.3138 0.7400 -0.5949
vn -0.3818 0.5919 -0.7099
vn 0.5060 -0.0498 0.8611
vn 0.4500 0.0994 0.8875
vn 0.3199 -0.9271 -0.1953
vn 0.1261 -0.9818 -0.1422
vn 0.0134 -0.9686 -0.2481
vn 0.4580 0.0135 -0.8888
vn 0.4699 0.0024 -0.8827
vn 0.4757 -0.0678 -0.8770
vn 0.4669 -0.0085 -0.8843
vn -0.1359 -0.9895 -0.0487
vn -0.1208 -0.9917 -0.0433
vn -0.2654 -0.9594 -0.0952
vn 0.4459 0.0185 -0.8949
vn 0.4586 0.0392 -0.8878
vn 0.4342 -0.0000 -0.9008
vn 0.4467 0.0376 -0.8939
vn -0.6568 -0.1174 0.7449
vn -0.5394 -0.0529 0.8404
vn -0.5644 -0.0151 0.8253
vn -0.6730 -0.0048 0.7397
vn -0.4342 -0.0000 0.9008
vn -0.4459 -0.0185 0.8949
vn -0.8252 -0.5332 -0.1865
vn 0.4605 0.0823 -0.8838
vn 0.0292 -0.0000 0.9996
vn 0.9008 -0.0001 0.4343
vn 0.9008 -0.0001 0.4342
vn 0.8979 0.0801 0.4328
vn 0.9008 0.0001 0.4342
vn 0.9007 -0.0000 0.4344
vn 0.8976 0.0842 0.4327
vn 0.9008 0.0002 0.4342
vn 0.9008 -0.0000 0.4342
vn -0.7404 -0.5696 -0.3569
vn 0.7404 0.5696 0.3569
vn -0.0291 -0.0000 -0.9996
vn -0.2677 0.9433 0.1961
vn -0.2830 0.9118 0.2975
vn -0.2520 0.8931 0.3726
vn -0.3555 -0.9230 0.1475
vn -0.3581 -0.9223 0.1456
vn -0.4809 -0.8754 0.0495
vn -0.7998 -0.5245 -0.2919
vn -0.2027 -0.9461 0.2528
vn -0.2133 -0.9455 0.2459
vn -0.2124 -0.9456 0.2465
vn -0.3026 0.8253 0.4768
vn -0.2552 0.8699 0.4221
vn -0.2259 0.8964 0.3814
vn -0.2637 0.8699 0.4167
vn -0.2938 0.8462 0.4444
vn -0.4190 0.8382 0.3491
vn 0.6520 0.7548 0.0718
vn 0.7284 0.6794 0.0890
vn 0.7169 0.6918 0.0863
vn 0.7865 0.6090 0.1028
vn -0.2314 0.9591 -0.1631
vn 0.1811 0.9827 0.0380
vn 0.1762 0.9819 -0.0693
vn 0.1830 0.9782 0.0978
vn 0.1737 0.9785 -0.1115
vn -0.9561 -0.2899 0.0432
vt 0.081647 0.340192
vt 0.081725 0.381336
vt 0.065115 0.382663
vt 0.063150 0.342195
vt 0.070472 0.476830
vt 0.056894 0.472368
vt 0.076145 0.217247
vt 0.081568 0.299048
vt 0.061184 0.301727
vt 0.047698 0.234159
vt 0.043620 0.138391
vt 0.064499 0.092336
vt 0.054912 0.540672
vt 0.041334 0.536210
vt 0.041185 0.603642
vt 0.027607 0.599180
vt 0.032562 0.652824
vt 0.045792 0.655971
vt 0.050140 0.708417
vt 0.036241 0.707051
vt 0.003523 0.706047
vt -0.000000 0.652324
vt 0.000531 0.598667
vt 0.045246 0.649771
vt 0.039788 0.750320
vt 0.002344 0.749220
vt 0.055662 0.751747
vt 0.046301 0.834919
vt 0.026557 0.812186
vt 0.018534 0.802948
vt 0.063296 0.849365
vt 0.999661 0.457454
vt 0.972704 0.456891
vt 0.975523 0.421442
vt 0.999594 0.422130
vt 0.488607 0.862363
vt 0.487509 0.797085
vt 0.508395 0.744799
vt 0.508395 0.839706
vt 0.321771 0.430382
vt 0.286075 0.424219
vt 0.297718 0.391347
vt 0.324192 0.394038
vt 0.254127 0.107602
vt 0.283985 0.107029
vt 0.279491 0.177240
vt 0.251810 0.177948
vt 1.000000 0.634073
vt 0.971999 0.633737
vt 0.970942 0.563038
vt 0.999865 0.563426
vt 0.969885 0.492339
vt 0.999729 0.492778
vt 0.776186 0.530439
vt 0.788477 0.562357
vt 0.768461 0.573284
vt 0.756169 0.541366
vt 0.796012 0.519304
vt 0.801433 0.555390
vt 0.291135 0.581745
vt 0.242071 0.591663
vt 0.240630 0.557433
vt 0.281047 0.553957
vt 0.324534 0.609638
vt 0.262786 0.625980
vt 0.780156 0.489184
vt 0.763678 0.498752
vt 0.742702 0.510708
vt 0.327099 0.657124
vt 0.282206 0.664091
vt 0.377587 0.618108
vt 0.366065 0.646934
vt 0.242289 0.630272
vt 0.264102 0.656931
vt 0.246283 0.515359
vt 0.285819 0.512123
vt 0.805600 0.570669
vt 0.802013 0.602847
vt 0.783432 0.612940
vt 0.267025 0.457059
vt 0.319351 0.466726
vt 0.819657 0.620664
vt 0.812472 0.662540
vt 0.801923 0.669243
vt 0.298916 0.384909
vt 0.282859 0.422590
vt 0.263700 0.432843
vt 0.265815 0.388637
vt 0.321804 0.344265
vt 0.330254 0.345208
vt 0.358780 0.344422
vt 0.366463 0.371723
vt 0.361928 0.415652
vt 0.391053 0.420564
vt 0.391843 0.442740
vt 0.344014 0.301080
vt 0.360267 0.300632
vt 0.339199 0.300542
vt 0.352093 0.193999
vt 0.368347 0.193551
vt 0.347278 0.193462
vt 0.358423 0.139265
vt 0.379982 0.138671
vt 0.352036 0.138552
vt 0.364382 0.109544
vt 0.390815 0.108815
vt 0.356552 0.108669
vt 0.366200 0.067408
vt 0.392633 0.066679
vt 0.358370 0.066533
vt 0.318514 0.060663
vt 0.320071 0.108619
vt 0.315566 0.158666
vt 0.310940 0.221226
vt 0.332587 0.309997
vt 0.268160 0.353149
vt 0.315942 0.347602
vt 0.274998 0.247451
vt 0.270505 0.317662
vt 0.279054 0.053254
vt 0.278288 0.000000
vt 0.293426 0.037334
vt 0.229534 0.882423
vt 0.261252 0.923641
vt 0.260002 0.963530
vt 0.229534 0.933712
vt 0.457892 0.744799
vt 0.457916 0.778127
vt 0.392786 0.799957
vt 0.392633 0.749237
vt 0.446018 0.831515
vt 0.117513 0.761154
vt 0.115677 0.720848
vt 0.125958 0.735811
vt 0.135689 0.764280
vt 0.969885 0.829844
vt 0.969885 0.813476
vt 0.971859 0.813759
vt 0.971859 0.830127
vt 0.120213 0.804543
vt 0.145728 0.794746
vt 0.151703 0.810229
vt 0.123321 0.870181
vt 0.123260 0.868884
vt 0.174943 0.879056
vt 0.093374 0.863758
vt 0.088206 0.789270
vt 0.102138 0.865638
vt 0.084095 0.745911
vt 0.080725 0.693443
vt 0.079473 0.675373
vt 0.089300 0.682812
vt 0.103796 0.703653
vt 0.653706 0.794409
vt 0.658725 0.773407
vt 0.660676 0.773819
vt 0.655665 0.794783
vt 0.946550 0.846103
vt 0.946550 0.823621
vt 0.948529 0.823891
vt 0.948529 0.846373
vt 0.973572 0.760013
vt 0.981659 0.718625
vt 0.983632 0.718907
vt 0.975546 0.760296
vt 0.970492 0.794736
vt 0.972465 0.795018
vt 0.390530 0.899305
vt 0.390530 0.858489
vt 0.392523 0.858616
vt 0.392523 0.899432
vt 0.655458 0.753524
vt 0.657408 0.753936
vt 0.972116 0.772123
vt 0.974090 0.772405
vt 0.653706 0.740114
vt 0.655656 0.740526
vt 0.950446 0.870860
vt 0.952425 0.871130
vt 0.395011 0.878309
vt 0.406177 0.880816
vt 0.411995 0.949832
vt 0.399478 0.950249
vt 0.977509 0.081809
vt 0.986468 0.116113
vt 0.980586 0.117253
vt 0.971627 0.082949
vt 0.392633 0.828956
vt 0.398828 0.831346
vt 0.406832 0.866596
vt 0.174469 0.880826
vt 0.122847 0.871951
vt 0.991015 0.664836
vt 0.991265 0.675823
vt 0.975390 0.676492
vt 0.975141 0.665505
vt 0.870555 0.847504
vt 0.872425 0.869852
vt 0.856014 0.867434
vt 0.854144 0.845085
vt 0.487509 0.762489
vt 0.486191 0.773164
vt 0.466534 0.785462
vt 0.530675 0.926941
vt 0.531349 0.977550
vt 0.512528 0.979700
vt 0.512528 0.923892
vt 0.072481 0.880826
vt 0.072294 0.936063
vt 0.004470 0.925905
vt 0.007754 0.881146
vt 0.067826 0.957695
vt 0.000000 0.958026
vt 0.686490 0.809631
vt 0.671107 0.835585
vt 0.669585 0.834730
vt 0.684968 0.808776
vt 0.385392 0.927123
vt 0.390530 0.966835
vt 0.389114 0.967005
vt 0.383976 0.927293
vt 0.954665 0.725021
vt 0.955080 0.769767
vt 0.951037 0.769809
vt 0.950623 0.725063
vt 0.950576 0.808738
vt 0.946550 0.808549
vt 0.384196 0.881708
vt 0.382780 0.881879
vt 0.073792 0.936395
vt 0.069324 0.958026
vt 0.658066 0.908023
vt 0.659807 0.908148
vt 0.659807 0.910729
vt 0.658139 0.910609
vt 0.717184 0.757844
vt 0.701873 0.783677
vt 0.700351 0.782822
vt 0.715663 0.756989
vt 0.965751 0.232825
vt 0.979352 0.312602
vt 0.977802 0.313099
vt 0.964202 0.233321
vt 0.972552 0.203459
vt 0.970924 0.203522
vt 0.977646 0.173723
vt 0.979352 0.174092
vt 0.946550 0.707116
vt 0.952125 0.725375
vt 0.979478 0.377362
vt 1.000000 0.356734
vt 0.872806 0.916350
vt 0.871070 0.916486
vt 0.871142 0.911428
vt 0.872806 0.911298
vt 0.548822 0.929990
vt 0.550170 0.975400
vt 0.845355 0.657740
vt 0.815299 0.567441
vt 0.834126 0.622284
vt 0.985760 0.634073
vt 0.988983 0.652026
vt 0.973108 0.652696
vt 0.969885 0.634743
vt 0.460239 0.801779
vt 0.459225 0.827271
vt 0.796397 0.960182
vt 0.796397 0.935061
vt 0.811573 0.927492
vt 0.811573 0.952613
vt 0.781169 0.960160
vt 0.780189 0.948698
vt 0.782056 0.948820
vt 0.783035 0.960282
vt 0.989624 0.701632
vt 0.985760 0.717955
vt 0.969885 0.718624
vt 0.973750 0.702301
vt 0.160436 0.833034
vt 0.183630 0.835163
vt 0.183305 0.880494
vt 0.653706 0.849723
vt 0.653706 0.794783
vt 0.659513 0.796257
vt 0.659513 0.851197
vt 0.180937 0.900169
vt 0.177844 0.964971
vt 0.172284 0.964406
vt 0.175053 0.901204
vt 0.429108 0.949263
vt 0.424896 0.885018
vt 0.448755 0.890374
vt 0.451969 0.941259
vt 0.452426 0.948487
vt 0.433906 0.862685
vt 0.439903 0.847191
vt 0.446915 0.849896
vt 0.448183 0.877778
vt 0.423920 0.864881
vt 0.984933 0.173723
vt 0.987234 0.243346
vt 0.981342 0.242260
vt 0.979352 0.174235
vt 0.392698 0.816652
vt 0.734424 0.932414
vt 0.734270 0.919362
vt 0.741136 0.919550
vt 0.741290 0.932602
vt 0.779393 0.939380
vt 0.781259 0.939502
vt 0.458864 0.851325
vt 0.458914 0.869679
vt 0.458847 0.838270
vt 0.866942 0.902966
vt 0.863469 0.911298
vt 0.847058 0.908880
vt 0.850531 0.900547
vt 0.764241 0.948985
vt 0.763445 0.939667
vt 0.863469 0.818187
vt 0.847058 0.815769
vt 0.781169 0.927493
vt 0.765221 0.927779
vt 0.783035 0.927614
vt 0.392523 0.899476
vt 0.392523 0.929893
vt 0.390632 0.929848
vt 0.390632 0.899432
vt 0.101664 0.867407
vt 0.510410 0.757475
vt 0.508395 0.745033
vt 0.510264 0.744799
vt 0.512280 0.757242
vt 0.508395 0.809377
vt 0.510264 0.809143
vt 0.653706 0.921142
vt 0.653706 0.912179
vt 0.660429 0.912434
vt 0.660429 0.921397
vt 0.971170 0.325239
vt 0.971039 0.334067
vt 0.964202 0.333947
vt 0.964333 0.325118
vt 0.734270 0.950774
vt 0.741136 0.950962
vt 0.971039 0.313219
vt 0.964202 0.313099
vt 0.445290 0.831724
vt 0.393376 0.800988
vt 0.393274 0.816532
vt 0.412520 0.949246
vt 0.428497 0.948712
vt 0.407384 0.867123
vt 0.406753 0.880813
vt 0.423374 0.865518
vt 0.424321 0.885043
vt 0.399385 0.831175
vt 0.407276 0.865947
vt 0.433490 0.862160
vt 0.439370 0.846978
vt 0.198488 0.952213
vt 0.198488 0.968333
vt 0.192884 0.968497
vt 0.192884 0.952378
vt 0.846099 0.942667
vt 0.846530 0.957725
vt 0.840579 0.958245
vt 0.840147 0.943188
vt 0.511269 0.943395
vt 0.511269 0.969835
vt 0.505477 0.969711
vt 0.505477 0.943271
vt 0.985244 0.256727
vt 0.979352 0.255640
vt 0.983212 0.132577
vt 0.977330 0.133717
vt 0.734270 0.967058
vt 0.734270 0.950962
vt 0.740260 0.950961
vt 0.740260 0.967057
vt 0.977509 0.149815
vt 0.971627 0.150955
vt 0.846530 0.927493
vt 0.840579 0.928013
vt 0.178168 0.880826
vt 0.172284 0.881861
vt 0.764541 0.496549
vt 0.778774 0.488326
vt 0.751418 0.476143
vt 0.749318 0.476422
vt 0.660676 0.945556
vt 0.660676 0.920222
vt 0.663723 0.923998
vt 0.663723 0.948272
vt 0.706112 0.919362
vt 0.707257 0.923175
vt 0.660676 0.970890
vt 0.663723 0.972545
vt 0.713756 0.755164
vt 0.740141 0.740114
vt 0.989235 0.346261
vt 0.987234 0.339030
vt 0.987234 0.173889
vt 0.989235 0.173723
vt 0.577602 0.943631
vt 0.563685 0.943626
vt 0.570733 0.926487
vt 0.577602 0.923891
vt 0.585297 0.942092
vt 0.585064 0.923891
vt 0.602874 0.928264
vt 0.606612 0.942376
vt 0.585064 0.961854
vt 0.606380 0.962138
vt 0.577602 0.963371
vt 0.565531 0.961418
vt 0.585064 0.963373
vt 0.585064 0.943634
vt 0.632867 0.925657
vt 0.635638 0.923891
vt 0.635330 0.939053
vt 0.627897 0.939125
vt 0.635330 0.958702
vt 0.627897 0.958774
vt 0.407304 0.950407
vt 0.410104 0.950607
vt 0.410104 0.968883
vt 0.407304 0.968682
vt 0.580460 0.925509
vt 0.508395 0.813530
vt 0.511509 0.809377
vt 0.511509 0.835199
vt 0.508395 0.839352
vt 0.848391 0.929663
vt 0.867111 0.933571
vt 0.867982 0.934902
vt 0.847058 0.930534
vt 0.868179 0.928473
vt 0.869511 0.927601
vt 0.849459 0.924564
vt 0.848588 0.923233
vt 0.851282 0.951550
vt 0.852350 0.946452
vt 0.871070 0.950360
vt 0.870002 0.955459
vt 0.487509 0.945135
vt 0.505477 0.964194
vt 0.487509 0.966059
vt 0.955080 0.777959
vt 0.957984 0.782285
vt 0.957984 0.807973
vt 0.955080 0.803647
vt 0.834026 0.684542
vt 0.827437 0.698252
vt 0.322692 0.899403
vt 0.321022 0.882423
vt 0.324211 0.882424
vt 0.325881 0.899405
vt 0.180985 0.908302
vt 0.180985 0.880826
vt 0.183630 0.882217
vt 0.183630 0.909693
vt 0.321022 0.936411
vt 0.322188 0.925406
vt 0.325376 0.925407
vt 0.324211 0.936413
vt 0.357393 0.459581
vt 0.392633 0.464917
vt 0.814129 0.700789
vt 0.826788 0.731849
vt 0.841558 0.734115
vt 0.852744 0.774323
vt 0.858579 0.768750
vt 0.869467 0.815769
vt 0.873258 0.804392
vt 0.812446 0.551687
vt 0.660090 0.923891
vt 0.660090 0.960152
vt 0.650674 0.961634
vt 0.649192 0.929157
vt 0.039488 0.075904
vt 0.064030 0.044347
vt 0.084996 0.027907
vt 0.105964 0.011757
vt 0.105435 0.033461
vt 0.084591 0.063070
vt 0.233838 0.634189
vt 0.233618 0.629301
vt 0.237551 0.600889
s 1
usemtl Material.001
f 283/1/1 3/2/2 7/3/3 284/4/4
f 3/2/2 1/5/5 5/6/6 7/3/3
f 2/7/7 4/8/8 8/9/9 6/10/10
f 2/7/7 6/10/10 10/11/11 9/12/11
f 5/6/6 1/5/5 13/13/12 14/14/13
f 14/14/13 13/13/12 15/15/14 16/16/15
f 22/17/16 21/18/17 17/19/18 18/20/19
f 22/17/16 18/20/19 20/21/20 23/22/21
f 16/16/22 22/17/16 23/22/21 19/23/23
f 16/16/22 15/15/24 108/24/25 21/18/17 22/17/16
f 20/21/20 18/20/19 25/25/26 26/26/27
f 18/20/19 17/19/18 24/27/28 25/25/26
f 26/26/27 25/25/26 28/28/29 164/29/30 29/30/30
f 25/25/26 24/27/28 27/31/31 28/28/29
f 286/32/32 285/33/33 31/34/34 30/35/35
f 154/36/36 59/37/37 55/38/37 155/39/38
f 280/40/39 279/41/40 32/42/41 33/43/42
f 16/44/22 19/45/23 34/46/43 39/47/44
f 39/48/44 34/49/43 35/50/45 38/51/46
f 38/51/46 35/50/45 36/52/47 37/53/48
f 49/54/49 42/55/50 40/56/51 48/57/52
f 47/58/53 288/59/54 42/55/55 49/54/56
f 50/60/57 48/61/58 40/62/59 44/63/60
f 45/64/61 41/65/62 48/61/58 50/60/57
f 230/66/63 47/58/53 49/54/56 231/67/63
f 231/67/64 49/54/49 48/57/52 41/68/65
f 41/65/62 45/64/61 53/69/66 51/70/67
f 45/64/61 46/71/68 54/72/68 53/69/66
f 231/73/64 41/65/65 51/70/69 232/74/69
f 44/63/60 40/62/59 56/75/70 58/76/71
f 42/55/55 288/59/54 55/77/72 57/78/72
f 40/56/51 42/55/50 57/78/73 56/79/74
f 58/76/71 56/75/70 60/80/75 62/81/76
f 57/78/77 55/77/77 59/82/77 61/83/77
f 56/79/74 57/78/73 61/83/78 60/84/78
f 266/85/79 265/86/80 154/87/80 31/88/81
f 33/43/42 32/42/41 63/89/82 64/90/83
f 33/43/42 64/90/83 67/91/84 65/92/85
f 280/40/39 33/43/42 65/92/85 281/93/86
f 281/93/86 65/92/85 68/94/86 282/95/86
f 67/91/84 64/90/83 71/96/86 72/97/86
f 64/90/83 63/89/82 70/98/87 71/96/86
f 72/97/86 71/96/86 74/99/86 75/100/86
f 71/96/86 70/98/87 73/101/88 74/99/86
f 75/100/86 74/99/86 77/102/86 78/103/86
f 74/99/86 73/101/88 76/104/89 77/102/86
f 78/103/86 77/102/86 80/105/86 81/106/86
f 77/102/86 76/104/89 79/107/90 80/105/86
f 81/106/86 80/105/86 83/108/86 84/109/86
f 80/105/86 79/107/90 82/110/91 83/108/86
f 85/111/92 82/110/91 79/107/90 86/112/93
f 86/112/93 79/107/90 76/104/89 87/113/94
f 87/113/94 76/104/89 73/101/88 88/114/95
f 88/114/95 73/101/88 70/98/87 89/115/96
f 285/116/97 287/117/98 266/85/79 31/88/81
f 35/118/99 88/114/95 89/115/96 36/119/100
f 34/46/101 87/113/94 88/114/95 35/118/99
f 19/45/102 86/112/93 87/113/94 34/46/101
f 23/120/103 85/111/92 86/112/93 19/45/102
f 23/120/103 20/121/104 241/122/105
f 26/123/106 29/124/107 91/125/108 90/126/109
f 90/127/109 91/128/108 93/129/110 92/130/110
f 93/129/111 91/128/108 204/131/112
f 96/132/113 107/133/114 110/134/115 106/135/116
f 110/136/117 107/137/118 119/138/119 122/139/120
f 97/140/121 96/132/113 106/135/116 112/141/122 103/142/123
f 98/143/124 168/144/125 167/145/126
f 101/146/127 100/147/128 97/140/121 168/144/125 171/148/129
f 100/147/128 99/149/130 96/132/113 97/140/121
f 102/150/131 109/151/132 111/152/133 104/153/134
f 99/149/130 102/150/131 104/153/134 107/133/114 96/132/113
f 17/19/18 21/18/17 102/150/131 99/149/130
f 21/18/17 108/24/25 109/151/132 102/150/131
f 24/27/28 17/19/18 99/149/130 100/147/128
f 27/31/31 24/27/28 100/147/128 101/146/127
f 105/154/135 113/155/136 125/156/136 117/157/135
f 106/158/137 110/159/117 122/160/120 118/161/138
f 109/162/139 108/163/140 120/164/140 121/165/139
f 107/137/118 104/166/141 114/167/142 119/138/119
f 108/168/143 15/169/143 115/170/143 120/171/143
f 113/155/144 103/172/145 116/173/146 125/156/144
f 104/166/141 111/174/147 123/175/148 114/167/142
f 111/174/147 109/162/139 121/165/139 123/175/148
f 103/172/145 112/176/149 124/177/150 116/173/146
f 112/178/149 106/158/137 118/161/138 124/179/150
f 128/180/151 207/181/152 175/182/153 126/183/154
f 177/184/155 180/185/156 224/186/157 228/187/155
f 129/188/158 214/189/159 211/190/160 207/181/152 128/180/151
f 98/143/161 167/145/162 190/191/162 191/192/163
f 165/193/164 163/194/165 186/195/166 271/196/167
f 28/197/168 27/198/169 267/199/170 268/200/171
f 29/201/107 164/202/172 162/203/173 91/128/108
f 159/204/174 157/205/175 133/206/176 132/207/177
f 132/208/177 133/209/176 135/210/178 134/211/179
f 135/210/178 133/209/176 136/212/180 137/213/181
f 158/214/182 136/215/183 145/216/184 160/217/184
f 142/218/185 143/219/186 148/220/186 147/221/187
f 51/222/188 53/223/189 142/224/190 141/225/191
f 54/226/192 143/227/192 142/224/190 53/223/189
f 141/228/193 142/218/185 147/221/187 150/229/193
f 136/212/194 133/209/194 144/230/194 145/231/194
f 144/232/195 133/233/195 234/234/195 237/235/195
f 143/236/196 140/237/182 146/238/184 148/239/184
f 132/240/197 134/241/198 152/242/198 151/243/199
f 159/244/200 161/245/201 149/246/202 139/247/202
f 232/248/203 51/222/188 141/225/191 150/249/203
f 31/34/34 154/250/36 155/251/38 30/35/35
f 132/240/197 151/243/199 161/245/201 159/244/200
f 139/252/204 149/253/204 238/254/204 236/255/204
f 140/237/182 158/214/182 160/217/184 146/238/184
f 139/256/205 138/257/205 157/205/175 159/204/174
f 155/258/206 55/77/206 290/259/206 289/260/206
f 183/261/207 184/262/208 189/263/209 187/264/207
f 162/203/173 166/265/210 163/266/211 204/131/112 91/128/108
f 162/267/212 164/268/212 270/269/212 273/270/212
f 171/148/129 168/144/125 98/143/124
f 170/271/213 183/272/213 196/273/213 192/274/213
f 166/275/214 162/276/215 273/277/215 272/278/216
f 167/145/217 168/144/125 97/140/121 103/142/123 113/279/218 105/280/219 95/281/219
f 205/282/220 94/283/220 225/284/220 218/285/220
f 173/286/221 209/287/222 222/288/222 219/289/223
f 176/290/224 213/291/225 131/292/226 169/293/227 127/294/228
f 211/190/160 216/295/229 215/296/230 130/297/231 170/298/232 131/292/226 213/291/225 210/299/233
f 208/300/234 174/301/235 220/302/236 221/303/234
f 181/304/237 214/189/159 129/188/238
f 215/296/230 204/131/239 130/297/231
f 189/305/240 271/306/241 200/307/241 203/308/242
f 183/272/213 172/309/213 197/310/213 196/273/213
f 184/311/243 183/312/244 170/298/244 130/297/245
f 165/313/246 184/311/243 130/297/245 204/131/112 163/266/211
f 101/314/247 171/315/248 185/316/248 269/317/249
f 172/309/250 183/272/250 187/318/250 188/319/250
f 184/262/208 165/193/164 271/196/167 189/263/209
f 163/194/165 166/275/214 272/278/216 186/195/166
f 164/320/251 28/197/168 268/200/171 270/321/251
f 27/198/169 101/314/247 269/317/249 267/199/170
f 171/322/252 172/309/252 188/319/252 185/323/252
f 172/309/253 171/322/253 195/324/253 197/310/253
f 167/325/254 169/326/254 194/327/254 190/328/254
f 171/148/255 98/143/161 191/192/163 195/329/255
f 131/330/256 170/331/257 192/332/257 193/333/258
f 169/334/259 131/330/256 193/333/258 194/335/259
f 269/336/260 185/337/260 198/338/260 199/339/260
f 188/340/261 187/341/261 201/342/261 202/343/261
f 187/344/262 189/305/240 203/308/242 201/345/262
f 185/346/263 188/340/263 202/343/263 198/347/263
f 94/348/264 205/349/265 93/129/266 204/131/239
f 205/349/267 206/350/268 181/304/237 93/129/266
f 208/351/269 209/352/270 176/290/224 175/182/153
f 212/353/271 174/354/272 207/181/152 211/190/160
f 178/355/273 212/353/271 211/190/160 210/299/233
f 173/356/274 178/355/273 210/299/233 213/291/225
f 174/354/272 208/351/269 175/182/153 207/181/152
f 209/352/270 173/356/274 213/291/225 176/290/224
f 180/357/275 177/358/276 211/190/160 214/189/159
f 182/359/277 179/360/278 215/296/230 216/295/229
f 177/358/276 182/359/277 216/295/229 211/190/160
f 206/350/268 180/357/275 214/189/159 181/304/237
f 179/360/278 94/348/264 204/131/239 215/296/230
f 209/361/279 208/362/279 221/363/279 222/364/279
f 179/365/280 182/366/281 229/367/281 223/368/282
f 182/369/283 177/370/283 228/371/283 229/372/283
f 174/301/235 212/373/284 226/374/284 220/302/236
f 180/185/156 206/375/285 217/376/286 224/186/157
f 212/377/287 178/378/287 227/379/287 226/380/287
f 206/375/285 205/381/288 218/382/288 217/376/286
f 94/383/289 179/365/280 223/368/282 225/384/289
f 178/385/290 173/286/221 219/289/223 227/386/290
f 43/387/291 11/388/292 230/66/293 231/67/294
f 52/389/295 43/387/291 231/67/294 232/390/296
f 157/391/297 138/392/297 235/393/297 233/394/297
f 138/392/298 139/395/298 236/396/298 235/393/298
f 133/397/297 157/391/297 233/394/297 234/398/297
f 54/399/299 46/400/300 143/236/301
f 68/401/302 153/402/302 240/403/302 239/404/302
f 85/111/92 23/120/103 241/122/105
f 256/405/303 249/406/304 247/407/305 253/408/306
f 248/409/307 246/410/308 245/411/308 250/412/309
f 257/413/198 248/409/307 250/412/309 258/414/198
f 259/415/310 244/416/311 249/406/304 256/405/303
f 257/417/312 259/415/310 256/405/303 248/418/313
f 245/419/314 254/420/315 255/421/316 250/422/317
f 250/422/317 255/421/316 260/423/318 258/424/319
f 246/425/320 253/426/320 254/427/320 245/428/320
f 248/418/313 256/405/303 253/408/306 246/429/321
f 242/430/322 251/431/322 264/432/322 262/433/322
f 242/434/323 243/435/324 257/436/324 258/437/323
f 243/435/324 252/438/325 259/439/326 257/436/324
f 251/440/327 242/434/323 258/437/323 260/441/328
f 252/438/329 251/440/327 260/441/328 259/439/326
f 262/442/330 264/443/330 263/444/330 261/445/330
f 243/446/331 242/372/331 262/447/331 261/448/331
f 251/440/332 252/438/332 263/444/332 264/443/332
f 252/449/333 243/450/333 261/451/333 263/452/333
f 154/453/334 265/454/335 61/83/336 59/82/334
f 272/455/337 273/456/338 277/457/338 276/458/339
f 273/459/340 270/460/340 278/461/340 277/462/340
f 271/463/341 186/464/342 275/465/343 274/466/341
f 186/464/342 272/455/337 276/458/339 275/465/343
f 66/467/86 281/93/86 282/95/86 69/468/86
f 62/81/76 280/40/39 281/93/86 66/467/86
f 62/81/76 60/80/75 279/41/40 280/40/39
f 60/84/344 61/83/336 265/454/335 279/469/345
f 32/470/346 279/469/345 265/454/335 266/471/347
f 36/119/100 89/115/96 287/117/98 285/116/97
f 37/53/48 36/52/47 285/33/33 286/32/32
f 4/8/8 283/1/1 284/4/4 8/9/9
f 63/472/348 32/470/346 266/471/347 287/473/348
f 70/474/349 63/472/349 287/473/349 89/475/349
f 55/77/350 288/59/351 292/476/352 290/259/350
f 288/477/351 47/478/353 291/479/353 292/480/352
f 293/481/354 294/482/354 9/12/354 10/11/354
f 295/483/355 296/484/356 12/485/356 156/486/357
f 156/486/357 9/12/358 294/482/358 295/483/355
f 230/487/359 297/488/359 47/489/359
f 565/1/360 566/4/361 304/3/362 300/2/363
f 300/2/363 304/3/362 302/6/364 298/5/365
f 299/7/366 303/10/367 305/9/368 301/8/369
f 299/7/366 306/12/370 307/11/370 303/10/367
f 302/6/364 311/14/371 310/13/372 298/5/365
f 311/14/371 313/16/373 312/15/374 310/13/372
f 319/17/375 315/20/376 314/19/377 318/18/378
f 319/17/375 320/22/379 317/21/380 315/20/376
f 313/16/373 316/23/381 320/22/379 319/17/375
f 313/16/373 319/17/375 318/18/378 403/24/382 312/15/374
f 317/21/380 323/26/383 322/25/384 315/20/376
f 315/20/376 322/25/384 321/27/385 314/19/377
f 323/26/383 326/30/386 452/29/386 325/28/387 322/25/384
f 322/25/384 325/28/387 324/31/388 321/27/385
f 568/32/389 327/35/390 328/34/391 567/33/392
f 442/36/393 443/39/394 352/38/395 356/37/395
f 562/40/396 330/43/397 329/42/398 561/41/399
f 313/44/373 336/47/400 331/46/401 316/45/381
f 336/48/400 335/51/402 332/50/403 331/49/401
f 335/51/402 334/53/404 333/52/405 332/50/403
f 346/54/406 345/57/407 337/56/408 339/55/409
f 344/58/410 346/54/411 339/55/412 570/59/413
f 347/60/414 341/63/415 337/62/416 345/61/417
f 342/64/418 347/60/414 345/61/417 338/65/419
f 514/66/420 515/67/420 346/54/411 344/58/410
f 515/67/421 338/68/422 345/57/407 346/54/406
f 338/65/419 348/70/423 350/69/424 342/64/418
f 342/64/418 350/69/424 351/72/425 343/71/425
f 515/73/421 516/74/426 348/70/426 338/65/422
f 341/63/415 355/76/427 353/75/428 337/62/416
f 339/55/412 354/78/429 352/77/429 570/59/413
f 337/56/408 353/79/430 354/78/431 339/55/409
f 355/76/427 359/81/432 357/80/433 353/75/428
f 354/78/434 358/83/434 356/82/434 352/77/434
f 353/79/430 357/84/435 358/83/435 354/78/431
f 548/85/436 328/88/437 442/87/438 547/86/438
f 330/43/397 361/90/439 360/89/440 329/42/398
f 330/43/397 362/92/441 364/91/442 361/90/439
f 562/40/396 563/93/443 362/92/441 330/43/397
f 563/93/443 564/95/443 365/94/443 362/92/441
f 364/91/442 369/97/443 368/96/443 361/90/439
f 361/90/439 368/96/443 367/98/444 360/89/440
f 369/97/443 372/100/443 371/99/443 368/96/443
f 368/96/443 371/99/443 370/101/445 367/98/444
f 372/100/443 375/103/443 374/102/443 371/99/443
f 371/99/443 374/102/443 373/104/446 370/101/445
f 375/103/443 378/106/443 377/105/443 374/102/443
f 374/102/443 377/105/443 376/107/447 373/104/446
f 378/106/443 381/109/443 380/108/443 377/105/443
f 377/105/443 380/108/443 379/110/448 376/107/447
f 382/111/449 383/112/450 376/107/447 379/110/448
f 383/112/450 384/113/451 373/104/446 376/107/447
f 384/113/451 385/114/452 370/101/445 373/104/446
f 385/114/452 386/115/453 367/98/444 370/101/445
f 567/116/454 328/88/437 548/85/436 569/117/455
f 332/118/456 333/119/457 386/115/453 385/114/452
f 331/46/458 332/118/456 385/114/452 384/113/451
f 316/45/459 331/46/458 384/113/451 383/112/450
f 320/120/460 316/45/459 383/112/450 382/111/449
f 320/120/460 523/122/461 317/121/462
f 323/123/463 387/126/464 388/125/465 326/124/466
f 387/127/464 389/130/467 390/129/467 388/128/465
f 390/129/468 490/131/469 388/128/465
f 392/132/470 401/135/471 405/134/472 402/133/473
f 405/136/474 416/139/475 413/138/476 402/137/477
f 393/140/478 399/142/479 407/141/480 401/135/471 392/132/470
f 394/143/481 455/145/482 456/144/483
f 397/146/484 459/148/485 456/144/483 393/140/478 396/147/486
f 396/147/486 393/140/478 392/132/470 395/149/487
f 398/150/488 400/153/489 406/152/490 404/151/491
f 395/149/487 392/132/470 402/133/473 400/153/489 398/150/488
f 314/19/377 395/149/487 398/150/488 318/18/378
f 318/18/378 398/150/488 404/151/491 403/24/382
f 321/27/385 396/147/486 395/149/487 314/19/377
f 324/31/388 397/146/484 396/147/486 321/27/385
f 105/154/135 117/157/135 419/156/492 408/155/492
f 401/158/493 412/161/494 416/160/475 405/159/474
f 404/162/495 415/165/495 414/164/496 403/163/496
f 402/137/477 413/138/476 409/167/497 400/166/498
f 403/168/499 414/171/499 410/170/499 312/169/499
f 408/155/500 419/156/500 411/173/501 399/172/502
f 400/166/498 409/167/497 417/175/503 406/174/504
f 406/174/504 417/175/503 415/165/495 404/162/495
f 399/172/502 411/173/501 418/177/505 407/176/506
f 407/178/506 418/179/505 412/161/494 401/158/493
f 420/180/507 126/183/154 175/182/153 493/181/508
f 463/184/509 512/187/509 508/186/510 466/185/511
f 421/188/512 420/180/507 493/181/508 497/190/513 500/189/514
f 394/143/515 477/192/516 476/191/517 455/145/517
f 453/193/518 553/196/519 472/195/520 451/194/521
f 325/197/522 550/200/523 549/199/524 324/198/525
f 326/201/466 388/128/465 450/203/526 452/202/527
f 447/204/528 424/207/529 425/206/530 445/205/531
f 424/208/529 134/211/179 135/210/178 425/209/530
f 135/210/178 137/213/181 426/212/532 425/209/530
f 446/214/533 448/217/534 434/216/534 426/215/535
f 431/218/536 436/221/537 437/220/538 432/219/538
f 348/222/539 430/225/540 431/224/541 350/223/542
f 351/226/543 350/223/542 431/224/541 432/227/543
f 430/228/544 439/229/544 436/221/537 431/218/536
f 426/212/545 434/231/545 433/230/545 425/209/545
f 433/232/546 521/235/546 518/234/546 425/233/546
f 432/236/547 437/239/534 435/238/534 429/237/533
f 424/240/548 440/243/549 152/242/198 134/241/198
f 447/244/550 428/247/551 438/246/551 449/245/552
f 516/248/553 439/249/553 430/225/540 348/222/539
f 328/34/391 327/35/390 443/251/554 442/250/393
f 424/240/548 447/244/550 449/245/552 440/243/549
f 428/252/555 520/255/555 522/254/555 438/253/555
f 429/237/533 435/238/534 448/217/534 446/214/533
f 428/256/556 447/204/528 445/205/531 427/257/556
f 443/258/557 571/260/557 572/259/557 352/77/557
f 469/261/558 473/264/558 475/263/559 470/262/560
f 450/203/526 388/128/465 490/131/469 451/266/561 454/265/562
f 450/267/563 555/270/563 552/269/563 452/268/563
f 459/148/485 394/143/481 456/144/483
f 458/271/564 478/274/564 482/273/564 469/272/564
f 454/275/565 554/278/566 555/277/567 450/276/567
f 455/145/482 95/281/219 105/280/219 408/279/568 399/142/479 393/140/478 456/144/483
f 491/282/569 504/285/569 509/284/569 391/283/569
f 461/286/570 505/289/571 222/288/572 495/287/572
f 176/290/224 127/294/228 457/293/573 423/292/574 499/291/575
f 497/190/513 496/299/576 499/291/575 423/292/574 458/298/577 422/297/578 501/296/579 502/295/580
f 494/300/581 221/303/581 506/302/582 462/301/583
f 467/304/584 421/188/585 500/189/514
f 501/296/579 422/297/578 490/131/586
f 475/305/587 489/308/588 486/307/589 553/306/589
f 469/272/564 482/273/564 483/310/564 460/309/564
f 470/311/590 422/297/591 458/298/592 469/312/592
f 453/313/593 451/266/561 490/131/469 422/297/591 470/311/590
f 397/314/594 551/317/595 471/316/596 459/315/596
f 460/309/597 474/319/597 473/318/597 469/272/597
f 470/262/560 475/263/559 553/196/519 453/193/518
f 451/194/521 472/195/520 554/278/566 454/275/565
f 452/320/598 552/321/598 550/200/523 325/197/522
f 324/198/525 549/199/524 551/317/595 397/314/594
f 459/322/599 471/323/599 474/319/599 460/309/599
f 460/309/600 483/310/600 481/324/600 459/322/600
f 455/325/601 476/328/601 480/327/601 457/326/601
f 459/148/602 481/329/602 477/192/516 394/143/515
f 423/330/603 479/333/604 478/332/605 458/331/605
f 457/334/606 480/335/606 479/333/604 423/330/603
f 551/336/607 485/339/607 484/338/607 471/337/607
f 474/340/608 488/343/608 487/342/608 473/341/608
f 473/344/609 487/345/609 489/308/588 475/305/587
f 471/346/610 484/347/610 488/343/610 474/340/610
f 391/348/611 490/131/586 390/129/612 491/349/613
f 491/349/613 390/129/612 467/304/584 492/350/614
f 494/351/615 175/182/153 176/290/224 495/352/616
f 498/353/617 497/190/513 493/181/508 462/354/618
f 464/355/619 496/299/576 497/190/513 498/353/617
f 461/356/620 499/291/575 496/299/576 464/355/619
f 462/354/618 493/181/508 175/182/153 494/351/615
f 495/352/616 176/290/224 499/291/575 461/356/620
f 466/357/621 500/189/514 497/190/513 463/358/622
f 468/359/623 502/295/580 501/296/579 465/360/624
f 463/358/622 497/190/513 502/295/580 468/359/623
f 492/350/614 467/304/584 500/189/514 466/357/621
f 465/360/624 501/296/579 490/131/586 391/348/611
f 495/361/625 222/364/625 221/363/625 494/362/625
f 465/365/626 507/368/627 513/367/628 468/366/628
f 468/369/629 513/372/629 512/371/629 463/370/629
f 462/301/583 506/302/582 510/374/630 498/373/630
f 466/185/511 508/186/510 503/376/631 492/375/632
f 498/377/633 510/380/633 511/379/633 464/378/633
f 492/375/632 503/376/631 504/382/634 491/381/634
f 391/383/635 509/384/635 507/368/627 465/365/626
f 464/385/636 511/386/636 505/289/571 461/286/570
f 340/387/637 515/67/638 514/66/639 308/388/640
f 349/389/641 516/390/642 515/67/638 340/387/637
f 445/391/643 517/394/643 519/393/643 427/392/643
f 427/392/644 519/393/644 520/396/644 428/395/644
f 425/397/643 518/398/643 517/394/643 445/391/643
f 351/399/645 432/236/646 343/400/647
f 365/401/302 239/404/302 240/403/302 441/402/302
f 382/111/449 523/122/461 320/120/460
f 538/405/648 535/408/649 529/407/650 531/406/651
f 530/409/652 532/412/653 527/411/654 528/410/654
f 539/413/198 540/414/198 532/412/653 530/409/652
f 541/415/655 538/405/648 531/406/651 526/416/656
f 539/417/657 530/418/658 538/405/648 541/415/655
f 527/419/659 532/422/660 537/421/661 536/420/662
f 532/422/660 540/424/663 542/423/664 537/421/661
f 528/425/665 527/428/665 536/427/665 535/426/665
f 530/418/658 528/429/666 535/408/649 538/405/648
f 524/430/667 544/433/667 546/432/667 533/431/667
f 524/434/668 540/437/668 539/436/669 525/435/669
f 525/435/669 539/436/669 541/439/670 534/438/671
f 533/440/672 542/441/673 540/437/668 524/434/668
f 534/438/671 541/439/670 542/441/673 533/440/674
f 544/442/675 543/445/675 545/444/675 546/443/675
f 525/446/676 543/448/676 544/447/676 524/372/676
f 533/440/677 546/443/677 545/444/677 534/438/677
f 534/449/678 545/452/678 543/451/678 525/450/678
f 442/453/679 356/82/679 358/83/680 547/454/681
f 554/455/682 558/458/683 559/457/684 555/456/684
f 555/459/685 559/462/685 560/461/685 552/460/685
f 553/463/686 556/466/686 557/465/687 472/464/688
f 472/464/688 557/465/687 558/458/683 554/455/682
f 363/467/443 366/468/443 564/95/443 563/93/443
f 359/81/432 363/467/443 563/93/443 562/40/396
f 359/81/432 562/40/396 561/41/399 357/80/433
f 357/84/689 561/469/690 547/454/681 358/83/680
f 329/470/691 548/471/692 547/454/681 561/469/690
f 333/119/457 567/116/454 569/117/455 386/115/453
f 334/53/404 568/32/389 567/33/392 333/52/405
f 301/8/369 305/9/368 566/4/361 565/1/360
f 360/472/693 569/473/693 548/471/692 329/470/691
f 367/474/694 386/475/694 569/473/694 360/472/694
f 352/77/695 572/259/695 574/476/696 570/59/697
f 570/477/697 574/480/696 573/479/698 344/478/698
f 575/481/699 307/11/699 306/12/699 576/482/699
f 577/483/700 444/486/701 309/485/702 578/484/702
f 444/486/701 577/483/700 576/482/703 306/12/703
f 514/487/704 344/489/704 579/488/704
o body_misc
g body_misc
v 0.000000 0.851637 0.485243
v 0.388932 0.822636 0.444031
v 0.000000 0.834847 -0.489821
v 0.346195 0.805846 -0.453189
v 0.000000 0.898953 0.129332
v 0.345859 0.869953 0.116535
v 0.338395 0.856216 -0.168327
v 0.000000 0.885216 -0.180245
v 0.194466 0.844005 0.484418
v 0.173097 0.827215 -0.475901
v 0.172929 0.891321 0.122933
v 0.169197 0.877584 -0.174286
v 0.432891 0.789667 0.426448
v 0.442904 0.766110 -0.398241
v 0.400807 0.836984 0.118732
v 0.406531 0.823247 -0.161734
v 0.368174 0.709572 -0.889112
v 0.444126 0.706641 -0.731594
v 0.365051 0.649398 -1.075298
v 0.469635 0.658979 -0.973125
v 0.216883 0.654668 -1.091512
v 0.225420 0.648909 -1.168659
v 0.441047 0.736073 0.660439
v 0.485006 0.703104 0.642856
v 0.529170 0.597991 0.855731
v 0.614913 0.517435 1.220409
v 0.620945 0.497295 1.368803
v 0.501696 0.628053 -0.119600
v 0.508565 0.620538 0.124232
v 0.515433 0.613022 0.368065
v 0.522302 0.605507 0.611898
v 0.524276 0.634734 -0.967669
v 0.620061 0.505746 -0.706155
v 0.620061 0.355232 -0.899067
v 0.620061 0.171859 -0.927686
v 0.457656 0.651142 -0.851421
v 0.215540 0.654668 -1.131800
v 0.620061 0.470767 -0.802611
v 0.531680 0.565986 -1.052906
v 0.626476 0.489616 -0.561367
v 0.631775 0.374081 -0.403610
v 0.631775 0.211665 -0.072559
v 0.631775 0.242646 -0.378171
v 0.610927 0.237724 0.024626
v 0.631775 0.126488 -0.241987
v 0.631775 0.120843 -0.396170
v 0.610927 0.232767 0.176902
v 0.610927 0.205293 0.549329
v 0.610927 0.165311 0.740321
v 0.610927 0.127999 0.844295
v 0.610927 0.240299 0.990794
v 0.610927 0.213237 0.987877
v 0.610927 0.121894 0.990824
v 0.593273 0.377542 1.012601
v 0.618624 0.376967 1.500463
v 0.618624 0.151261 1.513453
v 0.486432 0.151962 1.664712
v 0.000000 0.438039 1.833609
v 0.000000 0.600122 1.284666
v 0.000000 0.565143 1.464986
v 0.000000 0.624077 1.104347
v 0.000000 0.515961 1.613380
v 0.235666 0.600122 1.240351
v 0.242449 0.624077 1.060032
v 0.274491 0.600122 1.222200
v 0.363752 0.624077 1.004906
v 0.485055 0.624077 0.872852
v 0.110463 0.515961 1.591022
v 0.000000 0.490781 1.678633
v 0.166166 0.565143 1.432806
v 0.234092 0.592003 1.282204
v 0.473097 0.602960 1.031809
v 0.357090 0.608391 1.122983
v 0.198985 0.583105 1.334348
v 0.323535 0.606874 1.149355
v 0.131216 0.532258 1.537656
v 0.079931 0.489543 1.669532
v 0.000000 0.553040 1.281728
v 0.000000 0.519042 1.456988
v 0.232110 0.553040 1.238657
v 0.164560 0.519042 1.425711
v 0.230580 0.545149 1.279335
v 0.196458 0.536500 1.330016
v 0.000000 0.150690 1.847873
v 0.000000 0.335098 1.856388
v 0.249654 0.151343 1.807171
v 0.411798 0.151766 1.753749
v 0.289354 0.233480 -1.174987
v 0.000000 0.233480 -1.215223
v 0.468476 0.218347 -1.065052
v 0.557619 0.210815 -1.010342
v 0.471551 0.343508 -1.104831
v 0.292428 0.307272 -1.212195
v 0.292428 0.232356 -1.180142
v 0.471551 0.217223 -1.070207
v 0.560694 0.343508 -1.051399
v 0.560694 0.209691 -1.015496
v 0.459340 0.498262 -1.128362
v 0.548483 0.498262 -1.074930
v 0.291254 0.567169 -1.176897
v 0.000000 0.561500 -1.212306
v 0.412099 0.566822 -1.114779
v 0.277143 0.499386 -1.236201
v 0.000000 0.499386 -1.276437
v 0.000000 0.654668 -1.122039
v 0.000000 0.654668 -1.202615
v 0.000000 0.654668 -1.162327
v 0.604689 0.232594 -0.091613
v 0.587248 0.254394 -0.010309
v 0.604689 0.133209 -0.244356
v 0.587248 0.216089 0.195172
v 0.587248 0.193105 0.506739
v 0.587248 0.159656 0.666520
v 0.587248 0.128442 0.753503
v 0.598875 0.185509 0.213158
v 0.593062 0.172583 0.439839
v 0.598875 0.127599 0.147658
v 0.593062 0.128020 0.450581
v 0.493566 0.635859 -0.345225
v 0.000000 0.737857 0.794795
v 0.218458 0.734041 0.772225
v 0.329752 0.735057 0.742707
v 0.291699 0.833320 0.464225
v 0.259646 0.816531 -0.464545
v 0.259394 0.880637 0.119734
v 0.253796 0.866900 -0.171307
v 0.290079 0.648932 -1.125063
v 0.292529 0.666151 -0.990312
v 0.378915 0.225913 -1.120020
v 0.381989 0.325390 -1.158513
v 0.381989 0.224789 -1.125174
v 0.350168 0.567209 -1.146975
v 0.368241 0.498824 -1.182281
v 0.028898 0.438571 1.828047
v 0.025246 0.335179 1.852749
v 0.443466 0.151849 1.715971
v 0.391028 0.429751 1.669276
v 0.450696 0.439746 1.618750
v 0.313168 0.423085 1.714101
v 0.493535 0.407491 1.611156
v 0.505228 0.449007 1.555488
v 0.357721 0.379280 1.707927
v 0.450921 0.386078 1.646400
v 0.037778 0.433148 1.834882
v 0.209808 0.436263 1.801570
v 0.241587 0.344278 1.818024
v 0.204418 0.344208 1.831503
v 0.034540 0.343602 1.855762
v 0.276827 0.439921 1.787501
v 0.261744 0.379122 1.803157
v 0.278674 0.408056 1.790926
v 0.030806 0.440001 1.834177
v 0.209205 0.443285 1.799841
v 0.245891 0.337314 1.818620
v 0.204872 0.337182 1.833264
v 0.027154 0.336610 1.858880
v 0.282521 0.446884 1.782715
v 0.267648 0.375084 1.801732
v 0.285334 0.405788 1.788004
v 0.207285 0.434416 1.793310
v 0.201894 0.342361 1.823242
v 0.259220 0.377276 1.794896
v 0.274303 0.438074 1.779240
v 0.035254 0.431302 1.826621
v 0.239063 0.342432 1.809764
v 0.032016 0.341755 1.847502
v 0.276150 0.406209 1.782665
v 0.261738 0.432519 1.749089
v 0.292070 0.434008 1.742004
v 0.349771 0.365983 1.734045
v 0.246864 0.360719 1.768106
v 0.264551 0.391423 1.754378
v 0.307178 0.363804 1.748704
v 0.436086 0.154164 1.696456
v 0.475785 0.154254 1.647872
v 0.216054 0.252196 1.798938
v 0.232271 0.191971 1.792153
v 0.000000 0.196557 1.830425
v 0.000000 0.252199 1.832949
v 0.337840 0.310842 1.757005
v 0.395809 0.175072 1.737208
v 0.387362 0.334149 1.742178
v 0.276806 0.196497 1.776738
v 0.279657 0.252195 1.776263
v 0.280657 0.196322 1.775397
v 0.289537 0.287950 1.774556
v 0.476437 0.566222 -1.081269
v 0.466874 0.664104 -0.968312
v 0.362093 0.654668 -1.071175
v 0.288133 0.654668 -1.122181
v 0.214197 0.654668 -1.172089
v 0.538358 0.561500 -1.055093
v 0.351763 0.561500 -1.150108
v 0.289564 0.561500 -1.181780
v 0.478602 0.561500 -1.085521
v 0.413961 0.561500 -1.118436
v 0.367655 0.614809 -1.070836
v 0.403085 0.553176 -1.100354
v 0.467628 0.621755 -0.978065
v 0.522666 0.552340 -1.038482
v 0.300222 0.610123 -1.117018
v 0.341154 0.553562 -1.132550
v 0.445371 0.645332 -0.958701
v 0.281065 0.635285 -1.110638
v 0.356038 0.635752 -1.060874
v 0.282240 0.553522 -1.162472
v 0.467423 0.552575 -1.066845
v 0.216406 0.635263 -1.154235
v 0.515262 0.621087 -0.953245
v 0.366666 0.334858 -1.160074
v 0.280853 0.317498 -1.211510
v 0.452478 0.352217 -1.108639
v 0.440778 0.500494 -1.131185
v 0.369611 0.333781 -1.165013
v 0.283799 0.316421 -1.216448
v 0.455424 0.351140 -1.113578
v 0.443724 0.499416 -1.136124
v 0.000000 0.517435 1.220409
v 0.000000 0.497295 1.368803
v 0.000000 0.505746 -0.706155
v 0.000000 0.355232 -0.899067
v 0.000000 0.171859 -0.927686
v 0.000000 0.470767 -0.802611
v 0.000000 0.489616 -0.561367
v 0.000000 0.374081 -0.403610
v 0.000000 0.242646 -0.378171
v 0.000000 0.126488 -0.241987
v 0.000000 0.120843 -0.396170
v 0.000000 0.127999 0.844295
v 0.000000 0.240299 0.990794
v 0.000000 0.213237 0.987877
v 0.000000 0.121894 0.990824
v 0.000000 0.377542 1.012601
v 0.000000 0.376967 1.500463
v 0.000000 0.151261 1.513453
v 0.000000 0.151962 1.664712
v 0.000000 0.133209 -0.244356
v 0.000000 0.128442 0.753503
v 0.000000 0.127599 0.147658
v 0.000000 0.128020 0.450581
v 0.604093 0.464652 1.092079
v 0.000000 0.464652 1.092079
v 0.411215 0.160613 1.579283
v 0.411215 0.455408 1.579283
v 0.411215 0.192090 -0.990404
v 0.411215 0.576692 -0.990404
v 0.000000 0.192090 -0.990404
v 0.000000 0.576692 -0.990404
v 0.000000 0.160613 1.579283
v 0.000000 0.500613 1.579283
v 0.411215 0.166286 1.116116
v 0.411215 0.514325 1.116116
v 0.000000 0.514325 1.116116
v 0.000000 0.166286 1.116116
v 0.411215 0.506306 1.386999
v 0.000000 0.506306 1.386999
v 0.000000 0.162968 1.386999
v 0.411215 0.162968 1.386999
v 0.411215 0.164316 1.276990
v 0.411215 0.522439 1.276990
v 0.000000 0.522439 1.276990
v 0.000000 0.164316 1.276990
v 0.602996 0.676542 0.667381
v 0.570928 0.676542 0.600855
v 0.690026 0.658626 0.603495
v 0.676029 0.658626 0.541556
v 0.624758 0.682941 0.571205
v 0.656827 0.682941 0.637732
v 0.686267 0.634867 0.541556
v 0.700263 0.634867 0.603495
v 0.656827 0.634867 0.637732
v 0.563250 0.634867 0.600855
v 0.595318 0.634867 0.667381
v 0.389096 0.437669 1.667779
v 0.447565 0.447234 1.616954
v 0.285448 0.430037 1.719453
v 0.514985 0.458245 1.537338
v 0.343149 0.362013 1.711494
v 0.375614 0.380137 1.692681
v 0.291173 0.433699 1.728565
v 0.348875 0.365674 1.720606
v 0.383020 0.368422 1.703516
v 0.459535 0.374578 1.656575
v 0.504826 0.397330 1.618944
v 0.520711 0.461906 1.546450
v 0.318894 0.426746 1.723213
v 0.363738 0.382440 1.717039
v 0.381631 0.383296 1.701793
v 0.456646 0.389740 1.655512
v 0.499261 0.411153 1.620268
v 0.510954 0.452668 1.564600
v 0.384214 0.431922 1.630747
v 0.404884 0.436474 1.670745
v 0.388141 0.431262 1.628793
v 0.408811 0.435814 1.668791
v 0.391917 0.429763 1.627012
v 0.412587 0.434315 1.667010
v 0.395397 0.427484 1.625473
v 0.416067 0.432036 1.665471
v 0.398447 0.424511 1.624235
v 0.419117 0.429063 1.664233
v 0.400950 0.420959 1.623346
v 0.421620 0.425511 1.663344
v 0.402810 0.416964 1.622839
v 0.423480 0.421516 1.662837
v 0.403955 0.412680 1.622735
v 0.424626 0.417232 1.662733
v 0.404342 0.408272 1.623037
v 0.425013 0.412824 1.663035
v 0.403955 0.403908 1.623733
v 0.424626 0.408460 1.663731
v 0.402810 0.399757 1.624797
v 0.423480 0.404309 1.664795
v 0.400950 0.395979 1.626189
v 0.421620 0.400531 1.666187
v 0.398447 0.392717 1.627853
v 0.419117 0.397269 1.667852
v 0.395397 0.390099 1.629727
v 0.416067 0.394650 1.669726
v 0.391917 0.388223 1.631739
v 0.412587 0.392775 1.671738
v 0.388141 0.387163 1.633811
v 0.408811 0.391715 1.673810
v 0.384214 0.386959 1.635864
v 0.404884 0.391511 1.675862
v 0.380287 0.387619 1.637818
v 0.400958 0.392171 1.677816
v 0.376511 0.389117 1.639599
v 0.397182 0.393669 1.679597
v 0.373031 0.391397 1.641138
v 0.393702 0.395949 1.681136
v 0.369981 0.394370 1.642376
v 0.390652 0.398922 1.682374
v 0.367478 0.397922 1.643265
v 0.388148 0.402474 1.683263
v 0.365618 0.401917 1.643772
v 0.386288 0.406469 1.683770
v 0.364473 0.406201 1.643876
v 0.385143 0.410753 1.683874
v 0.364086 0.410609 1.643574
v 0.384756 0.415161 1.683573
v 0.364473 0.414973 1.642878
v 0.385143 0.419524 1.682876
v 0.365618 0.419123 1.641814
v 0.386288 0.423675 1.681812
v 0.367478 0.422902 1.640422
v 0.388148 0.427454 1.680421
v 0.369981 0.426164 1.638757
v 0.390652 0.430715 1.678756
v 0.373031 0.428782 1.636883
v 0.393702 0.433334 1.676881
v 0.376511 0.430658 1.634871
v 0.397182 0.435210 1.674870
v 0.380287 0.431718 1.632800
v 0.400958 0.436270 1.672798
v 0.437646 0.439351 1.592504
v 0.458317 0.443903 1.632502
v 0.441573 0.438691 1.590549
v 0.462244 0.443243 1.630548
v 0.445349 0.437193 1.588768
v 0.466020 0.441745 1.628767
v 0.448829 0.434913 1.587229
v 0.469499 0.439465 1.627228
v 0.451879 0.431940 1.585992
v 0.472550 0.436492 1.625990
v 0.454382 0.428388 1.585102
v 0.475053 0.432940 1.625100
v 0.456242 0.424393 1.584595
v 0.476913 0.428945 1.624594
v 0.457388 0.420110 1.584491
v 0.478058 0.424661 1.624489
v 0.457775 0.415701 1.584793
v 0.478445 0.420253 1.624791
v 0.457388 0.411338 1.585489
v 0.478058 0.415890 1.625488
v 0.456242 0.407187 1.586554
v 0.476913 0.411739 1.626552
v 0.454382 0.403408 1.587945
v 0.475053 0.407960 1.627943
v 0.451879 0.400147 1.589610
v 0.472550 0.404699 1.629608
v 0.448829 0.397528 1.591484
v 0.469499 0.402080 1.631482
v 0.445349 0.395652 1.593496
v 0.466020 0.400204 1.633494
v 0.441573 0.394592 1.595568
v 0.462244 0.399144 1.635566
v 0.437646 0.394388 1.597620
v 0.458317 0.398940 1.637618
v 0.433720 0.395048 1.599574
v 0.454390 0.399600 1.639573
v 0.429944 0.396547 1.601355
v 0.450614 0.401099 1.641354
v 0.426464 0.398826 1.602894
v 0.447134 0.403378 1.642893
v 0.423414 0.401799 1.604132
v 0.444084 0.406351 1.644130
v 0.420910 0.405351 1.605022
v 0.441581 0.409903 1.645020
v 0.419050 0.409346 1.605528
v 0.439721 0.413898 1.645527
v 0.417905 0.413630 1.605633
v 0.438575 0.418182 1.645631
v 0.417518 0.418038 1.605331
v 0.438189 0.422590 1.645329
v 0.417905 0.422402 1.604634
v 0.438575 0.426954 1.644633
v 0.419050 0.426553 1.603570
v 0.439721 0.431105 1.643568
v 0.420910 0.430332 1.602179
v 0.441581 0.434883 1.642177
v 0.423414 0.433593 1.600514
v 0.444084 0.438145 1.640512
v 0.426464 0.436212 1.598640
v 0.447134 0.440764 1.638638
v 0.429944 0.438087 1.596628
v 0.450614 0.442639 1.636626
v 0.433720 0.439147 1.594556
v 0.454390 0.443699 1.634554
v 0.631775 0.123665 -0.319078
v 0.000000 0.123665 -0.319078
v 0.000000 0.892085 -0.025456
v 0.342127 0.863084 -0.025896
v 0.171063 0.884453 -0.025676
v 0.403669 0.830115 -0.021501
v 0.505131 0.624295 0.002316
v 0.256595 0.873768 -0.025786
v 0.400741 0.656962 -0.729467
v 0.439101 0.725994 -0.515190
v 0.479213 0.631430 -0.473214
v 0.461807 0.626651 -0.673137
v 0.445127 0.618011 -0.849320
v 0.448092 0.617833 -0.727287
v 0.450980 0.679442 -0.948797
v 0.362614 0.671067 -1.056348
v 0.288510 0.670082 -1.111658
v 0.214428 0.669097 -1.165965
v 0.466334 0.664867 -0.951258
v 0.362531 0.656323 -1.058059
v 0.288450 0.655495 -1.112680
v 0.214391 0.654668 -1.166283
v -0.388932 0.822636 0.444031
v -0.346195 0.805846 -0.453189
v -0.345859 0.869953 0.116535
v -0.338395 0.856216 -0.168327
v -0.194466 0.844005 0.484418
v -0.173097 0.827215 -0.475901
v -0.172929 0.891321 0.122933
v -0.169197 0.877584 -0.174286
v -0.432891 0.789667 0.426448
v -0.442904 0.766110 -0.398241
v -0.400807 0.836984 0.118732
v -0.406531 0.823247 -0.161734
v -0.368174 0.709572 -0.889112
v -0.444126 0.706641 -0.731594
v -0.365051 0.649398 -1.075298
v -0.469635 0.658979 -0.973125
v -0.216883 0.654668 -1.091512
v -0.225420 0.648909 -1.168659
v -0.441047 0.736073 0.660439
v -0.485006 0.703104 0.642856
v -0.529170 0.597991 0.855731
v -0.614913 0.517435 1.220409
v -0.620945 0.497295 1.368803
v -0.501696 0.628053 -0.119600
v -0.508565 0.620538 0.124232
v -0.515433 0.613022 0.368065
v -0.522302 0.605507 0.611898
v -0.524276 0.634734 -0.967669
v -0.620061 0.505746 -0.706155
v -0.620061 0.355232 -0.899067
v -0.620061 0.171859 -0.927686
v -0.457656 0.651142 -0.851421
v -0.215540 0.654668 -1.131800
v -0.620061 0.470767 -0.802611
v -0.531680 0.565986 -1.052906
v -0.626476 0.489616 -0.561367
v -0.631775 0.374081 -0.403610
v -0.631775 0.211665 -0.072559
v -0.631775 0.242646 -0.378171
v -0.610927 0.237724 0.024626
v -0.631775 0.126488 -0.241987
v -0.631775 0.120843 -0.396170
v -0.610927 0.232767 0.176902
v -0.610927 0.205293 0.549329
v -0.610927 0.165311 0.740321
v -0.610927 0.127999 0.844295
v -0.610927 0.240299 0.990794
v -0.610927 0.213237 0.987877
v -0.610927 0.121894 0.990824
v -0.593273 0.377542 1.012601
v -0.618624 0.376967 1.500463
v -0.618624 0.151261 1.513453
v -0.486432 0.151962 1.664712
v -0.235666 0.600122 1.240351
v -0.242449 0.624077 1.060032
v -0.274491 0.600122 1.222200
v -0.363752 0.624077 1.004906
v -0.485055 0.624077 0.872852
v -0.110463 0.515961 1.591022
v -0.166166 0.565143 1.432806
v -0.234092 0.592003 1.282204
v -0.473097 0.602960 1.031809
v -0.357090 0.608391 1.122983
v -0.198985 0.583105 1.334348
v -0.323535 0.606874 1.149355
v -0.131216 0.532258 1.537656
v -0.079931 0.489543 1.669532
v -0.232110 0.553040 1.238657
v -0.164560 0.519042 1.425711
v -0.230580 0.545149 1.279335
v -0.196458 0.536500 1.330016
v -0.249654 0.151343 1.807171
v -0.411798 0.151766 1.753749
v -0.289354 0.233480 -1.174987
v -0.468476 0.218347 -1.065052
v -0.557619 0.210815 -1.010342
v -0.471551 0.343508 -1.104831
v -0.292428 0.307272 -1.212195
v -0.292428 0.232356 -1.180142
v -0.471551 0.217223 -1.070207
v -0.560694 0.343508 -1.051399
v -0.560694 0.209691 -1.015496
v -0.459340 0.498262 -1.128362
v -0.548483 0.498262 -1.074930
v -0.291254 0.567169 -1.176897
v -0.412099 0.566822 -1.114779
v -0.277143 0.499386 -1.236201
v -0.604689 0.232594 -0.091613
v -0.587248 0.254394 -0.010309
v -0.604689 0.133209 -0.244356
v -0.587248 0.216089 0.195172
v -0.587248 0.193105 0.506739
v -0.587248 0.159656 0.666520
v -0.587248 0.128442 0.753503
v -0.598875 0.185509 0.213158
v -0.593062 0.172583 0.439839
v -0.598875 0.127599 0.147658
v -0.593062 0.128020 0.450581
v -0.493566 0.635859 -0.345225
v -0.218458 0.734041 0.772225
v -0.329752 0.735057 0.742707
v -0.291699 0.833320 0.464225
v -0.259646 0.816531 -0.464545
v -0.259394 0.880637 0.119734
v -0.253796 0.866900 -0.171307
v -0.290079 0.648932 -1.125063
v -0.292529 0.666151 -0.990312
v -0.378915 0.225913 -1.120020
v -0.381989 0.325390 -1.158513
v -0.381989 0.224789 -1.125174
v -0.350168 0.567209 -1.146975
v -0.368241 0.498824 -1.182281
v -0.028898 0.438571 1.828047
v -0.025246 0.335179 1.852749
v -0.443466 0.151849 1.715971
v -0.391028 0.429751 1.669276
v -0.450696 0.439746 1.618750
v -0.313168 0.423085 1.714101
v -0.493535 0.407491 1.611156
v -0.505228 0.449007 1.555488
v -0.357721 0.379280 1.707927
v -0.450921 0.386078 1.646400
v -0.037778 0.433148 1.834882
v -0.209808 0.436263 1.801570
v -0.241587 0.344278 1.818024
v -0.204418 0.344208 1.831503
v -0.034540 0.343602 1.855762
v -0.276827 0.439921 1.787501
v -0.261744 0.379122 1.803157
v -0.278674 0.408056 1.790926
v -0.030806 0.440001 1.834177
v -0.209205 0.443285 1.799841
v -0.245891 0.337314 1.818620
v -0.204872 0.337182 1.833264
v -0.027154 0.336610 1.858880
v -0.282521 0.446884 1.782715
v -0.267648 0.375084 1.801732
v -0.285334 0.405788 1.788004
v -0.207285 0.434416 1.793310
v -0.201894 0.342361 1.823242
v -0.259220 0.377276 1.794896
v -0.274303 0.438074 1.779240
v -0.035254 0.431302 1.826621
v -0.239063 0.342432 1.809764
v -0.032016 0.341755 1.847502
v -0.276150 0.406209 1.782665
v -0.261738 0.432519 1.749089
v -0.292070 0.434008 1.742004
v -0.349771 0.365983 1.734045
v -0.246864 0.360719 1.768106
v -0.264551 0.391423 1.754378
v -0.307178 0.363804 1.748704
v -0.436086 0.154164 1.696456
v -0.475785 0.154254 1.647872
v -0.216054 0.252196 1.798938
v -0.232271 0.191971 1.792153
v -0.337840 0.310842 1.757005
v -0.395809 0.175072 1.737208
v -0.387362 0.334149 1.742178
v -0.276806 0.196497 1.776738
v -0.279657 0.252195 1.776263
v -0.280657 0.196322 1.775397
v -0.289537 0.287950 1.774556
v -0.476437 0.566222 -1.081269
v -0.466874 0.664104 -0.968312
v -0.362093 0.654668 -1.071175
v -0.288133 0.654668 -1.122181
v -0.214197 0.654668 -1.172089
v -0.538358 0.561500 -1.055093
v -0.351763 0.561500 -1.150108
v -0.289564 0.561500 -1.181780
v -0.478602 0.561500 -1.085521
v -0.413961 0.561500 -1.118436
v -0.367655 0.614809 -1.070836
v -0.403085 0.553176 -1.100354
v -0.467628 0.621755 -0.978065
v -0.522666 0.552340 -1.038482
v -0.300222 0.610123 -1.117018
v -0.341154 0.553562 -1.132550
v -0.445371 0.645332 -0.958701
v -0.281065 0.635285 -1.110638
v -0.356038 0.635752 -1.060874
v -0.282240 0.553522 -1.162472
v -0.467423 0.552575 -1.066845
v -0.216406 0.635263 -1.154235
v -0.515262 0.621087 -0.953245
v -0.366666 0.334858 -1.160074
v -0.280853 0.317498 -1.211510
v -0.452478 0.352217 -1.108639
v -0.440778 0.500494 -1.131185
v -0.369611 0.333781 -1.165013
v -0.283799 0.316421 -1.216448
v -0.455424 0.351140 -1.113578
v -0.443724 0.499416 -1.136124
v -0.604093 0.464652 1.092079
v -0.411215 0.160613 1.579283
v -0.411215 0.455408 1.579283
v -0.411215 0.192090 -0.990404
v -0.411215 0.576692 -0.990404
v -0.411215 0.166286 1.116116
v -0.411215 0.514325 1.116116
v -0.411215 0.506306 1.386999
v -0.411215 0.162968 1.386999
v -0.411215 0.164316 1.276990
v -0.411215 0.522439 1.276990
v -0.602996 0.676542 0.667381
v -0.570928 0.676542 0.600855
v -0.690026 0.658626 0.603495
v -0.676029 0.658626 0.541556
v -0.624758 0.682941 0.571205
v -0.656827 0.682941 0.637732
v -0.686267 0.634867 0.541556
v -0.700263 0.634867 0.603495
v -0.656827 0.634867 0.637732
v -0.563250 0.634867 0.600855
v -0.595318 0.634867 0.667381
v -0.389096 0.437669 1.667779
v -0.447565 0.447234 1.616954
v -0.285448 0.430037 1.719453
v -0.514985 0.458245 1.537338
v -0.343149 0.362013 1.711494
v -0.375614 0.380137 1.692681
v -0.291173 0.433699 1.728565
v -0.348875 0.365674 1.720606
v -0.383020 0.368422 1.703516
v -0.459535 0.374578 1.656575
v -0.504826 0.397330 1.618944
v -0.520711 0.461906 1.546450
v -0.318894 0.426746 1.723213
v -0.363738 0.382440 1.717039
v -0.381631 0.383296 1.701793
v -0.456646 0.389740 1.655512
v -0.499261 0.411153 1.620268
v -0.510954 0.452668 1.564600
v -0.384214 0.431922 1.630747
v -0.404884 0.436474 1.670745
v -0.388141 0.431262 1.628793
v -0.408811 0.435814 1.668791
v -0.391917 0.429763 1.627012
v -0.412587 0.434315 1.667010
v -0.395397 0.427484 1.625473
v -0.416067 0.432036 1.665471
v -0.398447 0.424511 1.624235
v -0.419117 0.429063 1.664233
v -0.400950 0.420959 1.623346
v -0.421620 0.425511 1.663344
v -0.402810 0.416964 1.622839
v -0.423480 0.421516 1.662837
v -0.403955 0.412680 1.622735
v -0.424626 0.417232 1.662733
v -0.404342 0.408272 1.623037
v -0.425013 0.412824 1.663035
v -0.403955 0.403908 1.623733
v -0.424626 0.408460 1.663731
v -0.402810 0.399757 1.624797
v -0.423480 0.404309 1.664795
v -0.400950 0.395979 1.626189
v -0.421620 0.400531 1.666187
v -0.398447 0.392717 1.627853
v -0.419117 0.397269 1.667852
v -0.395397 0.390099 1.629727
v -0.416067 0.394650 1.669726
v -0.391917 0.388223 1.631739
v -0.412587 0.392775 1.671738
v -0.388141 0.387163 1.633811
v -0.408811 0.391715 1.673810
v -0.384214 0.386959 1.635864
v -0.404884 0.391511 1.675862
v -0.380287 0.387619 1.637818
v -0.400958 0.392171 1.677816
v -0.376511 0.389117 1.639599
v -0.397182 0.393669 1.679597
v -0.373031 0.391397 1.641138
v -0.393702 0.395949 1.681136
v -0.369981 0.394370 1.642376
v -0.390652 0.398922 1.682374
v -0.367478 0.397922 1.643265
v -0.388148 0.402474 1.683263
v -0.365618 0.401917 1.643772
v -0.386288 0.406469 1.683770
v -0.364473 0.406201 1.643876
v -0.385143 0.410753 1.683874
v -0.364086 0.410609 1.643574
v -0.384756 0.415161 1.683573
v -0.364473 0.414973 1.642878
v -0.385143 0.419524 1.682876
v -0.365618 0.419123 1.641814
v -0.386288 0.423675 1.681812
v -0.367478 0.422902 1.640422
v -0.388148 0.427454 1.680421
v -0.369981 0.426164 1.638757
v -0.390652 0.430715 1.678756
v -0.373031 0.428782 1.636883
v -0.393702 0.433334 1.676881
v -0.376511 0.430658 1.634871
v -0.397182 0.435210 1.674870
v -0.380287 0.431718 1.632800
v -0.400958 0.436270 1.672798
v -0.437646 0.439351 1.592504
v -0.458317 0.443903 1.632502
v -0.441573 0.438691 1.590549
v -0.462244 0.443243 1.630548
v -0.445349 0.437193 1.588768
v -0.466020 0.441745 1.628767
v -0.448829 0.434913 1.587229
v -0.469499 0.439465 1.627228
v -0.451879 0.431940 1.585992
v -0.472550 0.436492 1.625990
v -0.454382 0.428388 1.585102
v -0.475053 0.432940 1.625100
v -0.456242 0.424393 1.584595
v -0.476913 0.428945 1.624594
v -0.457388 0.420110 1.584491
v -0.478058 0.424661 1.624489
v -0.457775 0.415701 1.584793
v -0.478445 0.420253 1.624791
v -0.457388 0.411338 1.585489
v -0.478058 0.415890 1.625488
v -0.456242 0.407187 1.586554
v -0.476913 0.411739 1.626552
v -0.454382 0.403408 1.587945
v -0.475053 0.407960 1.627943
v -0.451879 0.400147 1.589610
v -0.472550 0.404699 1.629608
v -0.448829 0.397528 1.591484
v -0.469499 0.402080 1.631482
v -0.445349 0.395652 1.593496
v -0.466020 0.400204 1.633494
v -0.441573 0.394592 1.595568
v -0.462244 0.399144 1.635566
v -0.437646 0.394388 1.597620
v -0.458317 0.398940 1.637618
v -0.433720 0.395048 1.599574
v -0.454390 0.399600 1.639573
v -0.429944 0.396547 1.601355
v -0.450614 0.401099 1.641354
v -0.426464 0.398826 1.602894
v -0.447134 0.403378 1.642893
v -0.423414 0.401799 1.604132
v -0.444084 0.406351 1.644130
v -0.420910 0.405351 1.605022
v -0.441581 0.409903 1.645020
v -0.419050 0.409346 1.605528
v -0.439721 0.413898 1.645527
v -0.417905 0.413630 1.605633
v -0.438575 0.418182 1.645631
v -0.417518 0.418038 1.605331
v -0.438189 0.422590 1.645329
v -0.417905 0.422402 1.604634
v -0.438575 0.426954 1.644633
v -0.419050 0.426553 1.603570
v -0.439721 0.431105 1.643568
v -0.420910 0.430332 1.602179
v -0.441581 0.434883 1.642177
v -0.423414 0.433593 1.600514
v -0.444084 0.438145 1.640512
v -0.426464 0.436212 1.598640
v -0.447134 0.440764 1.638638
v -0.429944 0.438087 1.596628
v -0.450614 0.442639 1.636626
v -0.433720 0.439147 1.594556
v -0.454390 0.443699 1.634554
v -0.631775 0.123665 -0.319078
v -0.342127 0.863084 -0.025896
v -0.171063 0.884453 -0.025676
v -0.403669 0.830115 -0.021501
v -0.505131 0.624295 0.002316
v -0.256595 0.873768 -0.025786
v -0.400741 0.656962 -0.729467
v -0.439101 0.725994 -0.515190
v -0.479213 0.631430 -0.473214
v -0.461807 0.626651 -0.673137
v -0.445127 0.618011 -0.849320
v -0.448092 0.617833 -0.727287
v -0.450980 0.679442 -0.948797
v -0.362614 0.671067 -1.056348
v -0.288510 0.670082 -1.111658
v -0.214428 0.669097 -1.165965
v -0.466334 0.664867 -0.951258
v -0.362531 0.656323 -1.058059
v -0.288450 0.655495 -1.112680
v -0.214391 0.654668 -1.166283
vn 0.1308 0.9856 -0.1073
vn 0.2902 0.9514 -0.1036
vn 0.3332 0.9286 -0.1633
vn 0.1358 0.9769 -0.1650
vn 0.1301 0.9839 0.1229
vn 0.4430 0.8891 0.1153
vn 0.3234 0.9460 0.0224
vn 0.1266 0.9913 0.0370
vn 0.1237 0.9911 -0.0492
vn 0.3041 0.9514 -0.0480
vn -0.0000 0.9990 -0.0455
vn 0.0842 0.9953 -0.0469
vn 0.0897 0.9904 -0.1049
vn -0.0000 0.9945 -0.1052
vn -0.0000 0.9916 0.1295
vn 0.0859 0.9883 0.1259
vn 0.0844 0.9956 0.0396
vn -0.0000 0.9990 0.0441
vn 0.0926 0.9823 -0.1628
vn -0.0000 0.9867 -0.1623
vn 0.0600 0.9856 0.1579
vn 0.0469 0.9899 0.1335
vn -0.0000 0.9912 0.1321
vn -0.8961 0.0890 -0.4348
vn -0.8332 0.0958 -0.5446
vn -0.9034 0.0880 -0.4197
vn 0.0668 0.9872 0.1446
vn 0.0619 0.9890 0.1343
vn 0.0872 0.9868 0.1361
vn 0.1259 0.9823 0.1386
vn 0.0631 0.9431 0.3264
vn 0.0627 0.9469 0.3153
vn -0.0000 0.9488 0.3159
vn -0.0000 0.9422 0.3349
vn 0.0902 0.9771 0.1929
vn 0.1544 0.9780 0.1403
vn -0.0000 0.9368 0.3498
vn 0.0638 0.9349 0.3491
vn 0.0358 0.9810 0.1908
vn -0.0000 0.9816 0.1909
vn 0.1834 -0.0552 0.9815
vn -0.0000 -0.0562 0.9984
vn -0.9968 0.0761 -0.0227
vn -0.9499 0.0796 -0.3021
vn -0.0000 0.1648 -0.9863
vn -0.1859 0.1619 -0.9691
vn -0.0000 0.2215 0.9752
vn 0.1611 0.2186 0.9624
vn 0.5110 -0.2696 -0.8162
vn 0.5075 -0.3008 -0.8074
vn 0.5106 -0.2736 -0.8151
vn 0.4981 -0.2269 -0.8369
vn 0.5047 -0.2353 -0.8306
vn 0.5095 -0.1835 -0.8407
vn 0.5057 -0.1647 -0.8469
vn 0.5121 -0.0895 -0.8543
vn -0.0000 0.6856 -0.7280
vn 0.3471 0.5619 -0.7508
vn 0.2164 0.6341 -0.7424
vn 0.4028 0.5243 -0.7503
vn 0.4014 0.5313 -0.7461
vn 0.4393 0.4155 -0.7965
vn 0.4238 0.4994 -0.7557
vn 0.3932 0.5498 -0.7369
vn 0.3818 0.5918 -0.7100
vn 0.4428 0.3849 -0.8098
vn -0.0000 1.0000 -0.0000
vn -0.0000 0.1513 -0.9885
vn 0.1189 0.1502 -0.9815
vn 0.3856 -0.8181 -0.4266
vn 0.4202 -0.8495 -0.3191
vn 0.3894 -0.8219 -0.4157
vn -0.9106 0.2795 -0.3046
vn 0.5714 0.3873 0.7235
vn 0.9891 0.1450 0.0266
vn 0.9991 0.0361 0.0233
vn 0.9993 0.0292 0.0226
vn 0.9997 0.0119 0.0222
vn 0.9985 0.0476 0.0255
vn 0.9872 0.1560 0.0326
vn 0.9997 -0.0188 0.0166
vn 0.9997 -0.0209 0.0151
vn 0.9826 0.1827 0.0342
vn 0.9247 0.3753 0.0639
vn 0.9090 0.4092 0.0788
vn -0.2839 0.7788 0.5594
vn -0.2840 0.7788 0.5593
vn 0.5034 0.3264 0.8000
vn 0.4962 0.3147 0.8091
vn 0.5100 0.3373 0.7913
vn 0.5448 0.4969 0.6755
vn 0.5314 0.4251 0.7328
vn 0.4892 0.3034 0.8177
vn 0.5568 0.6056 0.5686
vn 0.7042 0.6346 -0.3185
vn 0.2111 0.2497 0.9450
vn 0.2024 0.2513 0.9465
vn 0.2548 0.2413 0.9364
vn 0.2724 0.2306 0.9341
vn 0.2941 0.2171 0.9308
vn 0.1576 0.2591 0.9529
vn 0.4369 0.1211 0.8913
vn 0.2583 0.1716 0.9507
vn 0.2807 0.1658 0.9454
vn 0.3142 0.1570 0.9363
vn 0.2410 0.1759 0.9544
vn 0.6341 0.0207 0.7729
vn 0.4861 0.0058 0.8739
vn 0.5486 0.0120 0.8360
vn 0.2605 -0.0316 0.9650
vn 0.3327 -0.0130 0.9429
vn 0.2309 -0.0391 0.9722
vn 0.1583 -0.0570 0.9857
vn 0.3228 -0.0092 0.9464
vn -0.1699 -0.6105 -0.7736
vn -0.2847 0.7788 0.5589
vn -0.2848 0.7788 0.5589
vn -0.2850 0.7788 0.5587
vn -0.2849 0.7788 0.5588
vn 0.3502 -0.7798 -0.5189
vn 0.3499 -0.7798 -0.5191
vn 0.4120 0.7140 -0.5661
vn 0.4507 0.6620 -0.5988
vn 0.4514 0.6663 -0.5936
vn 0.4221 0.7135 -0.5592
vn 0.4611 0.5653 -0.6840
vn 0.4806 0.4903 -0.7271
vn 0.4610 0.5654 -0.6839
vn 0.4337 0.4981 -0.7509
vn 0.3812 0.5491 -0.7438
vn 0.3623 0.6163 -0.6992
vn 0.3298 0.6956 -0.6382
vn 0.3138 0.7400 -0.5949
vn -0.2845 0.7788 0.5590
vn -0.0000 -0.9999 -0.0143
vn -0.0000 -1.0000 -0.0065
vn -0.0000 -0.7382 -0.6746
vn -0.0000 -0.9997 -0.0249
vn -0.0000 -0.9991 -0.0416
vn -0.0000 -0.9997 -0.0233
vn -0.0000 -1.0000 0.0014
vn -0.0000 -1.0000 0.0046
vn 0.0002 -1.0000 0.0020
vn -0.0000 -1.0000 -0.0001
vn -0.0000 -0.9909 -0.1345
vn -0.0000 -1.0000 -0.0020
vn -0.0000 -1.0000 -0.0017
vn -0.0000 -0.1310 0.9914
vn -0.0000 -0.1569 0.9876
vn -0.0000 -0.1321 0.9912
vn -0.0000 -0.1900 -0.9818
vn -0.0000 -0.0222 -0.9998
vn -0.0000 -0.0575 -0.9983
vn -0.0000 -0.6409 0.7676
vn -0.0000 -0.9993 0.0366
vn -0.0000 -0.9401 0.3409
vn -0.0000 -0.9934 0.1150
vn -0.0000 -0.9930 0.1182
vn -0.0000 -0.8261 0.5635
vn -0.0000 -0.9248 0.3804
vn -0.0000 -0.8192 0.5734
vn -0.0000 -0.1542 0.9880
vn -0.0000 -0.0376 0.9993
vn -0.0000 0.0322 0.9995
vn -0.0000 0.1462 -0.9893
vn -0.0000 -0.9296 -0.3687
vn -0.0000 -0.8068 -0.5909
vn -0.0000 -0.9318 -0.3630
vn -0.0408 -0.9920 -0.1192
vn -0.0661 -0.9955 -0.0680
vn -0.0661 -0.9955 -0.0681
vn -0.1260 -0.9818 -0.1422
vn -0.0133 -0.9686 -0.2481
vn -0.0000 -0.9674 -0.2534
vn -0.0000 -1.0000 -0.0049
vn 0.0008 -1.0000 -0.0049
vn -0.0000 -0.6740 0.7387
vn -0.0000 -0.0000 -1.0000
vn 1.0000 -0.0000 -0.0000
vn -0.0000 -0.9999 -0.0122
vn 0.0272 0.9890 0.1453
vn -0.0000 0.9894 0.1453
vn -0.0000 0.9893 0.1456
vn 0.0543 0.9879 0.1454
vn -0.0000 -0.0000 1.0000
vn -0.0000 0.9996 0.0296
vn -0.0000 0.9999 -0.0104
vn -0.0000 0.9989 0.0476
vn -0.8976 0.0842 0.4327
vn -0.8887 0.1637 0.4284
vn -0.8979 0.0801 0.4328
vn 0.8992 0.3875 -0.2032
vn 0.5645 -0.0151 0.8253
vn 0.5599 0.0193 0.8283
vn 0.4586 -0.0392 0.8878
vn 0.4459 -0.0186 0.8949
vn -0.0934 0.9946 0.0450
vn 0.4081 0.9011 -0.1463
vn 0.6730 -0.0045 0.7396
vn 0.6801 0.0969 0.7267
vn 0.4750 0.4437 0.7600
vn 0.6087 0.4135 0.6771
vn 0.6084 0.4129 0.6777
vn 0.4755 0.4432 0.7599
vn 0.3652 0.5298 0.7654
vn 0.6349 0.4751 0.6093
vn -0.6141 0.7861 0.0700
vn -0.6879 0.7108 0.1467
vn -0.7236 0.6641 0.1879
vn 0.3262 0.7903 -0.5186
vn 0.1369 0.8864 -0.4422
vn 0.3669 0.7629 -0.5322
vn -0.5803 -0.5613 0.5901
vn 0.9372 0.3242 -0.1284
vn 0.8330 0.5144 -0.2038
vn 0.6197 0.7345 -0.2766
vn 0.6336 0.7582 -0.1540
vn 0.6360 0.7633 -0.1135
vn 0.6373 0.7705 -0.0144
vn 0.8454 -0.5300 0.0670
vn 0.0620 0.9935 -0.0950
vn 0.0738 0.9911 -0.1112
vn 0.0452 0.9964 -0.0719
vn 0.5909 0.0530 -0.8050
vn 0.5881 0.0353 -0.8080
vn 0.5911 0.0542 -0.8048
vn 0.6552 0.4297 -0.6213
vn -0.0056 0.9968 -0.0799
vn 0.0329 0.9979 -0.0550
vn 0.5937 0.0718 -0.8015
vn -0.9994 0.0018 0.0333
vn 0.9425 0.3326 0.0320
vn 0.7738 -0.5028 0.3851
vn -0.1308 0.9856 -0.1073
vn -0.1358 0.9769 -0.1650
vn -0.3332 0.9286 -0.1633
vn -0.2902 0.9513 -0.1036
vn -0.1301 0.9839 0.1229
vn -0.1266 0.9913 0.0370
vn -0.3234 0.9460 0.0224
vn -0.4430 0.8891 0.1153
vn -0.1237 0.9911 -0.0492
vn -0.3041 0.9514 -0.0480
vn -0.0897 0.9904 -0.1049
vn -0.0842 0.9953 -0.0469
vn -0.0844 0.9956 0.0396
vn -0.0859 0.9883 0.1259
vn -0.0926 0.9823 -0.1628
vn -0.0600 0.9856 0.1579
vn -0.0469 0.9899 0.1335
vn 0.8961 0.0890 -0.4348
vn 0.9034 0.0880 -0.4197
vn 0.8332 0.0958 -0.5446
vn -0.0668 0.9872 0.1446
vn -0.1259 0.9823 0.1386
vn -0.0872 0.9868 0.1361
vn -0.0619 0.9890 0.1343
vn -0.0631 0.9431 0.3264
vn -0.0627 0.9469 0.3153
vn -0.0902 0.9771 0.1929
vn -0.1544 0.9780 0.1403
vn -0.0638 0.9349 0.3491
vn -0.0358 0.9810 0.1908
vn -0.1834 -0.0552 0.9815
vn 0.9968 0.0761 -0.0227
vn 0.9499 0.0796 -0.3021
vn 0.1859 0.1619 -0.9691
vn -0.1611 0.2186 0.9624
vn -0.5110 -0.2696 -0.8162
vn -0.5106 -0.2736 -0.8151
vn -0.5075 -0.3008 -0.8074
vn -0.4981 -0.2269 -0.8369
vn -0.5057 -0.1647 -0.8469
vn -0.5095 -0.1835 -0.8407
vn -0.5047 -0.2353 -0.8306
vn -0.5121 -0.0895 -0.8543
vn -0.2164 0.6341 -0.7424
vn -0.3471 0.5619 -0.7508
vn -0.4028 0.5243 -0.7503
vn -0.4238 0.4994 -0.7557
vn -0.4393 0.4155 -0.7965
vn -0.4014 0.5313 -0.7461
vn -0.4428 0.3849 -0.8098
vn -0.3818 0.5918 -0.7100
vn -0.3932 0.5498 -0.7369
vn -0.1189 0.1502 -0.9815
vn -0.3856 -0.8181 -0.4266
vn -0.3894 -0.8219 -0.4157
vn -0.4202 -0.8495 -0.3191
vn 0.9105 0.2795 -0.3046
vn -0.5714 0.3873 0.7235
vn -0.9891 0.1450 0.0266
vn -0.9997 0.0119 0.0222
vn -0.9993 0.0292 0.0226
vn -0.9991 0.0361 0.0233
vn -0.9985 0.0476 0.0255
vn -0.9997 -0.0209 0.0151
vn -0.9997 -0.0188 0.0166
vn -0.9872 0.1560 0.0326
vn -0.9826 0.1827 0.0342
vn -0.9247 0.3753 0.0639
vn -0.9090 0.4092 0.0788
vn 0.2839 0.7788 0.5594
vn 0.2840 0.7788 0.5593
vn -0.5034 0.3264 0.8000
vn -0.5314 0.4251 0.7328
vn -0.5448 0.4969 0.6755
vn -0.5100 0.3373 0.7913
vn -0.4962 0.3147 0.8091
vn -0.4892 0.3034 0.8177
vn -0.5568 0.6056 0.5686
vn -0.7042 0.6346 -0.3185
vn -0.2111 0.2497 0.9450
vn -0.2941 0.2171 0.9308
vn -0.2724 0.2306 0.9341
vn -0.2548 0.2413 0.9364
vn -0.2024 0.2513 0.9465
vn -0.1576 0.2591 0.9529
vn -0.4369 0.1211 0.8913
vn -0.2583 0.1716 0.9507
vn -0.3142 0.1570 0.9363
vn -0.2807 0.1658 0.9454
vn -0.2410 0.1759 0.9544
vn -0.6341 0.0207 0.7729
vn -0.5486 0.0120 0.8360
vn -0.4861 0.0058 0.8739
vn -0.2605 -0.0316 0.9650
vn -0.2309 -0.0391 0.9722
vn -0.3327 -0.0130 0.9429
vn -0.1583 -0.0570 0.9857
vn -0.3228 -0.0092 0.9464
vn 0.1699 -0.6105 -0.7736
vn 0.2848 0.7788 0.5589
vn 0.2847 0.7788 0.5589
vn 0.2849 0.7788 0.5588
vn 0.2850 0.7788 0.5587
vn -0.3502 -0.7798 -0.5189
vn -0.3499 -0.7798 -0.5191
vn -0.4120 0.7140 -0.5661
vn -0.4221 0.7135 -0.5592
vn -0.4514 0.6662 -0.5936
vn -0.4507 0.6620 -0.5988
vn -0.4611 0.5653 -0.6840
vn -0.4610 0.5654 -0.6839
vn -0.4806 0.4903 -0.7271
vn -0.4337 0.4981 -0.7509
vn -0.3812 0.5491 -0.7438
vn -0.3623 0.6163 -0.6992
vn -0.3298 0.6956 -0.6382
vn -0.3138 0.7400 -0.5949
vn 0.2845 0.7788 0.5590
vn -0.0002 -1.0000 0.0020
vn 0.0407 -0.9920 -0.1194
vn 0.0133 -0.9686 -0.2481
vn 0.1260 -0.9818 -0.1422
vn 0.0661 -0.9955 -0.0681
vn 0.0661 -0.9955 -0.0680
vn -0.0008 -1.0000 -0.0049
vn -1.0000 -0.0000 -0.0000
vn -0.0272 0.9890 0.1453
vn -0.0543 0.9879 0.1454
vn 0.8976 0.0842 0.4327
vn 0.8979 0.0801 0.4328
vn 0.8887 0.1637 0.4284
vn -0.8992 0.3875 -0.2032
vn -0.5645 -0.0151 0.8253
vn -0.4459 -0.0186 0.8949
vn -0.4586 -0.0392 0.8878
vn -0.5599 0.0193 0.8283
vn 0.0934 0.9946 0.0450
vn -0.4081 0.9011 -0.1463
vn -0.6730 -0.0045 0.7396
vn -0.6801 0.0969 0.7267
vn -0.4750 0.4437 0.7600
vn -0.4755 0.4432 0.7599
vn -0.6084 0.4129 0.6777
vn -0.6087 0.4135 0.6771
vn -0.3652 0.5298 0.7654
vn -0.6349 0.4751 0.6093
vn 0.6141 0.7861 0.0700
vn 0.7236 0.6641 0.1879
vn 0.6879 0.7108 0.1467
vn -0.3262 0.7903 -0.5186
vn -0.3669 0.7629 -0.5322
vn -0.1369 0.8864 -0.4422
vn 0.5803 -0.5613 0.5901
vn -0.9372 0.3242 -0.1284
vn -0.8330 0.5144 -0.2038
vn -0.6197 0.7345 -0.2766
vn -0.6360 0.7633 -0.1135
vn -0.6336 0.7582 -0.1540
vn -0.6373 0.7705 -0.0144
vn -0.8454 -0.5300 0.0670
vn -0.0620 0.9935 -0.0950
vn -0.0452 0.9964 -0.0719
vn -0.0738 0.9911 -0.1112
vn -0.5909 0.0530 -0.8050
vn -0.5911 0.0542 -0.8048
vn -0.5881 0.0353 -0.8080
vn -0.6552 0.4297 -0.6213
vn 0.0056 0.9968 -0.0799
vn -0.0329 0.9979 -0.0550
vn -0.5937 0.0718 -0.8015
vn 0.9994 0.0018 0.0333
vn -0.9425 0.3326 0.0320
vn -0.7738 -0.5028 0.3851
vn 0.5019 0.0727 -0.8619
vn 0.5424 -0.8378 -0.0618
vn 0.6366 -0.7590 -0.1367
vn 0.5680 -0.8190 -0.0814
vn -0.6054 -0.7632 0.2259
vn -0.6396 -0.7657 0.0681
vn -0.5942 -0.7594 0.2651
vn 0.7717 -0.6033 -0.2014
vn 0.6802 -0.7146 -0.1635
vn -0.5387 -0.7310 0.4188
vn 0.7874 -0.5802 -0.2082
vn 0.0424 -0.9919 -0.1199
vn 0.9577 -0.0978 -0.2708
vn -0.9546 -0.0234 0.2969
vn -0.0538 0.9779 -0.2022
vn -0.0730 0.9778 -0.1963
vn -0.0525 0.9779 -0.2026
vn 0.1689 0.2427 0.9553
vn 0.1817 0.3117 0.9327
vn 0.1817 0.3117 0.9326
vn 0.3202 0.2430 0.9156
vn 0.2321 0.2656 0.9357
vn 0.2320 0.2656 0.9357
vn 0.1479 0.2434 0.9586
vn 0.1479 0.2433 0.9586
vn 0.3431 0.2506 0.9053
vn 0.3403 0.2526 0.9057
vn 0.4418 0.1493 0.8846
vn 0.3552 0.1934 0.9146
vn 0.4418 0.1494 0.8846
vn -0.0332 0.9775 -0.2084
vn 0.0762 -0.9778 0.1953
vn 0.0567 -0.9779 0.2013
vn 0.0738 -0.9778 0.1961
vn -0.8320 0.5384 0.1339
vn -0.8310 0.5400 0.1332
vn -0.8310 0.5401 0.1332
vn -0.8301 0.5417 0.1325
vn 0.0932 -0.9773 0.1900
vn -0.8634 -0.1417 -0.4841
vn -0.0511 0.9690 -0.2418
vn 0.4368 -0.1014 -0.8938
vn -0.5019 0.0727 -0.8619
vn -0.5424 -0.8378 -0.0618
vn -0.5680 -0.8190 -0.0814
vn -0.6366 -0.7590 -0.1367
vn 0.6054 -0.7632 0.2259
vn 0.5942 -0.7594 0.2651
vn 0.6396 -0.7657 0.0681
vn -0.6802 -0.7146 -0.1635
vn -0.7717 -0.6033 -0.2014
vn 0.5387 -0.7310 0.4188
vn -0.7874 -0.5802 -0.2082
vn -0.0424 -0.9919 -0.1199
vn -0.9577 -0.0978 -0.2708
vn 0.9546 -0.0234 0.2969
vn 0.0538 0.9779 -0.2022
vn 0.0525 0.9779 -0.2026
vn 0.0730 0.9778 -0.1963
vn -0.1689 0.2427 0.9553
vn -0.1817 0.3117 0.9326
vn -0.1817 0.3117 0.9327
vn -0.3202 0.2430 0.9156
vn -0.2320 0.2656 0.9357
vn -0.2321 0.2656 0.9357
vn -0.1479 0.2433 0.9586
vn -0.1478 0.2434 0.9586
vn -0.3403 0.2526 0.9057
vn -0.3431 0.2506 0.9053
vn -0.4418 0.1493 0.8846
vn -0.4418 0.1494 0.8846
vn -0.3552 0.1934 0.9146
vn 0.0332 0.9775 -0.2084
vn -0.0762 -0.9778 0.1953
vn -0.0738 -0.9778 0.1961
vn -0.0567 -0.9779 0.2013
vn 0.8320 0.5384 0.1339
vn 0.8310 0.5401 0.1332
vn 0.8310 0.5400 0.1332
vn 0.8301 0.5417 0.1325
vn -0.0932 -0.9773 0.1900
vn 0.8634 -0.1417 -0.4841
vn 0.0511 0.9690 -0.2418
vn -0.4368 -0.1014 -0.8938
vn 0.3116 0.7545 -0.5776
vn 0.3061 0.7520 -0.5838
vn 0.3735 0.7309 -0.5712
vn 0.4231 0.7254 -0.5430
vn 0.4722 0.4768 -0.7414
vn 0.4653 0.5050 -0.7270
vn 0.4445 0.5171 -0.7314
vn 0.4330 0.4872 -0.7584
vn 0.4105 0.5293 -0.7425
vn 0.4493 0.6211 -0.6421
vn 0.3885 0.7000 -0.5992
vn 0.4325 0.6172 -0.6573
vn -0.3116 0.7545 -0.5776
vn -0.4231 0.7254 -0.5430
vn -0.3735 0.7309 -0.5712
vn -0.3061 0.7520 -0.5838
vn -0.4722 0.4768 -0.7414
vn -0.4330 0.4872 -0.7584
vn -0.4445 0.5171 -0.7314
vn -0.4653 0.5050 -0.7270
vn -0.4105 0.5293 -0.7425
vn -0.4493 0.6211 -0.6421
vn -0.4325 0.6172 -0.6573
vn -0.3885 0.7000 -0.5992
vn 0.4675 0.6308 -0.6193
vn -0.2120 0.9552 -0.2064
vn -0.2105 0.9583 -0.1933
vn -0.2119 0.9554 -0.2059
vn -0.7795 0.5695 0.2610
vn 0.3969 -0.0278 0.9174
vn 0.1930 0.0529 0.9798
vn 0.3172 0.0046 0.9484
vn 0.5228 0.0370 0.8516
vn 0.5235 0.0301 0.8515
vn 0.5473 0.1571 0.8221
vn 0.5424 0.1563 0.8254
vn 0.6978 0.3079 0.6467
vn 0.6680 0.2676 0.6944
vn 0.7614 0.4093 0.5027
vn -0.3504 0.9265 -0.1370
vn -0.3532 0.9257 -0.1352
vn -0.4809 0.8754 -0.0496
vn 0.5324 0.6208 -0.5754
vn -0.0000 0.9936 -0.1131
vn 0.1736 0.9644 -0.1995
vn 0.3404 0.8982 -0.2781
vn 0.4942 0.7975 -0.3461
vn 0.6291 0.6660 -0.4009
vn 0.7397 0.5090 -0.4402
vn 0.8219 0.3325 -0.4626
vn 0.8725 0.1432 -0.4672
vn 0.8896 -0.0516 -0.4539
vn 0.8725 -0.2445 -0.4231
vn 0.8218 -0.4280 -0.3760
vn 0.8219 -0.4280 -0.3760
vn 0.7397 -0.5950 -0.3145
vn 0.6291 -0.7391 -0.2410
vn 0.4942 -0.8548 -0.1581
vn 0.3404 -0.9377 -0.0692
vn 0.1735 -0.9846 0.0224
vn -0.0000 -0.9936 0.1131
vn -0.1735 -0.9644 0.1994
vn -0.3404 -0.8982 0.2781
vn -0.4943 -0.7974 0.3462
vn -0.6290 -0.6661 0.4009
vn -0.6290 -0.6660 0.4009
vn -0.7397 -0.5091 0.4402
vn -0.8219 -0.3324 0.4626
vn -0.8219 -0.3325 0.4626
vn -0.8725 -0.1432 0.4672
vn -0.8896 0.0516 0.4538
vn -0.8725 0.2445 0.4231
vn -0.8219 0.4279 0.3760
vn -0.7397 0.5950 0.3145
vn -0.6290 0.7391 0.2410
vn -0.4942 0.8548 0.1581
vn -0.4943 0.8548 0.1581
vn -0.3405 0.9377 0.0692
vn 0.4568 0.1006 0.8839
vn -0.1735 0.9846 -0.0224
vn -0.4568 -0.1006 -0.8839
vn 0.1735 0.9644 -0.1994
vn 0.4943 0.7974 -0.3462
vn 0.6290 0.6661 -0.4009
vn 0.7397 0.5091 -0.4402
vn 0.8896 -0.0517 -0.4538
vn 0.8219 -0.4279 -0.3760
vn 0.7397 -0.5949 -0.3145
vn 0.6290 -0.7391 -0.2410
vn 0.4943 -0.8548 -0.1582
vn 0.3405 -0.9377 -0.0692
vn -0.1736 -0.9644 0.1995
vn -0.4942 -0.7975 0.3461
vn -0.7396 -0.5091 0.4402
vn -0.8896 0.0517 0.4538
vn -0.8219 0.4280 0.3760
vn -0.7396 0.5950 0.3145
vn -0.3404 0.9377 0.0692
vn -0.4675 0.6308 -0.6193
vn 0.2119 0.9552 -0.2064
vn 0.2119 0.9554 -0.2059
vn 0.2105 0.9583 -0.1933
vn 0.7795 0.5695 0.2610
vn -0.3969 -0.0278 0.9174
vn -0.3170 0.0046 0.9484
vn -0.1930 0.0529 0.9798
vn -0.5228 0.0370 0.8516
vn -0.5235 0.0301 0.8515
vn -0.3173 0.0046 0.9483
vn -0.5473 0.1571 0.8221
vn -0.5424 0.1563 0.8254
vn -0.6978 0.3079 0.6467
vn -0.6680 0.2676 0.6944
vn -0.7614 0.4093 0.5027
vn 0.3504 0.9265 -0.1370
vn 0.3532 0.9257 -0.1352
vn 0.4809 0.8754 -0.0496
vn -0.5324 0.6208 -0.5754
vn -0.1736 0.9644 -0.1995
vn -0.3404 0.8982 -0.2781
vn -0.4942 0.7975 -0.3461
vn -0.6291 0.6660 -0.4009
vn -0.7397 0.5090 -0.4402
vn -0.8219 0.3325 -0.4626
vn -0.8725 0.1432 -0.4672
vn -0.8896 -0.0516 -0.4539
vn -0.8725 -0.2445 -0.4231
vn -0.8219 -0.4280 -0.3760
vn -0.8218 -0.4280 -0.3760
vn -0.7397 -0.5950 -0.3145
vn -0.6291 -0.7391 -0.2410
vn -0.4942 -0.8548 -0.1581
vn -0.3404 -0.9377 -0.0692
vn -0.1735 -0.9846 0.0224
vn 0.1735 -0.9644 0.1994
vn 0.3404 -0.8982 0.2781
vn 0.4943 -0.7974 0.3462
vn 0.6290 -0.6660 0.4009
vn 0.6290 -0.6661 0.4009
vn 0.7397 -0.5091 0.4402
vn 0.8219 -0.3325 0.4626
vn 0.8725 -0.1432 0.4672
vn 0.8896 0.0516 0.4538
vn 0.8725 0.2445 0.4231
vn 0.8219 0.4279 0.3760
vn 0.7397 0.5950 0.3145
vn 0.6290 0.7391 0.2410
vn 0.4943 0.8548 0.1581
vn 0.4942 0.8548 0.1581
vn 0.3405 0.9377 0.0692
vn -0.4568 0.1006 0.8839
vn 0.1736 0.9846 -0.0224
vn 0.4568 -0.1006 -0.8839
vn -0.1735 0.9644 -0.1994
vn -0.4943 0.7974 -0.3462
vn -0.6290 0.6661 -0.4009
vn -0.7397 0.5091 -0.4402
vn -0.8896 -0.0517 -0.4538
vn -0.8219 -0.4279 -0.3760
vn -0.7397 -0.5949 -0.3145
vn -0.6290 -0.7391 -0.2410
vn -0.4943 -0.8548 -0.1582
vn -0.3405 -0.9377 -0.0692
vn 0.1736 -0.9644 0.1995
vn 0.4942 -0.7975 0.3461
vn 0.7396 -0.5091 0.4402
vn 0.8896 0.0517 0.4538
vn 0.8219 0.4280 0.3760
vn 0.7396 0.5950 0.3145
vn 0.3404 0.9377 0.0692
vn 0.1735 0.9846 -0.0224
vn 0.9112 0.4117 0.0117
vn 0.9050 0.4253 0.0025
vn 0.9039 0.4276 0.0009
vn 0.8973 0.4414 -0.0072
vn 0.8972 0.4416 -0.0072
vn 0.9054 0.4238 -0.0265
vn 0.9044 0.4259 -0.0255
vn 0.8976 0.4406 -0.0138
vn 0.8975 0.4409 -0.0132
vn 0.9213 0.3880 -0.0252
vn 0.9208 0.3891 -0.0256
vn 0.9324 0.3611 -0.0151
vn -0.0000 0.9372 0.3489
vn -0.0000 0.9372 0.3487
vn 0.0875 0.9316 0.3527
vn 0.0883 0.9335 0.3475
vn -0.0000 0.9371 0.3491
vn 0.0839 0.9367 0.3400
vn 0.2032 0.9167 0.3440
vn 0.1600 0.9334 0.3212
vn 0.2459 0.9115 0.3298
vn 0.1962 0.9298 0.3115
vn 0.1944 0.9126 0.3598
vn 0.3257 0.8752 0.3576
vn 0.1124 0.9579 -0.2641
vn 0.0878 0.9598 -0.2666
vn -0.0000 0.9627 -0.2704
vn 0.0742 0.9642 -0.2546
vn 0.1317 0.9575 -0.2564
vn -0.0222 0.9681 -0.2496
vn -0.9112 0.4117 0.0117
vn -0.9039 0.4276 0.0009
vn -0.9050 0.4253 0.0025
vn -0.8973 0.4414 -0.0072
vn -0.8972 0.4416 -0.0072
vn -0.9054 0.4238 -0.0265
vn -0.8975 0.4409 -0.0132
vn -0.8976 0.4406 -0.0138
vn -0.9044 0.4259 -0.0255
vn -0.9213 0.3880 -0.0252
vn -0.9208 0.3891 -0.0256
vn -0.9324 0.3611 -0.0151
vn -0.0883 0.9335 0.3475
vn -0.0875 0.9316 0.3527
vn -0.0839 0.9367 0.3400
vn -0.1600 0.9334 0.3212
vn -0.2032 0.9167 0.3440
vn -0.1962 0.9298 0.3115
vn -0.2459 0.9115 0.3298
vn -0.1944 0.9126 0.3598
vn -0.3257 0.8752 0.3576
vn -0.1124 0.9579 -0.2641
vn -0.0878 0.9598 -0.2666
vn -0.0742 0.9642 -0.2546
vn -0.1317 0.9575 -0.2564
vn 0.0222 0.9681 -0.2496
vt 0.106201 0.297554
vt 0.081568 0.299048
vt 0.076145 0.217247
vt 0.101283 0.213318
vt 0.098911 0.481961
vt 0.070472 0.476830
vt 0.081725 0.381336
vt 0.106940 0.381618
vt 0.106570 0.339586
vt 0.081647 0.340192
vt 0.181019 0.337914
vt 0.131494 0.338979
vt 0.130834 0.296060
vt 0.179777 0.293219
vt 0.183630 0.486058
vt 0.127351 0.487092
vt 0.132154 0.381899
vt 0.182260 0.382610
vt 0.126420 0.209389
vt 0.176433 0.204222
vt 0.115002 0.708605
vt 0.112351 0.656235
vt 0.182595 0.667569
vt 0.183289 0.719980
vt 0.971859 0.830127
vt 0.971859 0.813759
vt 0.985193 0.816334
vt 0.985193 0.832243
vt 0.103676 0.703593
vt 0.089180 0.682751
vt 0.079353 0.675313
vt 0.076976 0.641033
vt 0.140249 0.926730
vt 0.134230 0.911263
vt 0.124105 0.880826
vt 0.172284 0.888981
vt 0.172284 0.932430
vt 0.115557 0.720788
vt 0.045126 0.649711
vt 0.041065 0.603581
vt 0.172200 0.951575
vt 0.149046 0.949510
vt 0.123895 0.929184
vt 0.098121 0.942998
vt 0.085389 0.955214
vt 0.073792 0.957664
vt 0.073792 0.889512
vt 0.550170 0.992499
vt 0.550170 0.923891
vt 0.563670 0.924359
vt 0.563685 0.991877
vt 0.946550 0.809982
vt 0.957537 0.808737
vt 0.957229 0.822365
vt 0.946550 0.823575
vt 0.948529 0.846373
vt 0.948529 0.823891
vt 0.962021 0.825238
vt 0.962021 0.847089
vt 0.783035 0.974696
vt 0.783037 0.928044
vt 0.796397 0.927493
vt 0.796397 0.973611
vt 0.482516 0.944821
vt 0.452426 0.948487
vt 0.451969 0.941259
vt 0.482147 0.936404
vt 0.352768 0.956375
vt 0.334553 0.951048
vt 0.328267 0.928374
vt 0.347095 0.926286
vt 0.389114 0.967005
vt 0.370983 0.961703
vt 0.365923 0.924198
vt 0.383976 0.927293
vt 0.382780 0.881879
vt 0.364727 0.878784
vt 0.873258 0.372535
vt 0.800286 0.414109
vt 0.796119 0.399442
vt 0.864674 0.356734
vt 0.357542 0.858489
vt 0.368538 0.860441
vt 0.346495 0.875485
vt 0.379966 0.862470
vt 0.390530 0.864345
vt 0.105541 0.021800
vt 0.105648 0.010140
vt 0.167220 -0.000000
vt 0.167501 0.011652
vt 0.105435 0.033461
vt 0.167782 0.023305
vt 0.734270 0.988594
vt 0.707276 0.989818
vt 0.707257 0.939712
vt 0.734270 0.919362
vt 0.946351 0.578210
vt 0.949198 0.535892
vt 0.956888 0.538827
vt 0.951172 0.577796
vt 0.823349 0.945463
vt 0.817365 0.969021
vt 0.811573 0.968388
vt 0.817558 0.944831
vt 0.321022 0.966825
vt 0.321022 0.936413
vt 0.326648 0.937346
vt 0.326648 0.967758
vt 0.377623 0.225673
vt 0.381393 0.160684
vt 0.390456 0.135707
vt 0.390522 0.222641
vt 0.360172 0.378066
vt 0.373853 0.290662
vt 0.390588 0.309576
vt 0.388878 0.422127
vt 0.371659 0.206596
vt 0.364900 0.296177
vt 0.353744 0.355227
vt 0.751418 0.476143
vt 0.762712 0.462241
vt 0.766538 0.465275
vt 0.755244 0.479177
vt 0.787544 0.429687
vt 0.778326 0.424263
vt 0.986122 0.918639
vt 0.972353 0.926973
vt 0.971253 0.901883
vt 0.975894 0.886112
vt 0.986919 0.897192
vt 0.972725 0.933333
vt 0.987143 0.944300
vt 0.987876 0.875900
vt 0.964202 0.355486
vt 0.964202 0.335311
vt 0.970883 0.334067
vt 0.970883 0.354241
vt 0.320497 0.902116
vt 0.293346 0.906887
vt 0.293200 0.895442
vt 0.303328 0.888352
vt 0.321022 0.882456
vt 0.321022 0.952285
vt 0.294772 0.955581
vt 0.311733 0.882423
vt 0.763375 0.943077
vt 0.742702 0.940547
vt 0.742721 0.927493
vt 0.763445 0.952046
vt 0.751444 0.952341
vt 0.742702 0.958901
vt 0.225198 0.952214
vt 0.183630 0.908489
vt 0.193485 0.895427
vt 0.227647 0.921532
vt 0.229534 0.937286
vt 0.989151 0.067558
vt 0.987684 0.081184
vt 0.971626 0.081809
vt 0.971874 0.062262
vt 0.987606 0.000442
vt 0.971626 -0.000000
vt 0.203281 0.882423
vt 0.229534 0.885926
vt 0.819929 0.931024
vt 0.811573 0.927493
vt 0.775816 0.445918
vt 0.779641 0.448952
vt 0.788432 0.430224
vt 0.792258 0.433258
vt 0.952067 0.626367
vt 0.949499 0.604004
vt 0.954320 0.603590
vt 0.956888 0.625953
vt 0.778774 0.488326
vt 0.794318 0.449364
vt 0.795674 0.450014
vt 0.780156 0.489184
vt 0.839439 0.929196
vt 0.824763 0.929202
vt 0.823349 0.927492
vt 0.840147 0.927492
vt 0.800510 0.415490
vt 0.761560 0.461455
vt 0.774802 0.445266
vt 0.825378 0.953403
vt 0.823974 0.955082
vt 0.808315 0.427528
vt 0.809268 0.427957
vt 0.749318 0.476422
vt 0.804336 0.418524
vt 0.743455 0.356734
vt 0.745570 0.243551
vt 0.918711 0.243551
vt 0.918277 0.356734
vt 0.617542 0.742465
vt 0.653496 0.745041
vt 0.653495 0.923891
vt 0.617542 0.921987
vt 0.742702 0.042236
vt 0.742924 -0.000000
vt 0.919550 -0.000000
vt 0.919328 0.042236
vt 0.747515 0.156008
vt 0.918976 0.156008
vt 0.873258 0.356734
vt 0.916979 0.395077
vt 0.916979 0.535710
vt 0.873258 0.535585
vt 0.575011 0.743777
vt 0.575011 0.921555
vt 0.749461 0.068465
vt 0.919240 0.068465
vt 0.912223 0.706055
vt 0.873258 0.697915
vt 0.873258 0.535892
vt 0.912223 0.539211
vt 0.873258 0.707116
vt 0.911249 0.710801
vt 0.911249 0.871130
vt 0.873258 0.867446
vt 0.327130 0.699445
vt 0.392440 0.701497
vt 0.392440 0.858489
vt 0.327130 0.856437
vt 0.183630 0.702994
vt 0.213512 0.701364
vt 0.213512 0.880630
vt 0.183630 0.882260
vt 0.941876 0.173750
vt 0.964202 0.173777
vt 0.964202 0.356430
vt 0.941876 0.356403
vt 0.241994 0.700931
vt 0.241994 0.880197
vt 0.537010 0.747574
vt 0.537010 0.922224
vt 0.971626 0.173723
vt 0.919550 0.169339
vt 0.971626 0.004384
vt 0.919944 0.706577
vt 0.919944 0.539733
vt 0.946351 0.707116
vt 0.946351 0.540272
vt 0.946550 0.708424
vt 0.946550 0.868754
vt 0.283553 0.699445
vt 0.327130 0.699770
vt 0.327130 0.882423
vt 0.283553 0.880566
vt 0.671107 0.835585
vt 0.686490 0.809631
vt 0.701873 0.783677
vt 0.717184 0.757844
vt 0.740141 0.740114
vt 0.742702 0.919362
vt 0.660676 0.919362
vt 0.969885 0.535892
vt 0.931789 0.407546
vt 0.942705 0.416737
vt 0.958135 0.463668
vt 0.512528 0.751925
vt 0.512528 0.923447
vt 0.742702 0.927493
vt 0.742702 0.816155
vt 0.847058 0.815769
vt 0.847058 0.927106
vt 0.631414 0.684808
vt 0.730762 0.683912
vt 0.716716 0.739345
vt 0.631414 0.740114
vt 0.631414 0.055524
vt 0.512528 0.055967
vt 0.512528 0.000443
vt 0.631414 -0.000000
vt 0.393626 0.688646
vt 0.512268 0.688532
vt 0.512348 0.744220
vt 0.392633 0.744799
vt 0.971254 0.986489
vt 0.886287 0.983839
vt 0.873258 0.871130
vt 0.971254 0.874186
vt 0.392633 0.000114
vt 0.511275 0.000000
vt 0.512155 0.610080
vt 0.393512 0.610195
vt 0.631414 0.742022
vt 0.512528 0.742465
vt 0.512528 0.134187
vt 0.631414 0.133744
vt 0.631414 0.001004
vt 0.742702 -0.000000
vt 0.732123 0.605987
vt 0.631414 0.606895
vt 0.393885 0.656654
vt 0.512528 0.656539
vt 0.631414 0.087290
vt 0.512528 0.087733
vt 0.631414 0.653166
vt 0.735040 0.652232
vt 0.848588 0.923233
vt 0.850146 0.911298
vt 0.871070 0.915666
vt 0.869511 0.927601
vt 0.410104 0.950607
vt 0.417063 0.950249
vt 0.417063 0.968524
vt 0.410104 0.968883
vt 0.635330 0.939053
vt 0.649192 0.938918
vt 0.647262 0.956490
vt 0.635330 0.958702
vt 0.606612 0.942953
vt 0.606612 0.925290
vt 0.627897 0.923891
vt 0.627897 0.941555
vt 0.606882 0.960455
vt 0.624460 0.955162
vt 0.635638 0.923891
vt 0.642603 0.926619
vt 0.989218 0.897577
vt 0.988487 0.918713
vt 0.990292 0.952038
vt 0.990292 0.871130
vt 0.181090 0.943863
vt 0.181090 0.937913
vt 0.183630 0.936262
vt 0.183630 0.942211
vt 0.948763 0.634309
vt 0.946351 0.626367
vt 0.949374 0.626568
vt 0.951786 0.634510
vt 0.511641 0.839652
vt 0.511642 0.860375
vt 0.508395 0.860075
vt 0.508395 0.839352
vt 0.919550 0.173723
vt 0.919550 0.356376
vt 0.204315 0.470883
vt 0.242452 0.454138
vt 0.243569 0.491428
vt 0.215851 0.504697
vt 0.235429 0.567678
vt 0.244735 0.549507
vt 0.815299 0.567441
vt 0.812446 0.551687
vt 0.825398 0.544893
vt 0.798984 0.519038
vt 0.221419 0.566798
vt 0.810308 0.430493
vt 0.797119 0.453505
vt 0.234772 0.681591
vt 0.234367 0.699445
vt 0.230192 0.699333
vt 0.230552 0.681276
vt 0.233618 0.629301
vt 0.235177 0.663444
vt 0.230912 0.662929
vt 0.229272 0.629079
vt 0.782304 0.493621
vt 0.822983 0.406194
vt 0.823609 0.407753
vt 0.970515 0.868836
vt 0.966340 0.868975
vt 0.966340 0.848974
vt 0.237551 0.600889
vt 0.247033 0.600740
vt 0.327130 0.925484
vt 0.345170 0.923483
vt 0.961824 0.697497
vt 0.959160 0.590385
vt 0.966543 0.602675
vt 0.968772 0.692284
vt 0.958192 0.770103
vt 0.963010 0.741398
vt 0.969885 0.750990
vt 0.965855 0.775004
vt 0.958192 0.535892
vt 0.965733 0.557088
vt 0.960908 0.820483
vt 0.968651 0.820805
vt 0.379982 0.138671
vt 0.390815 0.108815
vt 0.183630 0.909732
vt 0.183630 0.936261
vt 0.181117 0.936223
vt 0.181117 0.909693
vt 0.966504 0.830502
vt 0.966340 0.821212
vt 0.968871 0.821408
vt 0.969034 0.830698
vt 0.658066 0.900919
vt 0.656160 0.912179
vt 0.653706 0.911939
vt 0.655612 0.900679
vt 0.291121 0.954379
vt 0.290621 0.904211
vt 0.292692 0.904179
vt 0.293201 0.956184
vt 0.263328 0.897523
vt 0.263467 0.908968
vt 0.261396 0.909044
vt 0.261252 0.896436
vt 0.264869 0.957662
vt 0.262875 0.960009
vt 0.291156 0.884551
vt 0.293201 0.882505
vt 0.281867 0.884513
vt 0.273459 0.890438
vt 0.272253 0.888706
vt 0.281196 0.882423
vt 0.656160 0.851437
vt 0.653706 0.851197
vt 0.957786 0.726965
vt 0.957598 0.777688
vt 0.955080 0.777959
vt 0.955267 0.727236
vt 0.966340 0.848778
vt 0.966458 0.838789
vt 0.968989 0.838984
vt 0.968871 0.848974
vt 0.957598 0.707116
vt 0.955080 0.707386
vt 0.962020 0.866496
vt 0.962020 0.823621
vt 0.963457 0.823933
vt 0.963457 0.866807
vt 0.659735 0.879601
vt 0.659735 0.908005
vt 0.658066 0.908024
vt 0.658066 0.879620
vt 0.659735 0.851197
vt 0.658066 0.851216
vt 0.966340 0.824227
vt 0.363210 0.921483
vt 0.768366 0.499583
vt 0.778071 0.487490
vt 0.786631 0.489596
vt 0.392633 0.950249
vt 0.407304 0.950615
vt 0.406162 0.958071
vt 0.392633 0.974457
vt 0.805889 0.431565
vt 0.793540 0.451501
vt 0.812141 0.430562
vt 0.798144 0.452398
vt 0.952333 0.653892
vt 0.953915 0.647288
vt 0.956986 0.647572
vt 0.955405 0.654175
vt 0.201318 0.952213
vt 0.201318 0.969921
vt 0.198488 0.971540
vt 0.198488 0.953833
vt 0.493298 0.924506
vt 0.507872 0.935533
vt 0.511022 0.943271
vt 0.489120 0.929496
vt 0.492926 0.918146
vt 0.488593 0.918502
vt 0.491983 0.893116
vt 0.487509 0.893014
vt 0.496624 0.877345
vt 0.492442 0.876235
vt 0.508606 0.867133
vt 0.511022 0.862363
vt 0.950230 0.679272
vt 0.953253 0.679472
vt 0.946351 0.694538
vt 0.949374 0.694739
vt 0.473451 0.950249
vt 0.473451 0.963161
vt 0.472173 0.963181
vt 0.472173 0.950269
vt 0.470942 0.963243
vt 0.470942 0.950330
vt 0.469806 0.963344
vt 0.469806 0.950432
vt 0.468809 0.963481
vt 0.468809 0.950568
vt 0.161060 0.963964
vt 0.161060 0.951721
vt 0.162088 0.951996
vt 0.162088 0.964238
vt 0.163247 0.952193
vt 0.163247 0.964435
vt 0.164491 0.952306
vt 0.164491 0.964548
vt 0.165773 0.952331
vt 0.165773 0.964573
vt 0.167044 0.952266
vt 0.167044 0.964508
vt 0.168255 0.952114
vt 0.168255 0.964356
vt 0.169359 0.951880
vt 0.169359 0.964122
vt 0.170315 0.951575
vt 0.170315 0.963817
vt 0.142579 0.964710
vt 0.142579 0.951613
vt 0.143626 0.951595
vt 0.143626 0.964692
vt 0.144798 0.951583
vt 0.144798 0.964679
vt 0.146050 0.951576
vt 0.146050 0.964673
vt 0.147334 0.951575
vt 0.147334 0.964672
vt 0.148600 0.951580
vt 0.148600 0.964677
vt 0.149799 0.951591
vt 0.149799 0.964688
vt 0.150887 0.951607
vt 0.150887 0.964704
vt 0.151820 0.951628
vt 0.151820 0.964725
vt 0.124105 0.964739
vt 0.124105 0.951657
vt 0.125157 0.951618
vt 0.125157 0.964701
vt 0.126332 0.951591
vt 0.126332 0.964673
vt 0.127585 0.951576
vt 0.127585 0.964659
vt 0.128869 0.951575
vt 0.128869 0.964657
vt 0.130134 0.951587
vt 0.130134 0.964669
vt 0.131331 0.951611
vt 0.131331 0.964693
vt 0.132414 0.951647
vt 0.132414 0.964730
vt 0.133342 0.951694
vt 0.133342 0.964776
vt 0.478072 0.950577
vt 0.478072 0.963489
vt 0.477084 0.963351
vt 0.477084 0.950439
vt 0.475955 0.963248
vt 0.475955 0.950335
vt 0.447553 0.950501
vt 0.448801 0.950249
vt 0.450073 0.950248
vt 0.451321 0.950498
vt 0.452496 0.950989
vt 0.453553 0.951701
vt 0.454453 0.952609
vt 0.455159 0.953676
vt 0.455646 0.954862
vt 0.455894 0.956121
vt 0.455894 0.957405
vt 0.455646 0.958665
vt 0.455159 0.959851
vt 0.454452 0.960919
vt 0.453553 0.961828
vt 0.452495 0.962542
vt 0.451320 0.963034
vt 0.450073 0.963286
vt 0.448801 0.963287
vt 0.447553 0.963037
vt 0.446378 0.962546
vt 0.445320 0.961834
vt 0.444421 0.960926
vt 0.443714 0.959859
vt 0.443228 0.958673
vt 0.442979 0.957414
vt 0.442979 0.956130
vt 0.443228 0.954870
vt 0.443714 0.953684
vt 0.444421 0.952616
vt 0.445321 0.951707
vt 0.446378 0.950993
vt 0.474729 0.963183
vt 0.474729 0.950271
vt 0.430271 0.954866
vt 0.430759 0.953679
vt 0.431468 0.952612
vt 0.432371 0.951704
vt 0.433432 0.950990
vt 0.434612 0.950499
vt 0.435863 0.950249
vt 0.437140 0.950249
vt 0.438391 0.950499
vt 0.439570 0.950991
vt 0.440631 0.951704
vt 0.441534 0.952612
vt 0.442243 0.953680
vt 0.442731 0.954866
vt 0.442979 0.956125
vt 0.442979 0.957410
vt 0.442730 0.958669
vt 0.442241 0.959855
vt 0.441532 0.960923
vt 0.440630 0.961831
vt 0.439568 0.962544
vt 0.438389 0.963036
vt 0.437137 0.963286
vt 0.435861 0.963286
vt 0.434609 0.963035
vt 0.433430 0.962544
vt 0.432369 0.961831
vt 0.431467 0.960923
vt 0.430758 0.959855
vt 0.430270 0.958669
vt 0.430021 0.957409
vt 0.430021 0.956125
vt 0.482715 0.950249
vt 0.482715 0.963161
vt 0.481436 0.963181
vt 0.481436 0.950269
vt 0.480205 0.963243
vt 0.480205 0.950330
vt 0.479069 0.963344
vt 0.479069 0.950432
vt 0.478072 0.963480
vt 0.478072 0.950568
vt 0.183630 0.964602
vt 0.183630 0.952360
vt 0.184658 0.952634
vt 0.184658 0.964876
vt 0.185816 0.952832
vt 0.185816 0.965074
vt 0.187060 0.952945
vt 0.187060 0.965187
vt 0.188342 0.952969
vt 0.188342 0.965211
vt 0.189613 0.952904
vt 0.189613 0.965146
vt 0.190824 0.952752
vt 0.190824 0.964994
vt 0.191929 0.952519
vt 0.191929 0.964761
vt 0.192884 0.952214
vt 0.192884 0.964456
vt 0.151820 0.964709
vt 0.151820 0.951612
vt 0.152867 0.951595
vt 0.152867 0.964692
vt 0.154039 0.951582
vt 0.154039 0.964679
vt 0.155291 0.951576
vt 0.155291 0.964672
vt 0.156574 0.951575
vt 0.156574 0.964671
vt 0.157840 0.951580
vt 0.157840 0.964677
vt 0.159040 0.951591
vt 0.159040 0.964687
vt 0.160127 0.951607
vt 0.160127 0.964704
vt 0.161061 0.951628
vt 0.161061 0.964725
vt 0.133342 0.964739
vt 0.133342 0.951657
vt 0.134394 0.951618
vt 0.134394 0.964700
vt 0.135569 0.951591
vt 0.135569 0.964673
vt 0.136822 0.951576
vt 0.136822 0.964659
vt 0.138106 0.951575
vt 0.138106 0.964657
vt 0.139371 0.951586
vt 0.139371 0.964669
vt 0.140568 0.951611
vt 0.140568 0.964693
vt 0.141651 0.951647
vt 0.141651 0.964729
vt 0.142579 0.951693
vt 0.142579 0.964776
vt 0.487336 0.950577
vt 0.487336 0.963489
vt 0.486348 0.963351
vt 0.486348 0.950438
vt 0.485219 0.963247
vt 0.485219 0.950335
vt 0.460468 0.950501
vt 0.461716 0.950249
vt 0.462988 0.950249
vt 0.464235 0.950498
vt 0.465410 0.950989
vt 0.466468 0.951702
vt 0.467367 0.952609
vt 0.468074 0.953676
vt 0.468561 0.954862
vt 0.468809 0.956121
vt 0.468809 0.957405
vt 0.468561 0.958665
vt 0.468074 0.959852
vt 0.467367 0.960920
vt 0.466468 0.961828
vt 0.465410 0.962542
vt 0.464235 0.963035
vt 0.462987 0.963286
vt 0.461715 0.963287
vt 0.460468 0.963037
vt 0.459293 0.962546
vt 0.458235 0.961834
vt 0.457336 0.960926
vt 0.456629 0.959859
vt 0.456142 0.958673
vt 0.455894 0.957414
vt 0.455894 0.956130
vt 0.456142 0.954871
vt 0.456629 0.953684
vt 0.457336 0.952616
vt 0.458235 0.951707
vt 0.459293 0.950993
vt 0.483992 0.963183
vt 0.483992 0.950271
vt 0.417312 0.954867
vt 0.417800 0.953681
vt 0.418510 0.952613
vt 0.419412 0.951705
vt 0.420473 0.950991
vt 0.421652 0.950499
vt 0.422904 0.950249
vt 0.424180 0.950249
vt 0.425432 0.950499
vt 0.426611 0.950990
vt 0.427672 0.951703
vt 0.428575 0.952611
vt 0.429284 0.953679
vt 0.429772 0.954865
vt 0.430021 0.956124
vt 0.430021 0.957408
vt 0.429772 0.958668
vt 0.429284 0.959854
vt 0.428575 0.960922
vt 0.427672 0.961830
vt 0.426611 0.962544
vt 0.425432 0.963035
vt 0.424180 0.963286
vt 0.422904 0.963286
vt 0.421652 0.963036
vt 0.420473 0.962545
vt 0.419412 0.961831
vt 0.418510 0.960924
vt 0.417800 0.959856
vt 0.417312 0.958670
vt 0.417063 0.957410
vt 0.417063 0.956126
vt 0.187556 0.403981
vt 0.244858 0.388988
vt 0.185593 0.363733
vt 0.246017 0.353814
vt 0.197700 0.233987
vt 0.249492 0.248295
vt 0.247175 0.318641
vt 0.183630 0.323485
vt 0.223264 0.170144
vt 0.251810 0.177948
vt 0.254127 0.107602
vt 0.183112 0.576814
vt 0.119851 0.571663
vt 0.087566 0.563796
vt 0.054912 0.540672
vt 0.084591 0.063070
vt 0.064499 0.092336
s 1
usemtl Material.002
f 705/490/705 586/491/706 583/492/707 703/493/708
f 702/494/709 581/495/710 585/496/711 704/497/712
f 1006/498/713 1002/499/714 586/491/706 705/490/705
f 1001/500/715 1003/501/716 591/502/717 587/503/718
f 580/504/719 588/505/720 590/506/721 584/507/722
f 587/503/718 591/502/717 589/508/723 582/509/724
f 642/510/725 643/511/726 640/512/727 638/513/727
f 653/514/728 650/515/729 661/516/729 662/517/730
f 644/518/731 654/519/732 652/520/733 645/521/734 643/511/726 642/510/725
f 647/522/735 655/523/736 649/524/736 639/525/737 641/526/738
f 650/527/739 644/518/731 642/510/725
f 652/520/733 651/528/740 646/529/740 645/521/734
f 648/530/741 656/531/742 647/522/735 641/526/738
f 660/532/743 662/533/743 661/534/743 659/535/743 657/536/744 658/524/744
f 642/537/745 638/538/746 657/539/746 659/540/745
f 650/541/747 642/542/747 659/543/747 661/544/747
f 649/545/748 653/546/728 662/547/730 660/548/748
f 639/549/749 649/550/750 660/551/750 658/552/749
f 637/553/751 664/554/751 714/555/752 713/556/752
f 710/557/753 673/558/754 672/559/754 709/560/755
f 676/561/756 674/562/757 671/563/758 675/564/759
f 678/565/760 675/564/759 671/563/758 677/566/760
f 680/567/761 773/568/762 682/569/763 683/570/761
f 772/571/764 775/572/765 677/566/766 712/573/767
f 677/566/766 775/572/765 774/574/768 771/575/769 678/565/770
f 616/576/771 770/577/771 685/578/771 686/579/771
f 600/580/771 616/576/771 686/579/771 684/581/771
f 680/582/772 685/583/772 770/584/773 773/585/773
f 598/586/774 599/587/775 782/588/775 784/589/776
f 611/590/777 618/591/777 779/592/777 788/593/777
f 679/594/778 601/595/778 787/596/778 785/597/778
f 695/598/779 692/599/780 693/600/781 697/601/782
f 687/602/783 694/603/784 696/604/785 689/605/786
f 694/603/784 695/598/779 697/601/782 696/604/785
f 691/606/787 695/598/779 694/603/784 690/607/788
f 687/602/783 688/608/789 690/607/788 694/603/784
f 692/599/780 695/598/779 691/606/787
f 1003/501/716 1006/498/713 705/490/705 591/502/717
f 588/505/720 702/494/709 704/497/712 590/506/721
f 591/502/717 705/490/705 703/493/708 589/508/723
f 618/609/790 766/610/791 786/611/791 779/612/790
f 773/568/762 772/613/764 712/614/767 682/569/763
f 674/562/757 710/557/753 709/560/755 671/563/758
f 716/615/792 858/616/793 722/617/794 719/618/795 717/619/796
f 721/620/797 858/616/793 716/615/792 718/621/797
f 719/618/795 720/622/798 717/619/796
f 857/623/799 855/624/799 748/625/799 749/626/799
f 739/627/800 740/628/801 744/629/802 741/630/803 742/631/804
f 743/632/805 745/633/805 740/628/801 739/627/800
f 742/631/804 741/630/803 746/634/806
f 748/635/807 752/636/808 749/637/809
f 747/638/810 751/639/810 750/640/810 752/636/808 748/635/807
f 754/641/811 761/642/811 759/643/812 760/644/813 753/645/811
f 756/646/814 762/647/815 763/648/815 755/649/816
f 757/650/817 756/646/814 755/649/816 758/651/817
f 759/643/812 765/652/818 764/653/818 760/644/813
f 599/654/819 611/590/819 788/593/819 782/655/819
f 766/610/791 681/656/820 777/657/821 786/611/791
f 681/656/820 711/658/822 781/659/823 777/657/821
f 601/660/824 706/661/825 783/662/825 787/663/824
f 599/664/826 598/665/827 768/666/828 767/667/829
f 706/668/830 601/669/831 770/670/831 769/671/832
f 679/672/833 711/658/834 772/613/764 773/568/762
f 681/656/835 766/610/836 774/673/768 775/674/765
f 601/669/831 679/675/833 773/676/762 770/670/831
f 598/665/827 706/677/830 769/678/832 768/666/828
f 711/658/834 681/656/835 775/674/765 772/613/764
f 766/610/836 618/609/837 771/679/769 774/673/768
f 706/661/825 598/586/774 784/589/776 783/662/825
f 711/658/822 679/672/838 785/680/838 781/659/823
f 689/681/839 696/682/840 818/683/840 816/684/839
f 606/685/841 634/686/841 813/687/841 798/688/841
f 629/689/842 632/690/843 811/691/843 808/692/844
f 696/682/840 697/693/845 819/694/845 818/683/840
f 635/695/846 636/696/847 815/697/848 814/698/846
f 605/699/849 606/685/849 798/688/849 797/700/849
f 693/701/850 629/689/842 808/692/844 817/702/851
f 630/703/852 633/704/853 812/705/853 809/706/854
f 620/707/855 622/708/856 805/709/856 804/710/855
f 634/711/857 635/712/857 814/713/857 813/714/857
f 613/715/858 617/716/858 802/717/858 800/718/858
f 999/719/859 624/720/859 806/721/859 1000/722/859
f 697/693/845 693/701/850 817/702/851 819/694/845
f 617/716/860 612/723/861 799/724/862 802/717/860
f 820/725/863 605/699/864 797/700/864 821/726/865
f 614/727/866 613/728/866 800/691/866 801/729/866
f 631/730/867 630/703/852 809/706/854 810/731/867
f 632/732/868 631/730/867 810/731/867 811/733/868
f 622/708/856 625/734/869 807/735/869 805/709/856
f 619/736/870 620/737/871 804/738/871 803/739/872
f 612/723/861 619/736/870 803/739/872 799/724/862
f 667/740/873 708/741/874 669/742/875 670/743/876 614/744/877 801/745/878 668/746/878
f 663/747/879 815/697/848 636/696/847 715/748/880 666/749/880 665/750/880
f 633/751/881 820/725/863 821/726/865 812/752/881
f 826/753/882 827/754/882 825/755/882 824/756/882
f 837/757/883 834/758/883 823/759/883 822/760/883
f 836/761/884 837/762/884 822/763/884 828/764/884
f 834/765/885 835/766/886 829/767/887 823/768/888
f 822/769/889 823/770/889 829/771/889 828/772/889
f 825/773/890 827/774/890 832/775/891 831/776/891
f 826/777/884 824/778/884 830/779/884 833/780/884
f 824/781/883 825/782/883 831/783/883 830/784/883
f 839/785/892 840/786/892 835/766/886 834/765/885
f 841/787/884 838/788/884 837/762/884 836/761/884
f 838/789/883 839/790/883 834/758/883 837/757/883
f 830/784/883 831/783/883 839/790/883 838/789/883
f 833/780/884 830/779/884 838/788/884 841/787/884
f 831/776/891 832/775/891 840/786/892 839/785/892
f 852/791/893 842/792/894 843/793/894 851/794/895
f 848/795/896 845/796/896 844/797/896 849/798/896
f 850/799/897 847/800/898 842/801/899 852/802/900
f 846/803/901 843/804/901 842/805/901 847/806/901
f 845/807/902 846/803/902 847/806/902 844/808/902
f 849/809/903 844/810/904 847/800/898 850/799/897
f 716/615/905 717/619/906 854/811/907 853/812/908
f 718/621/909 716/615/905 853/812/908 855/813/909
f 717/619/906 720/622/910 856/814/910 854/811/907
f 856/815/911 720/816/912 870/817/913 864/818/911
f 718/819/914 855/820/915 859/821/915 865/822/916
f 855/823/917 857/824/917 860/825/917 859/826/917
f 625/827/859 999/719/859 1000/722/859 807/828/859
f 590/506/721 704/497/712 1006/498/713 1003/501/716
f 584/507/722 590/506/721 1003/501/716 1001/500/715
f 704/497/712 585/496/711 1002/499/714 1006/498/713
f 593/829/918 698/830/918 1009/831/918 1008/832/918
f 1007/833/919 1008/832/919 1009/831/919 1010/834/919
f 1010/835/920 1012/836/921 1007/837/922
f 1012/836/921 1011/838/923 1007/837/922
f 597/839/924 593/829/924 1008/832/924 1007/833/924
f 1019/840/925 1018/841/926 768/666/926 769/678/927
f 1019/842/928 1020/843/929 1016/844/929 1015/845/930
f 1017/846/931 1018/847/931 1014/848/931 1013/849/931
f 767/667/932 768/666/932 1018/841/932 1017/850/932
f 769/678/927 770/851/933 1020/852/933 1019/840/925
f 1015/845/930 1014/848/934 1018/847/934 1019/842/928
f 1016/853/935 1020/854/935 600/855/935
f 1013/849/936 597/839/936 615/856/936 1017/846/936
f 1011/857/937 615/856/937 597/839/937 1007/833/937
f 1125/490/938 1123/493/939 1022/492/940 1024/491/941
f 1122/494/942 1124/497/943 1023/496/944 1021/495/945
f 1388/498/946 1125/490/938 1024/491/941 1384/499/947
f 1001/500/715 587/503/718 1028/502/948 1385/501/949
f 580/504/719 584/507/722 1027/506/950 1025/505/951
f 587/503/718 582/509/724 1026/508/952 1028/502/948
f 1074/510/953 638/513/727 640/512/727 1075/511/954
f 1084/514/955 1091/517/956 1090/516/957 1081/515/957
f 1076/518/958 1074/510/953 1075/511/954 1077/521/959 1083/520/960 1085/519/961
f 1079/522/962 641/526/738 639/525/737 1080/524/963 1086/523/963
f 1081/527/964 1074/510/953 1076/518/958
f 1083/520/960 1077/521/959 1078/529/965 1082/528/965
f 648/530/741 641/526/738 1079/522/962 1087/531/966
f 1089/532/967 658/524/744 657/536/744 1088/535/967 1090/534/967 1091/533/967
f 1074/537/968 1088/540/968 657/539/746 638/538/746
f 1081/541/969 1090/544/969 1088/543/969 1074/542/969
f 1080/545/970 1089/548/970 1091/547/956 1084/546/955
f 639/549/749 658/552/749 1089/551/971 1080/550/971
f 637/553/751 1133/556/972 1134/555/972 664/554/751
f 1130/557/973 1129/560/974 1098/559/975 1099/558/975
f 1102/561/976 1101/564/977 1097/563/978 1100/562/979
f 1104/565/980 1103/566/980 1097/563/978 1101/564/977
f 680/567/761 683/570/761 1107/569/981 1191/568/982
f 1190/571/983 1132/573/984 1103/566/985 1193/572/986
f 1103/566/985 1104/565/987 1189/575/988 1192/574/989 1193/572/986
f 1053/576/771 686/579/771 685/578/771 1188/577/771
f 1037/580/771 684/581/771 686/579/771 1053/576/771
f 680/582/772 1191/585/990 1188/584/990 685/583/772
f 1035/586/991 1202/589/992 1200/588/993 1036/587/993
f 1048/590/994 1206/593/994 1197/592/994 1055/591/994
f 1105/594/995 1203/597/995 1205/596/995 1038/595/995
f 1116/598/996 1118/601/997 1114/600/998 1113/599/999
f 1108/602/1000 1110/605/1001 1117/604/1002 1115/603/1003
f 1115/603/1003 1117/604/1002 1118/601/997 1116/598/996
f 1112/606/1004 1111/607/1005 1115/603/1003 1116/598/996
f 1108/602/1000 1115/603/1003 1111/607/1005 1109/608/1006
f 1113/599/999 1112/606/1004 1116/598/996
f 1385/501/949 1028/502/948 1125/490/938 1388/498/946
f 1025/505/951 1027/506/950 1124/497/943 1122/494/942
f 1028/502/948 1026/508/952 1123/493/939 1125/490/938
f 1055/609/1007 1197/612/1007 1204/611/1008 1184/610/1008
f 1191/568/982 1107/569/981 1132/614/984 1190/613/983
f 1100/562/979 1097/563/978 1129/560/974 1130/557/973
f 1136/615/1009 1137/619/1010 1139/618/1011 1142/617/1012 1242/616/1013
f 1141/620/1014 1138/621/1014 1136/615/1009 1242/616/1013
f 1139/618/1011 1137/619/1010 1140/622/1015
f 1241/623/1016 1169/626/1016 1168/625/1016 1239/624/1016
f 1159/627/1017 1162/631/1018 1161/630/1019 1164/629/1020 1160/628/1021
f 1163/632/1022 1159/627/1017 1160/628/1021 1165/633/1022
f 1162/631/1018 1166/634/1023 1161/630/1019
f 1168/635/1024 1169/637/1025 1172/636/1026
f 1167/638/1027 1168/635/1024 1172/636/1026 1170/640/1027 1171/639/1027
f 1174/641/1028 1173/645/1028 1178/644/1029 1177/643/1030 1179/642/1028
f 1176/646/1031 1175/649/1032 1181/648/1033 1180/647/1033
f 757/650/1034 758/651/1034 1175/649/1032 1176/646/1031
f 1177/643/1030 1178/644/1029 1182/653/1035 1183/652/1035
f 1036/654/1036 1200/655/1036 1206/593/1036 1048/590/1036
f 1184/610/1008 1204/611/1008 1195/657/1037 1106/656/1038
f 1106/656/1038 1195/657/1037 1199/659/1039 1131/658/1040
f 1038/660/1041 1205/663/1041 1201/662/1042 1126/661/1042
f 1036/664/1043 1185/667/1044 1186/666/1045 1035/665/1046
f 1126/668/1047 1187/671/1048 1188/670/1049 1038/669/1049
f 1105/672/1050 1191/568/982 1190/613/983 1131/658/1051
f 1106/656/1052 1193/674/986 1192/673/989 1184/610/1053
f 1038/669/1049 1188/670/1049 1191/676/982 1105/675/1050
f 1035/665/1046 1186/666/1045 1187/678/1048 1126/677/1047
f 1131/658/1051 1190/613/983 1193/674/986 1106/656/1052
f 1184/610/1053 1192/673/989 1189/679/988 1055/609/1054
f 1126/661/1042 1201/662/1042 1202/589/992 1035/586/991
f 1131/658/1040 1199/659/1039 1203/680/1055 1105/672/1055
f 1110/681/839 816/684/839 818/683/840 1117/682/840
f 1043/685/841 798/688/841 813/687/841 1071/686/841
f 1066/689/842 808/692/844 811/691/843 1069/690/843
f 1117/682/840 818/683/840 819/694/845 1118/693/845
f 1072/695/846 814/698/846 815/697/848 1073/696/1056
f 1042/699/849 797/700/849 798/688/849 1043/685/849
f 1114/701/850 817/702/851 808/692/844 1066/689/842
f 1067/703/852 809/706/854 812/705/853 1070/704/853
f 1057/707/855 804/710/855 805/709/856 1059/708/856
f 1071/711/857 813/714/857 814/713/857 1072/712/857
f 1050/715/858 800/718/858 802/717/858 1054/716/858
f 1383/719/859 1000/722/859 806/721/859 1061/720/859
f 1118/693/845 819/694/845 817/702/851 1114/701/850
f 1054/716/860 802/717/860 799/724/862 1049/723/861
f 1215/725/863 821/726/865 797/700/864 1042/699/864
f 1051/727/866 801/729/866 800/691/866 1050/728/866
f 1068/730/867 810/731/867 809/706/854 1067/703/852
f 1069/732/868 811/733/868 810/731/867 1068/730/867
f 1059/708/856 805/709/856 807/735/869 1062/734/869
f 1056/736/870 803/739/872 804/738/871 1057/737/871
f 1049/723/861 799/724/862 803/739/872 1056/736/870
f 1094/740/1057 668/746/878 801/745/878 1051/744/1058 1096/743/1059 1095/742/1060 1128/741/1061
f 663/747/879 1092/750/1062 1093/749/1062 1135/748/1062 1073/696/1056 815/697/848
f 1070/751/881 812/752/881 821/726/865 1215/725/863
f 826/753/882 1218/756/882 1219/755/882 827/754/882
f 1223/757/1063 1216/760/1063 1217/759/1063 1222/758/1063
f 836/761/884 828/764/884 1216/763/884 1223/762/884
f 1222/765/1064 1217/768/1065 829/767/887 835/766/886
f 1216/769/889 828/772/889 829/771/889 1217/770/889
f 1219/773/890 1221/776/891 832/775/891 827/774/890
f 826/777/884 833/780/884 1220/779/884 1218/778/884
f 1218/781/1063 1220/784/1063 1221/783/1063 1219/782/1063
f 1225/785/892 1222/765/1064 835/766/886 840/786/892
f 841/787/884 836/761/884 1223/762/884 1224/788/884
f 1224/789/1063 1223/757/1063 1222/758/1063 1225/790/1063
f 1220/784/1063 1224/789/1063 1225/790/1063 1221/783/1063
f 833/780/884 841/787/884 1224/788/884 1220/779/884
f 1221/776/891 1225/785/892 840/786/892 832/775/891
f 1236/791/1066 1235/794/1067 1227/793/1068 1226/792/1068
f 1232/795/1069 1233/798/1069 1228/797/1069 1229/796/1069
f 1234/799/1070 1236/802/1071 1226/801/1072 1231/800/1073
f 1230/803/1074 1231/806/1074 1226/805/1074 1227/804/1074
f 1229/807/1075 1228/808/1075 1231/806/1075 1230/803/1075
f 1233/809/1076 1234/799/1070 1231/800/1073 1228/810/1077
f 1136/615/1078 1237/812/1079 1238/811/1080 1137/619/1081
f 1138/621/1082 1239/813/1082 1237/812/1079 1136/615/1078
f 1137/619/1081 1238/811/1080 1240/814/1083 1140/622/1083
f 1240/815/1084 1248/818/1084 1254/817/1085 1140/816/1086
f 1138/819/1087 1249/822/1088 1243/821/1089 1239/820/1089
f 1239/823/1090 1243/826/1090 1244/825/1090 1241/824/1090
f 1062/827/859 807/828/859 1000/722/859 1383/719/859
f 1027/506/950 1385/501/949 1388/498/946 1124/497/943
f 584/507/722 1001/500/715 1385/501/949 1027/506/950
f 1124/497/943 1388/498/946 1384/499/947 1023/496/944
f 1030/829/1091 1390/832/1091 1391/831/1091 1119/830/1091
f 1389/833/1092 1392/834/1092 1391/831/1092 1390/832/1092
f 1392/835/1093 1389/837/1094 1394/836/1095
f 1394/836/1095 1389/837/1094 1393/838/1096
f 1034/839/1097 1389/833/1097 1390/832/1097 1030/829/1097
f 1401/840/1098 1187/678/1099 1186/666/1100 1400/841/1100
f 1401/842/1101 1397/845/1102 1398/844/1103 1402/843/1103
f 1399/846/1104 1395/849/1104 1396/848/1104 1400/847/1104
f 1185/667/1105 1399/850/1105 1400/841/1105 1186/666/1105
f 1187/678/1099 1401/840/1098 1402/852/1106 1188/851/1106
f 1397/845/1102 1401/842/1101 1400/847/1107 1396/848/1107
f 1398/853/1108 1037/855/1108 1402/854/1108
f 1395/849/1109 1399/846/1109 1052/856/1109 1034/839/1109
f 1393/857/1110 1389/833/1110 1034/839/1110 1052/856/1110
usemtl Material.003
f 709/560/1111 672/559/1111 794/858/1111 793/859/1111
f 626/860/1112 627/861/1113 691/862/1114 690/863/1112
f 621/864/1115 623/865/1116 688/866/1116 687/867/1117
f 627/861/1113 628/868/1118 692/869/1119 691/862/1114
f 624/870/1120 621/864/1115 687/867/1117 689/871/1120
f 628/872/1118 629/873/1121 693/600/1121 692/599/1119
f 623/865/1122 626/860/1122 690/863/1122 688/866/1122
f 723/874/1123 727/875/1123 745/876/1123 743/877/1123
f 730/878/1124 728/879/1124 742/880/1124 746/881/1124
f 726/882/1125 725/883/1126 744/884/1126 740/885/1127
f 723/886/1128 724/887/1129 732/888/1130 731/889/1128
f 725/890/1131 726/891/1132 734/892/1133 733/893/1131
f 726/891/1132 727/894/1134 735/895/1135 734/892/1133
f 724/887/1129 728/896/1136 736/897/1137 732/888/1130
f 727/894/1134 723/886/1128 731/889/1128 735/895/1135
f 730/898/1138 729/899/1139 737/900/1139 738/901/1140
f 728/896/1136 730/898/1138 738/901/1140 736/897/1137
f 729/899/1139 725/890/1131 733/893/1131 737/900/1139
f 727/902/1141 726/882/1125 740/885/1127 745/903/1141
f 724/904/1142 723/905/1143 743/906/1143 739/907/1144
f 725/908/1145 729/909/1146 741/910/1147 744/911/1145
f 729/909/1146 730/878/1148 746/881/1148 741/910/1147
f 728/912/1149 724/904/1142 739/907/1144 742/913/1149
f 791/914/1150 792/915/1150 796/916/1150 795/917/1150
f 789/918/1151 791/919/1151 795/920/1151 793/921/1151
f 790/922/1151 789/918/1151 793/921/1151 794/923/1151
f 677/924/1152 671/854/1152 795/917/1152 796/916/1152
f 671/563/1111 709/560/1111 793/859/1111 795/925/1111
f 1129/560/1153 1211/859/1153 1212/858/1153 1098/559/1153
f 1063/860/1154 1111/863/1154 1112/862/1155 1064/861/1156
f 1058/864/1157 1108/867/1158 1109/866/1159 1060/865/1159
f 1064/861/1156 1112/862/1155 1113/869/1160 1065/868/1161
f 1061/870/1162 1110/871/1162 1108/867/1158 1058/864/1157
f 1065/872/1161 1113/599/1160 1114/600/1163 1066/873/1163
f 1060/865/1164 1109/866/1164 1111/863/1164 1063/860/1164
f 1143/874/1165 1163/877/1165 1165/876/1165 1147/875/1165
f 1150/878/1166 1166/881/1166 1162/880/1166 1148/879/1166
f 1146/882/1167 1160/885/1168 1164/884/1169 1145/883/1169
f 1143/886/1170 1151/889/1170 1152/888/1171 1144/887/1172
f 1145/890/1173 1153/893/1173 1154/892/1174 1146/891/1175
f 1146/891/1175 1154/892/1174 1155/895/1176 1147/894/1177
f 1144/887/1172 1152/888/1171 1156/897/1178 1148/896/1179
f 1147/894/1177 1155/895/1176 1151/889/1170 1143/886/1170
f 1150/898/1180 1158/901/1181 1157/900/1182 1149/899/1182
f 1148/896/1179 1156/897/1178 1158/901/1181 1150/898/1180
f 1149/899/1182 1157/900/1182 1153/893/1173 1145/890/1173
f 1147/902/1183 1165/903/1183 1160/885/1168 1146/882/1167
f 1144/904/1184 1159/907/1185 1163/906/1186 1143/905/1186
f 1145/908/1187 1164/911/1187 1161/910/1188 1149/909/1189
f 1149/909/1189 1161/910/1188 1166/881/1190 1150/878/1190
f 1148/912/1191 1162/913/1191 1159/907/1185 1144/904/1184
f 1209/914/1192 1213/917/1192 1214/916/1192 1210/915/1192
f 1207/918/1193 1211/921/1193 1213/920/1193 1209/919/1193
f 1208/922/1193 1212/923/1193 1211/921/1193 1207/918/1193
f 1103/924/1194 1214/916/1194 1213/917/1194 1097/854/1194
f 1097/563/1153 1213/925/1153 1211/859/1153 1129/560/1153
usemtl Material.004
f 788/926/1195 779/612/1196 778/927/1197 782/928/1198
f 787/929/1199 783/930/1200 780/931/1201 785/932/1202
f 785/680/1202 780/933/1201 781/659/1203
f 776/934/1204 778/927/1197 786/611/1205 777/657/1206
f 786/611/1205 778/927/1197 779/612/1196
f 780/933/1201 776/934/1204 777/657/1206 781/659/1203
f 1206/926/1207 1200/928/1208 1196/927/1209 1197/612/1210
f 1205/929/1211 1203/932/1212 1198/931/1213 1201/930/1214
f 1203/680/1212 1199/659/1215 1198/933/1213
f 1194/934/1216 1195/657/1217 1204/611/1218 1196/927/1209
f 1204/611/1218 1197/612/1210 1196/927/1209
f 1198/933/1213 1199/659/1215 1195/657/1217 1194/934/1216
usemtl Material.005
f 783/935/1200 784/936/1219 776/934/1204 780/933/1201
f 784/936/1219 782/928/1198 778/927/1197 776/934/1204
f 858/937/1220 721/938/1221 866/939/1221 867/940/1222
f 720/941/912 719/942/1223 869/943/1223 870/944/913
f 866/945/1224 865/946/1225 859/947/1225 860/948/1226
f 867/949/1227 866/945/1224 860/948/1226 861/950/1228
f 868/951/1229 867/949/1227 861/950/1228 862/952/1230
f 869/953/1231 868/951/1229 862/952/1230 863/954/1232
f 870/955/1233 869/953/1231 863/954/1232 864/956/1233
f 722/957/1234 858/937/1220 867/940/1222 868/958/1235
f 719/959/1236 722/957/1234 868/958/1235 869/960/1236
f 721/938/1237 718/819/914 865/822/916 866/939/1237
f 871/961/1238 872/962/1238 874/963/1239 873/964/1239
f 873/964/1239 874/963/1239 876/965/1240 875/966/1240
f 875/966/1240 876/965/1240 878/967/1241 877/968/1241
f 877/968/1241 878/967/1241 880/969/1242 879/970/1242
f 879/971/1242 880/972/1242 882/973/1243 881/974/1243
f 881/974/1243 882/973/1243 884/975/1244 883/976/1244
f 883/976/1244 884/975/1244 886/977/1245 885/978/1245
f 885/978/1245 886/977/1245 888/979/1246 887/980/1246
f 887/980/1246 888/979/1246 890/981/1247 889/982/1247
f 889/982/1247 890/981/1247 892/983/1248 891/984/1249
f 891/984/1249 892/983/1248 894/985/1250 893/986/1250
f 893/986/1250 894/985/1250 896/987/1251 895/988/1251
f 895/989/1251 896/990/1251 898/991/1252 897/992/1252
f 897/992/1252 898/991/1252 900/993/1253 899/994/1253
f 899/994/1253 900/993/1253 902/995/1254 901/996/1254
f 901/996/1254 902/995/1254 904/997/1255 903/998/1255
f 903/998/1255 904/997/1255 906/999/1256 905/1000/1256
f 905/1000/1256 906/999/1256 908/1001/1257 907/1002/1257
f 907/1002/1257 908/1001/1257 910/1003/1258 909/1004/1258
f 909/1004/1258 910/1003/1258 912/1005/1259 911/1006/1260
f 911/1007/1260 912/1008/1259 914/1009/1261 913/1010/1261
f 913/1010/1261 914/1009/1261 916/1011/1262 915/1012/1263
f 915/1012/1263 916/1011/1262 918/1013/1264 917/1014/1264
f 917/1014/1264 918/1013/1264 920/1015/1265 919/1016/1265
f 919/1016/1265 920/1015/1265 922/1017/1266 921/1018/1266
f 921/1018/1266 922/1017/1266 924/1019/1267 923/1020/1267
f 923/1020/1267 924/1019/1267 926/1021/1268 925/1022/1268
f 925/1022/1268 926/1021/1268 928/1023/1269 927/1024/1269
f 927/1025/1269 928/1026/1269 930/1027/1270 929/1028/1271
f 929/1028/1271 930/1027/1270 932/1029/1272 931/1030/1272
f 874/1031/1273 872/1032/1273 934/1033/1273 932/1034/1273 930/1035/1273 928/1036/1273 926/1037/1273 924/1038/1273 922/1039/1273 920/1040/1273 918/1041/1273 916/1042/1273 914/1043/1273 912/1044/1273 910/1045/1273 908/1046/1273 906/1047/1273 904/1048/1273 902/1049/1273 900/1050/1273 898/1051/1273 896/1052/1273 894/1053/1273 892/1054/1273 890/1055/1273 888/1056/1273 886/1057/1273 884/1058/1273 882/1059/1273 880/1060/1273 878/1061/1273 876/1062/1273
f 931/1030/1272 932/1029/1272 934/1063/1274 933/1064/1274
f 933/1064/1274 934/1063/1274 872/962/1238 871/961/1238
f 871/1065/1275 873/1066/1275 875/1067/1275 877/1068/1275 879/1069/1275 881/1070/1275 883/1071/1275 885/1072/1275 887/1073/1275 889/1074/1275 891/1075/1275 893/1076/1275 895/1077/1275 897/1078/1275 899/1079/1275 901/1080/1275 903/1081/1275 905/1082/1275 907/1083/1275 909/1084/1275 911/1085/1275 913/1086/1275 915/1087/1275 917/1088/1275 919/1089/1275 921/1090/1275 923/1091/1275 925/1092/1275 927/1093/1275 929/1094/1275 931/1095/1275 933/1096/1275
f 935/1097/1238 936/1098/1238 938/1099/1276 937/1100/1276
f 937/1100/1276 938/1099/1276 940/1101/1240 939/1102/1240
f 939/1102/1240 940/1101/1240 942/1103/1277 941/1104/1277
f 941/1104/1277 942/1103/1277 944/1105/1278 943/1106/1278
f 943/1107/1278 944/1108/1278 946/1109/1279 945/1110/1279
f 945/1110/1279 946/1109/1279 948/1111/1244 947/1112/1244
f 947/1112/1244 948/1111/1244 950/1113/1245 949/1114/1245
f 949/1114/1245 950/1113/1245 952/1115/1280 951/1116/1280
f 951/1116/1280 952/1115/1280 954/1117/1247 953/1118/1247
f 953/1118/1247 954/1117/1247 956/1119/1281 955/1120/1281
f 955/1120/1281 956/1119/1281 958/1121/1282 957/1122/1282
f 957/1122/1282 958/1121/1282 960/1123/1283 959/1124/1283
f 959/1125/1283 960/1126/1283 962/1127/1284 961/1128/1284
f 961/1128/1284 962/1127/1284 964/1129/1285 963/1130/1285
f 963/1130/1285 964/1129/1285 966/1131/1254 965/1132/1254
f 965/1132/1254 966/1131/1254 968/1133/1255 967/1134/1255
f 967/1134/1255 968/1133/1255 970/1135/1286 969/1136/1286
f 969/1136/1286 970/1135/1286 972/1137/1257 971/1138/1257
f 971/1138/1257 972/1137/1257 974/1139/1287 973/1140/1287
f 973/1140/1287 974/1139/1287 976/1141/1259 975/1142/1259
f 975/1143/1259 976/1144/1259 978/1145/1288 977/1146/1288
f 977/1146/1288 978/1145/1288 980/1147/1263 979/1148/1263
f 979/1148/1263 980/1147/1263 982/1149/1264 981/1150/1264
f 981/1150/1264 982/1149/1264 984/1151/1289 983/1152/1289
f 983/1152/1289 984/1151/1289 986/1153/1266 985/1154/1266
f 985/1154/1266 986/1153/1266 988/1155/1290 987/1156/1290
f 987/1156/1290 988/1155/1290 990/1157/1291 989/1158/1291
f 989/1158/1291 990/1157/1291 992/1159/1269 991/1160/1269
f 991/1161/1269 992/1162/1269 994/1163/1270 993/1164/1270
f 993/1164/1270 994/1163/1270 996/1165/1292 995/1166/1292
f 938/1167/1273 936/1168/1273 998/1169/1273 996/1170/1273 994/1171/1273 992/1172/1273 990/1173/1273 988/1174/1273 986/1175/1273 984/1176/1273 982/1177/1273 980/1178/1273 978/1179/1273 976/1180/1273 974/1181/1273 972/1182/1273 970/1183/1273 968/1184/1273 966/1185/1273 964/1186/1273 962/1187/1273 960/1188/1273 958/1189/1273 956/1190/1273 954/1191/1273 952/1192/1273 950/1193/1273 948/1194/1273 946/1195/1273 944/1196/1273 942/1197/1273 940/1198/1273
f 995/1166/1292 996/1165/1292 998/1199/1274 997/1200/1274
f 997/1200/1274 998/1199/1274 936/1098/1238 935/1097/1238
f 935/1201/1275 937/1202/1275 939/1203/1275 941/1204/1275 943/1205/1275 945/1206/1275 947/1207/1275 949/1208/1275 951/1209/1275 953/1210/1275 955/1211/1275 957/1212/1275 959/1213/1275 961/1214/1275 963/1215/1275 965/1216/1275 967/1217/1275 969/1218/1275 971/1219/1275 973/1220/1275 975/1221/1275 977/1222/1275 979/1223/1275 981/1224/1275 983/1225/1275 985/1226/1275 987/1227/1275 989/1228/1275 991/1229/1275 993/1230/1275 995/1231/1275 997/1232/1275
f 1201/935/1214 1198/933/1213 1194/934/1216 1202/936/1293
f 1202/936/1293 1194/934/1216 1196/927/1209 1200/928/1208
f 1242/937/1294 1251/940/1295 1250/939/1296 1141/938/1296
f 1140/941/1086 1254/944/1085 1253/943/1297 1139/942/1297
f 1250/945/1298 1244/948/1299 1243/947/1300 1249/946/1300
f 1251/949/1301 1245/950/1302 1244/948/1303 1250/945/1298
f 1252/951/1304 1246/952/1305 1245/950/1302 1251/949/1301
f 1253/953/1306 1247/954/1307 1246/952/1305 1252/951/1304
f 1254/955/1308 1248/956/1308 1247/954/1307 1253/953/1306
f 1142/957/1309 1252/958/1310 1251/940/1295 1242/937/1294
f 1139/959/1311 1253/960/1311 1252/958/1310 1142/957/1309
f 1141/938/1312 1250/939/1312 1249/822/1088 1138/819/1087
f 1255/961/1238 1257/964/1313 1258/963/1313 1256/962/1238
f 1257/964/1313 1259/966/1314 1260/965/1314 1258/963/1313
f 1259/966/1314 1261/968/1315 1262/967/1315 1260/965/1314
f 1261/968/1315 1263/970/1316 1264/969/1316 1262/967/1315
f 1263/971/1316 1265/974/1317 1266/973/1317 1264/972/1316
f 1265/974/1317 1267/976/1318 1268/975/1318 1266/973/1317
f 1267/976/1318 1269/978/1319 1270/977/1319 1268/975/1318
f 1269/978/1319 1271/980/1320 1272/979/1320 1270/977/1319
f 1271/980/1320 1273/982/1321 1274/981/1321 1272/979/1320
f 1273/982/1321 1275/984/1322 1276/983/1323 1274/981/1321
f 1275/984/1322 1277/986/1324 1278/985/1324 1276/983/1323
f 1277/986/1324 1279/988/1325 1280/987/1325 1278/985/1324
f 1279/989/1325 1281/992/1326 1282/991/1326 1280/990/1325
f 1281/992/1326 1283/994/1327 1284/993/1327 1282/991/1326
f 1283/994/1327 1285/996/1328 1286/995/1328 1284/993/1327
f 1285/996/1328 1287/998/1255 1288/997/1255 1286/995/1328
f 1287/998/1255 1289/1000/1329 1290/999/1329 1288/997/1255
f 1289/1000/1329 1291/1002/1330 1292/1001/1330 1290/999/1329
f 1291/1002/1330 1293/1004/1331 1294/1003/1331 1292/1001/1330
f 1293/1004/1331 1295/1006/1332 1296/1005/1333 1294/1003/1331
f 1295/1007/1332 1297/1010/1334 1298/1009/1334 1296/1008/1333
f 1297/1010/1334 1299/1012/1335 1300/1011/1335 1298/1009/1334
f 1299/1012/1335 1301/1014/1336 1302/1013/1336 1300/1011/1335
f 1301/1014/1336 1303/1016/1337 1304/1015/1337 1302/1013/1336
f 1303/1016/1337 1305/1018/1338 1306/1017/1338 1304/1015/1337
f 1305/1018/1338 1307/1020/1339 1308/1019/1339 1306/1017/1338
f 1307/1020/1339 1309/1022/1340 1310/1021/1340 1308/1019/1339
f 1309/1022/1340 1311/1024/1341 1312/1023/1341 1310/1021/1340
f 1311/1025/1341 1313/1028/1342 1314/1027/1343 1312/1026/1341
f 1313/1028/1342 1315/1030/1344 1316/1029/1344 1314/1027/1343
f 1258/1031/1345 1260/1062/1345 1262/1061/1345 1264/1060/1345 1266/1059/1345 1268/1058/1345 1270/1057/1345 1272/1056/1345 1274/1055/1345 1276/1054/1345 1278/1053/1345 1280/1052/1345 1282/1051/1345 1284/1050/1345 1286/1049/1345 1288/1048/1345 1290/1047/1345 1292/1046/1345 1294/1045/1345 1296/1044/1345 1298/1043/1345 1300/1042/1345 1302/1041/1345 1304/1040/1345 1306/1039/1345 1308/1038/1345 1310/1037/1345 1312/1036/1345 1314/1035/1345 1316/1034/1345 1318/1033/1345 1256/1032/1345
f 1315/1030/1344 1317/1064/1346 1318/1063/1346 1316/1029/1344
f 1317/1064/1346 1255/961/1238 1256/962/1238 1318/1063/1346
f 1255/1065/1347 1317/1096/1347 1315/1095/1347 1313/1094/1347 1311/1093/1347 1309/1092/1347 1307/1091/1347 1305/1090/1347 1303/1089/1347 1301/1088/1347 1299/1087/1347 1297/1086/1347 1295/1085/1347 1293/1084/1347 1291/1083/1347 1289/1082/1347 1287/1081/1347 1285/1080/1347 1283/1079/1347 1281/1078/1347 1279/1077/1347 1277/1076/1347 1275/1075/1347 1273/1074/1347 1271/1073/1347 1269/1072/1347 1267/1071/1347 1265/1070/1347 1263/1069/1347 1261/1068/1347 1259/1067/1347 1257/1066/1347
f 1319/1097/1238 1321/1100/1348 1322/1099/1348 1320/1098/1238
f 1321/1100/1348 1323/1102/1314 1324/1101/1314 1322/1099/1348
f 1323/1102/1314 1325/1104/1349 1326/1103/1349 1324/1101/1314
f 1325/1104/1349 1327/1106/1350 1328/1105/1350 1326/1103/1349
f 1327/1107/1350 1329/1110/1351 1330/1109/1351 1328/1108/1350
f 1329/1110/1351 1331/1112/1318 1332/1111/1318 1330/1109/1351
f 1331/1112/1318 1333/1114/1319 1334/1113/1319 1332/1111/1318
f 1333/1114/1319 1335/1116/1352 1336/1115/1352 1334/1113/1319
f 1335/1116/1352 1337/1118/1321 1338/1117/1321 1336/1115/1352
f 1337/1118/1321 1339/1120/1353 1340/1119/1353 1338/1117/1321
f 1339/1120/1353 1341/1122/1354 1342/1121/1354 1340/1119/1353
f 1341/1122/1354 1343/1124/1355 1344/1123/1355 1342/1121/1354
f 1343/1125/1355 1345/1128/1356 1346/1127/1356 1344/1126/1355
f 1345/1128/1356 1347/1130/1357 1348/1129/1357 1346/1127/1356
f 1347/1130/1357 1349/1132/1328 1350/1131/1328 1348/1129/1357
f 1349/1132/1328 1351/1134/1255 1352/1133/1255 1350/1131/1328
f 1351/1134/1255 1353/1136/1358 1354/1135/1358 1352/1133/1255
f 1353/1136/1358 1355/1138/1330 1356/1137/1330 1354/1135/1358
f 1355/1138/1330 1357/1140/1359 1358/1139/1359 1356/1137/1330
f 1357/1140/1359 1359/1142/1333 1360/1141/1333 1358/1139/1359
f 1359/1143/1333 1361/1146/1360 1362/1145/1360 1360/1144/1333
f 1361/1146/1360 1363/1148/1335 1364/1147/1335 1362/1145/1360
f 1363/1148/1335 1365/1150/1336 1366/1149/1336 1364/1147/1335
f 1365/1150/1336 1367/1152/1361 1368/1151/1361 1366/1149/1336
f 1367/1152/1361 1369/1154/1338 1370/1153/1338 1368/1151/1361
f 1369/1154/1338 1371/1156/1362 1372/1155/1362 1370/1153/1338
f 1371/1156/1362 1373/1158/1363 1374/1157/1363 1372/1155/1362
f 1373/1158/1363 1375/1160/1341 1376/1159/1341 1374/1157/1363
f 1375/1161/1341 1377/1164/1343 1378/1163/1343 1376/1162/1341
f 1377/1164/1343 1379/1166/1364 1380/1165/1364 1378/1163/1343
f 1322/1167/1345 1324/1198/1345 1326/1197/1345 1328/1196/1345 1330/1195/1345 1332/1194/1345 1334/1193/1345 1336/1192/1345 1338/1191/1345 1340/1190/1345 1342/1189/1345 1344/1188/1345 1346/1187/1345 1348/1186/1345 1350/1185/1345 1352/1184/1345 1354/1183/1345 1356/1182/1345 1358/1181/1345 1360/1180/1345 1362/1179/1345 1364/1178/1345 1366/1177/1345 1368/1176/1345 1370/1175/1345 1372/1174/1345 1374/1173/1345 1376/1172/1345 1378/1171/1345 1380/1170/1345 1382/1169/1345 1320/1168/1345
f 1379/1166/1364 1381/1200/1365 1382/1199/1365 1380/1165/1364
f 1381/1200/1365 1319/1097/1238 1320/1098/1238 1382/1199/1365
f 1319/1201/1347 1381/1232/1347 1379/1231/1347 1377/1230/1347 1375/1229/1347 1373/1228/1347 1371/1227/1347 1369/1226/1347 1367/1225/1347 1365/1224/1347 1363/1223/1347 1361/1222/1347 1359/1221/1347 1357/1220/1347 1355/1219/1347 1353/1218/1347 1351/1217/1347 1349/1216/1347 1347/1215/1347 1345/1214/1347 1343/1213/1347 1341/1212/1347 1339/1211/1347 1337/1210/1347 1335/1209/1347 1333/1208/1347 1331/1207/1347 1329/1206/1347 1327/1205/1347 1325/1204/1347 1323/1203/1347 1321/1202/1347
usemtl blackGlass
f 593/829/1366 595/1233/1367 607/1234/1368 698/830/1366
f 1004/1235/1369 1005/1236/1370 607/1234/1368 595/1233/1367
f 592/1237/1371 609/1238/1372 608/1239/1373 594/1240/1374
f 603/1241/1375 610/1242/1376 609/1238/1372 592/1237/1371
f 604/1243/1377 610/1242/1376 603/1241/1375
f 699/1244/1378 640/512/1379 643/511/1380 700/1245/1381
f 580/504/1382 699/1244/1378 700/1245/1381 588/505/1383
f 588/505/1383 700/1245/1381 701/1246/1384 702/494/1385
f 702/494/1385 701/1246/1384 602/1247/1386 581/495/1387
f 643/511/1380 645/521/1388 701/1246/1384 700/1245/1381
f 645/521/1388 646/529/1389 602/1247/1386 701/1246/1384
f 589/508/1390 600/580/1391 684/581/1392 582/509/1392
f 703/493/1393 707/1248/1394 600/580/1391 589/508/1390
f 596/1249/1395 707/1248/1394 703/493/1393 583/492/1395
f 594/1240/1374 608/1239/1373 1005/1236/1370 1004/1235/1369
f 1030/829/1396 1119/830/1396 1044/1234/1397 1032/1233/1398
f 1386/1235/1399 1032/1233/1398 1044/1234/1397 1387/1236/1400
f 1029/1237/1401 1031/1240/1402 1045/1239/1403 1046/1238/1404
f 1040/1241/1405 1029/1237/1401 1046/1238/1404 1047/1242/1406
f 1041/1243/1407 1040/1241/1405 1047/1242/1406
f 699/1244/1378 1120/1245/1408 1075/511/1409 640/512/1379
f 580/504/1382 1025/505/1410 1120/1245/1408 699/1244/1378
f 1025/505/1410 1122/494/1411 1121/1246/1412 1120/1245/1408
f 1122/494/1411 1021/495/1413 1039/1247/1414 1121/1246/1412
f 1075/511/1409 1120/1245/1408 1121/1246/1412 1077/521/1415
f 1077/521/1415 1121/1246/1412 1039/1247/1414 1078/529/1416
f 1026/508/1417 582/509/1392 684/581/1392 1037/580/1418
f 1123/493/1419 1026/508/1417 1037/580/1418 1127/1248/1420
f 1033/1249/1421 1022/492/1421 1123/493/1419 1127/1248/1420
f 1031/1240/1402 1386/1235/1399 1387/1236/1400 1045/1239/1403
