# Blender 5.2.2 LTS
# www.blender.org
mtllib beatall.mtl
o body_misc
g body_misc
v 0.033290 0.834056 -1.330933
v -0.005415 0.893792 -1.277380
v -0.005415 0.839327 -1.335847
v 0.049466 0.623865 -1.460938
v -0.005415 0.603995 -1.491294
v 0.028621 0.880494 -1.284613
v -0.005415 0.872594 -1.303607
v -0.005415 0.836785 -1.359101
v -0.005415 0.655434 -1.478881
v 0.013222 0.834761 -1.357298
v 0.019495 0.662874 -1.467515
v 0.011587 0.868169 -1.305470
v -0.044120 0.834056 -1.330933
v -0.060297 0.623865 -1.460938
v -0.039452 0.880494 -1.284613
v -0.024053 0.834761 -1.357298
v -0.030325 0.662874 -1.467515
v -0.022417 0.868169 -1.305470
v -0.005415 0.893792 -1.277380
v -0.005415 0.893792 -1.277380
v -0.005415 0.893792 -1.277380
v -0.005415 0.839327 -1.335847
v -0.005415 0.839327 -1.335847
v -0.005415 0.839327 -1.335847
v -0.005415 0.603995 -1.491294
v -0.005415 0.603995 -1.491294
v -0.005415 0.603995 -1.491294
v 0.033290 0.834056 -1.330933
v 0.033290 0.834056 -1.330933
v 0.033290 0.834056 -1.330933
v 0.049466 0.623865 -1.460938
v 0.049466 0.623865 -1.460938
v 0.028621 0.880494 -1.284613
v 0.028621 0.880494 -1.284613
v -0.005415 0.872594 -1.303607
v -0.005415 0.836785 -1.359101
v -0.005415 0.836785 -1.359101
v -0.005415 0.836785 -1.359101
v -0.005415 0.655434 -1.478881
v -0.005415 0.655434 -1.478881
v -0.005415 0.655434 -1.478881
v 0.013222 0.834761 -1.357298
v 0.013222 0.834761 -1.357298
v 0.013222 0.834761 -1.357298
v 0.019495 0.662874 -1.467515
v 0.019495 0.662874 -1.467515
v 0.011587 0.868169 -1.305470
v -0.044120 0.834056 -1.330933
v -0.044120 0.834056 -1.330933
v -0.044120 0.834056 -1.330933
v -0.060297 0.623865 -1.460938
v -0.060297 0.623865 -1.460938
v -0.039452 0.880494 -1.284613
v -0.039452 0.880494 -1.284613
v -0.024053 0.834761 -1.357298
v -0.024053 0.834761 -1.357298
v -0.024053 0.834761 -1.357298
v -0.030325 0.662874 -1.467515
v -0.030325 0.662874 -1.467515
v -0.022417 0.868169 -1.305470
v 0.537169 0.322595 0.543802
v 0.605972 0.298216 0.573228
v 0.626844 0.302214 -0.585491
v 0.272649 1.213517 0.355247
v -0.005415 1.228346 0.343439
v 0.429284 0.892941 0.514311
v 0.261013 0.935696 0.519066
v -0.005415 0.963220 0.522416
v 0.363417 1.145028 0.392230
v 0.265498 1.189204 0.373840
v -0.005415 1.209753 0.363462
v 0.383645 0.910258 0.515600
v 0.596713 0.325366 -0.256816
v 0.642508 0.271343 -0.580892
v 0.629979 0.267345 0.573059
v 0.641305 0.271343 -0.251920
v 0.625641 0.302214 -0.256518
v 0.628206 0.237257 -0.553242
v 0.618061 0.237123 0.570913
v 0.627003 0.238448 -0.250490
v 0.610004 0.237123 0.639417
v 0.605701 0.240103 0.679188
v 0.624972 0.240914 -0.593584
v 0.633330 0.268362 -0.626914
v 0.438021 0.240103 0.679188
v 0.465650 0.268362 -0.626914
v 0.482865 0.575242 1.393131
v 0.462309 0.529401 1.412139
v 0.412683 0.510412 1.420013
v 0.363057 0.529401 1.412140
v 0.342502 0.575242 1.393132
v 0.593884 0.325551 -0.421645
v 0.627647 0.237810 -0.421645
v 0.641949 0.271343 -0.421645
v 0.626285 0.302214 -0.421645
v 0.048023 0.957700 0.521744
v 0.447330 0.613273 1.394394
v 0.412683 0.626529 1.388898
v 0.461681 0.581268 1.407665
v 0.447330 0.549264 1.420935
v 0.412683 0.536007 1.426432
v 0.378037 0.549264 1.420936
v 0.363686 0.581268 1.407665
v 0.378037 0.613273 1.394395
v 0.420547 0.592531 1.414296
v 0.412684 0.595539 1.413048
v 0.423805 0.585266 1.417308
v 0.420547 0.578002 1.420320
v 0.412684 0.574994 1.421567
v 0.404820 0.578002 1.420320
v 0.401562 0.585267 1.417308
v 0.404820 0.592531 1.414296
v 0.079428 1.223821 0.347042
v 0.077246 1.203483 0.366629
v 0.557017 0.323519 0.276929
v 0.624022 0.238007 0.023311
v 0.621041 0.237565 0.297112
v 0.619085 0.300881 0.020064
v 0.612528 0.299549 0.296646
v 0.637530 0.270011 0.023073
v 0.633754 0.268678 0.298066
v 0.407269 1.032239 0.447216
v 0.373531 1.027643 0.453915
v 0.062635 1.080591 0.444186
v -0.005415 1.086487 0.442939
v 0.263255 1.062450 0.446453
v 0.443202 1.132136 0.286862
v 0.444131 1.064151 -0.771691
v 0.455608 1.140328 -0.611983
v 0.504499 0.883751 0.037756
v 0.476825 0.952878 -0.822155
v 0.442019 1.094925 0.353943
v 0.455308 0.990717 0.396161
v 0.492096 1.026366 -0.200033
v 0.460998 1.186862 -0.198354
v 0.493845 1.001862 -0.604762
v 0.493135 1.024335 -0.296164
v 0.479960 1.027809 0.056665
v 0.464880 1.008640 0.262389
v 0.075305 1.174363 -0.905894
v 0.060972 0.986500 -1.179477
v -0.005415 0.994195 -1.184912
v -0.005415 1.181868 -0.908961
v 0.525947 0.805871 -0.905993
v 0.520008 0.800288 -0.904934
v 0.514377 0.806276 -0.904952
v 0.520316 0.811858 -0.906010
v 0.420134 0.775633 0.972255
v 0.414475 0.770177 0.969853
v 0.408815 0.776135 0.969654
v 0.414475 0.781590 0.972056
v 0.420134 0.775633 0.972255
v 0.414475 0.770177 0.969853
v 0.408815 0.776135 0.969654
v 0.414475 0.781590 0.972056
v 0.447171 0.797525 0.858803
v 0.441412 0.791992 0.856860
v 0.435762 0.797957 0.856618
v 0.441521 0.803490 0.858561
v 0.485763 0.822197 0.612720
v 0.479871 0.816583 0.611569
v 0.474253 0.822568 0.611138
v 0.480145 0.828182 0.612290
v 0.498737 0.824101 0.506397
v 0.492801 0.818471 0.505600
v 0.487184 0.824455 0.505167
v 0.493119 0.830085 0.505964
v 0.521265 0.833535 0.263650
v 0.515321 0.827903 0.262930
v 0.509691 0.833883 0.262628
v 0.515634 0.839516 0.263349
v 0.543717 0.840984 0.001985
v 0.537755 0.835346 0.001493
v 0.532125 0.841327 0.001188
v 0.538086 0.846964 0.001679
v 0.556731 0.840893 -0.245480
v 0.550751 0.835255 -0.245557
v 0.545115 0.841235 -0.245750
v 0.551096 0.846873 -0.245672
v 0.554373 0.833518 -0.600653
v 0.548401 0.827902 -0.600044
v 0.542768 0.833887 -0.600096
v 0.548739 0.839503 -0.600705
v 0.525947 0.805871 -0.905993
v 0.520008 0.800288 -0.904934
v 0.514377 0.806276 -0.904952
v 0.520316 0.811858 -0.906010
v 0.416447 0.556739 -1.416230
v 0.426194 0.604376 -1.402792
v 0.449724 0.624107 -1.397226
v 0.473255 0.604376 -1.402792
v 0.483002 0.556739 -1.416230
v 0.473255 0.509103 -1.429667
v 0.449724 0.489371 -1.435233
v 0.426194 0.509103 -1.429667
v 0.422791 0.557639 -1.434448
v 0.430899 0.598720 -1.431689
v 0.450474 0.615736 -1.430547
v 0.470048 0.598720 -1.431689
v 0.478156 0.557639 -1.434448
v 0.470048 0.516558 -1.437207
v 0.450474 0.499541 -1.438349
v 0.430899 0.516558 -1.437207
v 0.429509 0.556447 -1.446366
v 0.435649 0.587559 -1.444277
v 0.450474 0.600447 -1.443412
v 0.465298 0.587559 -1.444277
v 0.471439 0.556447 -1.446366
v 0.465298 0.525334 -1.448456
v 0.450474 0.512447 -1.449321
v 0.435649 0.525334 -1.448456
v 0.103443 0.661099 -1.420695
v 0.103443 0.688700 -1.420695
v -0.005791 0.661099 -1.420695
v -0.005791 0.722924 -1.420695
v 0.050013 0.715971 -1.420695
v 0.050013 0.661099 -1.420695
v 0.050013 0.715971 -1.464748
v 0.103443 0.688700 -1.439650
v 0.103443 0.661099 -1.439650
v 0.050013 0.681940 -1.482298
v -0.005791 0.681940 -1.496514
v -0.005791 0.722924 -1.478963
v 0.547985 0.232224 -0.015305
v -0.547999 0.322595 0.543802
v -0.616802 0.298216 0.573228
v -0.637674 0.302214 -0.585491
v -0.283479 1.213517 0.355247
v -0.440115 0.892941 0.514311
v -0.271843 0.935696 0.519066
v -0.374247 1.145028 0.392230
v -0.276328 1.189204 0.373840
v -0.394476 0.910258 0.515600
v -0.607544 0.325366 -0.256816
v -0.653338 0.271343 -0.580892
v -0.640809 0.267345 0.573059
v -0.652135 0.271343 -0.251920
v -0.636471 0.302214 -0.256518
v -0.639036 0.237257 -0.553242
v -0.628891 0.237123 0.570913
v -0.637833 0.238448 -0.250490
v -0.620835 0.237123 0.639417
v -0.616531 0.240103 0.679188
v -0.635802 0.240914 -0.593584
v -0.644160 0.268362 -0.626914
v -0.448852 0.240103 0.679188
v -0.476481 0.268362 -0.626914
v -0.493696 0.575242 1.393131
v -0.473140 0.529401 1.412139
v -0.423514 0.510413 1.420013
v -0.373888 0.529401 1.412140
v -0.353332 0.575242 1.393132
v -0.604715 0.325551 -0.421644
v -0.638478 0.237810 -0.421644
v -0.652780 0.271343 -0.421644
v -0.637116 0.302214 -0.421644
v -0.058854 0.957700 0.521744
v -0.458160 0.613273 1.394394
v -0.423514 0.626529 1.388898
v -0.472512 0.581268 1.407665
v -0.458160 0.549264 1.420935
v -0.423514 0.536007 1.426432
v -0.388867 0.549264 1.420936
v -0.374516 0.581268 1.407665
v -0.388867 0.613273 1.394395
v -0.431378 0.592531 1.414296
v -0.423514 0.595540 1.413048
v -0.434635 0.585267 1.417308
v -0.431378 0.578002 1.420320
v -0.423514 0.574994 1.421567
v -0.415650 0.578002 1.420320
v -0.412393 0.585267 1.417308
v -0.415650 0.592531 1.414296
v -0.090259 1.223821 0.347042
v -0.088077 1.203483 0.366629
v -0.567847 0.323519 0.276929
v -0.634853 0.238007 0.023311
v -0.631872 0.237565 0.297112
v -0.629915 0.300881 0.020064
v -0.623359 0.299549 0.296646
v -0.648360 0.270011 0.023073
v -0.644585 0.268678 0.298066
v -0.418099 1.032239 0.447216
v -0.384362 1.027643 0.453915
v -0.073465 1.080591 0.444186
v -0.274086 1.062450 0.446453
v -0.454033 1.132136 0.286862
v -0.454962 1.064151 -0.771691
v -0.466438 1.140328 -0.611983
v -0.515329 0.883751 0.037756
v -0.487656 0.952878 -0.822155
v -0.452849 1.094925 0.353943
v -0.466138 0.990717 0.396161
v -0.502927 1.026366 -0.200033
v -0.471828 1.186862 -0.198354
v -0.504675 1.001862 -0.604762
v -0.503965 1.024335 -0.296164
v -0.490791 1.027809 0.056665
v -0.475710 1.008640 0.262389
v -0.086136 1.174363 -0.905894
v -0.071802 0.986500 -1.179477
v -0.536778 0.805871 -0.905993
v -0.530839 0.800288 -0.904934
v -0.525208 0.806276 -0.904952
v -0.531147 0.811858 -0.906010
v -0.430964 0.775633 0.972255
v -0.425305 0.770177 0.969853
v -0.419646 0.776135 0.969654
v -0.425305 0.781590 0.972056
v -0.430964 0.775633 0.972255
v -0.425305 0.770177 0.969853
v -0.419646 0.776135 0.969654
v -0.425305 0.781590 0.972056
v -0.458001 0.797525 0.858803
v -0.452242 0.791992 0.856860
v -0.446592 0.797957 0.856618
v -0.452351 0.803490 0.858561
v -0.496593 0.822197 0.612720
v -0.490701 0.816583 0.611569
v -0.485083 0.822568 0.611138
v -0.490975 0.828182 0.612290
v -0.509568 0.824101 0.506397
v -0.503632 0.818471 0.505600
v -0.498014 0.824455 0.505167
v -0.503950 0.830085 0.505964
v -0.532095 0.833535 0.263650
v -0.526152 0.827903 0.262930
v -0.520521 0.833883 0.262628
v -0.526464 0.839516 0.263349
v -0.554547 0.840984 0.001985
v -0.548586 0.835346 0.001493
v -0.542955 0.841327 0.001188
v -0.548917 0.846964 0.001679
v -0.567562 0.840893 -0.245480
v -0.561582 0.835255 -0.245557
v -0.555946 0.841235 -0.245750
v -0.561926 0.846873 -0.245672
v -0.565203 0.833518 -0.600653
v -0.559232 0.827902 -0.600044
v -0.553598 0.833887 -0.600096
v -0.559569 0.839503 -0.600705
v -0.536778 0.805871 -0.905993
v -0.530839 0.800288 -0.904934
v -0.525208 0.806276 -0.904952
v -0.531147 0.811858 -0.906010
v -0.427278 0.556740 -1.416230
v -0.437024 0.604376 -1.402792
v -0.460555 0.624107 -1.397226
v -0.484086 0.604376 -1.402792
v -0.493832 0.556739 -1.416230
v -0.484086 0.509103 -1.429667
v -0.460555 0.489371 -1.435233
v -0.437024 0.509103 -1.429667
v -0.433622 0.557639 -1.434448
v -0.441730 0.598720 -1.431689
v -0.461304 0.615736 -1.430547
v -0.480878 0.598720 -1.431689
v -0.488986 0.557639 -1.434448
v -0.480879 0.516558 -1.437207
v -0.461304 0.499541 -1.438349
v -0.441730 0.516558 -1.437207
v -0.440339 0.556447 -1.446366
v -0.446480 0.587559 -1.444277
v -0.461304 0.600447 -1.443412
v -0.476129 0.587559 -1.444277
v -0.482269 0.556447 -1.446366
v -0.476129 0.525334 -1.448456
v -0.461304 0.512447 -1.449321
v -0.446480 0.525334 -1.448456
v -0.114273 0.661099 -1.420695
v -0.114273 0.688700 -1.420695
v -0.005040 0.661099 -1.420695
v -0.005040 0.722924 -1.420695
v -0.060843 0.715971 -1.420695
v -0.060843 0.661099 -1.420695
v -0.060843 0.715971 -1.464748
v -0.114273 0.688700 -1.439650
v -0.114273 0.661099 -1.439650
v -0.060843 0.681940 -1.482298
v -0.005040 0.681940 -1.496514
v -0.005040 0.722924 -1.478963
v -0.558815 0.232224 -0.015305
v 0.591432 0.325711 -0.548449
v 0.605972 0.298216 0.573228
v 0.385253 1.171536 0.380121
v 0.627647 0.237810 -0.421645
v 0.627003 0.238448 -0.250490
v 0.621041 0.237565 0.297112
v 0.618061 0.237123 0.570913
v 0.612528 0.299549 0.296646
v 0.641949 0.271343 -0.421645
v 0.641305 0.271343 -0.251920
v 0.633754 0.268678 0.298066
v 0.629979 0.267345 0.573059
v 0.642508 0.271343 -0.580892
v 0.633330 0.268362 -0.626914
v 0.624972 0.240914 -0.593584
v 0.628206 0.237257 -0.553242
v 0.462309 0.621084 1.374123
v 0.412683 0.640072 1.366251
v 0.363057 0.621084 1.374124
v 0.576865 0.324442 0.010057
v 0.624022 0.238007 0.023311
v 0.637530 0.270011 0.023073
v 0.516018 0.880173 -0.204250
v 0.461317 1.187286 -0.288487
v 0.455420 1.171874 0.075590
v 0.524653 0.872680 -0.602748
v 0.509387 0.870157 -0.812781
v 0.468599 0.886506 0.438351
v 0.525100 0.882464 -0.292514
v 0.486556 0.885147 0.237921
v 0.260582 1.157503 -0.898767
v 0.368549 1.107714 -0.935333
v 0.346698 0.937297 -1.113471
v 0.213647 0.969193 -1.166966
v 0.420134 0.775633 0.972255
v 0.447171 0.797525 0.858803
v 0.414475 0.781590 0.972056
v 0.441521 0.803490 0.858561
v 0.414475 0.770177 0.969853
v 0.441412 0.791992 0.856860
v 0.408815 0.776135 0.969654
v 0.435762 0.797957 0.856618
v 0.485763 0.822197 0.612720
v 0.480145 0.828182 0.612290
v 0.479871 0.816583 0.611569
v 0.474253 0.822568 0.611138
v 0.498737 0.824101 0.506397
v 0.493119 0.830085 0.505964
v 0.492801 0.818471 0.505600
v 0.487184 0.824455 0.505167
v 0.521265 0.833535 0.263650
v 0.515634 0.839516 0.263349
v 0.515321 0.827903 0.262930
v 0.509691 0.833883 0.262628
v 0.543717 0.840984 0.001985
v 0.538086 0.846964 0.001679
v 0.537755 0.835346 0.001493
v 0.532125 0.841327 0.001188
v 0.556731 0.840893 -0.245480
v 0.551096 0.846873 -0.245672
v 0.550751 0.835255 -0.245557
v 0.545115 0.841235 -0.245750
v 0.554373 0.833518 -0.600653
v 0.548739 0.839503 -0.600705
v 0.548401 0.827902 -0.600044
v 0.542768 0.833887 -0.600096
v 0.525947 0.805871 -0.905993
v 0.520316 0.811858 -0.906010
v 0.520008 0.800288 -0.904934
v 0.514377 0.806276 -0.904952
v 0.426194 0.604376 -1.402792
v 0.449724 0.624107 -1.397226
v 0.473255 0.604376 -1.402792
v 0.473255 0.509103 -1.429667
v 0.449724 0.489371 -1.435233
v 0.426194 0.509103 -1.429667
v 0.450474 0.615736 -1.430547
v 0.450474 0.615736 -1.430547
v 0.450474 0.615736 -1.430547
v 0.430899 0.598720 -1.431689
v 0.430899 0.598720 -1.431689
v 0.470048 0.598720 -1.431689
v 0.470048 0.598720 -1.431689
v 0.430899 0.516558 -1.437207
v 0.450474 0.499541 -1.438349
v 0.470048 0.516558 -1.437207
v 0.435649 0.587559 -1.444277
v 0.435649 0.587559 -1.444277
v 0.429509 0.556447 -1.446366
v 0.450474 0.600447 -1.443412
v 0.450474 0.600447 -1.443412
v 0.465298 0.587559 -1.444277
v 0.465298 0.587559 -1.444277
v 0.471439 0.556447 -1.446366
v 0.465298 0.525334 -1.448456
v 0.465298 0.525334 -1.448456
v 0.450474 0.512447 -1.449321
v 0.450474 0.512447 -1.449321
v 0.435649 0.525334 -1.448456
v 0.435649 0.525334 -1.448456
v 0.050013 0.715971 -1.420695
v 0.103443 0.688700 -1.420695
v 0.103443 0.688700 -1.420695
v 0.103443 0.661099 -1.420695
v 0.103443 0.661099 -1.420695
v 0.050013 0.661099 -1.420695
v -0.005791 0.661099 -1.420695
v -0.005791 0.722924 -1.420695
v 0.050013 0.715971 -1.464748
v 0.103443 0.688700 -1.439650
v 0.103443 0.688700 -1.439650
v 0.103443 0.661099 -1.439650
v 0.103443 0.661099 -1.439650
v 0.050013 0.681940 -1.482298
v -0.005791 0.681940 -1.496514
v -0.005791 0.722924 -1.478963
v 0.547985 0.232224 -0.015305
v 0.547985 0.232224 -0.015305
v -0.602262 0.325711 -0.548449
v -0.616802 0.298216 0.573228
v -0.396084 1.171536 0.380121
v -0.638478 0.237810 -0.421644
v -0.637833 0.238448 -0.250490
v -0.631872 0.237565 0.297112
v -0.628891 0.237123 0.570913
v -0.623359 0.299549 0.296646
v -0.652780 0.271343 -0.421644
v -0.652135 0.271343 -0.251920
v -0.644585 0.268678 0.298066
v -0.640809 0.267345 0.573059
v -0.653338 0.271343 -0.580892
v -0.644160 0.268362 -0.626914
v -0.635802 0.240914 -0.593584
v -0.639036 0.237257 -0.553242
v -0.473140 0.621084 1.374123
v -0.423514 0.640072 1.366251
v -0.373888 0.621084 1.374124
v -0.587696 0.324442 0.010057
v -0.634853 0.238007 0.023311
v -0.648360 0.270011 0.023073
v -0.526848 0.880173 -0.204250
v -0.472147 1.187286 -0.288487
v -0.466250 1.171874 0.075590
v -0.535483 0.872680 -0.602748
v -0.520217 0.870157 -0.812781
v -0.479430 0.886506 0.438351
v -0.535930 0.882464 -0.292514
v -0.497387 0.885147 0.237921
v -0.271412 1.157503 -0.898767
v -0.379379 1.107714 -0.935333
v -0.357528 0.937297 -1.113471
v -0.224478 0.969193 -1.166966
v -0.430964 0.775633 0.972255
v -0.458001 0.797525 0.858803
v -0.425305 0.781590 0.972056
v -0.452351 0.803490 0.858561
v -0.425305 0.770177 0.969853
v -0.452242 0.791992 0.856860
v -0.419646 0.776135 0.969654
v -0.446592 0.797957 0.856618
v -0.496593 0.822197 0.612720
v -0.490975 0.828182 0.612290
v -0.490701 0.816583 0.611569
v -0.485083 0.822568 0.611138
v -0.509568 0.824101 0.506397
v -0.503950 0.830085 0.505964
v -0.503632 0.818471 0.505600
v -0.498014 0.824455 0.505167
v -0.532095 0.833535 0.263650
v -0.526464 0.839516 0.263349
v -0.526152 0.827903 0.262930
v -0.520521 0.833883 0.262628
v -0.554547 0.840984 0.001985
v -0.548917 0.846964 0.001679
v -0.548586 0.835346 0.001493
v -0.542955 0.841327 0.001188
v -0.567562 0.840893 -0.245480
v -0.561926 0.846873 -0.245672
v -0.561582 0.835255 -0.245557
v -0.555946 0.841235 -0.245750
v -0.565203 0.833518 -0.600653
v -0.559569 0.839503 -0.600705
v -0.559232 0.827902 -0.600044
v -0.553598 0.833887 -0.600096
v -0.536778 0.805871 -0.905993
v -0.531147 0.811858 -0.906010
v -0.530839 0.800288 -0.904934
v -0.525208 0.806276 -0.904952
v -0.437024 0.604376 -1.402792
v -0.460555 0.624107 -1.397226
v -0.484086 0.604376 -1.402792
v -0.484086 0.509103 -1.429667
v -0.460555 0.489371 -1.435233
v -0.437024 0.509103 -1.429667
v -0.461304 0.615736 -1.430547
v -0.461304 0.615736 -1.430547
v -0.461304 0.615736 -1.430547
v -0.441730 0.598720 -1.431689
v -0.441730 0.598720 -1.431689
v -0.480878 0.598720 -1.431689
v -0.480878 0.598720 -1.431689
v -0.441730 0.516558 -1.437207
v -0.461304 0.499541 -1.438349
v -0.480879 0.516558 -1.437207
v -0.446480 0.587559 -1.444277
v -0.446480 0.587559 -1.444277
v -0.440339 0.556447 -1.446366
v -0.461304 0.600447 -1.443412
v -0.461304 0.600447 -1.443412
v -0.476129 0.587559 -1.444277
v -0.476129 0.587559 -1.444277
v -0.482269 0.556447 -1.446366
v -0.476129 0.525334 -1.448456
v -0.476129 0.525334 -1.448456
v -0.461304 0.512447 -1.449321
v -0.461304 0.512447 -1.449321
v -0.446480 0.525334 -1.448456
v -0.446480 0.525334 -1.448456
v -0.060843 0.715971 -1.420695
v -0.114273 0.688700 -1.420695
v -0.114273 0.688700 -1.420695
v -0.114273 0.661099 -1.420695
v -0.114273 0.661099 -1.420695
v -0.060843 0.661099 -1.420695
v -0.005040 0.661099 -1.420695
v -0.005040 0.722924 -1.420695
v -0.060843 0.715971 -1.464748
v -0.114273 0.688700 -1.439650
v -0.114273 0.688700 -1.439650
v -0.114273 0.661099 -1.439650
v -0.114273 0.661099 -1.439650
v -0.060843 0.681940 -1.482298
v -0.005040 0.681940 -1.496514
v -0.005040 0.722924 -1.478963
v -0.558815 0.232224 -0.015305
v -0.558815 0.232224 -0.015305
v 0.435194 0.469389 1.349658
v 0.435194 0.422009 -1.362943
v -0.428077 0.469389 1.349658
v -0.428077 0.422009 -1.362943
v 0.435194 0.287067 -0.921133
v -0.428077 0.287067 -0.921133
v -0.428077 0.287067 0.910958
v 0.435194 0.287067 0.910958
v 0.435194 0.733620 -0.921133
v -0.428077 0.733620 -0.921133
v -0.428077 0.733620 0.910958
v 0.435194 0.733620 0.910958
v 0.541537 0.959479 0.444887
v 0.541537 0.956306 0.444887
v 0.544285 0.954719 0.444887
v 0.547033 0.956306 0.444887
v 0.547033 0.959479 0.444887
v 0.544285 0.961066 0.444887
v 0.541536 0.959450 0.453670
v 0.541537 0.956337 0.453051
v 0.544286 0.954780 0.452750
v 0.547034 0.956335 0.453068
v 0.547033 0.959448 0.453687
v 0.544284 0.961005 0.453988
v 0.541481 0.955872 0.462080
v 0.541496 0.953627 0.459836
v 0.544251 0.952493 0.458744
v 0.546992 0.953603 0.459896
v 0.546978 0.955847 0.462139
v 0.544222 0.956981 0.463231
v 0.541342 0.948115 0.465313
v 0.541594 0.947370 0.462238
v 0.544371 0.946375 0.461069
v 0.546897 0.946125 0.462974
v 0.546645 0.946869 0.466049
v 0.543867 0.947864 0.467218
v 0.487689 0.876273 0.466719
v 0.488092 0.876160 0.463573
v 0.490958 0.875532 0.462362
v 0.493420 0.875017 0.464297
v 0.493017 0.875131 0.467443
v 0.490151 0.875759 0.468654
v 0.488910 0.837354 0.466722
v 0.489324 0.837379 0.463576
v 0.492250 0.837554 0.462362
v 0.494763 0.837705 0.464294
v 0.494349 0.837680 0.467440
v 0.491423 0.837504 0.468654
v 0.488497 0.864865 0.466721
v 0.490993 0.864791 0.468654
v 0.488908 0.864843 0.463575
v 0.491814 0.864747 0.462362
v 0.494310 0.864673 0.464295
v 0.493899 0.864695 0.467441
v 0.484827 0.864809 0.468216
v 0.485238 0.837298 0.468215
v 0.490848 0.837496 0.472576
v 0.490415 0.864782 0.472575
v 0.485738 0.864794 0.461197
v 0.486156 0.837330 0.461194
v 0.492275 0.864755 0.458425
v 0.492716 0.837562 0.458426
v 0.497965 0.864734 0.462764
v 0.498418 0.837765 0.462762
v 0.497022 0.864746 0.469882
v 0.497476 0.837732 0.469876
v 0.496243 0.957893 0.398062
v 0.510314 0.991864 0.398062
v 0.544285 1.005935 0.398062
v 0.578256 0.991864 0.398062
v 0.592327 0.957893 0.398062
v 0.578256 0.923922 0.398062
v 0.544285 0.909850 0.398062
v 0.510314 0.923922 0.398062
v 0.489373 0.957893 0.419878
v 0.505457 0.996721 0.419878
v 0.544285 1.012804 0.419878
v 0.583114 0.996721 0.419878
v 0.599197 0.957893 0.419878
v 0.583114 0.919064 0.419878
v 0.544285 0.902981 0.419878
v 0.505457 0.919064 0.419878
v 0.529193 0.957893 0.432016
v 0.533613 0.968565 0.432016
v 0.544285 0.972985 0.432016
v 0.554957 0.968565 0.432016
v 0.559377 0.957893 0.432016
v 0.554957 0.947221 0.432016
v 0.544285 0.942800 0.432016
v 0.533613 0.947221 0.432016
v 0.499621 1.002557 0.398062
v 0.481120 0.957893 0.398062
v 0.544285 1.021058 0.398062
v 0.588950 1.002557 0.398062
v 0.607450 0.957893 0.398062
v 0.588950 0.913228 0.398062
v 0.544285 0.894728 0.398062
v 0.499621 0.913228 0.398062
v 0.526820 0.975357 0.432016
v 0.519586 0.957893 0.432016
v 0.544285 0.982592 0.432016
v 0.561750 0.975357 0.432016
v 0.568984 0.957893 0.432016
v 0.561750 0.940428 0.432016
v 0.544285 0.933194 0.432016
v 0.526820 0.940428 0.432016
v 0.533613 0.968565 0.438758
v 0.529193 0.957893 0.438758
v 0.544285 0.972985 0.438758
v 0.554957 0.968565 0.438758
v 0.559377 0.957893 0.438758
v 0.554957 0.947221 0.438758
v 0.544285 0.942800 0.438758
v 0.533613 0.947221 0.438758
v 0.538059 0.964118 0.444977
v 0.535481 0.957893 0.444977
v 0.544285 0.966697 0.444977
v 0.550511 0.964118 0.444977
v 0.553090 0.957893 0.444977
v 0.550511 0.951667 0.444977
v 0.544285 0.949088 0.444977
v 0.538059 0.951667 0.444977
v -0.552367 0.959479 0.444887
v -0.552367 0.956306 0.444887
v -0.555115 0.954719 0.444887
v -0.557864 0.956306 0.444887
v -0.557864 0.959479 0.444887
v -0.555115 0.961066 0.444887
v -0.552367 0.959450 0.453670
v -0.552368 0.956337 0.453051
v -0.555116 0.954780 0.452750
v -0.557864 0.956336 0.453068
v -0.557863 0.959448 0.453687
v -0.555115 0.961005 0.453988
v -0.552312 0.955872 0.462080
v -0.552326 0.953628 0.459836
v -0.555081 0.952493 0.458744
v -0.557822 0.953603 0.459896
v -0.557808 0.955847 0.462139
v -0.555053 0.956982 0.463231
v -0.552172 0.948115 0.465313
v -0.552424 0.947370 0.462238
v -0.555202 0.946375 0.461069
v -0.557727 0.946125 0.462974
v -0.557475 0.946869 0.466049
v -0.554698 0.947864 0.467218
v -0.498519 0.876274 0.466719
v -0.498923 0.876160 0.463573
v -0.501788 0.875532 0.462362
v -0.504250 0.875017 0.464298
v -0.503847 0.875131 0.467443
v -0.500981 0.875759 0.468654
v -0.499740 0.837354 0.466722
v -0.500154 0.837379 0.463576
v -0.503081 0.837554 0.462362
v -0.505594 0.837705 0.464294
v -0.505180 0.837680 0.467440
v -0.502253 0.837504 0.468654
v -0.499328 0.864865 0.466721
v -0.501824 0.864791 0.468654
v -0.499738 0.864843 0.463575
v -0.502644 0.864747 0.462362
v -0.505140 0.864673 0.464295
v -0.504730 0.864695 0.467441
v -0.495658 0.864809 0.468216
v -0.496069 0.837298 0.468215
v -0.501678 0.837496 0.472576
v -0.501245 0.864783 0.472575
v -0.496568 0.864794 0.461197
v -0.496986 0.837331 0.461194
v -0.503105 0.864755 0.458425
v -0.503546 0.837563 0.458426
v -0.508795 0.864734 0.462764
v -0.509249 0.837765 0.462762
v -0.507852 0.864747 0.469882
v -0.508306 0.837732 0.469876
v -0.507073 0.957893 0.398062
v -0.521144 0.991864 0.398062
v -0.555115 1.005935 0.398062
v -0.589086 0.991864 0.398062
v -0.603157 0.957893 0.398062
v -0.589086 0.923922 0.398062
v -0.555115 0.909850 0.398062
v -0.521144 0.923922 0.398062
v -0.500204 0.957893 0.419878
v -0.516287 0.996721 0.419878
v -0.555115 1.012805 0.419878
v -0.593944 0.996721 0.419878
v -0.610027 0.957893 0.419878
v -0.593944 0.919064 0.419878
v -0.555115 0.902981 0.419878
v -0.516287 0.919064 0.419878
v -0.540023 0.957893 0.432016
v -0.544443 0.968565 0.432016
v -0.555115 0.972985 0.432016
v -0.565787 0.968565 0.432016
v -0.570208 0.957893 0.432016
v -0.565787 0.947221 0.432016
v -0.555115 0.942800 0.432016
v -0.544443 0.947221 0.432016
v -0.510451 1.002557 0.398062
v -0.491950 0.957893 0.398062
v -0.555115 1.021058 0.398062
v -0.599780 1.002557 0.398062
v -0.618280 0.957893 0.398062
v -0.599780 0.913228 0.398062
v -0.555115 0.894728 0.398062
v -0.510451 0.913228 0.398062
v -0.537651 0.975358 0.432016
v -0.530416 0.957893 0.432016
v -0.555115 0.982592 0.432016
v -0.572580 0.975358 0.432016
v -0.579814 0.957893 0.432016
v -0.572580 0.940428 0.432016
v -0.555115 0.933194 0.432016
v -0.537651 0.940428 0.432016
v -0.544443 0.968565 0.438758
v -0.540023 0.957893 0.438758
v -0.555115 0.972985 0.438758
v -0.565787 0.968565 0.438758
v -0.570208 0.957893 0.438758
v -0.565787 0.947221 0.438758
v -0.555115 0.942800 0.438758
v -0.544443 0.947221 0.438758
v -0.548890 0.964118 0.444977
v -0.546311 0.957893 0.444977
v -0.555115 0.966697 0.444977
v -0.561341 0.964118 0.444977
v -0.563920 0.957893 0.444977
v -0.561341 0.951667 0.444977
v -0.555115 0.949088 0.444977
v -0.548890 0.951667 0.444977
v -0.005415 0.528448 1.473264
v -0.005415 0.646413 1.421474
v 0.004178 0.529343 1.463005
v 0.004178 0.646413 1.411423
v -0.005415 0.563057 1.498796
v -0.005415 0.642870 1.464356
v 0.004178 0.563731 1.488588
v 0.004178 0.643121 1.454246
v -0.005415 0.602322 1.495681
v 0.004178 0.602785 1.485522
v -0.015008 0.529343 1.463005
v -0.015008 0.646413 1.411423
v -0.015008 0.563731 1.488588
v -0.015008 0.643121 1.454246
v -0.015008 0.602785 1.485522
v -0.005415 0.534675 1.464858
v -0.005415 0.635984 1.420642
v -0.003836 0.533773 1.457024
v 0.003304 0.636015 1.410594
v -0.005415 0.565642 1.488659
v -0.005415 0.634585 1.457968
v -0.004357 0.565955 1.482016
v 0.000925 0.633478 1.451495
v -0.005415 0.599019 1.485755
v -0.003994 0.599689 1.478914
v -0.006995 0.533773 1.457024
v -0.014135 0.636015 1.410594
v -0.006473 0.565955 1.482016
v -0.011756 0.633478 1.451495
v -0.006836 0.599689 1.478914
v -0.061661 0.938148 0.721978
v -0.033380 0.933147 0.770706
v 0.023182 0.933147 0.770706
v 0.051464 0.938148 0.721978
v 0.023182 0.943149 0.673249
v -0.033380 0.943149 0.673249
v -0.058127 0.949445 0.721978
v -0.031613 0.944756 0.767662
v 0.021415 0.944756 0.767662
v 0.047929 0.949445 0.721978
v 0.021415 0.954133 0.676294
v -0.031613 0.954133 0.676294
v -0.048700 0.943291 0.721978
v -0.026900 0.939436 0.759540
v 0.016702 0.939436 0.759540
v 0.038502 0.943291 0.721978
v 0.016702 0.947146 0.684416
v -0.026900 0.947146 0.684416
v -0.005415 0.914051 0.889755
v -0.005415 0.864623 1.107237
v -0.005415 0.783067 1.282706
v -0.005415 0.697678 1.385381
v -0.005415 0.933054 0.783425
v 0.001353 0.918759 0.889755
v 0.001353 0.869331 1.107237
v 0.001353 0.787775 1.282706
v 0.001353 0.702385 1.385381
v 0.001353 0.937762 0.783425
v -0.005415 0.656122 1.416841
v 0.001353 0.660830 1.416841
v -0.005415 0.922037 0.891415
v -0.005415 0.872609 1.108896
v -0.005415 0.791053 1.284365
v -0.005415 0.705664 1.387040
v -0.005415 0.664108 1.418500
v -0.005415 0.941040 0.785084
v -0.002713 0.922037 0.891415
v -0.002713 0.872609 1.108896
v -0.002713 0.791053 1.284365
v -0.002713 0.705664 1.387040
v -0.002713 0.664108 1.418500
v -0.002713 0.941040 0.785084
v -0.012184 0.918759 0.889755
v -0.012184 0.869331 1.107237
v -0.012184 0.787775 1.282706
v -0.012184 0.702385 1.385381
v -0.012184 0.937762 0.783425
v -0.012184 0.660830 1.416841
v -0.008117 0.922037 0.891415
v -0.008117 0.872609 1.108896
v -0.008117 0.791053 1.284365
v -0.008117 0.705664 1.387040
v -0.008117 0.664108 1.418500
v -0.008117 0.941040 0.785084
v -0.031613 0.944756 0.767662
v -0.058127 0.949445 0.721978
v 0.021415 0.944756 0.767662
v 0.047929 0.949445 0.721978
v 0.021415 0.954133 0.676294
v -0.031613 0.954133 0.676294
v 0.511148 0.705097 1.155986
v 0.487331 0.705967 1.066248
v 0.425067 0.705947 1.166196
v 0.450665 0.705967 1.066248
v 0.490316 0.705967 1.191772
v 0.447187 0.705964 1.190472
v 0.492250 0.772901 1.154561
v 0.487331 0.770972 1.117004
v 0.450665 0.770972 1.117004
v 0.447676 0.773643 1.159013
v 0.455210 0.763976 1.184082
v 0.483637 0.762364 1.185538
v 0.448233 0.726870 1.067827
v 0.513265 0.726158 1.160218
v 0.493265 0.724131 1.198850
v 0.422820 0.726641 1.168544
v 0.489875 0.726870 1.067827
v 0.444885 0.724544 1.197166
v -0.521979 0.705096 1.155986
v -0.498162 0.705967 1.066248
v -0.435897 0.705947 1.166196
v -0.461496 0.705967 1.066248
v -0.501146 0.705967 1.191772
v -0.458017 0.705964 1.190471
v -0.503080 0.772901 1.154561
v -0.498162 0.770972 1.117004
v -0.461496 0.770972 1.117004
v -0.458506 0.773643 1.159013
v -0.466041 0.763976 1.184082
v -0.494468 0.762364 1.185538
v -0.459063 0.726870 1.067826
v -0.524096 0.726158 1.160218
v -0.504095 0.724130 1.198850
v -0.433650 0.726641 1.168544
v -0.500705 0.726870 1.067826
v -0.455715 0.724544 1.197166
v -0.004610 1.005377 -1.192641
v -0.005415 1.003977 -1.184581
v -0.006221 0.995932 -1.186060
v -0.005415 0.997332 -1.194119
v 0.062689 0.997648 -1.187255
v 0.061884 0.996248 -1.179196
v 0.061078 0.988203 -1.180674
v 0.061884 0.989603 -1.188733
v 0.216695 0.979939 -1.174876
v 0.214655 0.978718 -1.167008
v 0.213602 0.970708 -1.168524
v 0.215642 0.971929 -1.176392
v 0.350359 0.947611 -1.121685
v 0.344757 0.946087 -1.115866
v 0.347597 0.938408 -1.115143
v 0.353198 0.939931 -1.120961
v 0.372159 1.117761 -0.943912
v 0.365855 1.112541 -0.943150
v 0.369498 1.109092 -0.936639
v 0.375802 1.114311 -0.937401
v 0.262903 1.168299 -0.906864
v 0.260658 1.160505 -0.908201
v 0.261349 1.158928 -0.900164
v 0.263593 1.166721 -0.898827
v 0.076777 1.185510 -0.913723
v 0.076084 1.177443 -0.915135
v 0.075658 1.176063 -0.907043
v 0.076351 1.184130 -0.905631
v -0.004856 1.193051 -0.916739
v -0.005415 1.184983 -0.918151
v -0.005975 1.183603 -0.910060
v -0.005415 1.191671 -0.908647
v 0.459347 1.097018 0.354861
v 0.453544 1.100641 0.359417
v 0.447740 1.096548 0.355279
v 0.453544 1.092925 0.350723
v 0.472608 0.993139 0.396816
v 0.467009 0.994768 0.402609
v 0.461069 0.992003 0.397647
v 0.466667 0.990373 0.391854
v 0.485747 0.889827 0.439069
v 0.481203 0.885337 0.444241
v 0.474519 0.886889 0.439717
v 0.479062 0.891380 0.434544
v 0.503567 0.888881 0.239427
v 0.499978 0.881491 0.239156
v 0.492620 0.885089 0.238472
v 0.496208 0.892479 0.238743
v 0.521536 0.887507 0.038862
v 0.517940 0.880118 0.038695
v 0.510570 0.883717 0.038151
v 0.514167 0.891107 0.038318
v 0.533069 0.883696 -0.202728
v 0.529432 0.878278 -0.207726
v 0.522092 0.880427 -0.204714
v 0.525729 0.885845 -0.199716
v 0.509235 1.029321 -0.198288
v 0.504868 1.028675 -0.205221
v 0.498056 1.027373 -0.200809
v 0.502423 1.028019 -0.193876
v 0.478260 1.189213 -0.196971
v 0.472964 1.193252 -0.201789
v 0.466803 1.188666 -0.198860
v 0.472099 1.184627 -0.194043
v 0.472768 1.173873 0.076551
v 0.466888 1.179596 0.077016
v 0.461154 1.173781 0.076088
v 0.467034 1.168057 0.075624
v 0.460538 1.134007 0.288268
v 0.454644 1.139690 0.288997
v 0.448934 1.133949 0.287586
v 0.454827 1.128266 0.286857
v 0.460545 1.134073 0.288083
v 0.454576 1.139061 0.290740
v 0.448926 1.133882 0.287771
v 0.454895 1.128894 0.285114
v 0.460936 1.068055 -0.773247
v 0.455156 1.071721 -0.777798
v 0.449376 1.067193 -0.774103
v 0.455156 1.063528 -0.769552
v 0.472698 1.143357 -0.613310
v 0.466800 1.148906 -0.614714
v 0.461086 1.143321 -0.612786
v 0.466984 1.137772 -0.611382
v 0.478440 1.190137 -0.289959
v 0.473302 1.194328 -0.285101
v 0.467028 1.189743 -0.287780
v 0.472166 1.185552 -0.292639
v 0.510042 1.028153 -0.297951
v 0.506058 1.027244 -0.290820
v 0.499071 1.025816 -0.294906
v 0.503055 1.026724 -0.302037
v 0.541791 0.887310 -0.293744
v 0.538817 0.881657 -0.288570
v 0.531259 0.882905 -0.291552
v 0.534233 0.888558 -0.296725
v 0.541186 0.878215 -0.603682
v 0.538552 0.870433 -0.603424
v 0.530772 0.873075 -0.603187
v 0.533406 0.880857 -0.603445
v 0.525829 0.875928 -0.814037
v 0.522404 0.869562 -0.817950
v 0.515327 0.870945 -0.814005
v 0.518752 0.877311 -0.810092
v 0.493460 0.958097 -0.823451
v 0.487890 0.957123 -0.829417
v 0.482460 0.954368 -0.823896
v 0.488030 0.955342 -0.817931
v 0.466361 1.148664 0.211683
v 0.460609 1.148832 0.217552
v 0.454857 1.147025 0.211965
v 0.460609 1.146857 0.206096
v 0.504711 0.887174 0.256750
v 0.498958 0.887342 0.262619
v 0.493206 0.885536 0.257033
v 0.498958 0.885368 0.251164
v -0.004814 0.968959 0.523115
v -0.005415 0.962518 0.528186
v -0.006017 0.957482 0.521718
v -0.005415 0.963923 0.516647
v 0.048625 0.963438 0.522443
v 0.048023 0.956998 0.527514
v 0.047422 0.951961 0.521046
v 0.048023 0.958402 0.515975
v 0.261910 0.941397 0.519760
v 0.261021 0.934993 0.524835
v 0.260115 0.929996 0.518372
v 0.261004 0.936400 0.513297
v 0.385278 0.915795 0.516276
v 0.383607 0.909565 0.521371
v 0.382013 0.904721 0.514925
v 0.383684 0.910951 0.509830
v 0.426902 0.897945 0.516060
v 0.432320 0.892656 0.519259
v 0.431667 0.887937 0.512561
v 0.426248 0.893226 0.509363
v 0.403282 1.033546 0.451238
v 0.411418 1.034518 0.450588
v 0.411256 1.030931 0.443194
v 0.403120 1.029959 0.443844
v 0.382019 1.171232 0.384941
v 0.388553 1.175633 0.382593
v 0.388487 1.171840 0.375301
v 0.381954 1.167439 0.377649
v 0.271620 1.211945 0.360747
v 0.273556 1.218990 0.356981
v 0.273677 1.215090 0.349747
v 0.271741 1.208045 0.353513
v 0.079103 1.222158 0.352602
v 0.079654 1.229382 0.348719
v 0.079753 1.225484 0.341483
v 0.079203 1.218260 0.345366
v -0.005740 1.226682 0.348999
v -0.005190 1.233906 0.345116
v -0.005090 1.230009 0.337880
v -0.005641 1.222785 0.341763
v -0.006221 1.005377 -1.192641
v -0.004610 0.995932 -1.186060
v -0.073520 0.997648 -1.187255
v -0.072714 0.996248 -1.179196
v -0.071908 0.988203 -1.180674
v -0.072714 0.989603 -1.188733
v -0.227526 0.979939 -1.174876
v -0.225485 0.978718 -1.167008
v -0.224433 0.970708 -1.168524
v -0.226473 0.971929 -1.176392
v -0.361189 0.947611 -1.121685
v -0.355587 0.946087 -1.115866
v -0.358427 0.938408 -1.115143
v -0.364029 0.939931 -1.120961
v -0.382989 1.117761 -0.943912
v -0.376686 1.112541 -0.943150
v -0.380329 1.109092 -0.936639
v -0.386632 1.114311 -0.937401
v -0.273733 1.168299 -0.906864
v -0.271488 1.160505 -0.908201
v -0.272179 1.158928 -0.900164
v -0.274424 1.166721 -0.898827
v -0.087608 1.185510 -0.913723
v -0.086915 1.177443 -0.915135
v -0.086488 1.176063 -0.907043
v -0.087181 1.184130 -0.905631
v -0.005975 1.193051 -0.916739
v -0.004856 1.183603 -0.910060
v -0.470178 1.097018 0.354861
v -0.464374 1.100641 0.359417
v -0.458571 1.096548 0.355279
v -0.464374 1.092925 0.350723
v -0.483438 0.993139 0.396816
v -0.477840 0.994768 0.402609
v -0.471899 0.992003 0.397647
v -0.477498 0.990373 0.391854
v -0.496577 0.889827 0.439069
v -0.492034 0.885337 0.444241
v -0.485349 0.886889 0.439717
v -0.489893 0.891380 0.434545
v -0.514397 0.888881 0.239427
v -0.510809 0.881491 0.239156
v -0.503450 0.885089 0.238472
v -0.507039 0.892479 0.238743
v -0.532367 0.887507 0.038863
v -0.528770 0.880118 0.038695
v -0.521401 0.883717 0.038151
v -0.524997 0.891107 0.038318
v -0.543899 0.883696 -0.202728
v -0.540262 0.878278 -0.207726
v -0.532923 0.880427 -0.204714
v -0.536559 0.885845 -0.199716
v -0.520065 1.029321 -0.198288
v -0.515698 1.028675 -0.205221
v -0.508886 1.027373 -0.200809
v -0.513253 1.028019 -0.193876
v -0.489091 1.189213 -0.196971
v -0.483795 1.193252 -0.201789
v -0.477634 1.188666 -0.198860
v -0.482930 1.184627 -0.194043
v -0.483599 1.173873 0.076551
v -0.477718 1.179596 0.077016
v -0.471984 1.173781 0.076088
v -0.477865 1.168057 0.075624
v -0.471368 1.134007 0.288268
v -0.465475 1.139690 0.288997
v -0.459764 1.133949 0.287586
v -0.465658 1.128266 0.286857
v -0.471375 1.134073 0.288083
v -0.465407 1.139061 0.290740
v -0.459757 1.133882 0.287771
v -0.465725 1.128894 0.285114
v -0.471767 1.068055 -0.773247
v -0.465987 1.071721 -0.777798
v -0.460206 1.067193 -0.774103
v -0.465987 1.063528 -0.769552
v -0.483529 1.143357 -0.613310
v -0.477631 1.148906 -0.614714
v -0.471917 1.143321 -0.612786
v -0.477815 1.137772 -0.611382
v -0.489270 1.190137 -0.289959
v -0.484133 1.194328 -0.285101
v -0.477859 1.189743 -0.287780
v -0.482996 1.185552 -0.292639
v -0.520873 1.028153 -0.297951
v -0.516889 1.027244 -0.290820
v -0.509901 1.025816 -0.294906
v -0.513885 1.026724 -0.302037
v -0.552621 0.887310 -0.293744
v -0.549647 0.881657 -0.288570
v -0.542090 0.882905 -0.291552
v -0.545064 0.888558 -0.296725
v -0.552017 0.878215 -0.603682
v -0.549382 0.870433 -0.603424
v -0.541602 0.873075 -0.603187
v -0.544237 0.880857 -0.603445
v -0.536660 0.875928 -0.814037
v -0.533235 0.869562 -0.817950
v -0.526158 0.870945 -0.814005
v -0.529583 0.877311 -0.810092
v -0.504291 0.958097 -0.823451
v -0.498721 0.957123 -0.829417
v -0.493290 0.954368 -0.823896
v -0.498860 0.955342 -0.817931
v -0.477192 1.148664 0.211683
v -0.471439 1.148832 0.217552
v -0.465687 1.147025 0.211965
v -0.471439 1.146857 0.206096
v -0.515541 0.887174 0.256750
v -0.509789 0.887342 0.262619
v -0.504037 0.885536 0.257033
v -0.509789 0.885368 0.251164
v -0.006017 0.968959 0.523115
v -0.004814 0.957482 0.521718
v -0.059456 0.963438 0.522443
v -0.058854 0.956998 0.527514
v -0.058252 0.951961 0.521046
v -0.058854 0.958402 0.515975
v -0.272740 0.941397 0.519760
v -0.271851 0.934993 0.524835
v -0.270946 0.929996 0.518372
v -0.271835 0.936400 0.513297
v -0.396109 0.915795 0.516276
v -0.394437 0.909565 0.521371
v -0.392843 0.904721 0.514925
v -0.394515 0.910951 0.509830
v -0.437732 0.897945 0.516060
v -0.443151 0.892656 0.519259
v -0.442497 0.887937 0.512561
v -0.437079 0.893226 0.509363
v -0.414112 1.033546 0.451238
v -0.422248 1.034518 0.450588
v -0.422086 1.030931 0.443194
v -0.413950 1.029959 0.443844
v -0.392850 1.171232 0.384941
v -0.399383 1.175633 0.382593
v -0.399317 1.171840 0.375301
v -0.392784 1.167439 0.377649
v -0.282451 1.211945 0.360747
v -0.284387 1.218990 0.356981
v -0.284507 1.215090 0.349747
v -0.282572 1.208045 0.353513
v -0.089934 1.222158 0.352602
v -0.090484 1.229382 0.348719
v -0.090583 1.225484 0.341483
v -0.090033 1.218260 0.345366
v -0.005090 1.226682 0.348999
v -0.005641 1.233906 0.345116
v -0.005740 1.230009 0.337880
v -0.005190 1.222785 0.341763
v 0.590474 0.344218 1.478640
v 0.590474 0.425059 1.478640
v -0.008064 0.336187 1.625002
v -0.008064 0.433090 1.625002
v 0.500959 0.428470 1.549560
v 0.500959 0.340808 1.549560
v 0.345550 0.336424 1.606516
v 0.345550 0.432854 1.606516
v 0.145820 0.336196 1.622838
v 0.145820 0.433081 1.622838
v 0.590629 0.384639 1.473655
v 0.500176 0.384639 1.570031
v 0.345714 0.384639 1.628034
v 0.145928 0.384639 1.644441
v 0.573428 0.347569 1.460547
v 0.573428 0.421709 1.460547
v -0.008377 0.347569 1.602652
v -0.008377 0.421709 1.602652
v 0.487445 0.421708 1.529540
v 0.487445 0.347569 1.529540
v 0.340449 0.347569 1.584631
v 0.340449 0.421709 1.584631
v 0.144749 0.347569 1.600507
v 0.144749 0.421709 1.600507
v 0.573428 0.384639 1.455398
v 0.487445 0.384639 1.548418
v 0.340449 0.384639 1.603510
v 0.144749 0.384639 1.619385
v -0.605168 0.344218 1.478640
v -0.605168 0.425059 1.478640
v -0.515653 0.428470 1.549560
v -0.515653 0.340808 1.549560
v -0.360244 0.336423 1.606516
v -0.360244 0.432854 1.606516
v -0.160513 0.336196 1.622838
v -0.160513 0.433081 1.622838
v -0.605322 0.384639 1.473655
v -0.006668 0.384639 1.646611
v -0.514870 0.384639 1.570031
v -0.360408 0.384639 1.628034
v -0.160621 0.384639 1.644441
v -0.588122 0.347569 1.460547
v -0.588122 0.421709 1.460547
v -0.502139 0.421709 1.529540
v -0.502139 0.347569 1.529540
v -0.355143 0.347569 1.584631
v -0.355143 0.421709 1.584631
v -0.159442 0.347569 1.600507
v -0.159442 0.421709 1.600507
v -0.588122 0.384639 1.455398
v -0.006317 0.384639 1.621530
v -0.502139 0.384639 1.548418
v -0.355143 0.384639 1.603510
v -0.159442 0.384639 1.619385
v -0.302336 0.555980 1.608959
v -0.302638 0.309734 1.609972
v -0.307863 0.555980 1.607309
v -0.327143 0.534929 1.601556
v -0.321496 0.550087 1.603241
v -0.327446 0.329855 1.602570
v -0.308166 0.309734 1.608323
v -0.321799 0.315627 1.604255
v -0.302336 0.534929 1.608959
v -0.302638 0.329962 1.609973
v -0.314651 0.510066 1.650228
v -0.314651 0.531117 1.650228
v -0.311626 0.313966 1.640090
v -0.320178 0.531117 1.648579
v -0.317153 0.313966 1.638441
v -0.330786 0.319859 1.634372
v -0.340820 0.336202 1.647388
v -0.339458 0.510066 1.642826
v -0.333811 0.525224 1.644511
v -0.316012 0.336310 1.654791
v -0.327446 0.376411 1.602570
v -0.327446 0.423580 1.602570
v -0.327446 0.470748 1.602570
v -0.302638 0.376492 1.609972
v -0.302638 0.423634 1.609972
v -0.302638 0.470776 1.609973
v -0.342332 0.377998 1.652457
v -0.341122 0.425167 1.648401
v -0.336131 0.470748 1.631674
v -0.317525 0.378079 1.659860
v -0.316315 0.425221 1.655804
v -0.311323 0.470776 1.639076
v -0.296808 0.555980 1.610608
v -0.277528 0.534929 1.616361
v -0.283175 0.550087 1.614676
v -0.277831 0.329855 1.617375
v -0.297111 0.309734 1.611622
v -0.283478 0.315627 1.615690
v -0.309124 0.531117 1.651878
v -0.306098 0.313966 1.641740
v -0.292465 0.319859 1.645808
v -0.291205 0.336202 1.662193
v -0.289843 0.510066 1.657631
v -0.295491 0.525224 1.655946
v -0.277831 0.376411 1.617375
v -0.277831 0.423580 1.617375
v -0.277831 0.470748 1.617375
v -0.292718 0.377998 1.667262
v -0.291507 0.425167 1.663207
v -0.286516 0.470748 1.646479
v -0.332544 0.329855 1.619656
v -0.326898 0.315627 1.621341
v -0.332393 0.527523 1.619149
v -0.326746 0.542681 1.620834
v -0.313113 0.548574 1.624903
v -0.307737 0.309734 1.627059
v -0.307586 0.548574 1.626552
v -0.313264 0.309734 1.625410
v -0.332544 0.376411 1.619656
v -0.332544 0.423580 1.619656
v -0.332544 0.470748 1.619656
v -0.282930 0.329855 1.634462
v -0.288576 0.315627 1.632777
v -0.282778 0.527523 1.633955
v -0.288425 0.542681 1.632270
v -0.302058 0.548574 1.628202
v -0.302210 0.309734 1.628708
v -0.282930 0.376411 1.634462
v -0.282930 0.423580 1.634462
v -0.282930 0.470748 1.634462
v 0.287642 0.555980 1.608959
v 0.287944 0.309734 1.609972
v 0.293169 0.555980 1.607309
v 0.312449 0.534929 1.601556
v 0.306802 0.550087 1.603241
v 0.312752 0.329855 1.602570
v 0.293472 0.309734 1.608323
v 0.307105 0.315627 1.604255
v 0.287642 0.534929 1.608959
v 0.287944 0.329962 1.609972
v 0.299957 0.510066 1.650228
v 0.299957 0.531117 1.650228
v 0.296932 0.313966 1.640090
v 0.305485 0.531117 1.648579
v 0.302459 0.313966 1.638441
v 0.316092 0.319859 1.634372
v 0.326126 0.336202 1.647388
v 0.324765 0.510066 1.642826
v 0.319118 0.525224 1.644511
v 0.301318 0.336310 1.654791
v 0.312752 0.376411 1.602570
v 0.312752 0.423580 1.602570
v 0.312752 0.470748 1.602570
v 0.287944 0.376492 1.609972
v 0.287944 0.423634 1.609972
v 0.287944 0.470776 1.609972
v 0.327639 0.377998 1.652457
v 0.326428 0.425167 1.648401
v 0.321437 0.470748 1.631674
v 0.302831 0.378079 1.659860
v 0.301621 0.425221 1.655804
v 0.296629 0.470776 1.639076
v 0.282114 0.555980 1.610608
v 0.262834 0.534929 1.616361
v 0.268481 0.550087 1.614676
v 0.263137 0.329855 1.617375
v 0.282417 0.309734 1.611622
v 0.268784 0.315627 1.615690
v 0.294430 0.531117 1.651878
v 0.291404 0.313966 1.641740
v 0.277771 0.319859 1.645808
v 0.276511 0.336202 1.662193
v 0.275150 0.510066 1.657631
v 0.280797 0.525224 1.655946
v 0.263137 0.376411 1.617375
v 0.263137 0.423580 1.617375
v 0.263137 0.470748 1.617375
v 0.278024 0.377998 1.667262
v 0.276814 0.425167 1.663207
v 0.271822 0.470748 1.646479
v 0.317851 0.329855 1.619656
v 0.312204 0.315627 1.621341
v 0.317699 0.527523 1.619149
v 0.312052 0.542681 1.620834
v 0.298419 0.548574 1.624903
v 0.293043 0.309734 1.627059
v 0.292892 0.548574 1.626552
v 0.298571 0.309734 1.625410
v 0.317851 0.376411 1.619656
v 0.317851 0.423580 1.619656
v 0.317851 0.470748 1.619656
v 0.268236 0.329855 1.634462
v 0.273883 0.315627 1.632777
v 0.268084 0.527523 1.633955
v 0.273731 0.542681 1.632270
v 0.287364 0.548574 1.628202
v 0.287516 0.309734 1.628708
v 0.268236 0.376411 1.634462
v 0.268236 0.423580 1.634462
v 0.268236 0.470748 1.634462
v -0.276467 0.415538 1.432030
v -0.310942 0.415538 1.619242
v -0.264795 0.415538 1.434179
v -0.299269 0.415538 1.621391
v -0.264795 0.373533 1.434179
v -0.276467 0.373533 1.432030
v -0.310942 0.373533 1.619242
v -0.299269 0.373533 1.621391
v 0.261774 0.415538 1.432030
v 0.296248 0.415538 1.619242
v 0.250101 0.415538 1.434179
v 0.284575 0.415538 1.621391
v 0.250101 0.373533 1.434179
v 0.261774 0.373533 1.432030
v 0.296248 0.373533 1.619242
v 0.284575 0.373533 1.621391
v 0.602030 0.422675 -1.453232
v -0.003192 0.422675 -1.765392
v 0.300604 0.422675 -1.709615
v 0.485757 0.422675 -1.614439
v 0.153050 0.422675 -1.748561
v 0.574466 0.422675 -1.452884
v -0.003192 0.422675 -1.720428
v 0.273425 0.422675 -1.694065
v 0.458400 0.422675 -1.607224
v 0.130967 0.422675 -1.716599
v -0.608414 0.422675 -1.453232
v -0.306988 0.422675 -1.709615
v -0.492141 0.422675 -1.614439
v -0.159434 0.422675 -1.748561
v -0.580850 0.422675 -1.452884
v -0.279809 0.422675 -1.694065
v -0.464784 0.422675 -1.607224
v -0.137351 0.422675 -1.716599
v 0.485757 0.348461 -1.614439
v 0.602030 0.348461 -1.453232
v 0.153050 0.348461 -1.748561
v 0.300604 0.348461 -1.709615
v -0.003192 0.348461 -1.765392
v 0.458400 0.348461 -1.607224
v 0.574466 0.348461 -1.452884
v 0.130967 0.348461 -1.716599
v 0.273425 0.348461 -1.694065
v -0.003192 0.348461 -1.720428
v -0.492141 0.348461 -1.614439
v -0.608414 0.348461 -1.453232
v -0.159434 0.348461 -1.748561
v -0.306988 0.348461 -1.709615
v -0.464784 0.348461 -1.607224
v -0.580850 0.348461 -1.452884
v -0.137351 0.348461 -1.716599
v -0.279809 0.348461 -1.694065
v 0.340675 0.415538 -1.666572
v 0.295907 0.415538 -1.481551
v 0.329138 0.415538 -1.669363
v 0.284371 0.415538 -1.484342
v 0.329138 0.373533 -1.669363
v 0.340675 0.373533 -1.666572
v 0.295907 0.373533 -1.481551
v 0.284371 0.373533 -1.484342
v 0.369104 0.335529 -1.685417
v 0.329958 0.335529 -1.694888
v 0.371965 0.544683 -1.697242
v 0.332819 0.544683 -1.706714
v 0.372836 0.452273 -1.700841
v 0.333690 0.452273 -1.710313
v 0.336676 0.505884 -1.722653
v 0.375822 0.505884 -1.713181
v 0.375822 0.398662 -1.713181
v 0.336676 0.398662 -1.722653
v 0.357808 0.398438 -1.638732
v 0.359052 0.335305 -1.643874
v 0.319906 0.335305 -1.653346
v 0.324509 0.506718 -1.672370
v 0.324011 0.559271 -1.670313
v 0.363158 0.559271 -1.660841
v 0.363655 0.506718 -1.662898
v 0.363158 0.452049 -1.660841
v 0.318662 0.398438 -1.648204
v 0.324011 0.452049 -1.670313
v 0.376071 0.357044 -1.714209
v 0.336924 0.357044 -1.723681
v 0.358430 0.361582 -1.641303
v 0.319284 0.361582 -1.650775
v 0.328540 0.560441 -1.689028
v 0.331774 0.505772 -1.702396
v 0.367686 0.560441 -1.679556
v 0.366815 0.398550 -1.675957
v 0.367997 0.452161 -1.680841
v 0.364078 0.335417 -1.664645
v 0.328851 0.452161 -1.690313
v 0.370920 0.505772 -1.692924
v 0.327669 0.398550 -1.685429
v 0.324932 0.335417 -1.674117
v 0.327482 0.360900 -1.684657
v 0.366629 0.360900 -1.675186
v -0.347059 0.415538 -1.666572
v -0.302291 0.415538 -1.481551
v -0.335523 0.415538 -1.669363
v -0.290755 0.415538 -1.484342
v -0.335523 0.373533 -1.669363
v -0.347059 0.373533 -1.666572
v -0.302291 0.373533 -1.481551
v -0.290755 0.373533 -1.484342
v -0.375488 0.335529 -1.685417
v -0.336342 0.335529 -1.694888
v -0.378349 0.544683 -1.697242
v -0.339203 0.544683 -1.706714
v -0.379220 0.452273 -1.700841
v -0.340074 0.452273 -1.710313
v -0.343060 0.505884 -1.722653
v -0.382206 0.505884 -1.713181
v -0.382206 0.398662 -1.713181
v -0.343060 0.398662 -1.722653
v -0.364192 0.398438 -1.638732
v -0.365436 0.335305 -1.643874
v -0.326290 0.335305 -1.653346
v -0.330893 0.506718 -1.672370
v -0.330396 0.559271 -1.670313
v -0.369542 0.559271 -1.660841
v -0.370039 0.506718 -1.662898
v -0.369542 0.452049 -1.660841
v -0.325046 0.398438 -1.648204
v -0.330396 0.452049 -1.670313
v -0.382455 0.357044 -1.714209
v -0.343309 0.357044 -1.723681
v -0.364814 0.361582 -1.641303
v -0.325668 0.361582 -1.650775
v -0.334924 0.560441 -1.689028
v -0.338158 0.505772 -1.702396
v -0.374070 0.560441 -1.679556
v -0.373199 0.398550 -1.675957
v -0.374381 0.452161 -1.680841
v -0.370462 0.335417 -1.664645
v -0.335235 0.452161 -1.690313
v -0.377305 0.505772 -1.692924
v -0.334053 0.398550 -1.685429
v -0.331316 0.335417 -1.674117
v -0.333866 0.360900 -1.684657
v -0.373013 0.360900 -1.675186
v 0.393180 0.376675 -1.662027
v 0.386340 0.381121 -1.665567
v 0.386340 0.390015 -1.665567
v 0.393180 0.394462 -1.662027
v 0.400021 0.390015 -1.658487
v 0.400021 0.381121 -1.658487
v 0.393256 0.383495 -1.669986
v 0.396445 0.381422 -1.668335
v 0.393256 0.387641 -1.669986
v 0.396445 0.389714 -1.668335
v 0.399634 0.387641 -1.666685
v 0.399634 0.383495 -1.666685
v 0.309599 0.376675 -1.706462
v 0.302759 0.381121 -1.710003
v 0.302759 0.390015 -1.710003
v 0.309599 0.394462 -1.706462
v 0.316439 0.390015 -1.702922
v 0.316439 0.381121 -1.702922
v 0.309675 0.383495 -1.714421
v 0.312864 0.381422 -1.712770
v 0.309675 0.387641 -1.714421
v 0.312864 0.389714 -1.712770
v 0.316053 0.387641 -1.711120
v 0.316053 0.383495 -1.711120
v -0.399565 0.376675 -1.662027
v -0.392724 0.381121 -1.665567
v -0.392724 0.390015 -1.665567
v -0.399565 0.394462 -1.662027
v -0.406405 0.390015 -1.658487
v -0.406405 0.381121 -1.658487
v -0.399641 0.383495 -1.669986
v -0.402830 0.381422 -1.668335
v -0.399641 0.387641 -1.669986
v -0.402830 0.389714 -1.668335
v -0.406018 0.387641 -1.666685
v -0.406018 0.383495 -1.666685
v -0.315983 0.376675 -1.706463
v -0.309143 0.381121 -1.710003
v -0.309143 0.390015 -1.710003
v -0.315983 0.394462 -1.706463
v -0.322824 0.390015 -1.702922
v -0.322824 0.381121 -1.702922
v -0.316059 0.383495 -1.714421
v -0.319248 0.381422 -1.712770
v -0.316059 0.387641 -1.714421
v -0.319248 0.389714 -1.712770
v -0.322437 0.387641 -1.711120
v -0.322437 0.383495 -1.711120
v 0.127727 0.302543 -1.782728
v 0.135278 0.315621 -1.782728
v 0.150379 0.315621 -1.782728
v 0.157930 0.302543 -1.782728
v 0.150379 0.289464 -1.782728
v 0.135278 0.289464 -1.782728
v 0.139140 0.308932 -1.782728
v 0.135450 0.302543 -1.782728
v 0.146518 0.308932 -1.782728
v 0.150207 0.302543 -1.782728
v 0.146518 0.296153 -1.782728
v 0.139140 0.296153 -1.782728
v 0.127727 0.302543 -1.562189
v 0.135278 0.315621 -1.562189
v 0.150379 0.315621 -1.562189
v 0.157930 0.302543 -1.562189
v 0.150379 0.289464 -1.562189
v 0.135278 0.289464 -1.562189
v -0.138558 0.302543 -1.782728
v -0.146108 0.315621 -1.782728
v -0.161210 0.315621 -1.782728
v -0.168761 0.302543 -1.782728
v -0.161210 0.289464 -1.782728
v -0.146108 0.289464 -1.782728
v -0.149970 0.308932 -1.782728
v -0.146281 0.302543 -1.782728
v -0.157348 0.308932 -1.782728
v -0.161037 0.302543 -1.782728
v -0.157348 0.296153 -1.782728
v -0.149970 0.296153 -1.782728
v -0.138558 0.302543 -1.562189
v -0.146108 0.315621 -1.562189
v -0.161210 0.315621 -1.562189
v -0.168761 0.302543 -1.562189
v -0.161210 0.289464 -1.562189
v -0.146108 0.289464 -1.562189
v 0.549480 0.400004 -1.515535
v 0.549480 0.400004 -1.530066
v 0.536896 0.400004 -1.537331
v 0.524313 0.400004 -1.530066
v 0.524313 0.400004 -1.515535
v 0.536896 0.400004 -1.508271
v 0.549412 0.452915 -1.515627
v 0.549471 0.451388 -1.530077
v 0.536955 0.449650 -1.537250
v 0.524380 0.449440 -1.529974
v 0.524321 0.450967 -1.515524
v 0.536837 0.452705 -1.508351
v 0.545254 0.477777 -1.521275
v 0.546183 0.471927 -1.534543
v 0.534657 0.465271 -1.540372
v 0.522201 0.464466 -1.532933
v 0.521272 0.470316 -1.519665
v 0.532798 0.476972 -1.513836
v 0.533708 0.497249 -1.536955
v 0.537177 0.487116 -1.546774
v 0.528540 0.475588 -1.548680
v 0.516434 0.474193 -1.540766
v 0.512965 0.484327 -1.530947
v 0.521602 0.495855 -1.529042
v 0.518967 0.504263 -1.556976
v 0.524999 0.492662 -1.563314
v 0.519278 0.479465 -1.561259
v 0.507524 0.477868 -1.552866
v 0.501493 0.489469 -1.546528
v 0.507214 0.502666 -1.548583
v 0.475681 0.504467 -1.615139
v 0.481326 0.492904 -1.621887
v 0.477724 0.479502 -1.617581
v 0.468476 0.477664 -1.606525
v 0.462831 0.489227 -1.599776
v 0.466433 0.502629 -1.604083
v 0.288850 0.504467 -1.707146
v 0.291725 0.492904 -1.715462
v 0.289890 0.479502 -1.710156
v 0.285179 0.477664 -1.696534
v 0.282303 0.489227 -1.688218
v 0.284139 0.502629 -1.693525
v 0.180511 0.504307 -1.730268
v 0.183801 0.492772 -1.738469
v 0.184320 0.479530 -1.732508
v 0.181547 0.477824 -1.718347
v 0.178257 0.489359 -1.710147
v 0.177738 0.502600 -1.716108
v 0.156173 0.497288 -1.735428
v 0.163669 0.487212 -1.742736
v 0.169015 0.475646 -1.735752
v 0.166864 0.474155 -1.721460
v 0.159368 0.484231 -1.714151
v 0.154023 0.495797 -1.721135
v 0.137108 0.477799 -1.739470
v 0.148770 0.471982 -1.745895
v 0.158898 0.465304 -1.737897
v 0.157364 0.464444 -1.723474
v 0.145702 0.470261 -1.717048
v 0.135574 0.476939 -1.725046
v 0.130242 0.452921 -1.740925
v 0.143331 0.451402 -1.747048
v 0.155098 0.449659 -1.738703
v 0.153775 0.449434 -1.724234
v 0.140685 0.450953 -1.718112
v 0.128919 0.452696 -1.726457
v 0.130130 0.399549 -1.740949
v 0.143317 0.399549 -1.747051
v 0.155195 0.399549 -1.738682
v 0.153886 0.399549 -1.724211
v 0.140700 0.399549 -1.718109
v 0.128821 0.399549 -1.726478
v -0.555864 0.400004 -1.515535
v -0.555864 0.400004 -1.530066
v -0.543280 0.400004 -1.537331
v -0.530697 0.400004 -1.530066
v -0.530697 0.400004 -1.515535
v -0.543280 0.400004 -1.508271
v -0.555796 0.452915 -1.515627
v -0.555856 0.451388 -1.530077
v -0.543340 0.449650 -1.537250
v -0.530764 0.449440 -1.529974
v -0.530705 0.450967 -1.515524
v -0.543221 0.452705 -1.508351
v -0.551638 0.477777 -1.521275
v -0.552567 0.471927 -1.534543
v -0.541041 0.465271 -1.540372
v -0.528585 0.464466 -1.532933
v -0.527656 0.470316 -1.519665
v -0.539182 0.476972 -1.513836
v -0.540092 0.497249 -1.536955
v -0.543561 0.487116 -1.546774
v -0.534924 0.475588 -1.548680
v -0.522818 0.474193 -1.540766
v -0.519349 0.484327 -1.530947
v -0.527986 0.495855 -1.529042
v -0.525351 0.504263 -1.556976
v -0.531383 0.492662 -1.563314
v -0.525662 0.479465 -1.561259
v -0.513909 0.477868 -1.552866
v -0.507877 0.489469 -1.546528
v -0.513598 0.502666 -1.548583
v -0.482065 0.504467 -1.615139
v -0.487710 0.492904 -1.621887
v -0.484108 0.479502 -1.617581
v -0.474860 0.477664 -1.606525
v -0.469215 0.489227 -1.599776
v -0.472817 0.502629 -1.604083
v -0.295234 0.504467 -1.707146
v -0.298110 0.492904 -1.715462
v -0.296274 0.479502 -1.710156
v -0.291563 0.477664 -1.696534
v -0.288687 0.489227 -1.688218
v -0.290523 0.502629 -1.693525
v -0.186895 0.504307 -1.730268
v -0.190185 0.492772 -1.738469
v -0.190704 0.479530 -1.732508
v -0.187931 0.477824 -1.718347
v -0.184641 0.489359 -1.710147
v -0.184122 0.502600 -1.716108
v -0.162557 0.497288 -1.735428
v -0.170053 0.487212 -1.742736
v -0.175399 0.475646 -1.735752
v -0.173248 0.474155 -1.721460
v -0.165752 0.484231 -1.714151
v -0.160407 0.495797 -1.721135
v -0.143492 0.477799 -1.739470
v -0.155154 0.471982 -1.745895
v -0.165282 0.465304 -1.737897
v -0.163748 0.464444 -1.723474
v -0.152086 0.470261 -1.717048
v -0.141958 0.476939 -1.725046
v -0.136626 0.452921 -1.740925
v -0.149715 0.451402 -1.747048
v -0.161482 0.449659 -1.738703
v -0.160159 0.449434 -1.724234
v -0.147069 0.450953 -1.718112
v -0.135303 0.452696 -1.726457
v -0.136514 0.399549 -1.740949
v -0.149701 0.399549 -1.747051
v -0.161579 0.399549 -1.738682
v -0.160270 0.399549 -1.724211
v -0.147084 0.399549 -1.718109
v -0.135206 0.399549 -1.726478
v 0.060375 0.980358 -1.199608
v 0.325940 0.934748 -1.141846
v 0.214640 0.962106 -1.186724
v 0.314550 0.878498 -1.204091
v 0.195384 0.908082 -1.243271
v 0.055516 0.924951 -1.256802
v 0.298115 0.941588 -1.153065
v 0.270290 0.948427 -1.164285
v 0.242465 0.955267 -1.175505
v 0.284759 0.885894 -1.213886
v 0.254967 0.893290 -1.223681
v 0.225175 0.900686 -1.233476
v 0.183787 0.965757 -1.189301
v 0.152934 0.969407 -1.191878
v 0.122081 0.973057 -1.194455
v 0.091228 0.976708 -1.197031
v 0.167410 0.911456 -1.245977
v 0.139437 0.914830 -1.248683
v 0.111463 0.918203 -1.251390
v 0.083490 0.921577 -1.254096
v 0.038103 0.982974 -1.201447
v 0.009418 0.986343 -1.203815
v 0.034863 0.927452 -1.258812
v 0.009505 0.930523 -1.261280
v -0.073259 0.980358 -1.199608
v -0.338824 0.934748 -1.141846
v -0.227524 0.962106 -1.186724
v -0.327434 0.878498 -1.204091
v -0.208268 0.908082 -1.243271
v -0.068400 0.924951 -1.256802
v -0.310999 0.941588 -1.153065
v -0.283174 0.948427 -1.164285
v -0.255349 0.955267 -1.175505
v -0.297643 0.885894 -1.213886
v -0.267851 0.893290 -1.223681
v -0.238060 0.900686 -1.233476
v -0.196671 0.965757 -1.189301
v -0.165818 0.969407 -1.191878
v -0.134965 0.973057 -1.194455
v -0.104112 0.976708 -1.197031
v -0.180294 0.911456 -1.245977
v -0.152321 0.914830 -1.248683
v -0.124347 0.918203 -1.251390
v -0.096374 0.921577 -1.254096
v -0.050987 0.982974 -1.201447
v -0.022302 0.986343 -1.203815
v -0.047748 0.927452 -1.258812
v -0.022389 0.930523 -1.261280
v -0.597397 0.777369 -0.171523
v -0.597397 0.777369 -0.238457
v -0.597397 0.802620 -0.171523
v -0.597397 0.802620 -0.238457
v -0.560941 0.782854 -0.056067
v -0.560941 0.799329 -0.056067
v -0.595333 0.777369 -0.114483
v -0.595333 0.802620 -0.114483
v -0.587577 0.802620 -0.173388
v -0.587577 0.777369 -0.173388
v -0.587577 0.777369 -0.240322
v -0.587577 0.802620 -0.240322
v -0.551121 0.799329 -0.057932
v -0.551121 0.782854 -0.057932
v -0.585513 0.777369 -0.116348
v -0.585513 0.802620 -0.116348
v -0.597397 0.777369 -0.193223
v -0.597397 0.802620 -0.193223
v -0.587577 0.777369 -0.195089
v -0.587577 0.802620 -0.195089
v -0.603244 0.777369 -0.193223
v -0.603244 0.777369 -0.238457
v -0.603244 0.802620 -0.238457
v -0.603244 0.802620 -0.193223
v -0.564004 0.777369 -0.195089
v -0.564004 0.777369 -0.240322
v -0.564004 0.802620 -0.240322
v -0.564004 0.802620 -0.195089
v 0.586567 0.777369 -0.171523
v 0.586567 0.777369 -0.238457
v 0.586566 0.802620 -0.171523
v 0.586566 0.802620 -0.238457
v 0.550111 0.782854 -0.056067
v 0.550111 0.799329 -0.056067
v 0.584503 0.777369 -0.114483
v 0.584503 0.802620 -0.114483
v 0.576746 0.802620 -0.173388
v 0.576746 0.777369 -0.173388
v 0.576746 0.777369 -0.240322
v 0.576746 0.802620 -0.240322
v 0.540291 0.799329 -0.057932
v 0.540291 0.782854 -0.057932
v 0.574683 0.777369 -0.116348
v 0.574683 0.802620 -0.116348
v 0.586567 0.777369 -0.193224
v 0.586566 0.802620 -0.193224
v 0.576746 0.777369 -0.195089
v 0.576746 0.802620 -0.195089
v 0.592413 0.777369 -0.193224
v 0.592413 0.777369 -0.238457
v 0.592413 0.802620 -0.238457
v 0.592413 0.802620 -0.193224
v 0.553174 0.777369 -0.195089
v 0.553174 0.777369 -0.240322
v 0.553174 0.802620 -0.240322
v 0.553174 0.802620 -0.195089
v 0.440184 0.883539 0.567989
v 0.434929 0.883539 0.558885
v 0.424417 0.883539 0.558885
v 0.419161 0.883539 0.567989
v 0.424417 0.883539 0.577092
v 0.434929 0.883539 0.577092
v 0.440184 0.921421 0.567989
v 0.434929 0.921421 0.558885
v 0.424417 0.921421 0.558885
v 0.419161 0.921421 0.567989
v 0.424417 0.921421 0.577092
v 0.434929 0.921421 0.577092
v 0.435883 0.921421 0.567989
v 0.432778 0.921421 0.562610
v 0.426568 0.921421 0.562610
v 0.423463 0.921421 0.567989
v 0.426568 0.921421 0.573367
v 0.432778 0.921421 0.573367
v 0.435883 0.921421 0.567989
v 0.432778 0.921421 0.562610
v 0.426568 0.921421 0.562610
v 0.423463 0.921421 0.567989
v 0.426568 0.921421 0.573367
v 0.432778 0.921421 0.573367
v 0.435883 0.933988 0.567989
v 0.432778 0.933988 0.562610
v 0.426568 0.933988 0.562610
v 0.423463 0.933988 0.567989
v 0.426568 0.933988 0.573367
v 0.432778 0.933988 0.573367
v 0.432715 0.933988 0.567989
v 0.431194 0.933988 0.565354
v 0.428152 0.933988 0.565354
v 0.426631 0.933988 0.567989
v 0.428152 0.933988 0.570623
v 0.431194 0.933988 0.570623
v 0.432715 1.258823 0.567989
v 0.431194 1.258823 0.565354
v 0.428152 1.258823 0.565354
v 0.426631 1.258823 0.567989
v 0.428152 1.258823 0.570623
v 0.431194 1.258823 0.570623
v -0.008220 0.492575 1.621091
v -0.008220 0.492575 1.606562
v -0.008014 0.479991 1.599298
v -0.008220 0.467407 1.606562
v -0.008220 0.467407 1.621091
v -0.008427 0.479991 1.628355
v -0.160328 0.492570 1.618929
v -0.159635 0.492570 1.604416
v -0.159285 0.479986 1.597159
v -0.159628 0.467403 1.604416
v -0.160321 0.467403 1.618930
v -0.160671 0.479986 1.626186
v -0.359355 0.492451 1.602655
v -0.356212 0.492461 1.588469
v -0.354551 0.479882 1.581387
v -0.356032 0.467294 1.588492
v -0.359175 0.467285 1.602678
v -0.360837 0.479863 1.609760
v -0.512651 0.490235 1.545829
v -0.505508 0.490291 1.533175
v -0.501753 0.477737 1.526896
v -0.505141 0.465127 1.533271
v -0.512283 0.465070 1.545924
v -0.516038 0.477624 1.552203
v -0.521193 0.489889 1.539305
v -0.512164 0.490128 1.527923
v -0.506091 0.477799 1.523206
v -0.509048 0.465231 1.529870
v -0.518077 0.464991 1.541252
v -0.524149 0.477320 1.545969
v -0.543568 0.481465 1.521467
v -0.534607 0.481673 1.510030
v -0.524985 0.470950 1.508143
v -0.524323 0.460019 1.517693
v -0.533283 0.459811 1.529129
v -0.542906 0.470534 1.531016
v -0.560844 0.459032 1.507693
v -0.551952 0.459152 1.496202
v -0.538834 0.452968 1.497102
v -0.534608 0.446664 1.509493
v -0.543501 0.446544 1.520984
v -0.556619 0.452728 1.520084
v -0.567090 0.430292 1.502714
v -0.558221 0.430323 1.491204
v -0.543902 0.428703 1.493062
v -0.538451 0.427052 1.506430
v -0.547320 0.427020 1.517939
v -0.561639 0.428640 1.516081
v -0.567173 0.378105 1.502648
v -0.558306 0.378105 1.491137
v -0.543903 0.378105 1.493061
v -0.538368 0.378105 1.506495
v -0.547235 0.378105 1.518006
v -0.561638 0.378105 1.516083
v -0.008427 0.479991 1.599298
v -0.008014 0.479991 1.628355
v 0.143887 0.492570 1.618929
v 0.143194 0.492570 1.604416
v 0.142844 0.479986 1.597159
v 0.143187 0.467403 1.604416
v 0.143880 0.467403 1.618930
v 0.144230 0.479986 1.626186
v 0.342914 0.492451 1.602655
v 0.339771 0.492461 1.588469
v 0.338110 0.479882 1.581387
v 0.339591 0.467294 1.588492
v 0.342734 0.467285 1.602678
v 0.344396 0.479863 1.609760
v 0.496210 0.490235 1.545829
v 0.489067 0.490291 1.533175
v 0.485312 0.477737 1.526896
v 0.488700 0.465127 1.533271
v 0.495842 0.465070 1.545924
v 0.499597 0.477624 1.552203
v 0.504752 0.489889 1.539305
v 0.495723 0.490128 1.527923
v 0.489650 0.477799 1.523206
v 0.492607 0.465231 1.529870
v 0.501636 0.464991 1.541252
v 0.507708 0.477320 1.545969
v 0.527126 0.481465 1.521467
v 0.518166 0.481673 1.510030
v 0.508544 0.470950 1.508143
v 0.507882 0.460019 1.517693
v 0.516842 0.459811 1.529129
v 0.526464 0.470534 1.531016
v 0.544403 0.459032 1.507693
v 0.535511 0.459152 1.496202
v 0.522393 0.452968 1.497102
v 0.518167 0.446664 1.509493
v 0.527059 0.446544 1.520984
v 0.540177 0.452728 1.520084
v 0.550649 0.430292 1.502714
v 0.541780 0.430323 1.491204
v 0.527461 0.428703 1.493062
v 0.522010 0.427052 1.506430
v 0.530879 0.427020 1.517939
v 0.545198 0.428640 1.516081
v 0.550732 0.378105 1.502648
v 0.541864 0.378105 1.491137
v 0.527462 0.378105 1.493061
v 0.521927 0.378105 1.506495
v 0.530794 0.378105 1.518006
v 0.545197 0.378105 1.516083
vn -0.2249 -0.5314 0.8167
vn 0.1607 0.7145 -0.6809
vn 0.1817 0.5388 -0.8226
vn 0.1555 0.8037 -0.5743
vn 0.1496 0.8320 -0.5343
vn 0.1561 0.8005 -0.5786
vn 0.7051 0.4066 -0.5809
vn -0.4026 -0.1912 0.8952
vn 0.1606 0.7757 -0.6104
vn 0.4675 0.7002 -0.5396
vn 0.2249 -0.5314 0.8167
vn -0.1607 0.7145 -0.6809
vn -0.1817 0.5388 -0.8226
vn -0.1555 0.8037 -0.5743
vn -0.1561 0.8005 -0.5786
vn -0.1496 0.8320 -0.5343
vn -0.7051 0.4066 -0.5809
vn 0.4026 -0.1912 0.8952
vn -0.1606 0.7757 -0.6104
vn -0.4675 0.7002 -0.5396
vn 0.7601 0.6498 -0.0001
vn 0.8917 0.4527 0.0033
vn 0.8714 0.4652 0.1558
vn 0.8278 0.4104 0.3826
vn 0.6949 0.7187 0.0236
vn 0.8570 0.5150 0.0185
vn 0.8824 0.4704 0.0117
vn 0.7507 0.6605 0.0122
vn 0.3863 0.9221 0.0226
vn 0.3995 0.9164 0.0232
vn 0.3551 0.9346 0.0211
vn 0.5856 0.8106 -0.0034
vn 0.5750 0.8180 0.0134
vn 0.9213 -0.3887 0.0101
vn 0.9213 -0.3886 0.0101
vn 0.9189 -0.3945 0.0072
vn 0.9188 -0.3946 0.0070
vn 0.9201 -0.3918 0.0042
vn 0.9137 -0.4039 -0.0449
vn 0.8953 -0.4276 -0.1253
vn 0.5671 0.8237 -0.0032
vn 0.9158 -0.3989 0.0474
vn 0.9168 -0.3968 0.0443
vn 0.9256 -0.3785 0.0102
vn 0.9256 -0.3783 0.0102
vn 0.4945 0.8687 0.0276
vn 0.7943 0.5265 -0.3031
vn 0.7982 0.6023 -0.0114
vn 0.8235 0.5671 0.0182
vn 0.8242 0.5661 0.0182
vn -0.0924 -0.0898 -0.9917
vn -0.0923 -0.0898 -0.9917
vn -0.2279 -0.1845 0.9560
vn 0.6884 0.6639 0.2922
vn 0.6884 -0.7249 0.0242
vn 0.6873 -0.7258 0.0295
vn 0.6884 0.6638 0.2923
vn 0.6872 -0.7258 0.0294
vn 0.7107 0.6802 0.1797
vn 0.6861 -0.7267 0.0347
vn 0.7107 0.6802 0.1796
vn 0.7218 0.6848 0.1003
vn 0.7221 0.6849 0.0970
vn 0.6812 -0.7287 0.0701
vn 0.7222 0.6849 0.0970
vn 0.7230 0.6852 0.0876
vn 0.6852 -0.7275 0.0353
vn 0.6850 -0.7276 0.0367
vn 0.7231 0.6852 0.0876
vn 0.6853 -0.7274 0.0353
vn 0.6851 -0.7275 0.0367
vn 0.7236 0.6854 0.0816
vn 0.6850 -0.7276 0.0372
vn 0.6850 -0.7275 0.0372
vn 0.7266 0.6860 0.0380
vn 0.6852 -0.7275 0.0363
vn 0.6851 -0.7275 0.0363
vn 0.7280 0.6853 -0.0191
vn 0.6857 -0.7278 0.0106
vn 0.6855 -0.7281 0.0064
vn 0.7280 0.6853 -0.0190
vn 0.7226 0.6792 -0.1288
vn 0.6852 -0.7284 0.0022
vn 0.7227 0.6791 -0.1288
vn -0.0000 -0.0000 -1.0000
vn 0.5912 0.2209 -0.7757
vn 0.2490 0.4105 -0.8772
vn 1.0000 -0.0000 -0.0000
vn 0.1236 0.9923 -0.0000
vn 0.0369 -0.9563 -0.2901
vn -0.0885 -0.9643 -0.2495
vn 0.4546 0.8907 -0.0000
vn 0.0762 -0.9971 -0.0008
vn 0.0370 -0.9993 0.0039
vn 0.0674 -0.9977 0.0003
vn -0.3147 -0.9476 -0.0558
vn 0.0930 -0.9957 0.0045
vn -0.2927 -0.9556 0.0349
vn -0.0376 -0.9992 0.0145
vn -0.3336 -0.9409 -0.0585
vn 0.0891 -0.9960 0.0036
vn -0.0000 -0.9999 0.0113
vn -0.0000 0.9983 0.0590
vn -0.9814 0.1428 -0.1285
vn -0.7601 0.6498 -0.0001
vn -0.8278 0.4104 0.3826
vn -0.8714 0.4652 0.1558
vn -0.8917 0.4527 0.0033
vn -0.6949 0.7187 0.0236
vn -0.7507 0.6605 0.0122
vn -0.8824 0.4704 0.0117
vn -0.8570 0.5150 0.0185
vn -0.3863 0.9221 0.0226
vn -0.3551 0.9346 0.0211
vn -0.3995 0.9164 0.0232
vn -0.5750 0.8180 0.0134
vn -0.5856 0.8106 -0.0034
vn -0.9213 -0.3887 0.0101
vn -0.9188 -0.3945 0.0070
vn -0.9189 -0.3945 0.0072
vn -0.9213 -0.3886 0.0101
vn -0.9201 -0.3918 0.0042
vn -0.8953 -0.4276 -0.1253
vn -0.9137 -0.4039 -0.0449
vn -0.5671 0.8237 -0.0032
vn -0.9158 -0.3989 0.0474
vn -0.9256 -0.3783 0.0102
vn -0.9256 -0.3785 0.0102
vn -0.9168 -0.3968 0.0443
vn -0.4945 0.8687 0.0276
vn -0.7943 0.5265 -0.3031
vn -0.8242 0.5661 0.0182
vn -0.8235 0.5671 0.0182
vn -0.7982 0.6023 -0.0114
vn 0.0924 -0.0898 -0.9917
vn 0.0923 -0.0898 -0.9917
vn 0.2279 -0.1845 0.9560
vn -0.6884 0.6638 0.2922
vn -0.6884 -0.7249 0.0242
vn -0.6873 -0.7258 0.0295
vn -0.6884 0.6638 0.2923
vn -0.6872 -0.7258 0.0294
vn -0.7107 0.6802 0.1797
vn -0.6861 -0.7267 0.0347
vn -0.7107 0.6802 0.1796
vn -0.7218 0.6848 0.1003
vn -0.7221 0.6849 0.0970
vn -0.6812 -0.7287 0.0701
vn -0.7231 0.6852 0.0876
vn -0.6852 -0.7275 0.0353
vn -0.6851 -0.7275 0.0367
vn -0.7230 0.6852 0.0876
vn -0.7236 0.6854 0.0816
vn -0.6851 -0.7275 0.0372
vn -0.6850 -0.7276 0.0372
vn -0.7266 0.6860 0.0380
vn -0.6852 -0.7274 0.0363
vn -0.6851 -0.7275 0.0363
vn -0.7280 0.6853 -0.0191
vn -0.6858 -0.7277 0.0106
vn -0.6855 -0.7281 0.0064
vn -0.7280 0.6853 -0.0190
vn -0.7226 0.6792 -0.1288
vn -0.6852 -0.7284 0.0022
vn -0.7226 0.6791 -0.1288
vn -0.5912 0.2209 -0.7757
vn -0.2490 0.4105 -0.8772
vn -1.0000 -0.0000 -0.0000
vn -0.1236 0.9923 -0.0000
vn -0.0369 -0.9563 -0.2901
vn 0.0885 -0.9643 -0.2495
vn -0.4546 0.8907 -0.0000
vn -0.0762 -0.9971 -0.0008
vn -0.0674 -0.9977 0.0003
vn -0.0370 -0.9993 0.0039
vn 0.3147 -0.9476 -0.0558
vn -0.0930 -0.9957 0.0045
vn 0.2927 -0.9556 0.0349
vn 0.0376 -0.9992 0.0145
vn 0.3336 -0.9409 -0.0586
vn -0.0891 -0.9960 0.0036
vn -0.0000 -0.9983 -0.0590
vn 0.9814 0.1428 -0.1285
vn -0.0000 -0.9564 -0.2921
vn -0.0000 -1.0000 -0.0000
vn -0.0000 -0.9234 0.3838
vn -0.0000 0.8172 -0.5764
vn -0.0000 0.8566 0.5159
vn -0.4965 0.8680 0.0043
vn -1.0000 -0.0002 -0.0001
vn -1.0000 0.0001 -0.0031
vn -0.4963 -0.8682 0.0050
vn 0.4961 -0.8683 0.0048
vn 1.0000 0.0002 -0.0001
vn 1.0000 -0.0002 0.0030
vn 0.4967 0.8679 0.0045
vn -0.4833 0.8053 0.3435
vn -0.4829 0.8054 0.3437
vn -1.0000 0.0003 -0.0062
vn -0.4804 -0.8159 -0.3219
vn 0.4816 -0.8171 -0.3169
vn 1.0000 -0.0005 0.0062
vn 0.4814 0.8038 0.3496
vn -0.5122 0.3505 0.7841
vn -0.9990 -0.0139 -0.0418
vn -0.9990 -0.0138 -0.0416
vn -0.9990 -0.0139 -0.0417
vn -0.4620 -0.3236 -0.8257
vn 0.5143 -0.3159 -0.7973
vn 0.9986 -0.0038 0.0521
vn 0.4647 0.3393 0.8179
vn -0.5191 0.4021 0.7542
vn -0.7910 0.5893 -0.1646
vn -0.3227 0.2259 -0.9191
vn 0.5183 -0.4041 -0.7537
vn 0.7907 -0.5897 0.1646
vn 0.3235 -0.2233 0.9195
vn 0.0334 -0.9994 0.0127
vn 0.0096 0.9999 -0.0104
vn 0.0323 -0.9994 0.0135
vn 0.0394 -0.9992 -0.0089
vn 0.0152 -0.9999 -0.0037
vn 0.0155 -0.9999 -0.0036
vn 0.0098 0.9999 -0.0107
vn 0.3904 0.0314 0.9201
vn 0.9884 0.0843 0.1261
vn 0.6181 0.0511 -0.7845
vn -0.3902 -0.0296 -0.9203
vn -0.9894 -0.0707 -0.1265
vn -0.6178 -0.0455 0.7850
vn -0.6143 -0.0095 0.7890
vn -0.9915 -0.0149 -0.1292
vn -0.3895 -0.0061 -0.9210
vn 0.6057 0.0100 -0.7956
vn 0.9912 0.0166 0.1313
vn 0.3773 0.0061 0.9261
vn -0.0146 0.9999 -0.0055
vn -0.0158 0.9999 -0.0054
vn 0.0020 0.9999 0.0135
vn 0.0387 -0.9992 -0.0101
vn 0.0012 0.9999 0.0135
vn 0.0170 -0.9999 -0.0034
vn 0.3612 0.8721 0.3300
vn -0.8721 0.3613 0.3299
vn -0.8721 -0.3613 0.3299
vn 0.3612 -0.8721 0.3299
vn 0.8721 0.3612 0.3299
vn -0.3613 0.8721 0.3300
vn -0.3612 -0.8721 0.3299
vn 0.8721 -0.3612 0.3299
vn 0.1526 -0.3684 0.9170
vn 0.3684 0.1526 0.9170
vn -0.1526 0.3684 0.9170
vn -0.1526 -0.3684 0.9170
vn 0.3684 -0.1526 0.9170
vn 0.1526 0.3684 0.9170
vn -0.3684 0.1526 0.9170
vn -0.3684 -0.1526 0.9170
vn -0.3827 0.9239 -0.0000
vn -0.0000 -0.0000 1.0000
vn -0.6752 -0.2796 0.6826
vn -0.3827 -0.9239 -0.0000
vn 0.9239 -0.3826 -0.0000
vn 0.3827 0.9239 -0.0000
vn -0.9239 0.3827 -0.0000
vn -0.9239 -0.3826 -0.0000
vn 0.3827 -0.9239 -0.0000
vn 0.9239 0.3827 -0.0000
vn 0.2797 -0.6751 0.6826
vn 0.6752 0.2797 0.6826
vn -0.2796 0.6751 0.6826
vn -0.2797 -0.6751 0.6826
vn 0.6752 -0.2797 0.6826
vn 0.2796 0.6751 0.6826
vn -0.6752 0.2796 0.6826
vn 0.4965 0.8680 0.0044
vn 1.0000 -0.0002 0.0001
vn 1.0000 0.0002 -0.0030
vn 0.4963 -0.8681 0.0050
vn -0.4961 -0.8682 0.0049
vn -1.0000 0.0002 0.0001
vn -1.0000 -0.0001 0.0031
vn -0.4967 0.8679 0.0045
vn 0.4830 0.8054 0.3436
vn 1.0000 0.0005 -0.0062
vn 0.4805 -0.8158 -0.3218
vn -0.4817 -0.8170 -0.3170
vn -1.0000 -0.0005 0.0062
vn -0.4816 0.8037 0.3495
vn 0.5121 0.3505 0.7841
vn 0.9990 -0.0139 -0.0421
vn 0.4620 -0.3236 -0.8257
vn -0.5144 -0.3158 -0.7973
vn -0.9986 -0.0038 0.0521
vn -0.4649 0.3392 0.8178
vn 0.5190 0.4020 0.7543
vn 0.7909 0.5893 -0.1648
vn 0.3227 0.2259 -0.9191
vn -0.5184 -0.4042 -0.7536
vn -0.7907 -0.5897 0.1646
vn -0.3236 -0.2234 0.9195
vn -0.0334 -0.9994 0.0125
vn -0.0095 0.9999 -0.0107
vn -0.0323 -0.9994 0.0135
vn -0.0394 -0.9992 -0.0089
vn -0.0391 -0.9992 -0.0089
vn -0.0157 -0.9999 -0.0036
vn -0.0098 0.9999 -0.0107
vn -0.3904 0.0314 0.9201
vn -0.9885 0.0843 0.1259
vn -0.6182 0.0512 -0.7844
vn 0.3902 -0.0296 -0.9202
vn 0.9894 -0.0707 -0.1265
vn 0.6178 -0.0455 0.7850
vn 0.6143 -0.0095 0.7890
vn 0.9915 -0.0149 -0.1290
vn 0.3895 -0.0061 -0.9210
vn -0.6057 0.0100 -0.7956
vn -0.9912 0.0167 0.1314
vn -0.3773 0.0061 0.9261
vn 0.0146 0.9999 -0.0055
vn 0.0159 0.9999 -0.0055
vn -0.0020 0.9999 0.0134
vn -0.0385 -0.9992 -0.0103
vn -0.0012 0.9999 0.0135
vn -0.0170 -0.9999 -0.0034
vn -0.3613 0.8721 0.3299
vn 0.8721 0.3613 0.3300
vn 0.8721 -0.3612 0.3300
vn -0.8721 0.3612 0.3299
vn 0.3613 0.8721 0.3299
vn -0.8721 -0.3612 0.3299
vn 0.6751 -0.2796 0.6827
vn -0.9239 -0.3827 -0.0000
vn -0.3826 0.9239 -0.0000
vn 0.9239 0.3826 -0.0000
vn -0.6751 0.2797 0.6826
vn 0.2796 0.6751 0.6827
vn -0.6751 -0.2797 0.6826
vn -0.2796 0.6751 0.6827
vn 0.6751 0.2796 0.6827
vn 0.6714 -0.4412 0.5955
vn 0.0703 0.9944 0.0793
vn 0.7253 0.0542 0.6863
vn 0.6307 0.4750 0.6137
vn -0.6714 -0.4412 0.5955
vn -0.0703 0.9944 0.0793
vn -0.7253 0.0542 0.6863
vn -0.6307 0.4750 0.6137
vn -0.9741 0.1332 -0.1828
vn -0.1297 -0.9901 -0.0538
vn -0.9833 -0.0109 -0.1816
vn -0.8242 -0.3157 -0.4701
vn 0.9741 0.1333 -0.1829
vn 0.1297 -0.9901 -0.0538
vn 0.9833 -0.0109 -0.1816
vn 0.8242 -0.3158 -0.4701
vn 0.9789 -0.2040 0.0136
vn -0.7366 0.0844 -0.6710
vn -0.5069 -0.8033 -0.3127
vn 0.6461 0.4649 -0.6053
vn 0.8050 -0.4002 -0.4380
vn 0.6201 -0.0693 -0.7814
vn -0.9789 -0.2039 0.0136
vn 0.7366 0.0844 -0.6710
vn 0.5069 -0.8033 -0.3127
vn -0.6461 0.4649 -0.6053
vn -0.8050 -0.4002 -0.4379
vn -0.6201 -0.0693 -0.7814
vn 0.8456 0.2646 -0.4636
vn -0.0000 0.2536 0.9673
vn -0.0000 0.2671 -0.9637
vn 0.8239 0.2578 0.5047
vn -0.8239 0.2577 0.5047
vn -0.8456 0.2645 -0.4636
vn 0.8550 0.1512 0.4961
vn 0.8550 -0.1512 0.4961
vn 0.8550 0.1512 -0.4961
vn 0.8550 -0.1512 -0.4961
vn -0.0000 0.9948 0.1021
vn -0.0000 0.6908 0.7231
vn -0.0000 0.7689 0.6394
vn 0.4208 -0.6050 -0.6759
vn 0.4716 -0.6780 -0.5639
vn 0.4437 -0.6379 -0.6294
vn 0.5614 -0.8070 -0.1834
vn 0.5650 -0.8122 -0.1452
vn 0.5335 -0.7670 -0.3565
vn 0.3871 -0.5565 -0.7351
vn -0.0000 0.9751 0.2216
vn -0.0000 0.9844 0.1759
vn -0.0000 0.9068 0.4215
vn -0.0000 0.6036 0.7973
vn 0.1196 -0.2406 0.9632
vn 0.6544 0.7444 0.1330
vn 0.6610 0.5770 0.4798
vn 0.6505 0.5330 0.5411
vn 0.6461 0.5174 0.5611
vn 0.6592 0.7333 0.1667
vn 0.6304 0.4686 0.6189
vn -0.1196 0.2406 -0.9632
vn 0.6702 0.6730 0.3128
vn -0.4208 -0.6050 -0.6759
vn -0.4437 -0.6380 -0.6294
vn -0.4715 -0.6780 -0.5639
vn -0.5613 -0.8070 -0.1834
vn -0.5649 -0.8123 -0.1452
vn -0.5335 -0.7670 -0.3565
vn -0.3870 -0.5566 -0.7351
vn -0.1196 -0.2405 0.9632
vn -0.6543 0.7444 0.1330
vn -0.6609 0.5770 0.4799
vn -0.6460 0.5175 0.5611
vn -0.6504 0.5330 0.5411
vn -0.6591 0.7334 0.1667
vn -0.6303 0.4686 0.6190
vn 0.1196 0.2406 -0.9632
vn -0.6701 0.6731 0.3128
vn 0.5326 0.8158 -0.2254
vn -0.0000 0.8365 -0.5479
vn -0.5326 0.8158 -0.2254
vn -0.5070 0.7766 0.3739
vn -0.0000 0.7581 0.6521
vn 0.5070 0.7766 0.3739
vn 0.0059 0.9983 -0.0579
vn -0.0000 0.0753 -0.9972
vn -0.9153 0.3561 -0.1882
vn 0.9196 0.3360 -0.2035
vn -0.0000 0.7445 -0.6676
vn -0.9656 -0.0854 -0.2456
vn 0.9653 -0.0725 -0.2508
vn -0.0059 0.9983 -0.0579
vn 0.9153 0.3561 -0.1882
vn -0.9196 0.3360 -0.2035
vn 0.9656 -0.0855 -0.2456
vn -0.9653 -0.0725 -0.2508
vn 0.0980 0.1703 -0.9805
vn 0.0982 0.1709 -0.9804
vn 0.0980 0.9788 0.1798
vn 0.0981 0.9789 0.1792
vn -0.0980 -0.1704 0.9805
vn -0.0979 -0.1709 0.9804
vn -0.0980 -0.9788 -0.1798
vn -0.0981 -0.9789 -0.1792
vn 0.0984 0.1714 -0.9803
vn 0.0982 0.9790 0.1787
vn -0.0978 -0.1715 0.9803
vn -0.0981 -0.9790 -0.1787
vn 0.3887 0.0905 -0.9169
vn 0.1307 0.9555 0.2646
vn -0.3856 -0.0903 0.9182
vn -0.1224 -0.9577 -0.2604
vn 0.8868 0.2751 -0.3713
vn -0.6194 0.6027 -0.5030
vn -0.8866 -0.2746 0.3721
vn 0.6193 -0.6050 0.5005
vn 0.4613 0.8720 0.1639
vn -0.2310 0.1939 -0.9534
vn -0.4563 -0.8742 -0.1661
vn 0.2336 -0.1956 0.9525
vn 0.0844 0.9803 0.1784
vn 0.0843 0.9809 0.1754
vn 0.0515 0.1613 -0.9856
vn 0.0517 0.1648 -0.9850
vn -0.0836 -0.9804 -0.1784
vn -0.0840 -0.9809 -0.1755
vn -0.0511 -0.1614 0.9856
vn -0.0515 -0.1648 0.9850
vn 0.0842 0.9814 0.1725
vn 0.0520 0.1683 -0.9844
vn -0.0843 -0.9814 -0.1725
vn -0.0519 -0.1683 0.9844
vn 0.6708 -0.2015 -0.7138
vn 0.7131 0.3398 0.6132
vn -0.6713 0.2042 0.7125
vn -0.7131 -0.3386 -0.6138
vn 0.5973 -0.2452 -0.7636
vn 0.6397 0.3517 0.6835
vn -0.5992 0.2228 0.7690
vn -0.6348 -0.3635 -0.6819
vn 0.3344 0.9420 0.0299
vn 0.8378 -0.5397 0.0821
vn -0.3385 -0.9408 -0.0176
vn -0.8371 0.5418 -0.0753
vn 0.4366 0.8990 0.0330
vn 0.8953 -0.4377 0.0832
vn -0.4366 -0.8991 -0.0330
vn -0.8953 0.4377 -0.0832
vn 0.3640 0.9314 -0.0001
vn 0.8616 -0.5054 0.0465
vn -0.3650 -0.9310 -0.0074
vn -0.8608 0.5065 -0.0503
vn 0.4662 0.0448 0.8836
vn 0.7868 0.1427 -0.6004
vn -0.4665 -0.0572 -0.8827
vn -0.7846 -0.1488 0.6019
vn -0.7845 -0.1520 0.6011
vn 0.4607 0.0860 0.8834
vn 0.7846 0.1608 -0.5988
vn -0.4649 -0.0755 -0.8821
vn -0.7845 -0.1553 0.6003
vn 0.6549 -0.7550 -0.0316
vn 0.6450 0.7623 0.0535
vn -0.6557 0.7546 0.0250
vn -0.6442 -0.7627 -0.0567
vn 0.7167 -0.6917 -0.0889
vn 0.6944 0.6988 0.1717
vn -0.7167 0.6917 0.0888
vn -0.6944 -0.6988 -0.1717
vn -0.7185 0.6626 0.2113
vn -0.7186 0.6625 0.2116
vn -0.7185 0.6627 0.2113
vn 0.6854 0.6759 0.2710
vn 0.6854 0.6760 0.2707
vn -0.7185 0.6628 0.2110
vn 0.6854 0.6761 0.2704
vn 0.6854 0.6761 0.2703
vn 0.7092 -0.6230 -0.3300
vn 0.6847 0.6318 0.3633
vn -0.7095 0.6207 0.3337
vn -0.6845 -0.6330 -0.3616
vn 0.7062 -0.6595 0.2576
vn 0.6838 0.6395 -0.3514
vn -0.7064 0.6582 -0.2602
vn -0.6838 -0.6395 0.3514
vn 0.6399 -0.7618 0.1013
vn 0.6356 0.7627 -0.1196
vn -0.6405 0.7621 -0.0947
vn -0.6349 -0.7628 0.1226
vn 0.4041 0.1278 -0.9057
vn 0.8060 0.1336 0.5767
vn -0.4094 -0.1153 0.9050
vn -0.8059 -0.1275 -0.5782
vn 0.4353 0.0676 -0.8977
vn 0.8059 0.1941 0.5593
vn -0.4348 -0.0805 0.8969
vn -0.8040 -0.1985 -0.5605
vn 0.2503 0.9678 -0.0269
vn 0.2516 0.9674 -0.0293
vn 0.9244 -0.3814 0.0111
vn -0.2512 -0.9674 0.0328
vn -0.2529 -0.9670 0.0293
vn -0.9241 0.3821 -0.0089
vn 0.2530 0.9669 -0.0317
vn 0.9233 -0.3784 -0.0656
vn -0.2546 -0.9667 0.0257
vn -0.9232 0.3795 0.0614
vn 0.5541 0.3018 0.7759
vn 0.6619 0.1711 -0.7298
vn -0.5509 -0.3137 -0.7734
vn -0.6578 -0.1787 0.7317
vn 0.6771 -0.1247 0.7252
vn 0.6595 0.4609 -0.5938
vn -0.6778 0.1268 -0.7242
vn -0.6595 -0.4607 0.5940
vn 0.6998 -0.0204 -0.7140
vn 0.6998 0.2198 0.6797
vn -0.6999 0.0204 0.7140
vn -0.6999 -0.2198 -0.6796
vn 0.0732 0.7836 -0.6169
vn 0.0732 0.7837 -0.6168
vn 0.0732 0.6127 0.7869
vn 0.0732 0.6128 0.7868
vn -0.0732 -0.7836 0.6170
vn -0.0732 -0.7837 0.6168
vn -0.0732 -0.6127 -0.7869
vn -0.0732 -0.6128 -0.7868
vn 0.0732 0.7838 -0.6167
vn 0.0732 0.6130 0.7867
vn -0.0732 -0.7838 0.6167
vn -0.0732 -0.6129 -0.7867
vn 0.1431 0.7735 -0.6174
vn 0.1471 0.6020 0.7849
vn -0.1430 -0.7736 0.6174
vn -0.1470 -0.6020 -0.7849
vn 0.3092 0.7431 -0.5935
vn 0.2571 0.6184 0.7427
vn -0.2353 -0.7663 0.5978
vn -0.2542 -0.6182 -0.7438
vn -0.9863 -0.1107 0.1224
vn -0.0331 0.4290 0.9027
vn 0.9898 0.0901 -0.1103
vn 0.0327 -0.4300 -0.9022
vn -0.9904 -0.1170 0.0741
vn 0.0238 0.4369 0.8992
vn 0.9894 0.1229 -0.0771
vn -0.0238 -0.4369 -0.8992
vn -0.3937 -0.8130 0.4291
vn -0.0149 0.4797 0.8773
vn -0.0135 0.4769 0.8789
vn 0.4006 0.8103 -0.4276
vn 0.0150 -0.4797 -0.8773
vn 0.0135 -0.4769 -0.8789
vn -0.0666 -0.8788 0.4726
vn -0.0668 -0.8788 0.4725
vn -0.0121 0.4741 0.8804
vn 0.0672 0.8787 -0.4725
vn 0.0671 0.8788 -0.4725
vn 0.0121 -0.4741 -0.8804
vn -0.0669 -0.8788 0.4724
vn 0.0669 0.8788 -0.4724
vn -0.0980 0.1703 -0.9805
vn -0.0982 0.1709 -0.9804
vn -0.0980 0.9788 0.1798
vn -0.0981 0.9789 0.1792
vn 0.0980 -0.1704 0.9805
vn 0.0979 -0.1709 0.9804
vn 0.0980 -0.9788 -0.1798
vn 0.0981 -0.9789 -0.1792
vn -0.0984 0.1714 -0.9803
vn -0.0982 0.9790 0.1787
vn 0.0978 -0.1715 0.9803
vn 0.0981 -0.9790 -0.1786
vn -0.3887 0.0905 -0.9169
vn -0.1307 0.9555 0.2646
vn 0.3856 -0.0904 0.9182
vn 0.1224 -0.9577 -0.2604
vn -0.8868 0.2752 -0.3713
vn 0.6195 0.6027 -0.5030
vn 0.8866 -0.2746 0.3721
vn -0.6193 -0.6050 0.5005
vn -0.4613 0.8720 0.1639
vn 0.2310 0.1939 -0.9534
vn 0.4563 -0.8742 -0.1661
vn -0.2336 -0.1956 0.9525
vn -0.0844 0.9803 0.1784
vn -0.0843 0.9809 0.1754
vn -0.0515 0.1613 -0.9856
vn -0.0517 0.1648 -0.9850
vn 0.0836 -0.9804 -0.1784
vn 0.0840 -0.9809 -0.1754
vn 0.0511 -0.1614 0.9856
vn 0.0515 -0.1648 0.9850
vn -0.0842 0.9814 0.1725
vn -0.0520 0.1683 -0.9844
vn 0.0843 -0.9814 -0.1725
vn 0.0519 -0.1683 0.9844
vn -0.6708 -0.2015 -0.7138
vn -0.7131 0.3398 0.6132
vn 0.6713 0.2042 0.7125
vn 0.7131 -0.3386 -0.6138
vn -0.5973 -0.2452 -0.7636
vn -0.6397 0.3517 0.6834
vn 0.5992 0.2228 0.7690
vn 0.6347 -0.3636 -0.6819
vn -0.3344 0.9419 0.0299
vn -0.8379 -0.5396 0.0822
vn 0.3385 -0.9408 -0.0176
vn 0.8370 0.5419 -0.0753
vn -0.4366 0.8990 0.0330
vn -0.8953 -0.4377 0.0832
vn 0.4366 -0.8991 -0.0330
vn 0.8953 0.4377 -0.0832
vn -0.3640 0.9314 -0.0001
vn -0.8616 -0.5054 0.0465
vn 0.3651 -0.9310 -0.0074
vn 0.8608 0.5064 -0.0503
vn -0.4662 0.0448 0.8836
vn -0.7869 0.1427 -0.6004
vn 0.4665 -0.0572 -0.8827
vn 0.7846 -0.1488 0.6019
vn 0.7846 -0.1520 0.6011
vn -0.4607 0.0860 0.8834
vn -0.7846 0.1608 -0.5988
vn 0.4649 -0.0755 -0.8821
vn 0.7845 -0.1553 0.6003
vn -0.6549 -0.7550 -0.0316
vn -0.6450 0.7623 0.0535
vn 0.6557 0.7547 0.0250
vn 0.6442 -0.7628 -0.0567
vn -0.7167 -0.6917 -0.0889
vn -0.6944 0.6988 0.1717
vn 0.7166 0.6918 0.0889
vn 0.6944 -0.6988 -0.1717
vn 0.7184 0.6628 0.2111
vn -0.6854 0.6758 0.2710
vn 0.7184 0.6627 0.2114
vn -0.6854 0.6763 0.2698
vn -0.7091 -0.6231 -0.3300
vn -0.6847 0.6318 0.3633
vn 0.7095 0.6207 0.3337
vn 0.6846 -0.6329 -0.3616
vn -0.7062 -0.6595 0.2576
vn -0.6838 0.6395 -0.3514
vn 0.7064 0.6582 -0.2602
vn 0.6837 -0.6395 0.3514
vn -0.6399 -0.7618 0.1013
vn -0.6357 0.7626 -0.1196
vn 0.6405 0.7621 -0.0947
vn 0.6349 -0.7628 0.1226
vn -0.4041 0.1278 -0.9057
vn -0.8060 0.1336 0.5766
vn 0.4094 -0.1153 0.9050
vn 0.8059 -0.1275 -0.5781
vn -0.4353 0.0676 -0.8977
vn -0.8060 0.1941 0.5593
vn 0.4348 -0.0805 0.8969
vn 0.8040 -0.1985 -0.5605
vn -0.2503 0.9678 -0.0269
vn -0.2517 0.9674 -0.0293
vn -0.9243 -0.3814 0.0111
vn 0.2512 -0.9674 0.0328
vn 0.2529 -0.9670 0.0293
vn 0.9240 0.3822 -0.0089
vn -0.2530 0.9669 -0.0317
vn -0.9233 -0.3785 -0.0656
vn 0.2547 -0.9667 0.0257
vn 0.9231 0.3795 0.0614
vn -0.5540 0.3018 0.7759
vn -0.6619 0.1711 -0.7298
vn 0.5509 -0.3137 -0.7734
vn 0.6578 -0.1787 0.7317
vn -0.6771 -0.1247 0.7252
vn -0.6595 0.4609 -0.5938
vn 0.6777 0.1268 -0.7243
vn 0.6595 -0.4607 0.5940
vn -0.6998 -0.0204 -0.7140
vn -0.6998 0.2198 0.6797
vn 0.6999 0.0204 0.7140
vn 0.6999 -0.2198 -0.6796
vn -0.0732 0.7836 -0.6169
vn -0.0732 0.7837 -0.6168
vn -0.0732 0.6127 0.7869
vn -0.0732 0.6128 0.7868
vn 0.0732 -0.7836 0.6170
vn 0.0732 -0.7837 0.6168
vn 0.0732 -0.6127 -0.7869
vn 0.0732 -0.6128 -0.7868
vn -0.0732 0.7838 -0.6167
vn -0.0732 0.6130 0.7867
vn 0.0732 -0.7838 0.6167
vn 0.0732 -0.6129 -0.7867
vn -0.1431 0.7735 -0.6174
vn -0.1471 0.6020 0.7849
vn 0.1430 -0.7736 0.6174
vn 0.1470 -0.6020 -0.7849
vn -0.3092 0.7431 -0.5935
vn -0.2571 0.6184 0.7427
vn 0.2353 -0.7663 0.5978
vn 0.2542 -0.6182 -0.7438
vn 0.9863 -0.1108 0.1223
vn 0.0331 0.4290 0.9027
vn -0.9898 0.0901 -0.1104
vn -0.0327 -0.4300 -0.9022
vn 0.9904 -0.1170 0.0742
vn -0.0238 0.4369 0.8992
vn -0.9894 0.1229 -0.0771
vn 0.0238 -0.4369 -0.8992
vn 0.3937 -0.8130 0.4291
vn 0.0149 0.4797 0.8773
vn 0.0135 0.4769 0.8789
vn -0.4006 0.8103 -0.4276
vn -0.0150 -0.4797 -0.8773
vn -0.0135 -0.4769 -0.8789
vn 0.0666 -0.8788 0.4726
vn 0.0668 -0.8788 0.4725
vn 0.0121 0.4741 0.8804
vn -0.0672 0.8787 -0.4725
vn -0.0671 0.8788 -0.4725
vn -0.0121 -0.4741 -0.8804
vn 0.0669 -0.8788 0.4724
vn -0.0669 0.8788 -0.4724
vn 0.6765 0.1282 0.7252
vn 0.3250 0.3907 0.8612
vn 0.0748 0.4065 0.9106
vn 0.0129 0.4074 0.9131
vn 0.0129 -0.4074 0.9131
vn 0.0748 -0.4064 0.9106
vn 0.3250 -0.3907 0.8612
vn 0.6765 -0.1282 0.7252
vn -0.6796 -0.1336 -0.7213
vn -0.3168 -0.4304 -0.8452
vn -0.0721 -0.4526 -0.8888
vn -0.0126 -0.4540 -0.8909
vn -0.0126 0.4540 -0.8909
vn -0.0721 0.4526 -0.8888
vn -0.3168 0.4304 -0.8452
vn -0.6796 0.1336 -0.7213
vn -0.0063 0.8912 -0.4536
vn -0.1147 0.9791 -0.1678
vn -0.0063 -0.8912 -0.4536
vn 0.9993 -0.0366 -0.0080
vn 0.7206 -0.0913 -0.6873
vn -0.1150 0.9309 -0.3467
vn -0.1147 -0.9791 -0.1678
vn -0.1150 -0.9309 -0.3467
vn -0.0361 0.8926 -0.4495
vn -0.0361 -0.8925 -0.4495
vn 0.9993 0.0366 -0.0080
vn -0.6765 0.1282 0.7252
vn -0.3250 0.3907 0.8612
vn -0.0748 0.4065 0.9106
vn -0.0129 0.4071 0.9133
vn -0.0129 -0.4071 0.9133
vn -0.0748 -0.4064 0.9106
vn -0.3250 -0.3907 0.8612
vn -0.6765 -0.1282 0.7252
vn 0.6796 -0.1336 -0.7213
vn 0.3168 -0.4304 -0.8452
vn 0.0721 -0.4526 -0.8888
vn 0.0126 -0.4535 -0.8912
vn 0.0126 0.4535 -0.8912
vn 0.0721 0.4526 -0.8888
vn 0.3168 0.4304 -0.8452
vn 0.6796 0.1336 -0.7213
vn 0.0064 0.8911 -0.4537
vn 0.1147 0.9791 -0.1678
vn 0.0064 -0.8911 -0.4537
vn -0.7206 -0.0913 -0.6873
vn 0.1150 0.9309 -0.3467
vn 0.1147 -0.9791 -0.1678
vn 0.1150 -0.9309 -0.3467
vn 0.0361 0.8926 -0.4495
vn 0.0361 -0.8925 -0.4495
vn 0.7206 0.0913 -0.6873
vn -0.7206 0.0913 -0.6873
vn 0.2859 -0.0000 -0.9582
vn 0.2860 -0.0000 -0.9582
vn -0.2859 -0.0000 0.9582
vn 0.2859 -0.0000 -0.9583
vn -0.2833 -0.1256 0.9508
vn -0.2837 -0.1256 0.9507
vn -0.2990 -0.6123 0.7319
vn -0.9011 -0.4011 -0.1648
vn -0.9582 -0.0000 -0.2859
vn -0.9582 -0.0000 -0.2860
vn -0.9361 0.3510 -0.0205
vn -0.4634 0.7736 0.4321
vn -0.1650 0.8167 0.5530
vn -0.1650 0.8167 0.5529
vn -0.0850 -0.9548 0.2847
vn -0.4314 -0.8879 0.1596
vn -0.2740 -0.2839 0.9189
vn -0.2742 -0.2839 0.9188
vn -0.2676 0.3577 0.8947
vn -0.2670 0.3577 0.8948
vn -0.2850 0.0894 0.9543
vn -0.2848 0.0894 0.9544
vn 0.2859 -0.0165 -0.9581
vn -0.2860 -0.0000 0.9582
vn -0.2841 -0.1256 0.9505
vn -0.1510 -0.6123 0.7761
vn 0.8440 -0.4011 0.3560
vn 0.9582 -0.0000 0.2859
vn 0.7943 0.3510 0.4959
vn 0.1508 0.7736 0.6154
vn 0.2734 -0.8879 0.3699
vn 0.9582 -0.0000 0.2860
vn -0.2743 -0.2839 0.9188
vn -0.2665 0.3577 0.8950
vn -0.2846 0.0894 0.9545
vn 0.3667 -0.9239 0.1094
vn -0.1070 0.9274 0.3585
vn 0.2438 0.8657 0.4372
vn 0.8424 0.3585 0.4023
vn 0.8853 -0.3826 0.2642
vn -0.9583 -0.0000 -0.2859
vn -0.3667 -0.9239 -0.1094
vn -0.4435 0.8657 0.2321
vn -0.9251 0.3585 -0.1251
vn -0.8853 -0.3826 -0.2642
vn -0.2859 -0.0000 -0.9582
vn -0.2860 -0.0000 -0.9582
vn 0.2859 -0.0000 0.9582
vn 0.2859 -0.0000 0.9583
vn -0.2859 -0.0000 -0.9583
vn 0.2832 -0.1256 0.9508
vn 0.2837 -0.1256 0.9507
vn 0.2990 -0.6123 0.7319
vn 0.9011 -0.4011 -0.1648
vn 0.9582 -0.0000 -0.2860
vn 0.9582 -0.0000 -0.2859
vn 0.9361 0.3510 -0.0206
vn 0.4634 0.7737 0.4321
vn 0.1650 0.8167 0.5530
vn 0.1650 0.8167 0.5529
vn 0.0850 -0.9548 0.2847
vn 0.4315 -0.8879 0.1596
vn 0.9583 -0.0000 -0.2859
vn 0.2740 -0.2839 0.9189
vn 0.2742 -0.2839 0.9188
vn 0.2676 0.3577 0.8947
vn 0.2670 0.3577 0.8948
vn 0.2850 0.0894 0.9543
vn 0.2848 0.0894 0.9544
vn -0.2859 -0.0165 -0.9581
vn 0.2860 -0.0000 0.9582
vn 0.2841 -0.1256 0.9505
vn 0.1510 -0.6123 0.7761
vn -0.8440 -0.4011 0.3560
vn -0.9582 -0.0000 0.2860
vn -0.7943 0.3510 0.4959
vn -0.1508 0.7736 0.6154
vn -0.2734 -0.8879 0.3699
vn -0.9582 -0.0000 0.2859
vn 0.2743 -0.2839 0.9188
vn 0.2665 0.3577 0.8950
vn 0.2846 0.0894 0.9545
vn -0.3667 -0.9239 0.1094
vn 0.1070 0.9274 0.3585
vn -0.2438 0.8657 0.4372
vn -0.8424 0.3585 0.4023
vn -0.8853 -0.3827 0.2642
vn 0.3667 -0.9239 -0.1094
vn 0.4435 0.8657 0.2321
vn 0.9251 0.3585 -0.1251
vn 0.8853 -0.3827 -0.2642
vn -0.0000 1.0000 -0.0000
vn 0.9835 -0.0000 0.1811
vn -0.9835 -0.0000 -0.1811
vn -0.1811 -0.0000 0.9835
vn 0.1811 -0.0000 -0.9835
vn -0.9835 -0.0000 0.1811
vn 0.9835 -0.0000 -0.1811
vn 0.1811 -0.0000 0.9835
vn -0.1811 -0.0000 -0.9835
vn -0.1562 -0.0000 0.9877
vn -0.8110 -0.0000 -0.5850
vn -0.4250 -0.0000 0.9052
vn -0.2552 -0.0000 -0.9669
vn -0.0285 -0.0000 0.9996
vn 0.8110 -0.0000 -0.5850
vn -0.4572 -0.0000 -0.8894
vn -0.0126 -0.0000 0.9999
vn 0.2552 -0.0000 -0.9669
vn 0.7992 -0.0000 0.6010
vn -0.1071 -0.0000 -0.9942
vn 0.4572 -0.0000 -0.8894
vn 0.1562 -0.0000 0.9877
vn 0.1071 -0.0000 -0.9942
vn 0.4250 -0.0000 0.9052
vn -0.7992 -0.0000 0.6010
vn 0.0285 -0.0000 0.9996
vn 0.0126 -0.0000 0.9999
vn -0.9720 -0.0000 -0.2352
vn 0.9720 -0.0000 0.2352
vn -0.2352 -0.0000 0.9720
vn 0.2351 -0.0000 -0.9720
vn 0.2166 0.3893 -0.8953
vn 0.2289 0.2304 -0.9458
vn 0.2288 -0.2304 -0.9458
vn 0.2351 0.0254 -0.9716
vn -0.2350 -0.0402 0.9712
vn -0.2165 0.3906 0.8947
vn -0.2350 0.0387 0.9712
vn -0.2346 -0.0716 0.9695
vn -0.0143 0.9982 0.0590
vn 0.9719 -0.0000 0.2352
vn 0.0012 -1.0000 -0.0051
vn -0.2340 -0.1002 0.9671
vn 0.1382 -0.8091 -0.5712
vn 0.1540 0.7559 -0.6363
vn 0.9720 -0.0000 -0.2352
vn -0.9720 -0.0000 0.2352
vn 0.2352 -0.0000 0.9720
vn -0.2352 -0.0000 -0.9720
vn -0.2166 0.3893 -0.8953
vn -0.2289 0.2304 -0.9458
vn -0.2288 -0.2304 -0.9458
vn -0.2351 0.0254 -0.9716
vn 0.2350 -0.0402 0.9712
vn 0.2165 0.3906 0.8947
vn 0.2350 0.0387 0.9712
vn 0.2346 -0.0716 0.9695
vn 0.0143 0.9982 0.0590
vn -0.9719 -0.0000 0.2352
vn -0.0012 -1.0000 -0.0051
vn 0.2340 -0.1002 0.9671
vn -0.1382 -0.8091 -0.5712
vn -0.1540 0.7559 -0.6363
vn -0.4596 -0.0000 0.8881
vn 0.4596 -0.0000 -0.8881
vn -0.1540 -0.7496 -0.6438
vn 0.6145 -0.7496 -0.2460
vn 0.6145 0.7495 -0.2461
vn -0.5384 -0.0000 -0.8427
vn 0.9989 -0.0000 -0.0472
vn -0.1540 0.7495 -0.6438
vn -0.4597 -0.0000 0.8881
vn -0.1539 -0.7496 -0.6438
vn 0.6146 0.7495 -0.2460
vn -0.5383 -0.0000 -0.8427
vn 0.9989 -0.0000 -0.0470
vn 0.4596 -0.0000 0.8881
vn -0.4597 -0.0000 -0.8881
vn 0.1540 -0.7496 -0.6438
vn -0.6146 -0.7495 -0.2460
vn -0.6146 0.7495 -0.2460
vn 0.5384 -0.0000 -0.8427
vn -0.9989 -0.0000 -0.0472
vn 0.1540 0.7495 -0.6438
vn 0.4597 -0.0000 0.8881
vn -0.4596 -0.0000 -0.8881
vn 0.1540 -0.7495 -0.6438
vn -0.6145 -0.7495 -0.2460
vn -0.6146 0.7495 -0.2461
vn 0.5383 -0.0000 -0.8427
vn 0.1540 0.7495 -0.6439
vn -0.8660 -0.5000 -0.0000
vn 0.8660 -0.5000 -0.0000
vn 0.8660 0.5000 -0.0000
vn -0.8660 0.5000 -0.0000
vn 0.8661 -0.4999 -0.0000
vn 0.5004 0.0020 0.8658
vn 1.0000 0.0007 0.0020
vn 0.4986 0.0004 -0.8668
vn -0.5004 0.0021 -0.8658
vn -1.0000 0.0008 -0.0021
vn -0.4986 0.0003 0.8668
vn 0.4799 0.2693 0.8350
vn 0.9871 0.1602 -0.0075
vn 0.5008 -0.1030 -0.8594
vn -0.4851 -0.2378 -0.8415
vn -0.9888 -0.1494 0.0045
vn -0.5018 0.1079 0.8582
vn 0.3306 0.7030 0.6296
vn 0.8946 0.4287 -0.1264
vn 0.5605 -0.2918 -0.7751
vn -0.3306 -0.7030 -0.6296
vn -0.8946 -0.4286 0.1264
vn -0.5605 0.2918 0.7751
vn 0.0722 0.9569 0.2812
vn 0.7386 0.5792 -0.3448
vn 0.6740 -0.3952 -0.6241
vn -0.0538 -0.9652 -0.2558
vn -0.7319 -0.5826 0.3534
vn -0.6712 0.3936 0.6282
vn -0.0956 0.9928 0.0721
vn 0.6453 0.5956 -0.4784
vn 0.7390 -0.3903 -0.5491
vn 0.0976 -0.9928 -0.0700
vn -0.6489 -0.5950 0.4742
vn -0.7439 0.3905 0.5424
vn -0.0568 0.9917 0.1156
vn 0.3542 0.5985 -0.7185
vn 0.4091 -0.3804 -0.8294
vn 0.0569 -0.9917 -0.1156
vn -0.3528 -0.5985 0.7192
vn -0.4071 0.3804 0.8304
vn -0.0263 0.9925 0.1196
vn 0.1657 0.6025 -0.7807
vn 0.1915 -0.3903 -0.9006
vn 0.0244 -0.9925 -0.1200
vn -0.1653 -0.6025 0.7808
vn -0.1903 0.3904 0.9008
vn -0.2873 0.9561 0.0578
vn 0.0064 0.5851 -0.8109
vn 0.2890 -0.3883 -0.8751
vn 0.2565 -0.9644 -0.0640
vn -0.0171 -0.5886 0.8083
vn -0.2936 0.3868 0.8742
vn -0.7109 0.7025 -0.0337
vn -0.2596 0.4330 -0.8632
vn 0.4701 -0.2867 -0.8347
vn 0.7109 -0.7025 0.0337
vn 0.2596 -0.4330 0.8632
vn -0.4701 0.2868 0.8347
vn -0.9594 0.2690 -0.0848
vn -0.4076 0.1619 -0.8987
vn 0.5698 -0.1012 -0.8155
vn 0.9675 -0.2376 0.0867
vn 0.4111 -0.1509 0.8990
vn -0.5683 0.1059 0.8160
vn -0.9959 0.0020 -0.0906
vn -0.4218 0.0007 -0.9067
vn 0.5772 0.0003 -0.8166
vn 0.9959 0.0021 0.0906
vn 0.4218 0.0008 0.9067
vn -0.5772 0.0003 0.8166
vn -0.5004 0.0020 0.8658
vn -1.0000 0.0007 0.0020
vn -0.4986 0.0003 -0.8668
vn 0.5004 0.0022 -0.8658
vn 1.0000 0.0007 -0.0021
vn 0.4986 0.0003 0.8668
vn -0.4799 0.2693 0.8350
vn -0.9870 0.1602 -0.0074
vn -0.5007 -0.1030 -0.8595
vn 0.4850 -0.2378 -0.8415
vn 0.9888 -0.1494 0.0045
vn 0.5018 0.1079 0.8582
vn -0.3306 0.7030 0.6296
vn -0.8946 0.4287 -0.1264
vn -0.5605 -0.2918 -0.7751
vn 0.3306 -0.7030 -0.6296
vn 0.8946 -0.4287 0.1264
vn 0.5605 0.2918 0.7751
vn -0.0722 0.9569 0.2812
vn -0.7386 0.5792 -0.3448
vn -0.6740 -0.3952 -0.6241
vn 0.0538 -0.9652 -0.2558
vn 0.7319 -0.5826 0.3533
vn 0.6712 0.3936 0.6281
vn 0.0956 0.9928 0.0721
vn -0.6453 0.5956 -0.4784
vn -0.7390 -0.3903 -0.5491
vn -0.0976 -0.9928 -0.0700
vn 0.6489 -0.5950 0.4742
vn 0.7439 0.3905 0.5424
vn 0.0568 0.9917 0.1156
vn -0.3542 0.5985 -0.7185
vn -0.4091 -0.3804 -0.8294
vn -0.0569 -0.9917 -0.1156
vn 0.3528 -0.5985 0.7192
vn 0.4071 0.3804 0.8304
vn 0.0263 0.9925 0.1196
vn -0.1657 0.6025 -0.7807
vn -0.1915 -0.3903 -0.9006
vn -0.0244 -0.9925 -0.1200
vn 0.1653 -0.6025 0.7808
vn 0.1903 0.3904 0.9008
vn 0.2873 0.9561 0.0578
vn -0.0064 0.5851 -0.8109
vn -0.2889 -0.3883 -0.8751
vn -0.2565 -0.9644 -0.0640
vn 0.0171 -0.5886 0.8083
vn 0.2936 0.3868 0.8742
vn 0.7109 0.7025 -0.0337
vn 0.2596 0.4330 -0.8632
vn -0.4701 -0.2867 -0.8347
vn -0.7109 -0.7025 0.0337
vn -0.2596 -0.4330 0.8632
vn 0.4701 0.2868 0.8347
vn 0.9594 0.2690 -0.0848
vn 0.4076 0.1619 -0.8987
vn -0.5698 -0.1012 -0.8155
vn -0.9675 -0.2376 0.0867
vn -0.4111 -0.1509 0.8990
vn 0.5683 0.1059 0.8160
vn 0.9959 0.0020 -0.0905
vn 0.4218 0.0007 -0.9067
vn -0.5772 0.0003 -0.8166
vn -0.9959 0.0021 0.0906
vn -0.4218 0.0008 0.9067
vn 0.5772 0.0003 0.8166
vn 0.1464 0.7028 -0.6961
vn 0.3981 0.6373 -0.6598
vn 0.4001 0.6114 -0.6827
vn 0.1461 0.6914 -0.7075
vn 0.1463 0.6972 -0.7018
vn 0.1462 0.7082 -0.6907
vn -0.1464 0.7028 -0.6961
vn -0.3981 0.6373 -0.6598
vn -0.4001 0.6114 -0.6827
vn -0.1461 0.6914 -0.7075
vn -0.1463 0.6972 -0.7018
vn -0.1462 0.7082 -0.6907
vn -0.8617 -0.0000 0.5073
vn -0.9993 -0.0000 0.0362
vn 0.8617 -0.0000 -0.5073
vn 0.9993 -0.0000 -0.0362
vn 0.0096 0.9987 0.0506
vn 0.1866 -0.0000 0.9824
vn -0.1866 -0.0000 -0.9824
vn 0.0160 -0.9963 0.0841
vn 0.8617 -0.0000 0.5073
vn 0.9993 -0.0000 0.0362
vn -0.8617 -0.0000 -0.5073
vn -0.9993 -0.0000 -0.0361
vn -0.0096 0.9987 0.0506
vn -0.1866 -0.0000 0.9824
vn 0.1866 -0.0000 -0.9824
vn -0.0160 -0.9963 0.0841
vn -0.8660 -0.0000 -0.5000
vn 0.8661 -0.0000 -0.4999
vn 0.8661 -0.0000 0.5000
vn -0.8660 -0.0000 0.5000
vn 0.8660 -0.0000 -0.5000
vn 0.8660 -0.0000 0.5000
vn -0.8661 -0.0000 -0.4999
vn 0.8660 -0.0000 0.5001
vn -0.8660 -0.0000 0.5001
vn -0.0123 0.4999 0.8660
vn -0.0003 1.0000 0.0001
vn 0.0122 0.4999 -0.8660
vn 0.0123 -0.4999 -0.8660
vn 0.0003 -1.0000 -0.0001
vn -0.0123 -0.4999 0.8660
vn -0.0711 0.4982 0.8641
vn -0.0070 1.0000 -0.0012
vn 0.0697 0.4981 -0.8643
vn 0.0702 -0.4982 -0.8642
vn 0.0070 -1.0000 0.0012
vn -0.0705 -0.4981 0.8642
vn -0.3085 0.4943 0.8127
vn -0.0135 0.9999 -0.0027
vn 0.2949 0.4973 -0.8159
vn 0.3081 -0.4944 -0.8128
vn 0.0135 -0.9999 0.0027
vn -0.2953 -0.4973 0.8158
vn -0.5421 0.4900 0.6826
vn -0.0283 0.9996 -0.0067
vn 0.5402 0.5094 -0.6699
vn 0.5637 -0.4874 -0.6669
vn 0.0049 -0.9999 -0.0090
vn -0.5226 -0.5087 0.6842
vn -0.6494 0.4738 0.5948
vn -0.2310 0.9591 -0.1633
vn 0.4181 0.5016 -0.7574
vn 0.6448 -0.4757 -0.5982
vn 0.2115 -0.9661 0.1478
vn -0.4230 -0.5038 0.7532
vn -0.8180 0.3495 0.4568
vn -0.5670 0.7016 -0.4315
vn 0.2360 0.3699 -0.8986
vn 0.8180 -0.3495 -0.4568
vn 0.5670 -0.7016 0.4315
vn -0.2360 -0.3699 0.8986
vn -0.9144 0.1298 0.3836
vn -0.7634 0.2678 -0.5877
vn 0.1377 0.1376 -0.9809
vn 0.9157 -0.1241 -0.3823
vn 0.7685 -0.2428 0.5919
vn -0.1360 -0.1311 0.9820
vn -0.9253 0.0005 0.3793
vn -0.7922 0.0021 -0.6103
vn 0.1306 0.0005 -0.9914
vn 0.9253 0.0005 -0.3792
vn 0.7921 0.0022 0.6103
vn -0.1305 0.0006 0.9915
vn 0.0123 0.4999 0.8660
vn 0.0003 1.0000 0.0001
vn -0.0122 0.4999 -0.8660
vn -0.0123 -0.4999 -0.8660
vn -0.0003 -1.0000 -0.0001
vn 0.0123 -0.4999 0.8660
vn 0.0711 0.4982 0.8641
vn 0.0070 1.0000 -0.0012
vn -0.0697 0.4981 -0.8643
vn -0.0702 -0.4982 -0.8642
vn -0.0070 -1.0000 0.0012
vn 0.0705 -0.4981 0.8642
vn 0.3085 0.4943 0.8127
vn 0.0135 0.9999 -0.0027
vn -0.2949 0.4973 -0.8159
vn -0.3081 -0.4944 -0.8128
vn -0.0135 -0.9999 0.0027
vn 0.2953 -0.4973 0.8158
vn 0.5421 0.4900 0.6826
vn 0.0283 0.9996 -0.0067
vn -0.5402 0.5094 -0.6699
vn -0.5637 -0.4874 -0.6668
vn -0.0049 -0.9999 -0.0090
vn 0.5226 -0.5087 0.6842
vn 0.6494 0.4738 0.5948
vn 0.2310 0.9591 -0.1633
vn -0.4181 0.5016 -0.7574
vn -0.6448 -0.4757 -0.5982
vn -0.2115 -0.9661 0.1478
vn 0.4230 -0.5038 0.7532
vn 0.8180 0.3495 0.4568
vn 0.5670 0.7016 -0.4315
vn -0.2360 0.3699 -0.8986
vn -0.8180 -0.3495 -0.4568
vn -0.5671 -0.7016 0.4315
vn 0.2360 -0.3699 0.8986
vn 0.9143 0.1298 0.3836
vn 0.7634 0.2678 -0.5877
vn -0.1377 0.1376 -0.9809
vn -0.9157 -0.1241 -0.3823
vn -0.7686 -0.2429 0.5919
vn 0.1360 -0.1311 0.9820
vn 0.9253 0.0005 0.3793
vn 0.7921 0.0020 -0.6103
vn -0.1306 0.0005 -0.9914
vn -0.9253 0.0005 -0.3792
vn -0.7921 0.0022 0.6103
vn 0.1305 0.0006 0.9915
vn 0.0284 0.8270 0.5615
vn 0.0174 0.6062 0.7951
vn 0.0307 0.5444 0.8383
vn 0.0977 0.8022 0.5890
vn 0.0517 0.4774 0.8772
vn 0.0362 0.4856 0.8734
vn 0.3286 0.4604 0.8246
vn 0.1030 0.4695 0.8769
vn 0.1405 0.4682 0.8724
vn 0.4701 0.7109 0.5231
vn -0.0000 0.8413 0.5405
vn -0.0000 0.6335 0.7737
vn 0.0344 0.5248 0.8505
vn -0.0000 0.5365 0.8439
vn -0.0000 0.5359 0.8443
vn 0.0484 0.5240 0.8503
vn 0.0630 0.4980 0.8649
vn 0.0822 0.4963 0.8643
vn 0.9629 0.2577 -0.0808
vn 0.9739 0.2259 -0.0225
vn 0.9742 0.2254 -0.0113
vn 0.9657 0.2529 -0.0586
vn 0.9494 0.2860 -0.1295
vn 0.9542 0.2797 -0.1058
vn 0.9400 0.2963 -0.1694
vn 0.9622 0.2567 -0.0907
vn 0.9735 0.2263 -0.0326
vn 0.9846 0.1629 0.0638
vn 0.9835 0.1570 0.0895
vn 0.9837 0.1568 0.0877
vn 0.9852 0.1587 0.0640
vn 0.9832 0.1581 0.0913
vn 0.9834 0.1579 0.0888
vn 0.9859 0.1610 0.0451
vn 0.9848 0.1689 0.0413
vn 0.9834 0.1571 0.0908
vn 0.9827 0.1584 0.0961
vn 0.9841 0.1665 0.0622
vn 0.9835 0.1771 0.0374
vn 0.1162 0.8141 -0.5690
vn 0.1958 0.7744 -0.6016
vn 0.1902 0.7771 -0.6000
vn 0.1162 0.8143 -0.5687
vn 0.2893 0.7239 -0.6264
vn -0.0000 0.8242 -0.5663
vn -0.0284 0.8270 0.5615
vn -0.0978 0.8022 0.5890
vn -0.0307 0.5444 0.8383
vn -0.0174 0.6062 0.7951
vn -0.0362 0.4856 0.8734
vn -0.0517 0.4774 0.8772
vn -0.3286 0.4604 0.8246
vn -0.4701 0.7108 0.5232
vn -0.1406 0.4682 0.8724
vn -0.1030 0.4695 0.8769
vn -0.0344 0.5248 0.8505
vn -0.0484 0.5240 0.8503
vn -0.0630 0.4980 0.8649
vn -0.0822 0.4963 0.8643
vn -0.9629 0.2577 -0.0808
vn -0.9657 0.2529 -0.0586
vn -0.9742 0.2254 -0.0113
vn -0.9739 0.2259 -0.0225
vn -0.9494 0.2860 -0.1295
vn -0.9542 0.2797 -0.1058
vn -0.9400 0.2963 -0.1694
vn -0.9622 0.2567 -0.0907
vn -0.9735 0.2263 -0.0326
vn -0.9846 0.1629 0.0638
vn -0.9852 0.1587 0.0640
vn -0.9837 0.1568 0.0877
vn -0.9835 0.1570 0.0895
vn -0.9834 0.1579 0.0888
vn -0.9832 0.1581 0.0913
vn -0.9848 0.1689 0.0413
vn -0.9859 0.1610 0.0451
vn -0.9834 0.1570 0.0908
vn -0.9827 0.1584 0.0961
vn -0.9841 0.1665 0.0622
vn -0.9835 0.1771 0.0374
vn -0.1162 0.8141 -0.5690
vn -0.1162 0.8143 -0.5687
vn -0.1902 0.7771 -0.6000
vn -0.1958 0.7744 -0.6016
vn -0.2893 0.7239 -0.6264
vn -0.4216 0.6969 0.5801
vn -0.5962 0.3075 0.7416
vn -0.4739 0.3373 0.8134
vn -0.3351 0.6468 0.6851
vn 0.4739 0.3373 0.8134
vn 0.3351 0.6468 0.6851
vn 0.1178 0.4865 0.8657
vn 0.1666 0.3777 0.9108
vn -0.4216 -0.0819 0.9031
vn -0.0000 -0.2433 0.9700
vn -0.0000 -0.1005 0.9949
vn -0.3351 0.0277 0.9418
vn 0.4216 -0.0820 0.9031
vn 0.5962 0.3075 0.7416
vn 0.3351 0.0277 0.9418
vn 0.4216 0.6969 0.5801
vn -0.0000 0.8583 0.5132
vn -0.0000 0.7750 0.6319
vn -0.0000 0.5316 0.8470
vn -0.1178 0.4865 0.8657
vn -0.1666 0.3777 0.9108
vn -0.1178 0.2688 0.9560
vn -0.0000 0.2237 0.9746
vn 0.1178 0.2688 0.9560
vn -0.9410 0.2340 -0.2443
vn -0.9012 -0.1046 -0.4205
vn 0.4696 -0.4079 -0.7830
vn 0.9561 0.2264 -0.1863
vn -0.6117 0.7585 -0.2246
vn -0.4371 -0.3624 -0.8232
vn 0.9342 -0.1272 -0.3333
vn 0.6183 0.7611 -0.1960
vn -0.5192 -0.5536 -0.6511
vn 0.8686 -0.1395 -0.4756
vn 0.4579 0.5724 -0.6802
vn -0.8448 0.2001 -0.4962
vn -0.8685 -0.1395 -0.4756
vn 0.5192 -0.5536 -0.6511
vn 0.8449 0.2001 -0.4962
vn -0.4579 0.5724 -0.6802
vn -0.0000 0.0670 -0.9978
vn -0.4216 -0.0820 0.9031
vn 0.9410 0.2340 -0.2443
vn 0.9012 -0.1046 -0.4205
vn -0.4696 -0.4079 -0.7830
vn -0.9561 0.2264 -0.1863
vn 0.6117 0.7585 -0.2246
vn 0.4371 -0.3624 -0.8232
vn -0.9342 -0.1271 -0.3333
vn -0.6183 0.7611 -0.1960
vn -0.8686 -0.1395 -0.4756
vn -0.8449 0.2001 -0.4961
vn -0.0302 0.3219 0.9463
vn -0.7446 0.4354 0.5059
vn 0.8253 0.3890 0.4094
vn -0.0069 -1.0000 0.0002
vn -0.7514 -0.2295 0.6186
vn 0.8519 -0.2437 0.4636
vn -0.0321 -0.3503 0.9361
vn 0.0442 0.9395 0.3396
vn 0.0302 0.3219 0.9463
vn 0.7446 0.4355 0.5059
vn -0.8253 0.3890 0.4094
vn 0.0069 -1.0000 0.0002
vn 0.7514 -0.2295 0.6186
vn -0.8519 -0.2437 0.4636
vn 0.0321 -0.3503 0.9361
vn -0.0442 0.9395 0.3395
vt 0.062276 0.909507
vt 0.377835 0.634084
vt 1.000000 0.000000
vt 0.333333 0.000000
vt 0.666667 0.000000
vt 0.000000 0.000000
vt 0.129537 0.826631
vt 0.255635 0.555992
vt -0.063822 1.180146
vt 0.882066 0.880872
vt 0.760228 0.902953
vt 0.890188 0.882806
vt 0.379066 0.629162
vt 0.380296 0.629162
vt 0.007488 0.117319
vt 0.141956 0.547985
s 1
usemtl baseGradient.003
f 28/1/1 23/1/1 25/1/1 31/1/1
f 33/1/2 29/1/2 22/1/2 19/1/2
f 42/1/3 45/1/3 39/1/3 37/1/3
f 47/1/4 43/1/5 36/1/5 35/1/6
f 30/1/7 32/1/7 46/1/7 44/1/7
f 4/1/8 11/1/8 40/1/8 26/1/8
f 20/1/9 34/1/9 47/1/4 35/1/6
f 6/1/10 1/1/10 10/1/10 12/1/10
f 48/1/11 51/1/11 27/1/11 24/1/11
f 53/1/12 21/1/12 3/1/12 49/1/12
f 55/1/13 38/1/13 41/1/13 58/1/13
f 60/1/14 7/1/15 8/1/16 56/1/16
f 50/1/17 57/1/17 59/1/17 52/1/17
f 14/1/18 5/1/18 9/1/18 17/1/18
f 2/1/19 7/1/15 60/1/14 54/1/19
f 15/1/20 18/1/20 16/1/20 13/1/20
f 95/2/21 94/2/22 395/2/23 63/2/24
f 118/2/25 404/2/26 76/2/27 77/2/28
f 390/2/29 115/2/30 61/2/31 62/2/31
f 95/2/21 92/2/32 73/2/33 77/2/28
f 120/2/34 403/2/35 387/2/36 392/2/37
f 391/2/38 386/2/38 398/2/39 74/2/40
f 392/2/37 387/2/36 386/2/38 391/2/38
f 63/2/24 383/2/41 92/2/32 95/2/21
f 77/2/28 76/2/27 94/2/22 95/2/21
f 394/2/42 389/2/43 388/2/44 393/2/45
f 393/2/45 388/2/44 403/2/35 120/2/34
f 77/2/28 73/2/33 402/2/46 118/2/25
f 118/2/25 402/2/46 115/2/30 390/2/29
f 384/2/47 75/2/48 121/2/49 119/2/50
f 119/2/50 121/2/49 404/2/26 118/2/25
f 147/3/51 145/4/51 146/5/52
f 147/3/51 144/6/51 145/4/51
f 149/4/53 151/3/53 150/5/53
f 148/6/53 151/3/53 149/4/53
f 417/7/54 418/7/54 420/7/54 419/7/54
f 421/7/55 422/7/56 156/7/56 152/7/55
f 423/7/57 153/7/57 157/7/57 424/7/57
f 155/7/55 154/7/55 158/7/58 159/7/58
f 418/7/59 425/7/59 426/7/59 420/7/59
f 422/7/56 427/7/60 160/7/60 156/7/56
f 424/7/61 157/7/61 161/7/61 428/7/61
f 159/7/58 158/7/58 162/7/60 163/7/60
f 425/7/62 429/7/63 430/7/63 426/7/62
f 427/7/64 431/7/64 164/7/64 160/7/64
f 428/7/62 161/7/62 165/7/65 432/7/65
f 163/7/64 162/7/64 166/7/64 167/7/64
f 429/7/63 433/7/66 434/7/66 430/7/63
f 431/7/67 435/7/68 168/7/68 164/7/67
f 432/7/65 165/7/65 169/7/69 436/7/69
f 167/7/70 166/7/70 170/7/71 171/7/71
f 433/7/66 437/7/72 438/7/72 434/7/66
f 435/7/68 439/7/73 172/7/73 168/7/68
f 436/7/69 169/7/69 173/7/72 440/7/72
f 171/7/71 170/7/71 174/7/74 175/7/74
f 437/7/75 441/7/75 442/7/75 438/7/75
f 439/7/73 443/7/76 176/7/76 172/7/73
f 440/7/75 173/7/75 177/7/75 444/7/75
f 175/7/74 174/7/74 178/7/77 179/7/77
f 441/7/78 445/7/78 446/7/78 442/7/78
f 443/7/79 447/7/80 180/7/80 176/7/79
f 444/7/81 177/7/81 181/7/81 448/7/81
f 179/7/79 178/7/79 182/7/80 183/7/80
f 445/7/82 449/7/82 450/7/82 446/7/82
f 447/7/80 451/7/83 184/7/83 180/7/80
f 448/7/84 181/7/84 185/7/84 452/7/84
f 183/7/80 182/7/80 186/7/83 187/7/83
f 488/1/85 483/1/85 484/1/85 486/1/85
f 489/1/85 490/1/85 483/1/85 488/1/85
f 496/1/86 491/1/86 492/1/86 494/1/86
f 497/1/87 498/1/87 491/1/87 496/1/87
f 485/1/88 487/1/88 495/1/88 493/1/88
f 215/1/89 216/1/89 218/1/89 223/1/89
f 217/1/90 214/1/90 222/1/90 221/1/90
f 212/1/91 217/1/91 221/1/91 220/1/91
f 216/1/92 213/1/92 219/1/92 218/1/92
f 117/7/93 79/7/94 499/7/95
f 78/7/96 93/7/97 499/7/95
f 81/7/98 82/7/99 499/7/95
f 397/7/100 78/7/96 499/7/95
f 93/7/97 80/7/101 499/7/95
f 79/7/94 81/7/98 499/7/95
f 80/7/101 116/7/93 499/7/95
f 82/7/99 85/7/102 499/7/95
f 86/7/103 500/7/103 396/7/103
f 116/7/93 117/7/93 499/7/95
f 84/8/104 83/8/104 224/8/104
f 256/2/105 227/2/106 513/2/107 255/2/108
f 279/2/109 238/2/110 237/2/111 522/2/112
f 508/2/113 226/2/114 225/2/114 276/2/115
f 256/2/105 238/2/110 234/2/116 253/2/117
f 281/2/118 510/2/119 505/2/120 521/2/121
f 509/2/122 235/2/123 516/2/124 504/2/122
f 510/2/119 509/2/122 504/2/122 505/2/120
f 227/2/106 256/2/105 253/2/117 501/2/125
f 238/2/110 256/2/105 255/2/108 237/2/111
f 512/2/126 511/2/127 506/2/128 507/2/129
f 511/2/127 281/2/118 521/2/121 506/2/128
f 238/2/110 279/2/109 520/2/130 234/2/116
f 279/2/109 508/2/113 276/2/115 520/2/130
f 502/2/131 280/2/132 282/2/133 236/2/134
f 280/2/132 279/2/109 522/2/112 282/2/133
f 305/3/135 304/5/136 303/4/135
f 305/3/135 303/4/135 302/6/135
f 307/4/137 308/5/137 309/3/137
f 306/6/137 307/4/137 309/3/137
f 535/7/138 537/7/138 538/7/138 536/7/138
f 539/7/139 310/7/139 314/7/140 540/7/140
f 541/7/141 542/7/141 315/7/141 311/7/141
f 313/7/139 317/7/142 316/7/142 312/7/139
f 536/7/143 538/7/143 544/7/143 543/7/143
f 540/7/140 314/7/140 318/7/144 545/7/144
f 542/7/145 546/7/145 319/7/145 315/7/145
f 317/7/142 321/7/144 320/7/144 316/7/142
f 543/7/146 544/7/146 548/7/147 547/7/147
f 545/7/148 318/7/148 322/7/148 549/7/148
f 546/7/146 550/7/147 323/7/147 319/7/146
f 321/7/148 325/7/148 324/7/148 320/7/148
f 547/7/147 548/7/147 552/7/149 551/7/149
f 549/7/150 322/7/150 326/7/151 553/7/151
f 550/7/147 554/7/152 327/7/152 323/7/147
f 325/7/150 329/7/151 328/7/151 324/7/150
f 551/7/149 552/7/149 556/7/153 555/7/153
f 553/7/151 326/7/151 330/7/154 557/7/154
f 554/7/152 558/7/153 331/7/153 327/7/152
f 329/7/151 333/7/155 332/7/155 328/7/151
f 555/7/156 556/7/156 560/7/156 559/7/156
f 557/7/154 330/7/154 334/7/157 561/7/157
f 558/7/156 562/7/156 335/7/156 331/7/156
f 333/7/155 337/7/158 336/7/158 332/7/155
f 559/7/159 560/7/159 564/7/159 563/7/159
f 561/7/160 334/7/160 338/7/161 565/7/161
f 562/7/162 566/7/162 339/7/162 335/7/162
f 337/7/160 341/7/161 340/7/161 336/7/160
f 563/7/163 564/7/163 568/7/163 567/7/163
f 565/7/161 338/7/161 342/7/164 569/7/164
f 566/7/165 570/7/165 343/7/165 339/7/165
f 341/7/161 345/7/164 344/7/164 340/7/161
f 606/1/85 604/1/85 602/1/85 601/1/85
f 607/1/85 606/1/85 601/1/85 608/1/85
f 614/1/166 612/1/166 610/1/166 609/1/166
f 615/1/167 614/1/167 609/1/167 616/1/167
f 603/1/168 611/1/168 613/1/168 605/1/168
f 373/1/169 381/1/169 376/1/169 374/1/169
f 375/1/170 379/1/170 380/1/170 372/1/170
f 370/1/171 378/1/171 379/1/171 375/1/171
f 374/1/172 376/1/172 377/1/172 371/1/172
f 278/7/173 617/7/174 240/7/175
f 239/7/176 617/7/174 254/7/177
f 242/1/178 617/1/174 243/1/179
f 515/7/180 617/7/174 239/7/176
f 254/7/177 617/7/174 241/7/181
f 240/9/175 617/9/174 242/9/178
f 241/7/181 617/7/174 277/7/173
f 243/7/179 617/7/174 246/7/102
f 247/7/182 618/7/182 514/7/182
f 277/7/173 617/7/174 278/7/173
f 245/1/183 382/1/183 244/1/183
f 623/10/184 624/10/184 622/10/184 620/10/184
f 626/10/185 625/10/185 624/10/185 623/10/185
f 619/10/186 621/10/186 625/10/186 626/10/186
f 625/10/168 629/10/168 628/10/168 624/10/168
f 623/10/88 627/10/88 630/10/88 626/10/88
f 622/10/187 628/10/187 627/10/187 620/10/187
f 619/10/188 630/10/188 629/10/188 621/10/188
f 631/7/189 637/7/189 642/7/189 636/7/189
f 632/7/190 638/7/191 637/7/191 631/7/190
f 633/7/192 639/7/192 638/7/192 632/7/192
f 634/7/193 640/7/193 639/7/193 633/7/193
f 635/7/194 641/7/195 640/7/195 634/7/194
f 636/7/196 642/7/196 641/7/196 635/7/196
f 637/7/197 643/7/198 648/7/197 642/7/198
f 638/7/191 644/7/199 643/7/199 637/7/191
f 639/7/200 645/7/200 644/7/200 638/7/200
f 640/7/201 646/7/201 645/7/201 639/7/201
f 641/7/195 647/7/202 646/7/202 640/7/195
f 642/7/203 648/7/203 647/7/203 641/7/203
f 643/7/204 649/7/204 654/7/204 648/7/204
f 644/7/205 650/7/206 649/7/207 643/7/205
f 645/7/208 651/7/208 650/7/208 644/7/208
f 646/7/209 652/7/209 651/7/209 645/7/209
f 647/7/210 653/7/210 652/7/210 646/7/210
f 648/7/211 654/7/211 653/7/211 647/7/211
f 649/7/212 655/7/212 660/7/212 654/7/212
f 650/7/213 656/7/213 655/7/213 649/7/213
f 651/7/214 657/7/214 656/7/214 650/7/214
f 652/7/215 658/7/215 657/7/215 651/7/215
f 653/7/216 659/7/216 658/7/216 652/7/216
f 654/7/217 660/7/217 659/7/217 653/7/217
f 664/7/218 663/7/218 680/7/218 682/7/218
f 672/7/219 668/7/219 676/7/219 683/7/219
f 661/7/220 666/7/220 675/7/220 674/7/220
f 666/7/221 665/7/221 684/7/221 675/7/221
f 662/7/222 661/7/223 674/7/222 678/7/223
f 669/7/224 670/7/224 679/7/224 677/7/224
f 660/7/225 668/7/225 672/7/225 659/7/225
f 659/7/226 672/7/226 671/7/226 658/7/226
f 658/7/227 671/7/227 670/7/227 657/7/227
f 657/7/228 670/7/228 669/7/228 656/7/228
f 656/7/229 669/7/229 667/7/229 655/7/229
f 655/7/230 667/7/230 668/7/230 660/7/230
f 673/7/231 674/7/231 675/7/231 676/7/231
f 677/7/232 678/7/232 674/7/232 673/7/232
f 679/7/233 680/7/233 678/7/233 677/7/233
f 681/7/234 682/7/234 680/7/234 679/7/234
f 683/7/235 684/7/235 682/7/235 681/7/235
f 676/7/236 675/7/236 684/7/236 683/7/236
f 667/7/237 669/7/237 677/7/237 673/7/237
f 671/7/238 672/7/238 683/7/238 681/7/238
f 668/7/239 667/7/239 673/7/239 676/7/239
f 663/7/240 662/7/240 678/7/240 680/7/240
f 670/7/241 671/7/241 681/7/241 679/7/241
f 665/7/242 664/7/242 682/7/242 684/7/242
f 711/7/243 695/7/243 696/7/243 712/7/243
f 710/7/244 693/7/244 694/7/244 709/7/244
f 716/7/245 700/7/245 693/7/245 710/7/245
f 714/7/246 698/7/246 699/7/246 715/7/246
f 712/7/247 696/7/247 697/7/247 713/7/247
f 709/7/248 694/7/248 695/7/248 711/7/248
f 715/7/249 699/7/249 700/7/249 716/7/249
f 713/7/250 697/7/250 698/7/250 714/7/250
f 698/7/251 722/7/251 723/7/251 699/7/251
f 696/7/252 720/7/252 721/7/252 697/7/252
f 694/7/253 717/7/253 719/7/253 695/7/253
f 699/7/254 723/7/254 724/7/254 700/7/254
f 697/7/255 721/7/255 722/7/255 698/7/255
f 695/7/256 719/7/256 720/7/256 696/7/256
f 693/7/257 718/7/257 717/7/257 694/7/257
f 700/7/258 724/7/258 718/7/258 693/7/258
f 702/7/259 725/7/259 727/7/259 703/7/259
f 686/11/85 687/11/85 688/11/85 689/11/85 690/11/85 691/11/85 692/11/85 685/11/85
f 685/7/85 710/7/85 709/7/85 686/7/85
f 686/7/85 709/7/85 711/7/85 687/7/85
f 687/7/85 711/7/85 712/7/85 688/7/85
f 688/7/85 712/7/85 713/7/85 689/7/85
f 689/7/85 713/7/85 714/7/85 690/7/85
f 690/7/85 714/7/85 715/7/85 691/7/85
f 691/7/85 715/7/85 716/7/85 692/7/85
f 692/7/85 716/7/85 710/7/85 685/7/85
f 702/7/260 717/7/260 718/7/260 701/7/260
f 703/7/260 719/7/260 717/7/260 702/7/260
f 704/7/260 720/7/260 719/7/260 703/7/260
f 705/7/260 721/7/260 720/7/260 704/7/260
f 706/7/260 722/7/260 721/7/260 705/7/260
f 707/7/260 723/7/260 722/7/260 706/7/260
f 708/7/260 724/7/260 723/7/260 707/7/260
f 701/7/260 718/7/260 724/7/260 708/7/260
f 732/7/261 740/7/261 734/7/261 726/7/261
f 707/7/262 731/7/262 732/7/262 708/7/262
f 705/7/263 729/7/263 730/7/263 706/7/263
f 703/7/264 727/7/264 728/7/264 704/7/264
f 701/7/265 726/7/265 725/7/265 702/7/265
f 708/7/266 732/7/266 726/7/266 701/7/266
f 706/7/267 730/7/267 731/7/267 707/7/267
f 704/7/268 728/7/268 729/7/268 705/7/268
f 733/7/260 734/7/260 740/7/260 739/7/260 738/7/260 737/7/260 736/7/260 735/7/260
f 730/7/269 738/7/269 739/7/269 731/7/269
f 728/7/270 736/7/270 737/7/270 729/7/270
f 725/7/271 733/7/271 735/7/271 727/7/271
f 731/7/272 739/7/272 740/7/272 732/7/272
f 729/7/273 737/7/273 738/7/273 730/7/273
f 727/7/274 735/7/274 736/7/274 728/7/274
f 726/7/275 734/7/275 733/7/275 725/7/275
f 741/7/276 746/7/276 752/7/276 747/7/276
f 742/7/277 741/7/277 747/7/278 748/7/278
f 743/7/279 742/7/279 748/7/279 749/7/279
f 744/7/280 743/7/280 749/7/280 750/7/280
f 745/7/281 744/7/281 750/7/282 751/7/282
f 746/7/283 745/7/283 751/7/283 752/7/283
f 747/7/284 752/7/284 758/7/284 753/7/284
f 748/7/278 747/7/278 753/7/285 754/7/285
f 749/7/286 748/7/286 754/7/286 755/7/286
f 750/7/287 749/7/287 755/7/287 756/7/287
f 751/7/282 750/7/282 756/7/288 757/7/288
f 752/7/289 751/7/289 757/7/289 758/7/289
f 753/7/290 758/7/290 764/7/290 759/7/290
f 754/7/291 753/7/291 759/7/291 760/7/291
f 755/7/292 754/7/292 760/7/292 761/7/292
f 756/7/293 755/7/293 761/7/293 762/7/293
f 757/7/294 756/7/294 762/7/294 763/7/294
f 758/7/295 757/7/295 763/7/295 764/7/295
f 759/7/296 764/7/296 770/7/296 765/7/296
f 760/7/297 759/7/297 765/7/297 766/7/297
f 761/7/298 760/7/298 766/7/298 767/7/298
f 762/7/299 761/7/299 767/7/299 768/7/299
f 763/7/300 762/7/300 768/7/300 769/7/300
f 764/7/301 763/7/301 769/7/301 770/7/301
f 774/7/302 792/7/302 790/7/302 773/7/302
f 782/7/303 793/7/303 786/7/303 778/7/303
f 771/7/304 784/7/304 785/7/304 776/7/304
f 776/7/305 785/7/305 794/7/306 775/7/305
f 772/7/307 788/7/307 784/7/307 771/7/307
f 779/7/308 787/7/308 789/7/308 780/7/308
f 770/7/309 769/7/309 782/7/309 778/7/309
f 769/7/310 768/7/310 781/7/310 782/7/310
f 768/7/311 767/7/311 780/7/311 781/7/311
f 767/7/312 766/7/312 779/7/312 780/7/312
f 766/7/313 765/7/313 777/7/313 779/7/313
f 765/7/314 770/7/314 778/7/314 777/7/314
f 783/7/315 786/7/315 785/7/315 784/7/315
f 787/7/316 783/7/316 784/7/316 788/7/316
f 789/7/317 787/7/317 788/7/317 790/7/317
f 791/7/318 789/7/318 790/7/318 792/7/318
f 793/7/319 791/7/319 792/7/319 794/7/319
f 786/7/320 793/7/320 794/7/320 785/7/320
f 777/7/321 783/7/321 787/7/321 779/7/321
f 781/7/322 791/7/322 793/7/322 782/7/322
f 778/7/323 786/7/323 783/7/323 777/7/323
f 773/7/324 790/7/324 788/7/324 772/7/324
f 780/7/325 789/7/325 791/7/325 781/7/325
f 775/7/326 794/7/326 792/7/326 774/7/326
f 821/7/327 822/7/327 806/7/327 805/7/327
f 820/7/328 819/7/328 804/7/328 803/7/328
f 826/7/329 820/7/329 803/7/329 810/7/329
f 824/7/249 825/7/249 809/7/249 808/7/249
f 822/7/330 823/7/330 807/7/330 806/7/330
f 819/7/331 821/7/331 805/7/331 804/7/331
f 825/7/246 826/7/246 810/7/246 809/7/246
f 823/7/332 824/7/332 808/7/332 807/7/332
f 808/7/254 809/7/254 833/7/254 832/7/254
f 806/7/257 807/7/257 831/7/257 830/7/257
f 804/7/256 805/7/256 829/7/256 827/7/256
f 809/7/251 810/7/251 834/7/251 833/7/251
f 807/7/258 808/7/258 832/7/258 831/7/258
f 805/7/253 806/7/253 830/7/253 829/7/253
f 803/7/252 804/7/252 827/7/252 828/7/252
f 810/7/255 803/7/255 828/7/255 834/7/255
f 812/7/264 813/7/264 837/7/264 835/7/264
f 796/11/85 795/11/85 802/11/85 801/11/85 800/11/85 799/11/85 798/11/85 797/11/85
f 795/7/85 796/7/85 819/7/85 820/7/85
f 796/7/85 797/7/85 821/7/85 819/7/85
f 797/7/85 798/7/85 822/7/85 821/7/85
f 798/7/85 799/7/85 823/7/85 822/7/85
f 799/7/85 800/7/85 824/7/85 823/7/85
f 800/7/85 801/7/85 825/7/85 824/7/85
f 801/7/85 802/7/85 826/7/85 825/7/85
f 802/7/85 795/7/85 820/7/85 826/7/85
f 812/7/260 811/7/260 828/7/260 827/7/260
f 813/7/260 812/7/260 827/7/260 829/7/260
f 814/7/260 813/7/260 829/7/260 830/7/260
f 815/7/260 814/7/260 830/7/260 831/7/260
f 816/7/260 815/7/260 831/7/260 832/7/260
f 817/7/260 816/7/260 832/7/260 833/7/260
f 818/7/260 817/7/260 833/7/260 834/7/260
f 811/7/260 818/7/260 834/7/260 828/7/260
f 842/7/333 836/7/333 844/7/333 850/7/333
f 817/7/267 818/7/267 842/7/267 841/7/267
f 815/7/334 816/7/334 840/7/334 839/7/334
f 813/7/335 814/7/335 838/7/335 837/7/335
f 811/7/336 812/7/336 835/7/336 836/7/336
f 818/7/263 811/7/263 836/7/263 842/7/263
f 816/7/262 817/7/262 841/7/262 840/7/262
f 814/7/265 815/7/265 839/7/265 838/7/265
f 843/7/260 845/7/260 846/7/260 847/7/260 848/7/260 849/7/260 850/7/260 844/7/260
f 840/7/272 841/7/272 849/7/272 848/7/272
f 838/7/337 839/7/337 847/7/337 846/7/337
f 835/7/338 837/7/338 845/7/338 843/7/338
f 841/7/269 842/7/269 850/7/269 849/7/269
f 839/7/339 840/7/339 848/7/339 847/7/339
f 837/7/340 838/7/340 846/7/340 845/7/340
f 836/7/341 835/7/341 843/7/341 844/7/341
f 855/7/342 851/7/342 853/7/342 857/7/342
f 852/7/343 856/7/343 858/7/343 854/7/343
f 859/7/344 855/7/344 857/7/344 860/7/344
f 856/7/345 859/7/345 860/7/345 858/7/345
f 855/7/346 863/7/346 861/7/346 851/7/346
f 852/7/347 862/7/347 864/7/347 856/7/347
f 859/7/348 865/7/348 863/7/348 855/7/348
f 856/7/349 864/7/349 865/7/349 859/7/349
f 870/7/350 872/7/350 868/7/350 866/7/350
f 867/7/351 869/7/351 873/7/351 871/7/351
f 874/7/352 875/7/352 872/7/352 870/7/352
f 871/7/353 873/7/353 875/7/353 874/7/353
f 870/7/354 866/7/354 876/7/354 878/7/354
f 867/7/355 871/7/355 879/7/355 877/7/355
f 874/7/356 870/7/356 878/7/356 880/7/356
f 871/7/357 874/7/357 880/7/357 879/7/357
f 854/7/358 858/7/358 873/7/358 869/7/358
f 852/7/359 854/7/359 869/7/359 867/7/359
f 853/7/360 851/7/360 866/7/360 868/7/360
f 857/7/361 853/7/361 868/7/361 872/7/361
f 858/7/362 860/7/362 875/7/362 873/7/362
f 860/7/363 857/7/363 872/7/363 875/7/363
f 864/7/364 862/7/364 877/7/364 879/7/364
f 862/7/365 852/7/365 867/7/365 877/7/365
f 851/7/366 861/7/366 876/7/366 866/7/366
f 861/7/367 863/7/367 878/7/367 876/7/367
f 865/7/368 864/7/368 879/7/368 880/7/368
f 863/7/369 865/7/369 880/7/369 878/7/369
f 884/7/370 885/7/370 891/7/370 890/7/370
f 882/7/371 883/7/371 889/7/371 888/7/371
f 885/7/372 886/7/372 892/7/372 891/7/372
f 883/7/373 884/7/373 890/7/373 889/7/373
f 881/7/374 882/7/374 888/7/374 887/7/374
f 886/7/375 881/7/375 887/7/375 892/7/375
s 0
f 891/6/260 892/6/260 940/6/260 939/6/260
f 889/7/260 890/7/260 938/7/376 937/7/260
f 887/7/377 888/7/260 935/7/260 936/7/260
f 892/7/260 887/7/260 936/7/378 940/7/260
f 890/7/379 891/7/260 939/7/260 938/7/260
f 888/6/260 889/6/260 937/6/260 935/6/260
s 1
f 894/7/380 895/7/380 896/7/380 897/7/380 898/7/380 893/7/380
f 914/7/381 920/7/381 919/7/382 913/7/382
f 902/7/383 901/7/384 906/7/384 907/7/385
f 900/7/386 899/7/386 904/7/386 905/7/386
f 899/7/387 903/7/387 908/7/387 904/7/387
f 901/7/388 900/7/388 905/7/388 906/7/388
f 902/7/383 907/7/385 910/7/389 909/7/389
f 912/7/390 918/7/390 917/7/390 911/7/390
f 911/7/391 917/7/391 922/7/391 916/7/391
f 913/7/392 919/7/392 918/7/392 912/7/392
f 914/7/381 915/7/393 921/7/393 920/7/381
f 909/7/394 910/7/394 921/7/394 915/7/394
f 908/7/395 922/7/395 917/7/395 904/7/395
f 906/7/396 919/7/396 920/7/397 907/7/398
f 904/7/399 917/7/399 918/7/399 905/7/399
f 910/7/400 907/7/398 920/7/397 921/7/400
f 903/7/401 916/7/401 922/7/401 908/7/401
f 905/7/402 918/7/402 919/7/402 906/7/402
f 914/7/381 913/7/382 931/7/382 932/7/381
f 902/7/403 926/7/404 925/7/405 901/7/405
f 900/7/406 924/7/406 923/7/406 899/7/406
f 899/7/407 923/7/407 927/7/407 903/7/407
f 901/7/408 925/7/408 924/7/408 900/7/408
f 902/7/403 909/7/409 928/7/409 926/7/404
f 912/7/390 911/7/390 929/7/390 930/7/390
f 911/7/391 916/7/391 934/7/391 929/7/391
f 913/7/392 912/7/392 930/7/392 931/7/392
f 914/7/381 932/7/381 933/7/393 915/7/393
f 909/7/410 915/7/410 933/7/410 928/7/410
f 927/7/411 923/7/411 929/7/411 934/7/411
f 925/7/412 926/7/413 932/7/414 931/7/412
f 923/7/415 924/7/415 930/7/415 929/7/415
f 928/7/416 933/7/416 932/7/414 926/7/413
f 903/7/417 927/7/417 934/7/417 916/7/417
f 924/7/418 925/7/418 931/7/418 930/7/418
f 894/7/419 893/7/419 936/7/419 935/7/419
f 895/7/420 894/7/420 935/7/420 937/7/420
f 896/7/421 895/7/421 937/7/421 938/7/421
f 897/7/422 896/7/422 938/7/422 939/7/422
f 898/7/423 897/7/423 939/7/423 940/7/423
f 893/7/424 898/7/424 940/7/424 936/7/424
f 950/7/425 947/7/425 948/7/425 949/7/425
f 944/7/426 953/7/426 957/7/426 942/7/426
f 953/7/427 956/7/427 950/7/427 949/7/427
f 954/7/428 957/7/428 948/7/428 947/7/428
f 957/7/429 953/7/429 949/7/429 948/7/429
f 944/7/430 943/7/430 956/7/430 953/7/430
f 941/7/431 942/7/431 957/7/431 954/7/431
f 968/7/432 967/7/432 966/7/432 965/7/432
f 962/7/426 960/7/426 975/7/426 971/7/426
f 971/7/433 967/7/433 968/7/433 974/7/433
f 972/7/434 965/7/434 966/7/434 975/7/434
f 975/7/429 966/7/429 967/7/429 971/7/429
f 962/7/435 971/7/435 974/7/435 961/7/435
f 959/7/436 972/7/436 975/7/436 960/7/436
f 977/7/437 981/7/438 984/7/438 980/7/437
f 978/7/439 982/7/440 981/7/440 977/7/439
f 979/7/441 983/7/442 982/7/442 978/7/441
f 980/7/443 984/7/444 983/7/444 979/7/443
f 981/7/438 985/7/445 988/7/445 984/7/438
f 982/7/440 986/7/446 985/7/446 981/7/440
f 983/7/442 987/7/447 986/7/447 982/7/442
f 984/7/444 988/7/448 987/7/448 983/7/444
f 985/7/449 989/7/449 992/7/449 988/7/449
f 986/7/450 990/7/450 989/7/450 985/7/450
f 987/7/451 991/7/451 990/7/451 986/7/451
f 988/7/452 992/7/452 991/7/452 987/7/452
f 989/7/453 993/7/453 996/7/453 992/7/453
f 990/7/454 994/7/454 993/7/454 989/7/454
f 991/7/455 995/7/455 994/7/455 990/7/455
f 992/7/456 996/7/456 995/7/456 991/7/456
f 993/7/457 997/7/457 1000/7/457 996/7/457
f 994/7/458 998/7/458 997/7/458 993/7/458
f 995/7/459 999/7/459 998/7/459 994/7/459
f 996/7/460 1000/7/460 999/7/460 995/7/460
f 997/7/461 1001/7/462 1004/7/462 1000/7/461
f 998/7/463 1002/7/464 1001/7/464 997/7/463
f 999/7/465 1003/7/466 1002/7/466 998/7/465
f 1000/7/467 1004/7/468 1003/7/468 999/7/467
f 1001/7/462 1005/7/469 1008/7/469 1004/7/462
f 1002/7/464 1006/7/470 1005/7/470 1001/7/464
f 1003/7/466 1007/7/471 1006/7/471 1002/7/466
f 1004/7/468 1008/7/472 1007/7/472 1003/7/468
f 1009/7/473 1013/7/473 1016/7/473 1012/7/473
f 1010/7/474 1014/7/474 1013/7/474 1009/7/474
f 1011/7/475 1015/7/475 1014/7/475 1010/7/475
f 1012/7/476 1016/7/476 1015/7/476 1011/7/476
f 1013/7/477 1017/7/477 1020/7/477 1016/7/477
f 1014/7/478 1018/7/478 1017/7/478 1013/7/478
f 1015/7/479 1019/7/479 1018/7/479 1014/7/479
f 1016/7/480 1020/7/480 1019/7/480 1015/7/480
f 1017/7/481 1021/7/481 1024/7/481 1020/7/481
f 1018/7/482 1022/7/482 1021/7/482 1017/7/482
f 1019/7/483 1023/7/483 1022/7/483 1018/7/483
f 1020/7/484 1024/7/484 1023/7/484 1019/7/484
f 1021/7/485 1025/7/485 1028/7/485 1024/7/485
f 1022/7/486 1026/7/486 1025/7/486 1021/7/486
f 1023/7/487 1027/7/487 1026/7/487 1022/7/487
f 1024/7/488 1028/7/488 1027/7/488 1023/7/488
f 1025/7/489 1029/7/489 1032/7/489 1028/7/489
f 1026/7/490 1030/7/490 1029/7/490 1025/7/490
f 1027/7/491 1031/7/491 1030/7/491 1026/7/491
f 1028/7/492 1032/7/492 1031/7/492 1027/7/492
f 1029/7/493 1033/7/493 1036/7/493 1032/7/493
f 1030/7/494 1034/7/494 1033/7/494 1029/7/494
f 1031/7/495 1035/7/495 1034/7/495 1030/7/495
f 1032/7/496 1036/7/497 1035/7/497 1031/7/496
f 1033/7/498 1037/7/498 1040/7/498 1036/7/498
f 1034/7/499 1038/7/499 1037/7/499 1033/7/499
f 1035/7/500 1039/7/500 1038/7/500 1034/7/500
f 1036/7/497 1040/7/501 1039/7/501 1035/7/497
f 1037/7/502 1041/7/502 1044/7/502 1040/7/502
f 1038/7/503 1042/7/503 1041/7/503 1037/7/503
f 1039/7/504 1043/7/504 1042/7/504 1038/7/504
f 1040/7/505 1044/7/505 1043/7/505 1039/7/505
f 1041/7/506 1045/7/506 1048/7/506 1044/7/506
f 1042/7/507 1046/7/507 1045/7/507 1041/7/507
f 1043/7/508 1047/7/508 1046/7/508 1042/7/508
f 1044/7/509 1048/7/509 1047/7/509 1043/7/509
f 1045/7/510 1049/7/511 1052/7/510 1048/7/512
f 1046/7/513 1050/7/513 1049/7/514 1045/7/513
f 1047/7/515 1051/7/515 1050/7/515 1046/7/515
f 1048/7/516 1052/7/514 1051/7/516 1047/7/517
f 1049/7/518 1009/7/518 1012/7/518 1052/7/518
f 1050/7/519 1010/7/519 1009/7/519 1049/7/519
f 1051/7/520 1011/7/520 1010/7/520 1050/7/520
f 1052/7/521 1012/7/521 1011/7/521 1051/7/521
f 1053/7/522 1057/7/522 1060/7/522 1056/7/522
f 1054/7/523 1058/7/523 1057/7/523 1053/7/523
f 1055/7/524 1059/7/524 1058/7/524 1054/7/524
f 1056/7/525 1060/7/525 1059/7/525 1055/7/525
f 1057/7/526 1061/7/526 1064/7/526 1060/7/526
f 1058/7/527 1062/7/527 1061/7/527 1057/7/527
f 1059/7/528 1063/7/528 1062/7/528 1058/7/528
f 1060/7/529 1064/7/529 1063/7/529 1059/7/529
f 1061/7/530 1065/7/530 1068/7/530 1064/7/530
f 1062/7/531 1066/7/531 1065/7/531 1061/7/531
f 1063/7/532 1067/7/532 1066/7/532 1062/7/532
f 1064/7/533 1068/7/533 1067/7/533 1063/7/533
f 1065/7/534 1069/7/534 1072/7/534 1068/7/534
f 1066/7/535 1070/7/535 1069/7/535 1065/7/535
f 1067/7/536 1071/7/536 1070/7/536 1066/7/536
f 1068/7/537 1072/7/537 1071/7/537 1067/7/537
f 1069/7/538 1073/7/539 1076/7/539 1072/7/538
f 1070/7/540 1074/7/540 1073/7/540 1069/7/540
f 1071/7/541 1075/7/542 1074/7/542 1070/7/541
f 1072/7/543 1076/7/543 1075/7/543 1071/7/543
f 1073/7/539 1077/7/544 1080/7/544 1076/7/539
f 1074/7/545 1078/7/545 1077/7/545 1073/7/545
f 1075/7/542 1079/7/546 1078/7/546 1074/7/542
f 1076/7/547 1080/7/547 1079/7/547 1075/7/547
f 1077/7/548 1081/7/548 1084/7/548 1080/7/548
f 1078/7/549 1082/7/549 1081/7/549 1077/7/549
f 1079/7/550 1083/7/550 1082/7/550 1078/7/550
f 1080/7/551 1084/7/551 1083/7/551 1079/7/551
f 1081/7/552 1053/7/552 1056/7/552 1084/7/552
f 1082/7/553 1054/7/553 1053/7/553 1081/7/553
f 1083/7/554 1055/7/554 1054/7/554 1082/7/554
f 1084/7/555 1056/7/555 1055/7/555 1083/7/555
f 1085/7/556 1089/7/556 1092/7/556 1088/7/556
f 1086/7/557 1090/7/557 1089/7/557 1085/7/557
f 1087/7/558 1091/7/558 1090/7/558 1086/7/558
f 1088/7/559 1092/7/559 1091/7/559 1087/7/559
f 1093/7/560 1097/7/561 1100/7/561 1096/7/560
f 1094/7/562 1098/7/563 1097/7/563 1093/7/562
f 1095/7/564 1099/7/565 1098/7/565 1094/7/564
f 1096/7/566 1100/7/567 1099/7/567 1095/7/566
f 1097/7/561 1101/7/568 1104/7/568 1100/7/561
f 1098/7/563 1102/7/569 1101/7/569 1097/7/563
f 1099/7/565 1103/7/570 1102/7/570 1098/7/565
f 1100/7/567 1104/7/571 1103/7/571 1099/7/567
f 1101/7/572 1105/7/572 1108/7/572 1104/7/572
f 1102/7/573 1106/7/573 1105/7/573 1101/7/573
f 1103/7/574 1107/7/574 1106/7/574 1102/7/574
f 1104/7/575 1108/7/575 1107/7/575 1103/7/575
f 1105/7/576 1109/7/576 1112/7/576 1108/7/576
f 1106/7/577 1110/7/577 1109/7/577 1105/7/577
f 1107/7/578 1111/7/578 1110/7/578 1106/7/578
f 1108/7/579 1112/7/579 1111/7/579 1107/7/579
f 1109/7/580 1113/7/580 1116/7/580 1112/7/580
f 1110/7/581 1114/7/581 1113/7/581 1109/7/581
f 1111/7/582 1115/7/582 1114/7/582 1110/7/582
f 1112/7/583 1116/7/583 1115/7/583 1111/7/583
f 1113/7/584 1117/7/584 1120/7/584 1116/7/584
f 1114/7/585 1118/7/585 1117/7/585 1113/7/585
f 1115/7/586 1119/7/586 1118/7/586 1114/7/586
f 1116/7/587 1120/7/587 1119/7/587 1115/7/587
f 1117/7/588 1121/7/588 1124/7/588 1120/7/588
f 1118/7/589 1122/7/590 1121/7/590 1117/7/589
f 1119/7/591 1123/7/591 1122/7/591 1118/7/591
f 1120/7/592 1124/7/593 1123/7/593 1119/7/592
f 1121/7/594 1125/7/595 1128/7/595 1124/7/594
f 1122/7/590 1126/7/596 1125/7/596 1121/7/590
f 1123/7/597 1127/7/598 1126/7/598 1122/7/597
f 1124/7/593 1128/7/599 1127/7/599 1123/7/593
f 1125/7/595 1129/7/600 1132/7/600 1128/7/595
f 1126/7/596 1130/7/596 1129/7/596 1125/7/596
f 1127/7/598 1131/7/601 1130/7/601 1126/7/598
f 1128/7/599 1132/7/599 1131/7/599 1127/7/599
f 1133/7/602 980/7/602 1138/7/603 1135/7/603
f 978/7/604 1133/7/604 1135/7/605 1136/7/605
f 1134/7/606 978/7/606 1136/7/607 1137/7/607
f 980/7/608 1134/7/608 1137/7/609 1138/7/609
f 1135/7/603 1138/7/603 1142/7/610 1139/7/610
f 1136/7/605 1135/7/605 1139/7/611 1140/7/611
f 1137/7/607 1136/7/607 1140/7/612 1141/7/612
f 1138/7/609 1137/7/609 1141/7/613 1142/7/613
f 1139/7/614 1142/7/614 1146/7/614 1143/7/614
f 1140/7/615 1139/7/615 1143/7/615 1144/7/615
f 1141/7/616 1140/7/616 1144/7/616 1145/7/616
f 1142/7/617 1141/7/617 1145/7/617 1146/7/617
f 1143/7/618 1146/7/618 1150/7/618 1147/7/618
f 1144/7/619 1143/7/619 1147/7/619 1148/7/619
f 1145/7/620 1144/7/620 1148/7/620 1149/7/620
f 1146/7/621 1145/7/621 1149/7/621 1150/7/621
f 1147/7/622 1150/7/622 1154/7/622 1151/7/622
f 1148/7/623 1147/7/623 1151/7/623 1152/7/623
f 1149/7/624 1148/7/624 1152/7/624 1153/7/624
f 1150/7/625 1149/7/625 1153/7/625 1154/7/625
f 1151/7/626 1154/7/626 1158/7/627 1155/7/627
f 1152/7/628 1151/7/628 1155/7/629 1156/7/629
f 1153/7/630 1152/7/630 1156/7/631 1157/7/631
f 1154/7/632 1153/7/632 1157/7/633 1158/7/633
f 1155/7/627 1158/7/627 1008/7/634 1159/7/634
f 1156/7/629 1155/7/629 1159/7/635 1006/7/635
f 1157/7/631 1156/7/631 1006/7/636 1160/7/636
f 1158/7/633 1157/7/633 1160/7/637 1008/7/637
f 1161/7/638 1164/7/638 1168/7/638 1165/7/638
f 1162/7/639 1161/7/639 1165/7/639 1166/7/639
f 1163/7/640 1162/7/640 1166/7/640 1167/7/640
f 1164/7/641 1163/7/641 1167/7/641 1168/7/641
f 1165/7/642 1168/7/642 1172/7/642 1169/7/642
f 1166/7/643 1165/7/643 1169/7/643 1170/7/643
f 1167/7/644 1166/7/644 1170/7/644 1171/7/644
f 1168/7/645 1167/7/645 1171/7/645 1172/7/645
f 1169/7/646 1172/7/646 1176/7/646 1173/7/646
f 1170/7/647 1169/7/647 1173/7/647 1174/7/647
f 1171/7/648 1170/7/648 1174/7/648 1175/7/648
f 1172/7/649 1171/7/649 1175/7/649 1176/7/649
f 1173/7/650 1176/7/650 1180/7/650 1177/7/650
f 1174/7/651 1173/7/651 1177/7/651 1178/7/651
f 1175/7/652 1174/7/652 1178/7/652 1179/7/652
f 1176/7/653 1175/7/653 1179/7/653 1180/7/653
f 1177/7/654 1180/7/654 1184/7/654 1181/7/654
f 1178/7/655 1177/7/655 1181/7/655 1182/7/655
f 1179/7/656 1178/7/656 1182/7/656 1183/7/656
f 1180/7/657 1179/7/657 1183/7/657 1184/7/657
f 1181/7/658 1184/7/658 1188/7/658 1185/7/658
f 1182/7/659 1181/7/659 1185/7/659 1186/7/659
f 1183/7/660 1182/7/660 1186/7/660 1187/7/660
f 1184/7/661 1183/7/661 1187/7/662 1188/7/662
f 1185/7/663 1188/7/663 1192/7/663 1189/7/663
f 1186/7/664 1185/7/664 1189/7/664 1190/7/664
f 1187/7/665 1186/7/665 1190/7/665 1191/7/665
f 1188/7/662 1187/7/662 1191/7/666 1192/7/666
f 1189/7/667 1192/7/667 1196/7/667 1193/7/667
f 1190/7/668 1189/7/668 1193/7/668 1194/7/668
f 1191/7/669 1190/7/669 1194/7/669 1195/7/669
f 1192/7/670 1191/7/670 1195/7/670 1196/7/670
f 1193/7/671 1196/7/671 1200/7/671 1197/7/671
f 1194/7/672 1193/7/672 1197/7/672 1198/7/672
f 1195/7/673 1194/7/673 1198/7/673 1199/7/673
f 1196/7/674 1195/7/674 1199/7/674 1200/7/674
f 1197/7/675 1200/7/675 1204/7/675 1201/7/675
f 1198/7/676 1197/7/676 1201/7/676 1202/7/676
f 1199/7/677 1198/7/677 1202/7/677 1203/7/677
f 1200/7/678 1199/7/678 1203/7/678 1204/7/678
f 1201/7/679 1204/7/679 1164/7/679 1161/7/679
f 1202/7/680 1201/7/680 1161/7/680 1162/7/680
f 1203/7/681 1202/7/681 1162/7/681 1163/7/681
f 1204/7/682 1203/7/682 1163/7/682 1164/7/682
f 1205/7/683 1208/7/683 1212/7/683 1209/7/683
f 1206/7/684 1205/7/684 1209/7/684 1210/7/684
f 1207/7/685 1206/7/685 1210/7/685 1211/7/685
f 1208/7/686 1207/7/686 1211/7/686 1212/7/686
f 1209/7/687 1212/7/687 1216/7/687 1213/7/687
f 1210/7/688 1209/7/688 1213/7/688 1214/7/688
f 1211/7/689 1210/7/689 1214/7/689 1215/7/689
f 1212/7/690 1211/7/690 1215/7/690 1216/7/690
f 1213/7/691 1216/7/691 1220/7/691 1217/7/691
f 1214/7/692 1213/7/692 1217/7/692 1218/7/692
f 1215/7/693 1214/7/693 1218/7/693 1219/7/693
f 1216/7/694 1215/7/694 1219/7/694 1220/7/694
f 1217/7/695 1220/7/695 1224/7/695 1221/7/695
f 1218/7/696 1217/7/696 1221/7/696 1222/7/696
f 1219/7/697 1218/7/697 1222/7/697 1223/7/697
f 1220/7/698 1219/7/698 1223/7/698 1224/7/698
f 1221/7/699 1224/7/699 1228/7/700 1225/7/700
f 1222/7/701 1221/7/701 1225/7/701 1226/7/701
f 1223/7/702 1222/7/702 1226/7/703 1227/7/703
f 1224/7/704 1223/7/704 1227/7/704 1228/7/704
f 1225/7/700 1228/7/700 1232/7/705 1229/7/705
f 1226/7/706 1225/7/706 1229/7/706 1230/7/706
f 1227/7/703 1226/7/703 1230/7/707 1231/7/707
f 1228/7/708 1227/7/708 1231/7/708 1232/7/708
f 1229/7/709 1232/7/709 1236/7/709 1233/7/709
f 1230/7/710 1229/7/710 1233/7/710 1234/7/710
f 1231/7/711 1230/7/711 1234/7/711 1235/7/711
f 1232/7/712 1231/7/712 1235/7/712 1236/7/712
f 1233/7/713 1236/7/713 1208/7/713 1205/7/713
f 1234/7/714 1233/7/714 1205/7/714 1206/7/714
f 1235/7/715 1234/7/715 1206/7/715 1207/7/715
f 1236/7/716 1235/7/716 1207/7/716 1208/7/716
f 1237/7/717 1240/7/717 1244/7/717 1241/7/717
f 1238/7/718 1237/7/718 1241/7/718 1242/7/718
f 1239/7/719 1238/7/719 1242/7/719 1243/7/719
f 1240/7/720 1239/7/720 1243/7/720 1244/7/720
f 1245/7/721 1096/7/721 1250/7/722 1247/7/722
f 1094/7/723 1245/7/723 1247/7/724 1248/7/724
f 1246/7/725 1094/7/725 1248/7/726 1249/7/726
f 1096/7/727 1246/7/727 1249/7/728 1250/7/728
f 1247/7/722 1250/7/722 1254/7/729 1251/7/729
f 1248/7/724 1247/7/724 1251/7/730 1252/7/730
f 1249/7/726 1248/7/726 1252/7/731 1253/7/731
f 1250/7/728 1249/7/728 1253/7/732 1254/7/732
f 1251/7/733 1254/7/733 1258/7/733 1255/7/733
f 1252/7/734 1251/7/734 1255/7/734 1256/7/734
f 1253/7/735 1252/7/735 1256/7/735 1257/7/735
f 1254/7/736 1253/7/736 1257/7/736 1258/7/736
f 1255/7/737 1258/7/737 1262/7/737 1259/7/737
f 1256/7/738 1255/7/738 1259/7/738 1260/7/738
f 1257/7/739 1256/7/739 1260/7/739 1261/7/739
f 1258/7/740 1257/7/740 1261/7/740 1262/7/740
f 1259/7/741 1262/7/741 1266/7/741 1263/7/741
f 1260/7/742 1259/7/742 1263/7/742 1264/7/742
f 1261/7/743 1260/7/743 1264/7/743 1265/7/743
f 1262/7/744 1261/7/744 1265/7/744 1266/7/744
f 1263/7/745 1266/7/745 1270/7/745 1267/7/745
f 1264/7/746 1263/7/746 1267/7/746 1268/7/746
f 1265/7/747 1264/7/747 1268/7/747 1269/7/747
f 1266/7/748 1265/7/748 1269/7/748 1270/7/748
f 1267/7/749 1270/7/749 1274/7/749 1271/7/749
f 1268/7/750 1267/7/750 1271/7/751 1272/7/751
f 1269/7/752 1268/7/752 1272/7/752 1273/7/752
f 1270/7/753 1269/7/753 1273/7/754 1274/7/754
f 1271/7/755 1274/7/755 1278/7/756 1275/7/756
f 1272/7/751 1271/7/751 1275/7/757 1276/7/757
f 1273/7/758 1272/7/758 1276/7/759 1277/7/759
f 1274/7/754 1273/7/754 1277/7/760 1278/7/760
f 1275/7/756 1278/7/756 1282/7/761 1279/7/761
f 1276/7/757 1275/7/757 1279/7/757 1280/7/757
f 1277/7/759 1276/7/759 1280/7/762 1281/7/762
f 1278/7/760 1277/7/760 1281/7/760 1282/7/760
f 1294/7/763 1293/7/763 1284/7/763 1287/7/763
f 1295/7/764 1294/7/764 1287/7/764 1290/7/764
f 1296/7/765 1295/7/765 1290/7/765 1292/7/765
f 1320/7/766 1296/7/766 1292/7/766 1286/7/766
f 1285/7/767 1291/7/767 1296/7/767 1320/7/767
f 1291/7/768 1289/7/768 1295/7/768 1296/7/768
f 1289/7/769 1288/7/769 1294/7/769 1295/7/769
f 1288/7/770 1283/7/770 1293/7/770 1294/7/770
f 1308/7/771 1301/7/771 1298/7/771 1307/7/771
f 1309/7/772 1304/7/772 1301/7/772 1308/7/772
f 1310/7/773 1306/7/773 1304/7/773 1309/7/773
f 1333/7/774 1300/7/774 1306/7/774 1310/7/774
f 1299/7/775 1333/7/775 1310/7/775 1305/7/775
f 1305/7/776 1310/7/776 1309/7/776 1303/7/776
f 1303/7/777 1309/7/777 1308/7/777 1302/7/777
f 1302/7/778 1308/7/778 1307/7/778 1297/7/778
f 1300/7/779 1286/7/779 1292/7/779 1306/7/779
f 1284/7/780 1298/7/780 1301/7/780 1287/7/780
f 1285/7/781 1299/7/781 1305/7/781 1291/7/781
f 1320/7/782 1285/7/782 1299/7/782 1333/7/782
f 1283/7/783 1297/7/783 1307/7/783 1293/7/783
f 1287/7/784 1301/7/784 1304/7/784 1290/7/784
f 1288/7/785 1302/7/785 1297/7/785 1283/7/785
f 1289/7/786 1303/7/786 1302/7/786 1288/7/786
f 1290/7/787 1304/7/787 1306/7/787 1292/7/787
f 1291/7/788 1305/7/788 1303/7/788 1289/7/788
f 1286/7/789 1320/7/789 1333/7/789 1300/7/789
f 1321/7/790 1313/7/790 1312/7/790 1319/7/790
f 1322/7/791 1316/7/791 1313/7/791 1321/7/791
f 1323/7/792 1318/7/792 1316/7/792 1322/7/792
f 1320/7/793 1286/7/793 1318/7/793 1323/7/793
f 1285/7/794 1320/7/794 1323/7/794 1317/7/794
f 1317/7/795 1323/7/795 1322/7/795 1315/7/795
f 1315/7/796 1322/7/796 1321/7/796 1314/7/796
f 1314/7/797 1321/7/797 1319/7/797 1311/7/797
f 1334/7/798 1332/7/798 1325/7/798 1326/7/798
f 1335/7/799 1334/7/799 1326/7/799 1329/7/799
f 1336/7/800 1335/7/800 1329/7/800 1331/7/800
f 1333/7/801 1336/7/801 1331/7/801 1300/7/801
f 1299/7/802 1330/7/802 1336/7/802 1333/7/802
f 1330/7/803 1328/7/803 1335/7/803 1336/7/803
f 1328/7/804 1327/7/804 1334/7/804 1335/7/804
f 1327/7/805 1324/7/805 1332/7/805 1334/7/805
f 1331/7/806 1318/7/806 1286/7/806 1300/7/806
f 1312/7/807 1313/7/807 1326/7/807 1325/7/807
f 1285/7/808 1317/7/808 1330/7/808 1299/7/808
f 1311/7/809 1319/7/809 1332/7/809 1324/7/809
f 1313/7/810 1316/7/810 1329/7/810 1326/7/810
f 1314/7/811 1311/7/811 1324/7/811 1327/7/811
f 1315/7/812 1314/7/812 1327/7/812 1328/7/812
f 1316/7/813 1318/7/813 1331/7/813 1329/7/813
f 1317/7/814 1315/7/814 1328/7/814 1330/7/814
f 1293/7/815 1307/7/815 1298/7/815 1284/7/815
f 1319/7/816 1312/7/816 1325/7/816 1332/7/816
f 1337/7/817 1345/7/817 1340/7/818 1341/7/818 1339/7/818
f 1348/7/819 1350/7/819 1355/7/819 1354/7/819 1347/7/819
f 1357/7/820 1360/7/817 1346/7/817 1342/7/817
f 1342/7/817 1346/7/817 1338/7/817 1343/7/817 1344/7/817
f 1363/7/821 1353/7/821 1356/7/822 1366/7/822
f 1353/7/823 1352/7/823 1351/7/823 1349/7/823 1356/7/823
f 1388/7/824 1352/7/824 1353/7/824 1387/7/824
f 1397/7/825 1365/7/826 1354/7/826 1389/7/825
f 1389/7/827 1354/7/827 1355/7/827 1390/7/827
f 1390/7/828 1355/7/828 1350/7/828 1391/7/828
f 1391/7/829 1350/7/829 1348/7/830 1393/7/830
f 1392/7/831 1349/7/831 1351/7/831 1394/7/831
f 1394/7/832 1351/7/832 1352/7/832 1388/7/832
f 1387/7/825 1353/7/826 1363/7/826 1395/7/825
f 1395/7/825 1363/7/826 1364/7/826 1396/7/825
f 1396/7/825 1364/7/826 1365/7/826 1397/7/825
f 1354/7/833 1365/7/833 1368/7/834 1347/7/834
f 1365/7/835 1364/7/835 1367/7/836 1368/7/836
f 1364/7/837 1363/7/837 1366/7/838 1367/7/838
f 1340/7/839 1345/7/839 1362/7/839 1359/7/839
f 1359/7/820 1362/7/817 1361/7/817 1358/7/820
f 1358/7/820 1361/7/817 1360/7/817 1357/7/820
f 1337/7/817 1369/7/820 1371/7/820 1370/7/820 1345/7/817
f 1348/7/819 1347/7/819 1379/7/840 1380/7/840 1375/7/840
f 1381/7/818 1372/7/817 1346/7/817 1360/7/817
f 1372/7/817 1374/7/817 1373/7/817 1338/7/817 1346/7/817
f 1384/7/841 1366/7/822 1356/7/822 1378/7/841
f 1378/7/842 1356/7/842 1349/7/842 1376/7/842 1377/7/842
f 1399/7/843 1398/7/843 1378/7/843 1377/7/843
f 1406/7/844 1400/7/844 1379/7/844 1386/7/844
f 1400/7/845 1401/7/845 1380/7/845 1379/7/845
f 1401/7/846 1402/7/846 1375/7/846 1380/7/846
f 1402/7/830 1393/7/830 1348/7/830 1375/7/830
f 1392/7/831 1403/7/831 1376/7/831 1349/7/831
f 1403/7/847 1399/7/847 1377/7/847 1376/7/847
f 1398/7/848 1404/7/844 1384/7/844 1378/7/844
f 1404/7/844 1405/7/844 1385/7/844 1384/7/844
f 1405/7/844 1406/7/844 1386/7/844 1385/7/844
f 1379/7/849 1347/7/834 1368/7/834 1386/7/849
f 1386/7/850 1368/7/836 1367/7/836 1385/7/850
f 1385/7/851 1367/7/838 1366/7/838 1384/7/851
f 1370/7/839 1383/7/839 1362/7/839 1345/7/839
f 1383/7/817 1382/7/818 1361/7/817 1362/7/817
f 1382/7/818 1381/7/818 1360/7/817 1361/7/817
f 1382/7/848 1383/7/844 1406/7/844 1405/7/844
f 1381/7/848 1382/7/848 1405/7/844 1404/7/844
f 1372/7/848 1381/7/848 1404/7/844 1398/7/848
f 1373/7/852 1374/7/852 1399/7/852 1403/7/852
f 1338/7/185 1373/7/185 1403/7/185 1392/7/185
f 1369/7/853 1337/7/853 1393/7/853 1402/7/853
f 1371/7/854 1369/7/854 1402/7/854 1401/7/854
f 1370/7/855 1371/7/855 1401/7/855 1400/7/855
f 1383/7/844 1370/7/844 1400/7/844 1406/7/844
f 1374/7/856 1372/7/856 1398/7/856 1399/7/856
f 1358/7/857 1396/7/825 1397/7/825 1359/7/857
f 1357/7/857 1395/7/825 1396/7/825 1358/7/857
f 1342/7/857 1387/7/825 1395/7/825 1357/7/857
f 1343/7/858 1394/7/858 1388/7/858 1344/7/858
f 1338/7/185 1392/7/185 1394/7/185 1343/7/185
f 1339/7/853 1391/7/853 1393/7/853 1337/7/853
f 1341/7/859 1390/7/859 1391/7/859 1339/7/859
f 1340/7/860 1389/7/860 1390/7/860 1341/7/860
f 1359/7/857 1397/7/825 1389/7/825 1340/7/825
f 1344/7/861 1388/7/861 1387/7/861 1342/7/861
f 1407/7/862 1409/7/863 1411/7/863 1410/7/863 1415/7/862
f 1418/7/864 1417/7/864 1424/7/865 1425/7/865 1420/7/865
f 1427/7/866 1412/7/866 1416/7/862 1430/7/862
f 1412/7/866 1414/7/866 1413/7/866 1408/7/862 1416/7/862
f 1433/7/867 1436/7/868 1426/7/868 1423/7/867
f 1423/7/869 1426/7/869 1419/7/869 1421/7/869 1422/7/869
f 1458/7/870 1457/7/870 1423/7/870 1422/7/870
f 1467/7/871 1459/7/871 1424/7/871 1435/7/872
f 1459/7/873 1460/7/873 1425/7/873 1424/7/873
f 1460/7/874 1461/7/874 1420/7/874 1425/7/874
f 1461/7/875 1463/7/876 1418/7/876 1420/7/875
f 1462/7/877 1464/7/877 1421/7/877 1419/7/877
f 1464/7/878 1458/7/878 1422/7/878 1421/7/878
f 1457/7/871 1465/7/871 1433/7/872 1423/7/872
f 1465/7/871 1466/7/871 1434/7/879 1433/7/872
f 1466/7/871 1467/7/871 1435/7/872 1434/7/879
f 1424/7/880 1417/7/881 1438/7/881 1435/7/880
f 1435/7/882 1438/7/883 1437/7/883 1434/7/882
f 1434/7/884 1437/7/885 1436/7/885 1433/7/884
f 1410/7/886 1429/7/886 1432/7/886 1415/7/886
f 1429/7/866 1428/7/866 1431/7/862 1432/7/862
f 1428/7/866 1427/7/866 1430/7/862 1431/7/862
f 1407/7/862 1415/7/862 1440/7/866 1441/7/866 1439/7/866
f 1418/7/864 1445/7/887 1450/7/887 1449/7/887 1417/7/864
f 1451/7/863 1430/7/862 1416/7/862 1442/7/863
f 1442/7/863 1416/7/862 1408/7/862 1443/7/863 1444/7/863
f 1454/7/888 1448/7/888 1426/7/868 1436/7/868
f 1448/7/889 1447/7/889 1446/7/889 1419/7/889 1426/7/889
f 1469/7/890 1447/7/890 1448/7/890 1468/7/890
f 1476/7/891 1456/7/891 1449/7/891 1470/7/891
f 1470/7/892 1449/7/892 1450/7/892 1471/7/892
f 1471/7/893 1450/7/893 1445/7/893 1472/7/893
f 1472/7/876 1445/7/876 1418/7/876 1463/7/876
f 1462/7/877 1419/7/877 1446/7/877 1473/7/877
f 1473/7/894 1446/7/894 1447/7/894 1469/7/894
f 1468/7/891 1448/7/895 1454/7/891 1474/7/891
f 1474/7/891 1454/7/891 1455/7/891 1475/7/891
f 1475/7/891 1455/7/891 1456/7/891 1476/7/891
f 1449/7/896 1456/7/896 1438/7/881 1417/7/881
f 1456/7/897 1455/7/897 1437/7/883 1438/7/883
f 1455/7/898 1454/7/898 1436/7/885 1437/7/885
f 1440/7/886 1415/7/886 1432/7/886 1453/7/886
f 1453/7/863 1432/7/862 1431/7/862 1452/7/863
f 1452/7/863 1431/7/862 1430/7/862 1451/7/863
f 1452/7/891 1475/7/891 1476/7/891 1453/7/895
f 1451/7/891 1474/7/891 1475/7/891 1452/7/891
f 1442/7/891 1468/7/891 1474/7/891 1451/7/891
f 1443/7/899 1473/7/899 1469/7/899 1444/7/899
f 1408/7/185 1462/7/185 1473/7/185 1443/7/185
f 1439/7/900 1472/7/900 1463/7/900 1407/7/900
f 1441/7/901 1471/7/901 1472/7/901 1439/7/901
f 1440/7/902 1470/7/902 1471/7/902 1441/7/902
f 1453/7/895 1476/7/891 1470/7/891 1440/7/895
f 1444/7/903 1469/7/903 1468/7/903 1442/7/903
f 1428/7/871 1429/7/871 1467/7/871 1466/7/871
f 1427/7/871 1428/7/871 1466/7/871 1465/7/871
f 1412/7/871 1427/7/871 1465/7/871 1457/7/871
f 1413/7/904 1414/7/904 1458/7/904 1464/7/904
f 1408/7/185 1413/7/185 1464/7/185 1462/7/185
f 1409/7/900 1407/7/900 1463/7/900 1461/7/900
f 1411/7/905 1409/7/905 1461/7/905 1460/7/905
f 1410/7/906 1411/7/906 1460/7/906 1459/7/906
f 1429/7/871 1410/7/871 1459/7/871 1467/7/871
f 1414/7/907 1412/7/907 1457/7/907 1458/7/907
f 1477/7/908 1478/7/908 1480/7/908 1479/7/908
f 1482/7/185 1481/7/185 1484/7/185 1483/7/185
f 1480/7/909 1484/7/909 1481/7/909 1479/7/909
f 1477/7/910 1482/7/910 1483/7/910 1478/7/910
f 1478/7/911 1483/7/911 1484/7/911 1480/7/911
f 1479/7/912 1481/7/912 1482/7/912 1477/7/912
f 1485/7/908 1487/7/908 1488/7/908 1486/7/908
f 1490/7/185 1491/7/185 1492/7/185 1489/7/185
f 1488/7/913 1487/7/913 1489/7/913 1492/7/913
f 1485/7/914 1486/7/914 1491/7/914 1490/7/914
f 1486/7/915 1488/7/915 1492/7/915 1491/7/915
f 1487/7/916 1485/7/916 1490/7/916 1489/7/916
f 1493/7/908 1496/7/908 1501/7/908 1498/7/908
f 1495/7/908 1497/7/908 1502/7/908 1500/7/908
f 1496/7/908 1495/7/908 1500/7/908 1501/7/908
f 1497/7/908 1494/7/908 1499/7/908 1502/7/908
f 1503/7/908 1507/7/908 1509/7/908 1505/7/908
f 1504/7/908 1508/7/908 1510/7/908 1506/7/908
f 1505/7/908 1509/7/908 1508/7/908 1504/7/908
f 1506/7/908 1510/7/908 1499/7/908 1494/7/908
f 1512/7/185 1517/7/185 1516/7/185 1511/7/185
f 1514/7/185 1519/7/185 1518/7/185 1513/7/185
f 1511/7/185 1516/7/185 1519/7/185 1514/7/185
f 1513/7/185 1518/7/185 1520/7/185 1515/7/185
f 1522/7/185 1521/7/185 1525/7/185 1526/7/185
f 1524/7/185 1523/7/185 1527/7/185 1528/7/185
f 1521/7/185 1524/7/185 1528/7/185 1525/7/185
f 1502/7/917 1518/7/917 1519/7/917 1500/7/917
f 1523/7/185 1515/7/185 1520/7/185 1527/7/185
f 1505/7/918 1521/7/918 1522/7/918 1503/7/918
f 1500/7/919 1519/7/919 1516/7/919 1501/7/919
f 1506/7/920 1523/7/920 1524/7/920 1504/7/920
f 1499/7/921 1520/7/921 1518/7/921 1502/7/921
f 1493/7/922 1512/7/922 1511/7/922 1496/7/922
f 1504/7/923 1524/7/923 1521/7/923 1505/7/923
f 1503/7/924 1522/7/924 1526/7/924 1507/7/924
f 1495/7/925 1514/7/925 1513/7/925 1497/7/925
f 1507/7/926 1526/7/926 1525/7/926 1509/7/926
f 1494/7/927 1515/7/927 1523/7/927 1506/7/927
f 1496/7/928 1511/7/928 1514/7/928 1495/7/928
f 1508/7/929 1528/7/929 1527/7/929 1510/7/929
f 1497/7/930 1513/7/930 1515/7/930 1494/7/930
f 1509/7/931 1525/7/931 1528/7/931 1508/7/931
f 1501/7/932 1516/7/932 1517/7/932 1498/7/932
f 1510/7/933 1527/7/933 1520/7/933 1499/7/933
f 1498/7/934 1517/7/934 1512/7/934 1493/7/934
f 1529/7/908 1531/7/908 1532/7/908 1530/7/908
f 1534/7/185 1535/7/185 1536/7/185 1533/7/185
f 1532/7/935 1531/7/935 1533/7/935 1536/7/935
f 1529/7/936 1530/7/936 1535/7/936 1534/7/936
f 1530/7/937 1532/7/937 1536/7/937 1535/7/937
f 1531/7/938 1529/7/938 1534/7/938 1533/7/938
f 1544/7/939 1543/7/939 1540/7/939 1539/7/939
f 1545/7/940 1546/7/940 1542/7/940 1541/7/940
f 1541/7/941 1542/7/941 1543/7/941 1544/7/941
f 1557/7/942 1558/7/942 1546/7/942 1545/7/942
f 1553/7/943 1552/7/943 1551/7/943 1550/7/943
f 1547/7/944 1554/7/944 1556/7/944 1555/7/944
f 1554/7/945 1553/7/945 1550/7/945 1556/7/945
f 1559/7/946 1547/7/946 1555/7/946 1560/7/946
f 1562/7/935 1550/7/935 1551/7/935 1561/7/935
f 1561/7/947 1551/7/947 1552/7/947 1563/7/947
f 1565/7/936 1554/7/936 1547/7/936 1564/7/936
f 1572/7/936 1559/7/936 1548/7/948 1566/7/936
f 1567/7/935 1556/7/935 1550/7/935 1562/7/935
f 1568/7/936 1553/7/936 1554/7/936 1565/7/936
f 1571/7/935 1560/7/935 1555/7/935 1569/7/935
f 1566/7/949 1548/7/949 1549/7/949 1570/7/949
f 1563/7/936 1552/7/936 1553/7/936 1568/7/936
f 1569/7/935 1555/7/935 1556/7/935 1567/7/935
f 1570/7/935 1549/7/935 1560/7/935 1571/7/935
f 1564/7/936 1547/7/936 1559/7/936 1572/7/936
f 1548/7/950 1559/7/950 1560/7/950 1549/7/950
f 1537/7/951 1538/7/951 1558/7/951 1557/7/951
f 1545/7/936 1564/7/936 1572/7/936 1557/7/936
f 1538/7/935 1570/7/935 1571/7/935 1558/7/935
f 1546/7/935 1569/7/935 1567/7/935 1542/7/935
f 1539/7/936 1563/7/936 1568/7/936 1544/7/936
f 1537/7/949 1566/7/949 1570/7/949 1538/7/949
f 1558/7/935 1571/7/935 1569/7/935 1546/7/935
f 1544/7/936 1568/7/936 1565/7/936 1541/7/936
f 1542/7/935 1567/7/935 1562/7/935 1543/7/935
f 1557/7/936 1572/7/936 1566/7/936 1537/7/936
f 1541/7/936 1565/7/936 1564/7/936 1545/7/936
f 1540/7/952 1561/7/952 1563/7/952 1539/7/952
f 1543/7/935 1562/7/935 1561/7/935 1540/7/935
f 1573/7/908 1574/7/908 1576/7/908 1575/7/908
f 1578/7/185 1577/7/185 1580/7/185 1579/7/185
f 1576/7/953 1580/7/953 1577/7/953 1575/7/953
f 1573/7/954 1578/7/954 1579/7/954 1574/7/954
f 1574/7/955 1579/7/955 1580/7/955 1576/7/955
f 1575/7/956 1577/7/956 1578/7/956 1573/7/956
f 1588/7/957 1583/7/957 1584/7/957 1587/7/957
f 1589/7/958 1585/7/958 1586/7/958 1590/7/958
f 1585/7/959 1588/7/959 1587/7/959 1586/7/959
f 1601/7/960 1589/7/960 1590/7/960 1602/7/960
f 1597/7/961 1594/7/961 1595/7/961 1596/7/961
f 1591/7/962 1599/7/962 1600/7/962 1598/7/962
f 1598/7/963 1600/7/963 1594/7/963 1597/7/963
f 1603/7/964 1604/7/964 1599/7/964 1591/7/964
f 1606/7/953 1605/7/953 1595/7/953 1594/7/953
f 1605/7/965 1607/7/965 1596/7/965 1595/7/965
f 1609/7/954 1608/7/954 1591/7/954 1598/7/954
f 1616/7/954 1610/7/954 1592/7/966 1603/7/954
f 1611/7/953 1606/7/953 1594/7/953 1600/7/953
f 1612/7/954 1609/7/954 1598/7/954 1597/7/954
f 1615/7/953 1613/7/953 1599/7/953 1604/7/953
f 1610/7/967 1614/7/967 1593/7/967 1592/7/967
f 1607/7/954 1612/7/954 1597/7/954 1596/7/954
f 1613/7/953 1611/7/953 1600/7/953 1599/7/953
f 1614/7/953 1615/7/953 1604/7/953 1593/7/953
f 1608/7/954 1616/7/954 1603/7/954 1591/7/954
f 1592/7/968 1593/7/968 1604/7/968 1603/7/968
f 1581/7/969 1601/7/969 1602/7/969 1582/7/969
f 1589/7/954 1601/7/954 1616/7/954 1608/7/954
f 1582/7/953 1602/7/953 1615/7/953 1614/7/953
f 1590/7/953 1586/7/953 1611/7/953 1613/7/953
f 1583/7/954 1588/7/954 1612/7/954 1607/7/954
f 1581/7/967 1582/7/967 1614/7/967 1610/7/967
f 1602/7/953 1590/7/953 1613/7/953 1615/7/953
f 1588/7/954 1585/7/954 1609/7/954 1612/7/954
f 1586/7/953 1587/7/953 1606/7/953 1611/7/953
f 1601/7/954 1581/7/954 1610/7/954 1616/7/954
f 1585/7/954 1589/7/954 1608/7/954 1609/7/954
f 1584/7/970 1583/7/970 1607/7/970 1605/7/970
f 1587/7/953 1584/7/953 1605/7/953 1606/7/953
f 1618/7/971 1617/7/971 1622/7/971 1621/7/971 1620/7/971 1619/7/971
f 1623/7/972 1625/7/972 1626/7/972 1627/7/972 1628/7/972 1624/7/972
f 1617/7/973 1618/7/973 1623/7/973 1624/7/973
f 1622/7/974 1617/7/974 1624/7/974 1628/7/974
f 1620/7/975 1621/7/975 1627/7/975 1626/7/975
f 1618/7/976 1619/7/976 1625/7/976 1623/7/976
f 1621/7/977 1622/7/977 1628/7/977 1627/7/977
f 1619/7/978 1620/7/978 1626/7/978 1625/7/978
f 1630/7/979 1629/7/979 1634/7/979 1633/7/979 1632/7/979 1631/7/979
f 1635/7/972 1637/7/972 1638/7/972 1639/7/972 1640/7/972 1636/7/972
f 1629/7/980 1630/7/980 1635/7/980 1636/7/980
f 1634/7/974 1629/7/974 1636/7/974 1640/7/974
f 1632/7/981 1633/7/981 1639/7/981 1638/7/981
f 1630/7/982 1631/7/982 1637/7/982 1635/7/982
f 1633/7/983 1634/7/983 1640/7/983 1639/7/983
f 1631/7/978 1632/7/978 1638/7/978 1637/7/978
f 1642/7/984 1643/7/984 1644/7/984 1645/7/984 1646/7/984 1641/7/984
f 1647/7/985 1648/7/985 1652/7/985 1651/7/985 1650/7/985 1649/7/985
f 1641/7/986 1648/7/986 1647/7/986 1642/7/986
f 1646/7/987 1652/7/987 1648/7/987 1641/7/987
f 1644/7/988 1650/7/988 1651/7/988 1645/7/988
f 1642/7/989 1647/7/989 1649/7/989 1643/7/989
f 1645/7/990 1651/7/990 1652/7/990 1646/7/990
f 1643/7/991 1649/7/991 1650/7/991 1644/7/991
f 1654/7/992 1655/7/992 1656/7/992 1657/7/992 1658/7/992 1653/7/992
f 1659/7/993 1660/7/993 1664/7/993 1663/7/993 1662/7/993 1661/7/993
f 1653/7/994 1660/7/994 1659/7/994 1654/7/994
f 1658/7/995 1664/7/995 1660/7/995 1653/7/995
f 1656/7/996 1662/7/996 1663/7/996 1657/7/996
f 1654/7/997 1659/7/997 1661/7/997 1655/7/997
f 1657/7/990 1663/7/990 1664/7/990 1658/7/990
f 1655/7/998 1661/7/998 1662/7/998 1656/7/998
f 1671/12/85 1673/12/85 1674/12/85 1675/12/85 1676/12/85 1672/12/85
f 1671/7/85 1672/7/85 1665/7/85 1666/7/85
f 1673/7/85 1671/7/85 1666/7/85 1667/7/85
f 1674/7/85 1673/7/85 1667/7/85 1668/7/85
f 1675/7/85 1674/7/85 1668/7/85 1669/7/85
f 1676/7/85 1675/7/85 1669/7/85 1670/7/85
f 1672/7/85 1676/7/85 1670/7/85 1665/7/85
f 1665/7/999 1670/7/999 1682/7/999 1677/7/999
f 1669/7/1000 1668/7/1000 1680/7/1000 1681/7/1000
f 1667/7/908 1666/7/908 1678/7/908 1679/7/908
f 1670/7/185 1669/7/185 1681/7/185 1682/7/185
f 1668/7/1001 1667/7/1001 1679/7/1001 1680/7/1001
f 1666/7/1002 1665/7/1002 1677/7/1002 1678/7/1002
f 1689/12/85 1690/12/85 1694/12/85 1693/12/85 1692/12/85 1691/12/85
f 1689/7/85 1684/7/85 1683/7/85 1690/7/85
f 1691/7/85 1685/7/85 1684/7/85 1689/7/85
f 1692/7/85 1686/7/85 1685/7/85 1691/7/85
f 1693/7/85 1687/7/85 1686/7/85 1692/7/85
f 1694/7/85 1688/7/85 1687/7/85 1693/7/85
f 1690/7/85 1683/7/85 1688/7/85 1694/7/85
f 1683/7/1003 1695/7/1003 1700/7/1003 1688/7/1003
f 1687/7/999 1699/7/999 1698/7/999 1686/7/999
f 1685/7/908 1697/7/908 1696/7/908 1684/7/908
f 1688/7/185 1700/7/185 1699/7/185 1687/7/185
f 1686/7/1002 1698/7/1002 1697/7/1002 1685/7/1002
f 1684/7/1001 1696/7/1001 1695/7/1001 1683/7/1001
f 1701/7/1004 1707/7/1004 1712/7/1004 1706/7/1004
f 1702/7/1005 1708/7/1005 1707/7/1005 1701/7/1005
f 1703/7/1006 1709/7/1006 1708/7/1006 1702/7/1006
f 1704/7/1007 1710/7/1007 1709/7/1007 1703/7/1007
f 1705/7/1008 1711/7/1008 1710/7/1008 1704/7/1008
f 1706/7/1009 1712/7/1009 1711/7/1009 1705/7/1009
f 1707/7/1010 1713/7/1010 1718/7/1010 1712/7/1010
f 1708/7/1011 1714/7/1011 1713/7/1011 1707/7/1011
f 1709/7/1012 1715/7/1012 1714/7/1012 1708/7/1012
f 1710/7/1013 1716/7/1013 1715/7/1013 1709/7/1013
f 1711/7/1014 1717/7/1014 1716/7/1014 1710/7/1014
f 1712/7/1015 1718/7/1015 1717/7/1015 1711/7/1015
f 1713/7/1016 1719/7/1016 1724/7/1016 1718/7/1016
f 1714/7/1017 1720/7/1017 1719/7/1017 1713/7/1017
f 1715/7/1018 1721/7/1018 1720/7/1018 1714/7/1018
f 1716/7/1019 1722/7/1019 1721/7/1019 1715/7/1019
f 1717/7/1020 1723/7/1020 1722/7/1020 1716/7/1020
f 1718/7/1021 1724/7/1021 1723/7/1021 1717/7/1021
f 1719/7/1022 1725/7/1022 1730/7/1022 1724/7/1022
f 1720/7/1023 1726/7/1023 1725/7/1023 1719/7/1023
f 1721/7/1024 1727/7/1024 1726/7/1024 1720/7/1024
f 1722/7/1025 1728/7/1025 1727/7/1025 1721/7/1025
f 1723/7/1026 1729/7/1026 1728/7/1026 1722/7/1026
f 1724/7/1027 1730/7/1027 1729/7/1027 1723/7/1027
f 1725/7/1028 1731/7/1028 1736/7/1028 1730/7/1028
f 1726/7/1029 1732/7/1029 1731/7/1029 1725/7/1029
f 1727/7/1030 1733/7/1030 1732/7/1030 1726/7/1030
f 1728/7/1031 1734/7/1031 1733/7/1031 1727/7/1031
f 1729/7/1032 1735/7/1032 1734/7/1032 1728/7/1032
f 1730/7/1033 1736/7/1033 1735/7/1033 1729/7/1033
f 1731/7/1034 1737/7/1034 1742/7/1034 1736/7/1034
f 1732/7/1035 1738/7/1035 1737/7/1035 1731/7/1035
f 1733/7/1036 1739/7/1036 1738/7/1036 1732/7/1036
f 1734/7/1037 1740/7/1037 1739/7/1037 1733/7/1037
f 1735/7/1038 1741/7/1038 1740/7/1038 1734/7/1038
f 1736/7/1039 1742/7/1039 1741/7/1039 1735/7/1039
f 1737/7/1040 1743/7/1040 1748/7/1040 1742/7/1040
f 1738/7/1041 1744/7/1041 1743/7/1041 1737/7/1041
f 1739/7/1042 1745/7/1042 1744/7/1042 1738/7/1042
f 1740/7/1043 1746/7/1043 1745/7/1043 1739/7/1043
f 1741/7/1044 1747/7/1044 1746/7/1044 1740/7/1044
f 1742/7/1045 1748/7/1045 1747/7/1045 1741/7/1045
f 1743/7/1046 1749/7/1046 1754/7/1046 1748/7/1046
f 1744/7/1047 1750/7/1047 1749/7/1047 1743/7/1047
f 1745/7/1048 1751/7/1048 1750/7/1048 1744/7/1048
f 1746/7/1049 1752/7/1049 1751/7/1049 1745/7/1049
f 1747/7/1050 1753/7/1050 1752/7/1050 1746/7/1050
f 1748/7/1051 1754/7/1051 1753/7/1051 1747/7/1051
f 1749/7/1052 1755/7/1052 1760/7/1052 1754/7/1052
f 1750/7/1053 1756/7/1053 1755/7/1053 1749/7/1053
f 1751/7/1054 1757/7/1054 1756/7/1054 1750/7/1054
f 1752/7/1055 1758/7/1055 1757/7/1055 1751/7/1055
f 1753/7/1056 1759/7/1056 1758/7/1056 1752/7/1056
f 1754/7/1057 1760/7/1057 1759/7/1057 1753/7/1057
f 1755/7/1058 1761/7/1058 1766/7/1058 1760/7/1058
f 1756/7/1059 1762/7/1059 1761/7/1059 1755/7/1059
f 1757/7/1060 1763/7/1060 1762/7/1060 1756/7/1060
f 1758/7/1061 1764/7/1061 1763/7/1061 1757/7/1061
f 1759/7/1062 1765/7/1062 1764/7/1062 1758/7/1062
f 1760/7/1063 1766/7/1063 1765/7/1063 1759/7/1063
f 1761/7/1064 1767/7/1064 1772/7/1064 1766/7/1064
f 1762/7/1065 1768/7/1065 1767/7/1065 1761/7/1065
f 1763/7/1066 1769/7/1066 1768/7/1066 1762/7/1066
f 1764/7/1067 1770/7/1067 1769/7/1067 1763/7/1067
f 1765/7/1068 1771/7/1068 1770/7/1068 1764/7/1068
f 1766/7/1069 1772/7/1069 1771/7/1069 1765/7/1069
f 1773/7/1070 1778/7/1070 1784/7/1070 1779/7/1070
f 1774/7/1071 1773/7/1071 1779/7/1071 1780/7/1071
f 1775/7/1072 1774/7/1072 1780/7/1072 1781/7/1072
f 1776/7/1073 1775/7/1073 1781/7/1073 1782/7/1073
f 1777/7/1074 1776/7/1074 1782/7/1074 1783/7/1074
f 1778/7/1075 1777/7/1075 1783/7/1075 1784/7/1075
f 1779/7/1076 1784/7/1076 1790/7/1076 1785/7/1076
f 1780/7/1077 1779/7/1077 1785/7/1077 1786/7/1077
f 1781/7/1078 1780/7/1078 1786/7/1078 1787/7/1078
f 1782/7/1079 1781/7/1079 1787/7/1079 1788/7/1079
f 1783/7/1080 1782/7/1080 1788/7/1080 1789/7/1080
f 1784/7/1081 1783/7/1081 1789/7/1081 1790/7/1081
f 1785/7/1082 1790/7/1082 1796/7/1082 1791/7/1082
f 1786/7/1083 1785/7/1083 1791/7/1083 1792/7/1083
f 1787/7/1084 1786/7/1084 1792/7/1084 1793/7/1084
f 1788/7/1085 1787/7/1085 1793/7/1085 1794/7/1085
f 1789/7/1086 1788/7/1086 1794/7/1086 1795/7/1086
f 1790/7/1087 1789/7/1087 1795/7/1087 1796/7/1087
f 1791/7/1088 1796/7/1088 1802/7/1088 1797/7/1088
f 1792/7/1089 1791/7/1089 1797/7/1089 1798/7/1089
f 1793/7/1090 1792/7/1090 1798/7/1090 1799/7/1090
f 1794/7/1091 1793/7/1091 1799/7/1091 1800/7/1091
f 1795/7/1092 1794/7/1092 1800/7/1092 1801/7/1092
f 1796/7/1093 1795/7/1093 1801/7/1093 1802/7/1093
f 1797/7/1094 1802/7/1094 1808/7/1094 1803/7/1094
f 1798/7/1095 1797/7/1095 1803/7/1095 1804/7/1095
f 1799/7/1096 1798/7/1096 1804/7/1096 1805/7/1096
f 1800/7/1097 1799/7/1097 1805/7/1097 1806/7/1097
f 1801/7/1098 1800/7/1098 1806/7/1098 1807/7/1098
f 1802/7/1099 1801/7/1099 1807/7/1099 1808/7/1099
f 1803/7/1100 1808/7/1100 1814/7/1100 1809/7/1100
f 1804/7/1101 1803/7/1101 1809/7/1101 1810/7/1101
f 1805/7/1102 1804/7/1102 1810/7/1102 1811/7/1102
f 1806/7/1103 1805/7/1103 1811/7/1103 1812/7/1103
f 1807/7/1104 1806/7/1104 1812/7/1104 1813/7/1104
f 1808/7/1105 1807/7/1105 1813/7/1105 1814/7/1105
f 1809/7/1106 1814/7/1106 1820/7/1106 1815/7/1106
f 1810/7/1107 1809/7/1107 1815/7/1107 1816/7/1107
f 1811/7/1108 1810/7/1108 1816/7/1108 1817/7/1108
f 1812/7/1109 1811/7/1109 1817/7/1109 1818/7/1109
f 1813/7/1110 1812/7/1110 1818/7/1110 1819/7/1110
f 1814/7/1111 1813/7/1111 1819/7/1111 1820/7/1111
f 1815/7/1112 1820/7/1112 1826/7/1112 1821/7/1112
f 1816/7/1113 1815/7/1113 1821/7/1113 1822/7/1113
f 1817/7/1114 1816/7/1114 1822/7/1114 1823/7/1114
f 1818/7/1115 1817/7/1115 1823/7/1115 1824/7/1115
f 1819/7/1116 1818/7/1116 1824/7/1116 1825/7/1116
f 1820/7/1117 1819/7/1117 1825/7/1117 1826/7/1117
f 1821/7/1118 1826/7/1118 1832/7/1118 1827/7/1118
f 1822/7/1119 1821/7/1119 1827/7/1119 1828/7/1119
f 1823/7/1120 1822/7/1120 1828/7/1120 1829/7/1120
f 1824/7/1121 1823/7/1121 1829/7/1121 1830/7/1121
f 1825/7/1122 1824/7/1122 1830/7/1122 1831/7/1122
f 1826/7/1123 1825/7/1123 1831/7/1123 1832/7/1123
f 1827/7/1124 1832/7/1124 1838/7/1124 1833/7/1124
f 1828/7/1125 1827/7/1125 1833/7/1125 1834/7/1125
f 1829/7/1126 1828/7/1126 1834/7/1126 1835/7/1126
f 1830/7/1127 1829/7/1127 1835/7/1127 1836/7/1127
f 1831/7/1128 1830/7/1128 1836/7/1128 1837/7/1128
f 1832/7/1129 1831/7/1129 1837/7/1129 1838/7/1129
f 1833/7/1130 1838/7/1130 1844/7/1130 1839/7/1130
f 1834/7/1131 1833/7/1131 1839/7/1131 1840/7/1131
f 1835/7/1132 1834/7/1132 1840/7/1132 1841/7/1132
f 1836/7/1133 1835/7/1133 1841/7/1133 1842/7/1133
f 1837/7/1134 1836/7/1134 1842/7/1134 1843/7/1134
f 1838/7/1135 1837/7/1135 1843/7/1135 1844/7/1135
f 1860/13/1136 1864/13/1136 1850/13/1136 1845/13/1136
f 1846/13/1137 1848/13/1137 1854/13/1137 1851/13/1137
f 1852/13/1138 1855/13/1138 1856/13/1138 1853/13/1138
f 1847/13/1139 1849/13/1139 1861/13/1139 1857/13/1139
f 1858/13/1140 1862/13/1140 1863/13/1140 1859/13/1140
f 1865/13/1141 1867/13/1141 1868/13/1141 1866/13/1141
f 1884/13/1142 1869/13/1142 1874/13/1142 1888/13/1142
f 1870/13/1143 1875/13/1143 1878/13/1143 1872/13/1143
f 1876/13/1144 1877/13/1144 1880/13/1144 1879/13/1144
f 1871/13/1145 1881/13/1145 1885/13/1145 1873/13/1145
f 1882/13/1146 1883/13/1146 1887/13/1146 1886/13/1146
f 1889/13/1147 1890/13/1147 1892/13/1147 1891/13/1147
f 1896/7/85 1894/7/85 1914/7/85 1915/7/85
f 1899/7/1148 1897/7/1148 1898/7/1148 1900/7/1148
f 1893/7/1149 1899/7/1149 1900/7/1149 1895/7/1149
f 1911/7/185 1903/7/185 1918/7/185 1917/7/185
f 1907/7/1150 1908/7/1150 1905/7/1150 1906/7/1150
f 1902/7/1151 1901/7/1151 1908/7/1151 1907/7/1151
f 1909/7/185 1894/7/185 1903/7/185 1911/7/185
f 1895/7/908 1900/7/908 1908/7/908 1901/7/908
f 1900/7/1152 1898/7/1152 1905/7/1152 1908/7/1152
f 1898/7/1153 1897/7/1153 1906/7/1153 1905/7/1153
f 1894/7/1154 1896/7/1154 1904/7/1154 1903/7/1154
f 1897/7/1155 1899/7/1155 1907/7/1155 1906/7/1155
f 1899/7/185 1893/7/185 1902/7/185 1907/7/185
f 1910/7/908 1895/7/908 1901/7/908 1912/7/908
f 1896/7/908 1910/7/908 1912/7/908 1904/7/908
f 1893/7/185 1909/7/185 1911/7/185 1902/7/185
f 1902/7/88 1911/7/88 1912/7/88 1901/7/88
f 1893/7/168 1895/7/168 1910/7/168 1909/7/168
f 1913/7/168 1916/7/168 1915/7/168 1914/7/168
f 1909/7/260 1910/7/260 1916/7/260 1913/7/260
f 1910/7/908 1896/7/908 1915/7/908 1916/7/908
f 1894/7/185 1909/7/185 1913/7/185 1914/7/185
f 1917/7/88 1918/7/88 1919/7/88 1920/7/88
f 1904/7/908 1912/7/908 1920/7/908 1919/7/908
f 1903/7/85 1904/7/85 1919/7/85 1918/7/85
f 1912/7/260 1911/7/260 1917/7/260 1920/7/260
f 1924/7/85 1943/7/85 1942/7/85 1922/7/85
f 1927/7/1156 1928/7/1156 1926/7/1156 1925/7/1156
f 1921/7/1157 1923/7/1157 1928/7/1157 1927/7/1157
f 1939/7/185 1945/7/185 1946/7/185 1931/7/185
f 1935/7/1158 1934/7/1158 1933/7/1158 1936/7/1158
f 1930/7/1159 1935/7/1159 1936/7/1159 1929/7/1159
f 1937/7/185 1939/7/185 1931/7/185 1922/7/185
f 1923/7/908 1929/7/908 1936/7/908 1928/7/908
f 1928/7/1160 1936/7/1160 1933/7/1160 1926/7/1160
f 1926/7/1161 1933/7/1161 1934/7/1161 1925/7/1161
f 1922/7/1162 1931/7/1162 1932/7/1162 1924/7/1162
f 1925/7/1163 1934/7/1163 1935/7/1163 1927/7/1163
f 1927/7/185 1935/7/185 1930/7/185 1921/7/185
f 1938/7/908 1940/7/908 1929/7/908 1923/7/908
f 1924/7/908 1932/7/908 1940/7/908 1938/7/908
f 1921/7/185 1930/7/185 1939/7/185 1937/7/185
f 1930/7/168 1929/7/168 1940/7/168 1939/7/168
f 1921/7/88 1937/7/88 1938/7/88 1923/7/88
f 1941/7/88 1942/7/88 1943/7/88 1944/7/88
f 1937/7/260 1941/7/260 1944/7/260 1938/7/260
f 1938/7/908 1944/7/908 1943/7/908 1924/7/908
f 1922/7/185 1942/7/185 1941/7/185 1937/7/185
f 1945/7/168 1948/7/168 1947/7/168 1946/7/168
f 1932/7/908 1947/7/908 1948/7/908 1940/7/908
f 1931/7/85 1946/7/85 1947/7/85 1932/7/85
f 1940/7/260 1948/7/260 1945/7/260 1939/7/260
f 1953/7/260 1954/7/260 1960/7/260 1959/7/260
f 1951/7/1164 1952/7/1164 1958/7/1164 1957/7/1164
f 1949/7/1165 1950/7/1165 1956/7/1165 1955/7/1165
f 1954/7/1166 1949/7/1166 1955/7/1166 1960/7/1166
f 1952/7/1167 1953/7/1167 1959/7/1167 1958/7/1167
f 1950/7/85 1951/7/85 1957/7/85 1956/7/85
f 1960/7/908 1955/7/908 1961/7/908 1966/7/908
f 1958/7/908 1959/7/908 1965/7/908 1964/7/908
f 1956/7/908 1957/7/908 1963/7/908 1962/7/908
f 1959/7/908 1960/7/908 1966/7/908 1965/7/908
f 1957/7/908 1958/7/908 1964/7/908 1963/7/908
f 1955/7/908 1956/7/908 1962/7/908 1961/7/908
s 0
f 1965/7/260 1966/7/260 1972/7/260 1971/7/260
f 1963/7/260 1964/7/260 1970/7/1168 1969/7/260
f 1961/7/1168 1962/7/260 1968/7/260 1967/7/260
f 1966/7/260 1961/7/260 1967/7/1169 1972/7/260
f 1964/7/1169 1965/7/260 1971/7/260 1970/7/260
f 1962/7/260 1963/7/260 1969/7/260 1968/7/260
s 1
f 1972/7/1169 1967/7/1169 1973/7/1169 1978/7/1169
f 1970/7/1167 1971/7/1167 1977/7/1167 1976/7/1167
f 1968/7/85 1969/7/85 1975/7/85 1974/7/85
f 1971/7/260 1972/7/260 1978/7/260 1977/7/260
f 1969/7/1170 1970/7/1170 1976/7/1170 1975/7/1170
f 1967/7/1165 1968/7/1165 1974/7/1165 1973/7/1165
f 1977/7/908 1978/7/908 1984/7/908 1983/7/908
f 1975/7/908 1976/7/908 1982/7/908 1981/7/908
f 1973/7/908 1974/7/908 1980/7/908 1979/7/908
f 1978/7/908 1973/7/908 1979/7/908 1984/7/908
f 1976/7/908 1977/7/908 1983/7/908 1982/7/908
f 1974/7/908 1975/7/908 1981/7/908 1980/7/908
f 1984/7/1171 1979/7/1171 1985/7/1171 1990/7/1171
f 1982/7/1172 1983/7/1172 1989/7/1172 1988/7/1172
f 1980/7/85 1981/7/85 1987/7/85 1986/7/85
f 1983/7/260 1984/7/260 1990/7/260 1989/7/260
f 1981/7/1170 1982/7/1170 1988/7/1170 1987/7/1170
f 1979/7/1165 1980/7/1165 1986/7/1165 1985/7/1165
f 1986/7/908 1987/7/908 1988/7/908 1989/7/908 1990/7/908 1985/7/908
f 1991/7/1173 1997/7/1173 2002/7/1173 1996/7/1173
f 1992/7/908 1998/7/1174 1997/7/1174 1991/7/908
f 1993/7/1175 1999/7/1175 1998/7/1175 1992/7/1175
f 1994/7/1176 2000/7/1176 1999/7/1176 1993/7/1176
f 1995/7/185 2001/7/1177 2000/7/1177 1994/7/185
f 1996/7/1178 2002/7/1178 2001/7/1178 1995/7/1178
f 1997/7/1179 2003/7/1179 2008/7/1179 2002/7/1179
f 1998/7/1174 2004/7/1180 2003/7/1180 1997/7/1174
f 1999/7/1181 2005/7/1181 2004/7/1181 1998/7/1181
f 2000/7/1182 2006/7/1182 2005/7/1182 1999/7/1182
f 2001/7/1177 2007/7/1183 2006/7/1183 2000/7/1177
f 2002/7/1184 2008/7/1184 2007/7/1184 2001/7/1184
f 2003/7/1185 2009/7/1185 2014/7/1185 2008/7/1185
f 2004/7/1180 2010/7/1186 2009/7/1186 2003/7/1180
f 2005/7/1187 2011/7/1187 2010/7/1187 2004/7/1187
f 2006/7/1188 2012/7/1188 2011/7/1188 2005/7/1188
f 2007/7/1183 2013/7/1189 2012/7/1189 2006/7/1183
f 2008/7/1190 2014/7/1190 2013/7/1190 2007/7/1190
f 2009/7/1191 2015/7/1191 2020/7/1191 2014/7/1191
f 2010/7/1192 2016/7/1192 2015/7/1192 2009/7/1192
f 2011/7/1193 2017/7/1193 2016/7/1193 2010/7/1193
f 2012/7/1194 2018/7/1194 2017/7/1194 2011/7/1194
f 2013/7/1195 2019/7/1195 2018/7/1195 2012/7/1195
f 2014/7/1196 2020/7/1196 2019/7/1196 2013/7/1196
f 2015/7/1197 2021/7/1197 2026/7/1197 2020/7/1197
f 2016/7/1198 2022/7/1198 2021/7/1198 2015/7/1198
f 2017/7/1199 2023/7/1199 2022/7/1199 2016/7/1199
f 2018/7/1200 2024/7/1200 2023/7/1200 2017/7/1200
f 2019/7/1201 2025/7/1201 2024/7/1201 2018/7/1201
f 2020/7/1202 2026/7/1202 2025/7/1202 2019/7/1202
f 2021/7/1203 2027/7/1203 2032/7/1203 2026/7/1203
f 2022/7/1204 2028/7/1204 2027/7/1204 2021/7/1204
f 2023/7/1205 2029/7/1205 2028/7/1205 2022/7/1205
f 2024/7/1206 2030/7/1206 2029/7/1206 2023/7/1206
f 2025/7/1207 2031/7/1207 2030/7/1207 2024/7/1207
f 2026/7/1208 2032/7/1208 2031/7/1208 2025/7/1208
f 2027/7/1209 2033/7/1209 2038/7/1209 2032/7/1209
f 2028/7/1210 2034/7/1210 2033/7/1210 2027/7/1210
f 2029/7/1211 2035/7/1211 2034/7/1211 2028/7/1211
f 2030/7/1212 2036/7/1212 2035/7/1212 2029/7/1212
f 2031/7/1213 2037/7/1213 2036/7/1213 2030/7/1213
f 2032/7/1214 2038/7/1214 2037/7/1214 2031/7/1214
f 2033/7/1215 2039/7/1215 2044/7/1215 2038/7/1215
f 2034/7/1216 2040/7/1216 2039/7/1216 2033/7/1216
f 2035/7/1217 2041/7/1217 2040/7/1217 2034/7/1217
f 2036/7/1218 2042/7/1218 2041/7/1218 2035/7/1218
f 2037/7/1219 2043/7/1219 2042/7/1219 2036/7/1219
f 2038/7/1220 2044/7/1220 2043/7/1220 2037/7/1220
f 1991/7/1221 2046/7/1221 2052/7/1221 2047/7/1221
f 1992/7/908 1991/7/908 2047/7/1222 2048/7/1222
f 2045/7/1223 1992/7/1223 2048/7/1223 2049/7/1223
f 1994/7/1224 2045/7/1224 2049/7/1224 2050/7/1224
f 1995/7/185 1994/7/185 2050/7/1225 2051/7/1225
f 2046/7/1226 1995/7/1226 2051/7/1226 2052/7/1226
f 2047/7/1227 2052/7/1227 2058/7/1227 2053/7/1227
f 2048/7/1222 2047/7/1222 2053/7/1228 2054/7/1228
f 2049/7/1229 2048/7/1229 2054/7/1229 2055/7/1229
f 2050/7/1230 2049/7/1230 2055/7/1230 2056/7/1230
f 2051/7/1225 2050/7/1225 2056/7/1231 2057/7/1231
f 2052/7/1232 2051/7/1232 2057/7/1232 2058/7/1232
f 2053/7/1233 2058/7/1233 2064/7/1233 2059/7/1233
f 2054/7/1228 2053/7/1228 2059/7/1234 2060/7/1234
f 2055/7/1235 2054/7/1235 2060/7/1235 2061/7/1235
f 2056/7/1236 2055/7/1236 2061/7/1236 2062/7/1236
f 2057/7/1231 2056/7/1231 2062/7/1237 2063/7/1237
f 2058/7/1238 2057/7/1238 2063/7/1238 2064/7/1238
f 2059/7/1239 2064/7/1239 2070/7/1239 2065/7/1239
f 2060/7/1240 2059/7/1240 2065/7/1240 2066/7/1240
f 2061/7/1241 2060/7/1241 2066/7/1241 2067/7/1241
f 2062/7/1242 2061/7/1242 2067/7/1242 2068/7/1242
f 2063/7/1243 2062/7/1243 2068/7/1243 2069/7/1243
f 2064/7/1244 2063/7/1244 2069/7/1244 2070/7/1244
f 2065/7/1245 2070/7/1245 2076/7/1245 2071/7/1245
f 2066/7/1246 2065/7/1246 2071/7/1246 2072/7/1246
f 2067/7/1247 2066/7/1247 2072/7/1247 2073/7/1247
f 2068/7/1248 2067/7/1248 2073/7/1248 2074/7/1248
f 2069/7/1249 2068/7/1249 2074/7/1249 2075/7/1249
f 2070/7/1250 2069/7/1250 2075/7/1250 2076/7/1250
f 2071/7/1251 2076/7/1251 2082/7/1251 2077/7/1251
f 2072/7/1252 2071/7/1252 2077/7/1252 2078/7/1252
f 2073/7/1253 2072/7/1253 2078/7/1253 2079/7/1253
f 2074/7/1254 2073/7/1254 2079/7/1254 2080/7/1254
f 2075/7/1255 2074/7/1255 2080/7/1255 2081/7/1255
f 2076/7/1256 2075/7/1256 2081/7/1256 2082/7/1256
f 2077/7/1257 2082/7/1257 2088/7/1257 2083/7/1257
f 2078/7/1258 2077/7/1258 2083/7/1258 2084/7/1258
f 2079/7/1259 2078/7/1259 2084/7/1259 2085/7/1259
f 2080/7/1260 2079/7/1260 2085/7/1260 2086/7/1260
f 2081/7/1261 2080/7/1261 2086/7/1261 2087/7/1261
f 2082/7/1262 2081/7/1262 2087/7/1262 2088/7/1262
f 2083/7/1263 2088/7/1263 2094/7/1263 2089/7/1263
f 2084/7/1264 2083/7/1264 2089/7/1264 2090/7/1264
f 2085/7/1265 2084/7/1265 2090/7/1265 2091/7/1265
f 2086/7/1266 2085/7/1266 2091/7/1266 2092/7/1266
f 2087/7/1267 2086/7/1267 2092/7/1267 2093/7/1267
f 2088/7/1268 2087/7/1268 2093/7/1268 2094/7/1268
f 623/10/88 620/10/88 627/10/88
f 625/10/168 621/10/168 629/10/168
f 622/10/168 624/10/168 628/10/168
f 619/10/88 626/10/88 630/10/88
f 630/10/908 627/10/908 628/10/908 629/10/908
usemtl blackGlass.002
f 113/10/1269 114/10/1270 70/10/1271 64/10/1272
f 64/10/1272 70/10/1271 69/10/1273 385/10/1274
f 122/10/1275 123/10/1276 72/10/1277 66/10/1278
f 65/10/1279 71/10/1280 114/10/1270 113/10/1269
f 124/10/1281 125/10/1282 68/10/1283 96/10/1284
f 124/10/1281 126/10/1285 70/10/1271 114/10/1270
f 123/10/1276 126/10/1285 67/10/1286 72/10/1277
f 69/10/1273 70/10/1271 126/10/1285 123/10/1276
f 96/10/1284 67/10/1286 126/10/1285 124/10/1281
f 114/10/1270 71/10/1280 125/10/1282 124/10/1281
f 385/10/1274 69/10/1273 123/10/1276 122/10/1275
f 136/14/1287 137/14/1288 411/14/1289 408/14/1290
f 131/14/1291 136/14/1287 408/14/1290 409/14/1292
f 128/14/1293 129/14/1294 136/14/1287 131/14/1291
f 129/14/1294 406/14/1295 137/14/1288 136/14/1287
f 138/10/1296 139/10/1297 412/10/1298 130/10/1299
f 139/10/1297 133/10/1300 410/10/1301 412/10/1298
f 130/10/1299 405/10/1302 134/10/1303 138/10/1296
f 127/10/1304 132/10/1305 133/10/1300 139/10/1297
f 407/10/1306 127/10/1304 139/10/1297 138/10/1296
f 134/10/1303 135/10/1307 407/10/1306 138/10/1296
f 140/10/1308 413/10/1309 416/10/1310 141/10/1311
f 413/10/1309 414/10/1312 415/10/1312 416/10/1310
f 143/10/1313 140/10/1308 141/10/1311 142/10/1313
f 274/10/1314 228/10/1315 232/10/1316 275/10/1317
f 228/10/1315 503/10/1318 231/10/1319 232/10/1316
f 283/10/1320 229/10/1321 233/10/1322 284/10/1323
f 65/10/1279 274/10/1314 275/10/1317 71/10/1280
f 285/10/1324 257/10/1325 68/10/1283 125/10/1282
f 285/10/1324 275/10/1317 232/10/1316 286/10/1326
f 284/10/1323 233/10/1322 230/10/1327 286/10/1326
f 231/10/1319 284/10/1323 286/10/1326 232/10/1316
f 257/10/1325 285/10/1324 286/10/1326 230/10/1327
f 275/10/1317 285/10/1324 125/10/1282 71/10/1280
f 503/10/1318 283/10/1320 284/10/1323 231/10/1319
f 296/14/1328 526/14/1329 529/14/1330 297/14/1331
f 291/14/1332 527/14/1333 526/14/1329 296/14/1328
f 288/14/1334 291/14/1332 296/14/1328 289/14/1335
f 289/14/1335 296/14/1328 297/14/1331 524/14/1336
f 298/10/1337 290/10/1338 530/10/1339 299/10/1340
f 299/10/1340 530/10/1339 528/10/1341 293/10/1342
f 290/10/1338 298/10/1337 294/10/1343 523/10/1344
f 287/10/1345 299/10/1340 293/10/1342 292/10/1346
f 525/10/1347 298/10/1337 299/10/1340 287/10/1345
f 294/10/1343 298/10/1337 525/10/1347 295/10/1348
f 300/10/1349 301/10/1350 534/10/1351 531/10/1352
f 531/10/1352 534/10/1351 533/10/1353 532/10/1353
f 143/10/1313 142/10/1313 301/10/1350 300/10/1349
usemtl gradientEmmisive.002
f 401/15/1354 91/15/1355 103/15/1356 104/15/1357
f 99/15/1358 97/15/1359 105/15/1360 107/15/1361
f 90/15/1362 89/15/1363 101/15/1364 102/15/1365
f 88/15/1366 87/15/1367 99/15/1358 100/15/1368
f 399/15/1369 400/15/1370 98/15/1371 97/15/1359
f 400/15/1370 401/15/1354 104/15/1357 98/15/1371
f 91/15/1355 90/15/1362 102/15/1365 103/15/1356
f 89/15/1363 88/15/1366 100/15/1368 101/15/1364
f 87/15/1367 399/15/1369 97/15/1359 99/15/1358
f 105/15/1360 106/15/1372 112/15/1373 111/15/1374 110/15/1375 109/15/1376 108/15/1377 107/15/1361
f 104/15/1357 103/15/1356 111/15/1374 112/15/1373
f 102/15/1365 101/15/1364 109/15/1376 110/15/1375
f 100/15/1368 99/15/1358 107/15/1361 108/15/1377
f 97/15/1359 98/15/1371 106/15/1372 105/15/1360
f 98/15/1371 104/15/1357 112/15/1373 106/15/1372
f 103/15/1356 102/15/1365 110/15/1375 111/15/1374
f 101/15/1364 100/15/1368 108/15/1377 109/15/1376
f 453/8/1378 462/8/1378 196/8/1378 188/8/1378
f 188/8/1379 196/8/1379 203/8/1379 195/8/1379
f 194/8/1380 467/8/1380 201/8/1380 456/8/1380
f 192/8/1381 200/8/1381 465/8/1381 455/8/1381
f 454/8/1382 459/8/1382 463/8/1382 189/8/1382
f 458/8/1383 466/8/1383 202/8/1383 457/8/1383
f 193/8/1384 468/8/1384 200/8/1384 192/8/1384
f 191/8/1385 464/8/1385 460/8/1385 190/8/1385
f 466/8/1386 481/8/1386 480/8/1386 202/8/1386
f 468/8/1387 477/8/1387 476/8/1387 200/8/1387
f 199/8/1388 474/8/1388 473/8/1388 461/8/1388
f 462/8/1389 469/8/1389 471/8/1389 196/8/1389
f 196/8/1390 471/8/1390 482/8/1390 203/8/1390
f 467/8/1391 479/8/1391 478/8/1391 201/8/1391
f 200/8/1392 476/8/1392 475/8/1392 465/8/1392
f 198/8/1393 472/8/1393 470/8/1393 197/8/1393
f 205/8/1394 206/8/1394 207/8/1394 208/8/1394 209/8/1394 210/8/1394 211/8/1394 204/8/1394
f 519/15/1369 265/15/1359 264/15/1358 252/15/1367
f 260/15/1356 268/15/1374 266/15/1373 258/15/1357
f 251/15/1366 263/15/1368 262/15/1364 250/15/1363
f 249/15/1395 261/15/1365 260/15/1356 248/15/1355
f 517/15/1354 258/15/1357 259/15/1371 518/15/1370
f 518/15/1370 259/15/1371 265/15/1359 519/15/1369
f 252/15/1367 264/15/1358 263/15/1368 251/15/1366
f 250/15/1363 262/15/1364 261/15/1365 249/15/1395
f 248/15/1355 260/15/1356 258/15/1357 517/15/1354
f 266/15/1373 268/15/1374 269/15/1375 270/15/1376 271/15/1377 272/15/1361 273/15/1360 267/15/1372
f 265/15/1359 273/15/1360 272/15/1361 264/15/1358
f 263/15/1368 271/15/1377 270/15/1376 262/15/1364
f 261/15/1365 269/15/1375 268/15/1374 260/15/1356
f 258/15/1357 266/15/1373 267/15/1372 259/15/1371
f 259/15/1371 267/15/1372 273/15/1360 265/15/1359
f 264/15/1358 272/15/1361 271/15/1377 263/15/1368
f 262/15/1364 270/15/1376 269/15/1375 261/15/1365
f 571/8/1396 346/8/1396 354/8/1396 580/8/1396
f 346/8/1397 353/8/1397 361/8/1397 354/8/1397
f 352/8/1398 574/8/1398 359/8/1398 585/8/1398
f 350/8/1399 573/8/1399 583/8/1399 358/8/1399
f 572/8/1400 347/8/1400 581/8/1400 577/8/1400
f 576/8/1401 575/8/1401 360/8/1401 584/8/1401
f 351/8/1402 350/8/1402 358/8/1402 586/8/1402
f 349/8/1403 348/8/1403 578/8/1403 582/8/1403
f 584/8/1391 360/8/1391 598/8/1391 599/8/1391
f 586/8/1404 358/8/1404 594/8/1404 595/8/1404
f 357/8/1393 579/8/1393 591/8/1393 592/8/1393
f 580/8/1392 354/8/1392 589/8/1392 587/8/1392
f 354/8/1387 361/8/1387 600/8/1387 589/8/1387
f 585/8/1386 359/8/1386 596/8/1386 597/8/1386
f 358/8/1405 583/8/1405 593/8/1405 594/8/1405
f 356/8/1388 355/8/1388 588/8/1388 590/8/1388
f 363/8/1394 362/8/1394 369/8/1394 368/8/1394 367/8/1394 366/8/1394 365/8/1394 364/8/1394
f 955/16/1406 952/16/1406 951/16/1406 958/16/1406
f 956/16/1407 958/16/1407 951/16/1407 950/16/1407
f 955/16/1408 954/16/1408 947/16/1408 952/16/1408
f 941/16/1409 945/16/1409 946/16/1409 943/16/1409 944/16/1409 942/16/1409
f 943/16/1410 946/16/1410 958/16/1410 956/16/1410
f 945/16/1411 941/16/1411 954/16/1411 955/16/1411
f 946/16/1412 945/16/1412 955/16/1412 958/16/1412
f 951/16/1413 952/16/1413 947/16/1413 950/16/1413
f 973/16/1414 976/16/1414 969/16/1414 970/16/1414
f 974/16/1415 968/16/1415 969/16/1415 976/16/1415
f 973/16/1416 970/16/1416 965/16/1416 972/16/1416
f 959/16/1417 960/16/1417 962/16/1417 961/16/1417 964/16/1417 963/16/1417
f 961/16/1418 974/16/1418 976/16/1418 964/16/1418
f 963/16/1419 973/16/1419 972/16/1419 959/16/1419
f 964/16/1420 976/16/1420 973/16/1420 963/16/1420
f 969/16/1421 968/16/1421 965/16/1421 970/16/1421
o body
g body
v 0.628888 0.273347 0.639104
v 0.623766 0.646353 0.915517
v 0.623766 0.663181 1.086817
v 0.623766 0.514211 0.767980
v 0.591432 0.325711 -0.548449
v 0.623766 0.569038 1.260375
v 0.586970 0.573195 -0.625679
v 0.379608 0.771075 1.073149
v 0.444591 0.740727 0.855161
v 0.482760 0.585003 0.675052
v 0.327200 0.687840 1.265493
v 0.266514 0.579472 1.378422
v 0.521733 0.726908 1.084632
v 0.578406 0.551090 0.744518
v 0.549625 0.690064 0.897243
v 0.493002 0.491471 1.384402
v 0.569190 0.710151 -0.732827
v 0.321933 0.549776 -1.418839
v 0.417817 0.685368 -1.237114
v 0.469304 0.779446 -1.084465
v 0.520162 0.792805 -0.909263
v 0.618549 0.446174 1.354137
v 0.653972 0.661821 -0.913843
v 0.653972 0.642764 -1.076226
v 0.653972 0.508321 -1.227640
v 0.620745 0.349425 -1.340102
v 0.649853 0.576284 -0.746214
v 0.650814 0.437269 -0.654512
v 0.646523 0.298968 -0.618309
v 0.488652 0.489801 -1.389873
v 0.571649 0.729595 -1.079968
v 0.541615 0.630163 -1.234826
v 0.615242 0.674682 -0.739521
v 0.596049 0.744352 -0.914146
v 0.626844 0.302214 -0.585491
v 0.624613 0.528458 -0.643185
v 0.466961 1.173827 0.076320
v 0.466892 1.143339 -0.613048
v 0.455156 1.067624 -0.773675
v 0.473528 1.191643 -0.244535
v 0.528816 0.582156 0.534033
v 0.502536 0.734755 0.533244
v 0.483799 0.843233 0.522209
v 0.520578 0.873437 -0.814021
v 0.454736 1.133978 0.287927
v 0.468953 0.885752 0.492459
v 0.480133 0.888358 0.439393
v 0.385253 1.171536 0.380121
v 0.380607 1.212846 0.280959
v 0.272649 1.213517 0.355247
v 0.276924 1.245734 0.265988
v -0.005415 1.228346 0.343439
v -0.005415 1.269059 0.243209
v 0.391158 1.269242 -0.249432
v 0.289290 1.316498 -0.242933
v -0.005415 1.330844 -0.242933
v 0.370828 1.113426 -0.940275
v 0.262126 1.163614 -0.903514
v -0.005415 1.188327 -0.913399
v 0.286840 1.278121 -0.649373
v -0.005415 1.302835 -0.654728
v 0.380968 1.242577 -0.640442
v 0.285006 1.301541 0.043392
v -0.005415 1.322457 0.027122
v 0.385687 1.247516 0.062493
v 0.419276 1.173108 0.288690
v 0.432110 1.236323 -0.248654
v 0.413851 1.096610 -0.879120
v 0.423567 1.202765 -0.629587
v 0.427211 1.215016 0.068320
v 0.555978 0.831587 -0.248774
v 0.536525 0.885108 -0.292648
v 0.527580 0.882061 -0.203721
v 0.318143 0.793740 -1.280560
v 0.401422 0.778604 -1.220689
v 0.223078 0.569547 -1.450473
v 0.151825 0.476891 -1.542638
v 0.210679 0.432091 -1.554917
v -0.005415 0.449270 -1.575988
v -0.005415 0.365439 -1.618425
v 0.421840 1.140123 0.369469
v 0.429284 0.892941 0.514311
v 0.434632 0.884133 0.556060
v 0.376608 0.845441 0.864547
v 0.440741 0.811658 0.860610
v 0.328626 0.803427 1.081036
v 0.266310 0.745075 1.267383
v 0.211368 0.656323 1.378477
v 0.145429 0.544450 1.456119
v 0.199197 0.489627 1.460611
v -0.005415 0.388280 1.511563
v -0.005415 0.302461 1.528909
v 0.066189 0.452524 1.501691
v 0.111422 0.379601 1.520272
v 0.253231 0.925881 0.580895
v -0.005415 0.949307 0.610318
v -0.005415 0.918759 0.889755
v -0.005415 0.869331 1.107237
v -0.005415 0.787775 1.282706
v -0.005415 0.702385 1.385381
v -0.005415 0.593276 1.463854
v 0.270378 0.322513 1.458538
v 0.436455 0.329100 1.447603
v 0.593459 0.371108 1.379337
v 0.207036 0.473364 1.454379
v 0.196853 0.302257 1.483117
v 0.129634 0.365307 1.504393
v 0.101773 0.300392 1.512075
v 0.624585 0.299475 0.719596
v 0.630763 0.632523 0.929233
v 0.630763 0.647732 1.085329
v 0.630763 0.504809 0.800810
v 0.630763 0.562035 1.243731
v 0.626020 0.450119 1.328973
v 0.453544 1.096783 0.355070
v 0.472734 1.189940 -0.288870
v 0.472532 1.188940 -0.197916
v 0.593130 0.577024 -0.248167
v 0.579378 0.719706 -0.248164
v 0.503645 1.028347 -0.199548
v 0.528402 0.904276 -0.249987
v 0.439125 0.294960 -1.550612
v 0.328298 0.382123 -1.538374
v -0.005415 0.290935 -1.664315
v -0.005415 0.330534 -1.655596
v 0.407271 0.935875 -1.067236
v 0.487960 0.956233 -0.823674
v 0.479635 0.936983 -0.917646
v 0.215149 0.975323 -1.171700
v 0.348978 0.943009 -1.118414
v -0.005415 1.000655 -1.189350
v 0.653800 0.639159 -0.918628
v 0.653800 0.620737 -1.076978
v 0.653800 0.489986 -1.224738
v 0.621409 0.334621 -1.334164
v 0.649784 0.555774 -0.755216
v 0.650721 0.420670 -0.665665
v 0.650114 0.309730 -0.636145
v 0.642508 0.271343 -0.580892
v 0.629979 0.267345 0.573059
v 0.456905 0.299475 0.719596
v 0.463084 0.632523 0.929233
v 0.463084 0.647732 1.085329
v 0.463084 0.504809 0.800810
v 0.463084 0.562035 1.243731
v 0.458340 0.450119 1.328973
v 0.414727 0.364493 1.390067
v 0.486120 0.639159 -0.918628
v 0.486120 0.620737 -1.076978
v 0.486120 0.489986 -1.224738
v 0.453729 0.334621 -1.334164
v 0.482104 0.555773 -0.755216
v 0.483041 0.420670 -0.665665
v 0.482434 0.309730 -0.636145
v 0.412683 0.640072 1.366251
v 0.462309 0.621084 1.374123
v 0.363057 0.621084 1.374124
v 0.412683 0.684287 1.331089
v 0.493002 0.653555 1.343832
v 0.526272 0.579361 1.374596
v 0.493002 0.505167 1.405360
v 0.412683 0.474435 1.418103
v 0.332364 0.505167 1.405361
v 0.299095 0.579362 1.374597
v 0.332364 0.653555 1.343833
v 0.323857 0.487941 1.391667
v 0.500328 0.679507 1.300563
v 0.410159 0.709711 1.279654
v 0.554346 0.587388 1.330484
v 0.412683 0.460739 1.404296
v 0.589830 0.574973 -0.450388
v 0.535979 0.875645 -0.603434
v 0.573921 0.714587 -0.507783
v 0.544147 0.818539 -0.601954
v 0.504556 1.026984 -0.296429
v 0.504543 1.029222 -0.247616
v 0.018019 0.317934 1.527176
v 0.023724 0.423758 1.500117
v 0.046463 0.944609 0.604417
v 0.036315 0.912397 0.886285
v 0.020882 0.864209 1.104757
v 0.012215 0.784346 1.279161
v 0.010464 0.701437 1.384331
v 0.010423 0.589740 1.460533
v 0.269603 0.374053 1.442469
v 0.198895 0.336576 1.477353
v 0.107361 0.313412 1.510534
v 0.518369 0.582802 0.566022
v 0.489391 0.736109 0.606268
v 0.421470 0.876895 0.622960
v -0.005415 0.937762 0.775262
v 0.242157 0.918609 0.634722
v 0.469415 0.836070 0.615898
v 0.069544 0.936733 0.713099
v 0.326652 0.795419 1.078412
v 0.374461 0.837231 0.862845
v 0.264881 0.737721 1.263049
v 0.210383 0.650541 1.372112
v 0.144532 0.540309 1.448572
v 0.065899 0.449851 1.493464
v 0.023585 0.421220 1.491843
v 0.240318 0.910264 0.633348
v 0.216205 0.878745 0.870748
v 0.184741 0.829612 1.089029
v 0.148333 0.754238 1.263531
v 0.077631 0.555926 1.449760
v 0.109594 0.672111 1.367606
v 0.034923 0.904028 0.884574
v 0.019400 0.856179 1.101886
v 0.010549 0.777196 1.274575
v 0.008561 0.695777 1.378066
v 0.009073 0.585838 1.452926
v 0.068160 0.928295 0.711757
v 0.419348 0.868620 0.621566
v 0.472148 0.630172 1.370355
v 0.412683 0.652924 1.360921
v 0.496779 0.575242 1.393131
v 0.472148 0.520312 1.415907
v 0.412683 0.497560 1.425342
v 0.353219 0.520313 1.415908
v 0.328588 0.575242 1.393132
v 0.353219 0.630172 1.370356
v 0.080733 1.261942 0.250159
v 0.079428 1.223821 0.347042
v 0.084506 1.326467 -0.242933
v 0.076217 1.180787 -0.910383
v 0.083758 1.295294 -0.653094
v 0.083199 1.316075 0.032086
v 0.060520 0.385776 -1.599048
v 0.042562 0.457698 -1.572214
v 0.096408 0.346275 -1.619829
v 0.130224 0.292163 -1.629621
v 0.061884 0.992926 -1.183965
v 0.528150 0.729738 0.272775
v 0.553764 0.724722 0.012306
v 0.550254 0.580446 0.273300
v 0.571692 0.578735 0.012567
v 0.576865 0.324442 0.010057
v 0.498093 0.886985 0.238950
v 0.516053 0.885612 0.038507
v 0.507859 0.839351 0.265215
v 0.531918 0.835469 0.008221
v 0.407269 1.032239 0.447216
v 0.445396 1.012937 0.430964
v 0.466838 0.992571 0.397231
v 0.455420 1.171874 0.075590
v 0.524653 0.872680 -0.602748
v 0.509387 0.870157 -0.812781
v 0.516018 0.880173 -0.204250
v 0.468599 0.886506 0.438351
v 0.461317 1.187286 -0.288487
v 0.525100 0.882464 -0.292514
v 0.486556 0.885147 0.237921
v 0.260582 1.157503 -0.898767
v 0.368549 1.107714 -0.935333
v 0.346698 0.937297 -1.113471
v 0.213647 0.969193 -1.166966
v 0.331388 0.857859 -1.210909
v -0.005415 0.916785 -1.275933
v 0.403085 0.823317 -1.177061
v 0.196574 0.891794 -1.255756
v 0.056216 0.909160 -1.269776
v 0.326092 0.848832 -1.201183
v 0.312980 0.785664 -1.269964
v 0.218283 0.562566 -1.438966
v 0.148490 0.469656 -1.530776
v 0.040406 0.451092 -1.559730
v -0.005415 0.443039 -1.563237
v 0.048926 0.831926 -1.328948
v 0.177519 0.815249 -1.313469
v -0.005415 0.906721 -1.266069
v -0.005415 0.839327 -1.335847
v 0.032951 0.598726 -1.482021
v 0.125033 0.586926 -1.460966
v -0.005415 0.603995 -1.491294
v 0.053855 0.899194 -1.259813
v 0.192569 0.882335 -1.245824
v 0.549124 0.412149 0.528824
v 0.549124 0.347600 0.528824
v 0.541081 0.412149 0.542755
v 0.541081 0.347600 0.542755
v 0.524995 0.412149 0.542755
v 0.524995 0.347600 0.542755
v 0.516951 0.412149 0.528824
v 0.516951 0.347600 0.528824
v 0.524995 0.412149 0.514892
v 0.524995 0.347600 0.514892
v 0.541081 0.412149 0.514892
v 0.541081 0.347600 0.514892
v 0.509254 0.837756 0.518951
v 0.509254 0.773206 0.518951
v 0.501211 0.837756 0.532883
v 0.501211 0.773206 0.532883
v 0.485124 0.837756 0.532883
v 0.485124 0.773206 0.532883
v 0.477081 0.837756 0.518951
v 0.477081 0.773206 0.518951
v 0.485124 0.837756 0.505020
v 0.485124 0.773206 0.505020
v 0.501211 0.837756 0.505020
v 0.501211 0.773206 0.505020
v 0.411132 0.556739 -1.413718
v 0.422435 0.611985 -1.398134
v 0.449724 0.634868 -1.391679
v 0.477013 0.611985 -1.398134
v 0.488317 0.556739 -1.413718
v 0.477013 0.501494 -1.429302
v 0.449724 0.478611 -1.435757
v 0.422435 0.501494 -1.429302
v 0.391427 0.558456 -1.298694
v 0.408502 0.631614 -1.252151
v 0.449724 0.661917 -1.232872
v 0.490946 0.631614 -1.252151
v 0.508021 0.558456 -1.298694
v 0.490946 0.485297 -1.345236
v 0.449724 0.454994 -1.364515
v 0.408502 0.485297 -1.345236
v -0.639719 0.273347 0.639104
v -0.634596 0.646353 0.915517
v -0.634596 0.663181 1.086817
v -0.634596 0.514211 0.767980
v -0.602262 0.325711 -0.548449
v -0.634596 0.569038 1.260375
v -0.597800 0.573195 -0.625679
v -0.390439 0.771075 1.073149
v -0.455421 0.740727 0.855161
v -0.493590 0.585003 0.675052
v -0.338030 0.687840 1.265493
v -0.277344 0.579472 1.378422
v -0.532564 0.726908 1.084632
v -0.589236 0.551090 0.744518
v -0.560455 0.690064 0.897243
v -0.503833 0.491471 1.384402
v -0.580020 0.710151 -0.732827
v -0.332764 0.549776 -1.418839
v -0.428648 0.685368 -1.237114
v -0.480135 0.779446 -1.084465
v -0.530993 0.792805 -0.909263
v -0.629379 0.446174 1.354137
v -0.664802 0.661821 -0.913843
v -0.664802 0.642764 -1.076226
v -0.664802 0.508321 -1.227640
v -0.631576 0.349425 -1.340102
v -0.660683 0.576284 -0.746214
v -0.661644 0.437269 -0.654512
v -0.657354 0.298968 -0.618309
v -0.499483 0.489802 -1.389873
v -0.582480 0.729595 -1.079968
v -0.552446 0.630163 -1.234826
v -0.626073 0.674682 -0.739521
v -0.606879 0.744352 -0.914146
v -0.637674 0.302214 -0.585491
v -0.635443 0.528458 -0.643185
v -0.477791 1.173827 0.076320
v -0.477723 1.143339 -0.613048
v -0.465987 1.067624 -0.773675
v -0.484359 1.191643 -0.244535
v -0.539646 0.582156 0.534033
v -0.513366 0.734755 0.533244
v -0.494629 0.843233 0.522209
v -0.531409 0.873437 -0.814021
v -0.465566 1.133978 0.287927
v -0.479783 0.885752 0.492460
v -0.490963 0.888358 0.439393
v -0.396084 1.171536 0.380121
v -0.391438 1.212846 0.280959
v -0.283479 1.213517 0.355247
v -0.287754 1.245734 0.265988
v -0.401989 1.269242 -0.249432
v -0.300121 1.316498 -0.242933
v -0.381659 1.113426 -0.940275
v -0.272956 1.163614 -0.903514
v -0.297670 1.278121 -0.649373
v -0.391798 1.242577 -0.640442
v -0.295836 1.301541 0.043392
v -0.396518 1.247516 0.062493
v -0.430107 1.173108 0.288690
v -0.442940 1.236323 -0.248654
v -0.424681 1.096610 -0.879120
v -0.434397 1.202765 -0.629587
v -0.438041 1.215016 0.068320
v -0.566809 0.831587 -0.248774
v -0.547355 0.885108 -0.292648
v -0.538411 0.882061 -0.203721
v -0.328974 0.793740 -1.280560
v -0.412252 0.778604 -1.220689
v -0.233908 0.569547 -1.450473
v -0.162656 0.476891 -1.542638
v -0.221509 0.432091 -1.554917
v -0.432670 1.140123 0.369469
v -0.440115 0.892941 0.514311
v -0.445462 0.884133 0.556060
v -0.387438 0.845441 0.864547
v -0.451571 0.811658 0.860610
v -0.339457 0.803427 1.081036
v -0.277140 0.745075 1.267383
v -0.222198 0.656323 1.378477
v -0.156259 0.544450 1.456119
v -0.210027 0.489627 1.460611
v -0.077019 0.452524 1.501691
v -0.122252 0.379601 1.520272
v -0.264061 0.925881 0.580895
v -0.281209 0.322513 1.458538
v -0.447285 0.329100 1.447603
v -0.604290 0.371109 1.379337
v -0.217866 0.473364 1.454379
v -0.207683 0.302257 1.483117
v -0.140465 0.365307 1.504393
v -0.112603 0.300392 1.512075
v -0.635415 0.299475 0.719596
v -0.641594 0.632523 0.929233
v -0.641594 0.647732 1.085329
v -0.641594 0.504809 0.800810
v -0.641594 0.562035 1.243731
v -0.636850 0.450119 1.328973
v -0.464374 1.096783 0.355070
v -0.483565 1.189940 -0.288870
v -0.483362 1.188940 -0.197916
v -0.603960 0.577024 -0.248167
v -0.590209 0.719706 -0.248164
v -0.514476 1.028347 -0.199548
v -0.539233 0.904276 -0.249987
v -0.449955 0.294960 -1.550612
v -0.339129 0.382123 -1.538374
v -0.418101 0.935875 -1.067236
v -0.498791 0.956233 -0.823674
v -0.490466 0.936983 -0.917646
v -0.225979 0.975323 -1.171700
v -0.359808 0.943009 -1.118414
v -0.664630 0.639159 -0.918628
v -0.664630 0.620737 -1.076978
v -0.664630 0.489986 -1.224738
v -0.632240 0.334621 -1.334164
v -0.660615 0.555774 -0.755216
v -0.661552 0.420670 -0.665665
v -0.660944 0.309730 -0.636145
v -0.653338 0.271343 -0.580892
v -0.640809 0.267345 0.573059
v -0.467735 0.299475 0.719596
v -0.473914 0.632523 0.929233
v -0.473914 0.647732 1.085329
v -0.473914 0.504809 0.800810
v -0.473914 0.562035 1.243731
v -0.469171 0.450119 1.328973
v -0.425557 0.364493 1.390067
v -0.496950 0.639159 -0.918628
v -0.496950 0.620737 -1.076978
v -0.496950 0.489986 -1.224738
v -0.464560 0.334621 -1.334164
v -0.492935 0.555774 -0.755216
v -0.493872 0.420670 -0.665665
v -0.493265 0.309730 -0.636145
v -0.423514 0.640072 1.366251
v -0.473140 0.621084 1.374123
v -0.373888 0.621084 1.374124
v -0.423514 0.684287 1.331089
v -0.503833 0.653555 1.343832
v -0.537102 0.579361 1.374596
v -0.503833 0.505167 1.405360
v -0.423514 0.474435 1.418103
v -0.343195 0.505168 1.405361
v -0.309926 0.579362 1.374597
v -0.343195 0.653555 1.343833
v -0.334687 0.487941 1.391667
v -0.511159 0.679507 1.300563
v -0.420990 0.709711 1.279654
v -0.565176 0.587388 1.330484
v -0.423514 0.460739 1.404296
v -0.600661 0.574973 -0.450388
v -0.546810 0.875645 -0.603434
v -0.584751 0.714587 -0.507783
v -0.554978 0.818539 -0.601954
v -0.515387 1.026984 -0.296428
v -0.515374 1.029222 -0.247616
v -0.028850 0.317934 1.527176
v -0.034554 0.423758 1.500117
v -0.057293 0.944609 0.604417
v -0.047145 0.912397 0.886285
v -0.031713 0.864209 1.104757
v -0.023046 0.784346 1.279161
v -0.021295 0.701437 1.384331
v -0.021253 0.589740 1.460533
v -0.280433 0.374053 1.442469
v -0.209725 0.336576 1.477353
v -0.118191 0.313412 1.510534
v -0.529199 0.582802 0.566022
v -0.500222 0.736109 0.606268
v -0.432300 0.876895 0.622960
v -0.252988 0.918609 0.634722
v -0.480246 0.836070 0.615898
v -0.080375 0.936733 0.713099
v -0.337483 0.795419 1.078412
v -0.385292 0.837231 0.862845
v -0.275712 0.737721 1.263049
v -0.221213 0.650541 1.372112
v -0.155363 0.540309 1.448572
v -0.076729 0.449851 1.493464
v -0.034415 0.421220 1.491843
v -0.251148 0.910264 0.633348
v -0.227036 0.878745 0.870748
v -0.195571 0.829612 1.089029
v -0.159164 0.754238 1.263531
v -0.088461 0.555926 1.449760
v -0.120425 0.672111 1.367606
v -0.045753 0.904028 0.884574
v -0.030231 0.856179 1.101886
v -0.021380 0.777196 1.274575
v -0.019391 0.695777 1.378066
v -0.019904 0.585838 1.452926
v -0.078990 0.928295 0.711757
v -0.430179 0.868620 0.621566
v -0.482978 0.630172 1.370355
v -0.423514 0.652924 1.360921
v -0.507609 0.575242 1.393131
v -0.482978 0.520313 1.415907
v -0.423514 0.497560 1.425342
v -0.364049 0.520313 1.415908
v -0.339419 0.575242 1.393132
v -0.364049 0.630172 1.370356
v -0.091563 1.261942 0.250159
v -0.090259 1.223821 0.347042
v -0.095336 1.326467 -0.242933
v -0.087048 1.180787 -0.910383
v -0.094589 1.295294 -0.653094
v -0.094029 1.316075 0.032086
v -0.071350 0.385776 -1.599048
v -0.053393 0.457698 -1.572214
v -0.107239 0.346275 -1.619829
v -0.141054 0.292163 -1.629621
v -0.072714 0.992926 -1.183965
v -0.538980 0.729738 0.272775
v -0.564595 0.724722 0.012306
v -0.561084 0.580446 0.273300
v -0.582522 0.578735 0.012567
v -0.587696 0.324442 0.010057
v -0.508924 0.886985 0.238950
v -0.526884 0.885612 0.038507
v -0.518689 0.839351 0.265215
v -0.542749 0.835469 0.008221
v -0.418099 1.032239 0.447216
v -0.456227 1.012937 0.430964
v -0.477669 0.992571 0.397231
v -0.466250 1.171874 0.075590
v -0.535483 0.872680 -0.602748
v -0.520217 0.870157 -0.812781
v -0.526848 0.880173 -0.204250
v -0.479430 0.886506 0.438351
v -0.472147 1.187286 -0.288487
v -0.535930 0.882464 -0.292514
v -0.497387 0.885147 0.237921
v -0.271412 1.157503 -0.898767
v -0.379379 1.107714 -0.935333
v -0.357528 0.937297 -1.113471
v -0.224478 0.969193 -1.166966
v -0.342219 0.857859 -1.210909
v -0.413915 0.823317 -1.177061
v -0.207404 0.891794 -1.255756
v -0.067047 0.909160 -1.269776
v -0.336922 0.848832 -1.201183
v -0.323811 0.785664 -1.269964
v -0.229113 0.562566 -1.438966
v -0.159320 0.469656 -1.530776
v -0.051237 0.451092 -1.559730
v -0.059757 0.831926 -1.328948
v -0.188350 0.815249 -1.313469
v -0.043782 0.598726 -1.482021
v -0.135864 0.586926 -1.460966
v -0.064686 0.899194 -1.259813
v -0.203400 0.882335 -1.245824
v -0.559955 0.412149 0.528824
v -0.559955 0.347600 0.528824
v -0.551912 0.412149 0.542755
v -0.551912 0.347600 0.542755
v -0.535825 0.412149 0.542755
v -0.535825 0.347600 0.542755
v -0.527782 0.412149 0.528824
v -0.527782 0.347600 0.528824
v -0.535825 0.412149 0.514892
v -0.535825 0.347600 0.514892
v -0.551912 0.412149 0.514892
v -0.551912 0.347600 0.514892
v -0.520084 0.837756 0.518951
v -0.520084 0.773206 0.518951
v -0.512041 0.837756 0.532883
v -0.512041 0.773206 0.532883
v -0.495954 0.837756 0.532883
v -0.495954 0.773206 0.532883
v -0.487911 0.837756 0.518951
v -0.487911 0.773206 0.518951
v -0.495954 0.837756 0.505020
v -0.495954 0.773206 0.505020
v -0.512041 0.837756 0.505020
v -0.512041 0.773206 0.505020
v -0.421962 0.556740 -1.413718
v -0.433266 0.611985 -1.398134
v -0.460555 0.634868 -1.391679
v -0.487844 0.611985 -1.398134
v -0.499148 0.556739 -1.413718
v -0.487844 0.501494 -1.429302
v -0.460555 0.478611 -1.435757
v -0.433266 0.501494 -1.429302
v -0.402258 0.558456 -1.298694
v -0.419333 0.631614 -1.252151
v -0.460555 0.661917 -1.232872
v -0.501777 0.631614 -1.252151
v -0.518852 0.558456 -1.298694
v -0.501777 0.485297 -1.345236
v -0.460555 0.454994 -1.364515
v -0.419333 0.485297 -1.345236
v 0.623766 0.569038 1.260375
v 0.623766 0.569038 1.260375
v 0.623766 0.663181 1.086817
v 0.623766 0.663181 1.086817
v 0.379608 0.771075 1.073149
v 0.379608 0.771075 1.073149
v 0.379608 0.771075 1.073149
v 0.444591 0.740727 0.855161
v 0.444591 0.740727 0.855161
v 0.482760 0.585003 0.675052
v 0.537169 0.322595 0.543802
v 0.537169 0.322595 0.543802
v 0.327200 0.687840 1.265493
v 0.266514 0.579472 1.378422
v 0.266514 0.579472 1.378422
v 0.591432 0.325711 -0.548449
v 0.554346 0.587388 1.330484
v 0.554346 0.587388 1.330484
v 0.586970 0.573195 -0.625679
v 0.605972 0.298216 0.573228
v 0.569190 0.710151 -0.732827
v 0.520162 0.792805 -0.909263
v 0.417817 0.685368 -1.237114
v 0.469304 0.779446 -1.084465
v 0.653972 0.642764 -1.076226
v 0.653972 0.508321 -1.227640
v 0.620745 0.349425 -1.340102
v 0.623766 0.646353 0.915517
v 0.623766 0.514211 0.767980
v 0.628888 0.273347 0.639104
v 0.618549 0.446174 1.354137
v 0.466961 1.173827 0.076320
v 0.454736 1.133978 0.287927
v 0.455156 1.067624 -0.773675
v 0.455156 1.067624 -0.773675
v 0.466892 1.143339 -0.613048
v 0.385253 1.171536 0.380121
v 0.262126 1.163614 -0.903514
v 0.370828 1.113426 -0.940275
v 0.370828 1.113426 -0.940275
v 0.076217 1.180787 -0.910383
v 0.557017 0.323519 0.276929
v 0.535979 0.875645 -0.603434
v 0.520578 0.873437 -0.814021
v 0.520578 0.873437 -0.814021
v 0.516053 0.885612 0.038507
v 0.527580 0.882061 -0.203721
v 0.527580 0.882061 -0.203721
v 0.331388 0.857859 -1.210909
v 0.331388 0.857859 -1.210909
v 0.318143 0.793740 -1.280560
v 0.223078 0.569547 -1.450473
v 0.151825 0.476891 -1.542638
v 0.151825 0.476891 -1.542638
v 0.042562 0.457698 -1.572214
v -0.005415 0.449270 -1.575988
v 0.487960 0.956233 -0.823674
v 0.487960 0.956233 -0.823674
v 0.328626 0.803427 1.081036
v 0.376608 0.845441 0.864547
v 0.266310 0.745075 1.267383
v 0.211368 0.656323 1.378477
v 0.145429 0.544450 1.456119
v 0.066189 0.452524 1.501691
v 0.023724 0.423758 1.500117
v 0.023724 0.423758 1.500117
v 0.111422 0.379601 1.520272
v 0.383645 0.910258 0.515600
v 0.048023 0.957700 0.521744
v 0.261013 0.935696 0.519066
v 0.068160 0.928295 0.711757
v 0.068160 0.928295 0.711757
v 0.069544 0.936733 0.713099
v 0.069544 0.936733 0.713099
v 0.421470 0.876895 0.622960
v 0.421470 0.876895 0.622960
v 0.419348 0.868620 0.621566
v 0.419348 0.868620 0.621566
v 0.023585 0.421220 1.491843
v 0.023585 0.421220 1.491843
v -0.005415 0.388280 1.511563
v -0.005415 0.593276 1.463854
v -0.005415 0.593276 1.463854
v -0.005415 0.702385 1.385381
v 0.593459 0.371108 1.379337
v 0.593459 0.371108 1.379337
v 0.469415 0.836070 0.615898
v 0.440741 0.811658 0.860610
v 0.630763 0.562035 1.243731
v 0.630763 0.647732 1.085329
v 0.630763 0.647732 1.085329
v 0.630763 0.632523 0.929233
v 0.630763 0.632523 0.929233
v 0.630763 0.504809 0.800810
v 0.624585 0.299475 0.719596
v 0.626020 0.450119 1.328973
v 0.453544 1.096783 0.355070
v 0.453544 1.096783 0.355070
v 0.466838 0.992571 0.397231
v 0.480133 0.888358 0.439393
v 0.480133 0.888358 0.439393
v 0.503645 1.028347 -0.199548
v 0.472532 1.188940 -0.197916
v 0.472532 1.188940 -0.197916
v 0.472532 1.188940 -0.197916
v 0.593884 0.325551 -0.421645
v 0.596713 0.325366 -0.256816
v 0.473528 1.191643 -0.244535
v 0.472734 1.189940 -0.288870
v 0.472734 1.189940 -0.288870
v 0.472734 1.189940 -0.288870
v 0.348978 0.943009 -1.118414
v 0.348978 0.943009 -1.118414
v 0.061884 0.992926 -1.183965
v -0.005415 1.000655 -1.189350
v 0.215149 0.975323 -1.171700
v 0.653800 0.639159 -0.918628
v 0.653800 0.639159 -0.918628
v 0.653800 0.620737 -1.076978
v 0.653800 0.620737 -1.076978
v 0.653800 0.489986 -1.224738
v 0.621409 0.334621 -1.334164
v 0.649784 0.555774 -0.755216
v 0.650721 0.420670 -0.665665
v 0.650114 0.309730 -0.636145
v 0.618061 0.237123 0.570913
v 0.629979 0.267345 0.573059
v 0.642508 0.271343 -0.580892
v 0.610004 0.237123 0.639417
v 0.605701 0.240103 0.679188
v 0.605701 0.240103 0.679188
v 0.633330 0.268362 -0.626914
v 0.633330 0.268362 -0.626914
v 0.624972 0.240914 -0.593584
v 0.628206 0.237257 -0.553242
v 0.486120 0.639159 -0.918628
v 0.486120 0.620737 -1.076978
v 0.438021 0.240103 0.679188
v 0.463084 0.647732 1.085329
v 0.463084 0.632523 0.929233
v 0.465650 0.268362 -0.626914
v 0.472148 0.520312 1.415907
v 0.412683 0.497560 1.425342
v 0.412683 0.497560 1.425342
v 0.353219 0.520313 1.415908
v 0.493002 0.505167 1.405360
v 0.493002 0.505167 1.405360
v 0.526272 0.579361 1.374596
v 0.412683 0.474435 1.418103
v 0.412683 0.474435 1.418103
v 0.323857 0.487941 1.391667
v 0.323857 0.487941 1.391667
v 0.493002 0.491471 1.384402
v 0.493002 0.491471 1.384402
v 0.412683 0.460739 1.404296
v 0.412683 0.460739 1.404296
v 0.536525 0.885108 -0.292648
v 0.536525 0.885108 -0.292648
v 0.442019 1.094925 0.353943
v 0.442019 1.094925 0.353943
v 0.504556 1.026984 -0.296429
v 0.444131 1.064151 -0.771691
v 0.444131 1.064151 -0.771691
v -0.005415 0.963220 0.522416
v 0.010423 0.589740 1.460533
v 0.010464 0.701437 1.384331
v 0.012215 0.784346 1.279161
v 0.020882 0.864209 1.104757
v 0.036315 0.912397 0.886285
v 0.242157 0.918609 0.634722
v 0.326652 0.795419 1.078412
v 0.374461 0.837231 0.862845
v 0.264881 0.737721 1.263049
v 0.210383 0.650541 1.372112
v 0.144532 0.540309 1.448572
v 0.065899 0.449851 1.493464
v 0.009073 0.585838 1.452926
v 0.008561 0.695777 1.378066
v 0.010549 0.777196 1.274575
v 0.019400 0.856179 1.101886
v 0.034923 0.904028 0.884574
v 0.240318 0.910264 0.633348
v 0.482865 0.575242 1.393131
v 0.462309 0.529401 1.412139
v 0.412683 0.510412 1.420013
v 0.363057 0.529401 1.412140
v 0.342502 0.575242 1.393132
v -0.005415 1.188327 -0.913399
v 0.148490 0.469656 -1.530776
v 0.148490 0.469656 -1.530776
v 0.326092 0.848832 -1.201183
v 0.326092 0.848832 -1.201183
v 0.498093 0.886985 0.238950
v 0.476825 0.952878 -0.822155
v 0.476825 0.952878 -0.822155
v 0.516018 0.880173 -0.204250
v 0.460998 1.186862 -0.198354
v 0.460998 1.186862 -0.198354
v 0.461317 1.187286 -0.288487
v 0.443202 1.132136 0.286862
v 0.455608 1.140328 -0.611983
v 0.509387 0.870157 -0.812781
v 0.504499 0.883751 0.037756
v 0.455308 0.990717 0.396161
v 0.468599 0.886506 0.438351
v 0.492096 1.026366 -0.200033
v 0.525100 0.882464 -0.292514
v 0.493135 1.024335 -0.296164
v 0.368549 1.107714 -0.935333
v 0.075305 1.174363 -0.905894
v 0.346698 0.937297 -1.113471
v 0.060972 0.986500 -1.179477
v -0.005415 0.994195 -1.184912
v -0.005415 1.181868 -0.908961
v 0.196574 0.891794 -1.255756
v 0.056216 0.909160 -1.269776
v -0.005415 0.916785 -1.275933
v 0.312980 0.785664 -1.269964
v 0.218283 0.562566 -1.438966
v 0.040406 0.451092 -1.559730
v -0.005415 0.443039 -1.563237
v 0.192569 0.882335 -1.245824
v 0.053855 0.899194 -1.259813
v -0.005415 0.906721 -1.266069
v 0.549124 0.412149 0.528824
v 0.549124 0.412149 0.528824
v 0.541081 0.412149 0.542755
v 0.541081 0.412149 0.542755
v 0.541081 0.347600 0.542755
v 0.541081 0.347600 0.542755
v 0.549124 0.347600 0.528824
v 0.549124 0.347600 0.528824
v 0.524995 0.412149 0.542755
v 0.524995 0.412149 0.542755
v 0.524995 0.347600 0.542755
v 0.524995 0.347600 0.542755
v 0.516951 0.412149 0.528824
v 0.516951 0.412149 0.528824
v 0.516951 0.347600 0.528824
v 0.516951 0.347600 0.528824
v 0.524995 0.412149 0.514892
v 0.524995 0.412149 0.514892
v 0.524995 0.347600 0.514892
v 0.524995 0.347600 0.514892
v 0.541081 0.412149 0.514892
v 0.541081 0.412149 0.514892
v 0.541081 0.347600 0.514892
v 0.541081 0.347600 0.514892
v 0.509254 0.837756 0.518951
v 0.509254 0.837756 0.518951
v 0.501211 0.837756 0.532883
v 0.501211 0.837756 0.532883
v 0.501211 0.773206 0.532883
v 0.501211 0.773206 0.532883
v 0.509254 0.773206 0.518951
v 0.509254 0.773206 0.518951
v 0.485124 0.837756 0.532883
v 0.485124 0.837756 0.532883
v 0.485124 0.773206 0.532883
v 0.485124 0.773206 0.532883
v 0.477081 0.837756 0.518951
v 0.477081 0.837756 0.518951
v 0.477081 0.773206 0.518951
v 0.477081 0.773206 0.518951
v 0.485124 0.837756 0.505020
v 0.485124 0.837756 0.505020
v 0.485124 0.773206 0.505020
v 0.485124 0.773206 0.505020
v 0.501211 0.837756 0.505020
v 0.501211 0.837756 0.505020
v 0.501211 0.773206 0.505020
v 0.501211 0.773206 0.505020
v 0.422435 0.611985 -1.398134
v 0.422435 0.611985 -1.398134
v 0.411132 0.556739 -1.413718
v 0.449724 0.634868 -1.391679
v 0.449724 0.634868 -1.391679
v 0.477013 0.611985 -1.398134
v 0.477013 0.611985 -1.398134
v 0.488317 0.556739 -1.413718
v 0.477013 0.501494 -1.429302
v 0.477013 0.501494 -1.429302
v 0.449724 0.478611 -1.435757
v 0.449724 0.478611 -1.435757
v 0.422435 0.501494 -1.429302
v 0.422435 0.501494 -1.429302
v 0.449724 0.661917 -1.232872
v 0.490946 0.631614 -1.252151
v 0.408502 0.631614 -1.252151
v 0.408502 0.485297 -1.345236
v 0.490946 0.485297 -1.345236
v 0.449724 0.454994 -1.364515
v 0.426194 0.604376 -1.402792
v 0.416447 0.556739 -1.416230
v 0.449724 0.624107 -1.397226
v 0.473255 0.604376 -1.402792
v 0.483002 0.556739 -1.416230
v 0.473255 0.509103 -1.429667
v 0.449724 0.489371 -1.435233
v 0.426194 0.509103 -1.429667
v -0.634596 0.569038 1.260375
v -0.634596 0.569038 1.260375
v -0.634596 0.663181 1.086817
v -0.634596 0.663181 1.086817
v -0.390439 0.771075 1.073149
v -0.390439 0.771075 1.073149
v -0.390439 0.771075 1.073149
v -0.455421 0.740727 0.855161
v -0.455421 0.740727 0.855161
v -0.493590 0.585003 0.675052
v -0.547999 0.322595 0.543802
v -0.547999 0.322595 0.543802
v -0.338030 0.687840 1.265493
v -0.277344 0.579472 1.378422
v -0.277344 0.579472 1.378422
v -0.602262 0.325711 -0.548449
v -0.565176 0.587388 1.330484
v -0.565176 0.587388 1.330484
v -0.597800 0.573195 -0.625679
v -0.616802 0.298216 0.573228
v -0.580020 0.710151 -0.732827
v -0.530993 0.792805 -0.909263
v -0.428648 0.685368 -1.237114
v -0.480135 0.779446 -1.084465
v -0.664802 0.642764 -1.076226
v -0.664802 0.508321 -1.227640
v -0.631576 0.349425 -1.340102
v -0.634596 0.646353 0.915517
v -0.634596 0.514211 0.767980
v -0.639719 0.273347 0.639104
v -0.629379 0.446174 1.354137
v -0.477791 1.173827 0.076320
v -0.465566 1.133978 0.287927
v -0.465987 1.067624 -0.773675
v -0.465987 1.067624 -0.773675
v -0.477723 1.143339 -0.613048
v -0.396084 1.171536 0.380121
v -0.272956 1.163614 -0.903514
v -0.381659 1.113426 -0.940275
v -0.381659 1.113426 -0.940275
v -0.087048 1.180787 -0.910383
v -0.567847 0.323519 0.276929
v -0.546810 0.875645 -0.603434
v -0.531409 0.873437 -0.814021
v -0.531409 0.873437 -0.814021
v -0.526884 0.885612 0.038507
v -0.538411 0.882061 -0.203721
v -0.538411 0.882061 -0.203721
v -0.342219 0.857859 -1.210909
v -0.342219 0.857859 -1.210909
v -0.328974 0.793740 -1.280560
v -0.233908 0.569547 -1.450473
v -0.162656 0.476891 -1.542638
v -0.162656 0.476891 -1.542638
v -0.053393 0.457698 -1.572214
v -0.498791 0.956233 -0.823674
v -0.498791 0.956233 -0.823674
v -0.339457 0.803427 1.081036
v -0.387438 0.845441 0.864547
v -0.277140 0.745075 1.267383
v -0.222198 0.656323 1.378477
v -0.156259 0.544450 1.456119
v -0.077019 0.452524 1.501691
v -0.034554 0.423758 1.500117
v -0.034554 0.423758 1.500117
v -0.122252 0.379601 1.520272
v -0.394476 0.910258 0.515600
v -0.058854 0.957700 0.521744
v -0.271843 0.935696 0.519066
v -0.078990 0.928295 0.711757
v -0.078990 0.928295 0.711757
v -0.080375 0.936733 0.713099
v -0.080375 0.936733 0.713099
v -0.432300 0.876895 0.622960
v -0.432300 0.876895 0.622960
v -0.430179 0.868620 0.621566
v -0.430179 0.868620 0.621566
v -0.034415 0.421220 1.491843
v -0.034415 0.421220 1.491843
v -0.604290 0.371109 1.379337
v -0.604290 0.371109 1.379337
v -0.480246 0.836070 0.615898
v -0.451571 0.811658 0.860610
v -0.641594 0.562035 1.243731
v -0.641594 0.647732 1.085329
v -0.641594 0.647732 1.085329
v -0.641594 0.632523 0.929233
v -0.641594 0.632523 0.929233
v -0.641594 0.504809 0.800810
v -0.635415 0.299475 0.719596
v -0.636850 0.450119 1.328973
v -0.464374 1.096783 0.355070
v -0.464374 1.096783 0.355070
v -0.477669 0.992571 0.397231
v -0.490963 0.888358 0.439393
v -0.490963 0.888358 0.439393
v -0.514476 1.028347 -0.199548
v -0.483362 1.188940 -0.197916
v -0.483362 1.188940 -0.197916
v -0.483362 1.188940 -0.197916
v -0.604715 0.325551 -0.421644
v -0.607544 0.325366 -0.256816
v -0.484359 1.191643 -0.244535
v -0.483565 1.189940 -0.288870
v -0.483565 1.189940 -0.288870
v -0.483565 1.189940 -0.288870
v -0.359808 0.943009 -1.118414
v -0.359808 0.943009 -1.118414
v -0.072714 0.992926 -1.183965
v -0.225979 0.975323 -1.171700
v -0.664630 0.639159 -0.918628
v -0.664630 0.639159 -0.918628
v -0.664630 0.620737 -1.076978
v -0.664630 0.620737 -1.076978
v -0.664630 0.489986 -1.224738
v -0.632240 0.334621 -1.334164
v -0.660615 0.555774 -0.755216
v -0.661552 0.420670 -0.665665
v -0.660944 0.309730 -0.636145
v -0.628891 0.237123 0.570913
v -0.640809 0.267345 0.573059
v -0.653338 0.271343 -0.580892
v -0.620835 0.237123 0.639417
v -0.616531 0.240103 0.679188
v -0.616531 0.240103 0.679188
v -0.644160 0.268362 -0.626914
v -0.644160 0.268362 -0.626914
v -0.635802 0.240914 -0.593584
v -0.639036 0.237257 -0.553242
v -0.496950 0.639159 -0.918628
v -0.496950 0.620737 -1.076978
v -0.448852 0.240103 0.679188
v -0.473914 0.647732 1.085329
v -0.473914 0.632523 0.929233
v -0.476481 0.268362 -0.626914
v -0.482978 0.520313 1.415907
v -0.423514 0.497560 1.425342
v -0.423514 0.497560 1.425342
v -0.364049 0.520313 1.415908
v -0.503833 0.505167 1.405360
v -0.503833 0.505167 1.405360
v -0.537102 0.579361 1.374596
v -0.423514 0.474435 1.418103
v -0.423514 0.474435 1.418103
v -0.334687 0.487941 1.391667
v -0.334687 0.487941 1.391667
v -0.503833 0.491471 1.384402
v -0.503833 0.491471 1.384402
v -0.423514 0.460739 1.404296
v -0.423514 0.460739 1.404296
v -0.547355 0.885108 -0.292648
v -0.547355 0.885108 -0.292648
v -0.452849 1.094925 0.353943
v -0.452849 1.094925 0.353943
v -0.515387 1.026984 -0.296428
v -0.454962 1.064151 -0.771691
v -0.454962 1.064151 -0.771691
v -0.021253 0.589740 1.460533
v -0.021295 0.701437 1.384331
v -0.023046 0.784346 1.279161
v -0.031713 0.864209 1.104757
v -0.047145 0.912397 0.886285
v -0.252988 0.918609 0.634722
v -0.337483 0.795419 1.078412
v -0.385292 0.837231 0.862845
v -0.275712 0.737721 1.263049
v -0.221213 0.650541 1.372112
v -0.155363 0.540309 1.448572
v -0.076729 0.449851 1.493464
v -0.019904 0.585838 1.452926
v -0.019391 0.695777 1.378066
v -0.021380 0.777196 1.274575
v -0.030231 0.856179 1.101886
v -0.045753 0.904028 0.884574
v -0.251148 0.910264 0.633348
v -0.493696 0.575242 1.393131
v -0.473140 0.529401 1.412139
v -0.423514 0.510413 1.420013
v -0.373888 0.529401 1.412140
v -0.353332 0.575242 1.393132
v -0.159320 0.469656 -1.530776
v -0.159320 0.469656 -1.530776
v -0.336922 0.848832 -1.201183
v -0.336922 0.848832 -1.201183
v -0.508924 0.886985 0.238950
v -0.487656 0.952878 -0.822155
v -0.487656 0.952878 -0.822155
v -0.526848 0.880173 -0.204250
v -0.471828 1.186862 -0.198354
v -0.471828 1.186862 -0.198354
v -0.472147 1.187286 -0.288487
v -0.454033 1.132136 0.286862
v -0.466438 1.140328 -0.611983
v -0.520217 0.870157 -0.812781
v -0.515329 0.883751 0.037756
v -0.466138 0.990717 0.396161
v -0.479430 0.886506 0.438351
v -0.502927 1.026366 -0.200033
v -0.535930 0.882464 -0.292514
v -0.503965 1.024335 -0.296164
v -0.379379 1.107714 -0.935333
v -0.086136 1.174363 -0.905894
v -0.357528 0.937297 -1.113471
v -0.071802 0.986500 -1.179477
v -0.207404 0.891794 -1.255756
v -0.067047 0.909160 -1.269776
v -0.323811 0.785664 -1.269964
v -0.229113 0.562566 -1.438966
v -0.051237 0.451092 -1.559730
v -0.203400 0.882335 -1.245824
v -0.064686 0.899194 -1.259813
v -0.559955 0.412149 0.528824
v -0.559955 0.412149 0.528824
v -0.551912 0.412149 0.542755
v -0.551912 0.412149 0.542755
v -0.551912 0.347600 0.542755
v -0.551912 0.347600 0.542755
v -0.559955 0.347600 0.528824
v -0.559955 0.347600 0.528824
v -0.535825 0.412149 0.542755
v -0.535825 0.412149 0.542755
v -0.535825 0.347600 0.542755
v -0.535825 0.347600 0.542755
v -0.527782 0.412149 0.528824
v -0.527782 0.412149 0.528824
v -0.527782 0.347600 0.528824
v -0.527782 0.347600 0.528824
v -0.535825 0.412149 0.514892
v -0.535825 0.412149 0.514892
v -0.535825 0.347600 0.514892
v -0.535825 0.347600 0.514892
v -0.551912 0.412149 0.514892
v -0.551912 0.412149 0.514892
v -0.551912 0.347600 0.514892
v -0.551912 0.347600 0.514892
v -0.520084 0.837756 0.518951
v -0.520084 0.837756 0.518951
v -0.512041 0.837756 0.532883
v -0.512041 0.837756 0.532883
v -0.512041 0.773206 0.532883
v -0.512041 0.773206 0.532883
v -0.520084 0.773206 0.518951
v -0.520084 0.773206 0.518951
v -0.495954 0.837756 0.532883
v -0.495954 0.837756 0.532883
v -0.495954 0.773206 0.532883
v -0.495954 0.773206 0.532883
v -0.487911 0.837756 0.518951
v -0.487911 0.837756 0.518951
v -0.487911 0.773206 0.518951
v -0.487911 0.773206 0.518951
v -0.495954 0.837756 0.505020
v -0.495954 0.837756 0.505020
v -0.495954 0.773206 0.505020
v -0.495954 0.773206 0.505020
v -0.512041 0.837756 0.505020
v -0.512041 0.837756 0.505020
v -0.512041 0.773206 0.505020
v -0.512041 0.773206 0.505020
v -0.433266 0.611985 -1.398134
v -0.433266 0.611985 -1.398134
v -0.421962 0.556740 -1.413718
v -0.460555 0.634868 -1.391679
v -0.460555 0.634868 -1.391679
v -0.487844 0.611985 -1.398134
v -0.487844 0.611985 -1.398134
v -0.499148 0.556739 -1.413718
v -0.487844 0.501494 -1.429302
v -0.487844 0.501494 -1.429302
v -0.460555 0.478611 -1.435757
v -0.460555 0.478611 -1.435757
v -0.433266 0.501494 -1.429302
v -0.433266 0.501494 -1.429302
v -0.460555 0.661917 -1.232872
v -0.501777 0.631614 -1.252151
v -0.419333 0.631614 -1.252151
v -0.419333 0.485297 -1.345236
v -0.501777 0.485297 -1.345236
v -0.460555 0.454994 -1.364515
v -0.437024 0.604376 -1.402792
v -0.427278 0.556740 -1.416230
v -0.460555 0.624107 -1.397226
v -0.484086 0.604376 -1.402792
v -0.493832 0.556739 -1.416230
v -0.484086 0.509103 -1.429667
v -0.460555 0.489371 -1.435233
v -0.437024 0.509103 -1.429667
vn 0.5744 0.7407 -0.3484
vn 0.4218 0.8140 -0.3994
vn 0.5239 0.8517 -0.0092
vn 0.6837 0.7293 0.0255
vn 0.4744 0.5218 -0.7090
vn 0.3960 0.5346 -0.7466
vn 0.3470 0.6967 -0.6279
vn 0.4981 0.6165 -0.6098
vn 0.7605 0.5388 0.3624
vn 0.6085 0.7012 0.3716
vn 0.6647 0.4058 0.6272
vn 0.7967 0.2753 0.5380
vn 0.7011 0.2045 0.6831
vn 0.8278 0.4103 0.3827
vn 0.6396 0.5523 -0.5347
vn 0.5677 0.5839 -0.5803
vn 0.5548 0.6751 -0.4862
vn 0.5235 0.8029 -0.2851
vn 0.7943 0.5265 -0.3032
vn 0.5707 0.4814 -0.6653
vn 0.3703 0.9264 -0.0687
vn 0.3237 0.9427 0.0809
vn 0.4422 0.8893 0.1164
vn 0.5785 0.7562 -0.3057
vn 0.5260 0.8462 -0.0857
vn 0.8514 0.3988 -0.3407
vn 0.7543 0.4575 -0.4709
vn 0.4743 0.7738 0.4198
vn 0.6461 0.6940 0.3177
vn 0.9480 0.0957 0.3034
vn 0.9757 -0.0998 0.1950
vn 0.9462 0.3228 0.0237
vn 0.9671 0.1876 0.1717
vn 0.6260 0.4793 -0.6151
vn 0.7108 0.6115 -0.3476
vn 0.5757 0.4374 -0.6908
vn 0.9838 0.1765 -0.0321
vn 0.9659 0.2529 -0.0562
vn 0.9310 0.2813 -0.2326
vn 0.9726 0.2255 -0.0565
vn 0.9724 0.2158 0.0883
vn 0.8901 0.4152 0.1879
vn 0.9757 0.1673 0.1412
vn 0.9820 0.1668 0.0889
vn 0.9981 0.0588 -0.0189
vn 0.9971 0.0741 -0.0195
vn 0.9590 0.0304 0.2817
vn 0.9743 0.0774 0.2114
vn 0.9735 0.0788 0.2147
vn 0.9680 0.0522 0.2456
vn 0.9899 0.0342 0.1373
vn 0.9806 0.0945 0.1720
vn 0.9617 0.0766 0.2631
vn 0.9928 0.0868 0.0827
vn 0.9743 0.1242 0.1882
vn 0.9837 0.1716 -0.0540
vn 0.9651 0.2617 0.0028
vn 0.9628 0.2671 0.0415
vn 0.8618 0.3180 -0.3951
vn 0.7030 0.3979 -0.5894
vn 0.7337 0.4573 -0.5026
vn 0.7594 0.4497 -0.4702
vn 0.8838 0.3594 -0.2995
vn 0.9444 0.2769 0.1772
vn 0.7617 0.5107 0.3988
vn 0.7478 0.6383 -0.1825
vn 0.8156 0.5531 -0.1701
vn 0.8683 0.4380 -0.2330
vn 0.7818 0.5306 -0.3277
vn 0.9653 0.2465 0.0858
vn 0.4770 0.8433 0.2475
vn 0.1806 0.9408 0.2868
vn 0.0978 0.8023 0.5889
vn 0.5051 0.8063 0.3079
vn 0.0497 0.9517 0.3031
vn -0.0000 0.9531 0.3027
vn -0.0000 0.8414 0.5405
vn 0.0284 0.8271 0.5614
vn 0.0590 0.9882 0.1417
vn 0.0631 0.9978 -0.0192
vn -0.0000 0.9998 -0.0186
vn -0.0000 0.9910 0.1341
vn 0.5168 0.8473 0.1221
vn 0.5321 0.8467 -0.0091
vn 0.2440 0.9697 -0.0133
vn 0.2350 0.9623 0.1367
vn 0.0803 0.9657 -0.2470
vn 0.0913 0.9082 -0.4084
vn -0.0000 0.9135 -0.4068
vn -0.0000 0.9701 -0.2426
vn 0.5191 0.8251 -0.2230
vn 0.6001 0.6602 -0.4516
vn 0.2104 0.8887 -0.4075
vn 0.2191 0.9432 -0.2499
vn 0.6771 0.7281 0.1067
vn 0.6923 0.7216 -0.0068
vn 0.6996 0.6820 0.2133
vn 0.9966 0.0274 0.0779
vn 0.7477 0.6258 0.2221
vn 0.7178 0.6866 0.1156
vn 0.7239 0.6877 0.0552
vn 0.7603 0.6455 -0.0729
vn 0.5545 0.5680 -0.6083
vn 0.3772 0.5147 -0.7699
vn 0.5008 0.4867 -0.7158
vn 0.2540 0.4722 -0.8441
vn 0.2278 0.4723 -0.8515
vn 0.1333 0.4804 -0.8668
vn -0.0000 0.5647 -0.8253
vn -0.0000 0.4141 -0.9102
vn 0.1171 0.4085 -0.9052
vn -0.8596 0.5107 -0.0176
vn -0.8219 0.5665 0.0587
vn -0.8600 0.5100 -0.0185
vn -0.2294 0.8724 0.4317
vn -0.0000 0.8978 0.4403
vn -0.2254 0.8733 0.4318
vn -0.0000 -0.7026 -0.7116
vn -0.0160 -0.7076 -0.7064
vn 0.6988 0.5431 0.4656
vn 0.3287 0.4604 0.8246
vn 0.4701 0.7109 0.5231
vn 0.7205 0.3883 0.5745
vn 0.9153 0.3493 -0.2005
vn 0.4913 0.8426 0.2205
vn 0.4850 0.8564 0.1768
vn 0.5265 0.8166 0.2367
vn 0.5324 0.8158 0.2258
vn 0.6247 0.7600 0.1794
vn 0.5518 0.7468 0.3713
vn 0.5410 0.7635 0.3527
vn 0.5768 0.5864 0.5687
vn 0.5750 0.5757 0.5813
vn 0.5009 0.4321 0.7499
vn 0.4605 0.3659 0.8087
vn 0.3235 0.3538 0.8776
vn 0.5036 0.1940 0.8419
vn 0.0265 0.2289 0.9731
vn -0.0000 0.2269 0.9739
vn -0.0000 0.1199 0.9928
vn 0.0869 0.0754 0.9934
vn 0.0613 0.2806 0.9579
vn 0.0195 0.2673 0.9634
vn 0.2570 0.9417 0.2170
vn 0.1015 0.9880 0.1162
vn 0.1052 0.9816 0.1594
vn -0.0000 0.9875 0.1573
vn -0.0000 0.9942 0.1078
vn 0.3848 -0.2190 0.8966
vn 0.2094 -0.1981 0.9575
vn 0.2078 -0.1979 0.9579
vn 0.9807 -0.1793 -0.0774
vn 0.9808 -0.1795 -0.0766
vn 0.9830 -0.1835 -0.0026
vn 0.9830 -0.1835 -0.0030
vn -0.9516 0.2730 -0.1413
vn -0.9492 0.2775 -0.1483
vn -0.9492 0.2775 -0.1482
vn 0.1750 0.9710 0.1626
vn 0.1646 0.9797 0.1141
vn 0.0252 -0.1701 0.9851
vn 0.9807 -0.1386 -0.1382
vn 0.9806 -0.1392 -0.1379
vn -0.9261 0.3162 -0.2059
vn -0.9260 0.3164 -0.2057
vn -0.9100 0.3715 -0.1842
vn -0.9105 0.3699 -0.1846
vn 0.9901 -0.0277 -0.1379
vn 0.9904 -0.0224 -0.1365
vn -0.6783 0.7012 -0.2194
vn -0.6671 0.7112 -0.2215
vn -0.5378 0.8078 -0.2411
vn 0.9917 0.0560 -0.1157
vn -0.9380 0.2928 -0.1856
vn -0.9380 0.2927 -0.1854
vn -0.8465 0.4997 -0.1838
vn -0.8448 0.5024 -0.1842
vn 0.3463 0.3031 0.8878
vn 0.1330 0.3095 0.9415
vn 0.3228 0.2308 0.9179
vn 0.4225 0.2996 0.8554
vn 0.9756 0.1517 0.1586
vn 0.3412 0.2555 0.9046
vn 0.3573 0.1559 0.9209
vn 0.2980 0.1538 0.9421
vn 0.1930 0.2804 0.9403
vn 0.2788 -0.0130 0.9603
vn 0.2169 0.0002 0.9762
vn 0.4123 -0.1177 0.9034
vn 0.4208 -0.0243 0.9068
vn 0.5709 0.0929 0.8158
vn 0.9416 -0.2331 0.2430
vn 0.9510 0.0874 0.2967
vn 0.9568 -0.1181 0.2658
vn 0.9244 0.2630 0.2761
vn 0.9149 0.3179 0.2487
vn 0.9095 0.4055 0.0921
vn 0.9101 0.4072 0.0765
vn 0.9497 0.2821 -0.1358
vn 0.9384 0.3298 -0.1033
vn 0.9850 0.1222 -0.1219
vn 0.9931 0.0799 -0.0856
vn 0.9950 -0.0971 0.0216
vn 0.9326 -0.3468 0.1003
vn 0.8114 0.4339 0.3917
vn 0.8797 0.3039 0.3657
vn 0.9817 0.1887 0.0269
vn 0.9819 0.1893 0.0054
vn 0.9817 0.1884 0.0268
vn 0.9827 0.1802 0.0433
vn 0.1731 0.9640 0.2017
vn 0.9802 0.1978 0.0124
vn 0.9816 0.1901 -0.0163
vn 0.9660 0.2493 0.0689
vn 0.7329 0.6803 0.0101
vn 0.9444 0.3147 0.0954
vn 0.9998 0.0140 -0.0172
vn 0.9977 0.0599 0.0327
vn 0.9994 0.0151 0.0297
vn 0.8189 0.2362 -0.5231
vn 0.3372 0.4630 -0.8197
vn 0.4562 0.4385 -0.7743
vn 0.2119 0.4094 -0.8874
vn -0.0000 0.4441 -0.8960
vn 0.2441 0.3458 -0.9060
vn -0.0000 0.2847 -0.9586
vn 0.9718 0.1936 -0.1346
vn 0.5052 0.5839 -0.6355
vn 0.0115 -0.7254 -0.6882
vn 0.0397 -0.7372 -0.6745
vn 0.0112 -0.7253 -0.6884
vn -0.9037 0.4082 -0.1290
vn -0.9037 0.4084 -0.1289
vn 1.0000 -0.0079 0.0029
vn 1.0000 -0.0080 0.0048
vn 0.9872 -0.0344 -0.1558
vn 0.9983 -0.0182 -0.0551
vn 0.9972 0.0078 0.0746
vn 1.0000 -0.0044 0.0022
vn 0.9736 -0.0453 -0.2238
vn 0.9999 -0.0096 0.0097
vn 0.9934 -0.0892 0.0719
vn 0.7982 0.6023 -0.0115
vn 0.8714 0.4652 0.1559
vn 0.8982 -0.4218 0.1239
vn 0.9168 -0.3968 0.0443
vn 0.9157 -0.3989 0.0475
vn 0.8914 -0.4217 0.1659
vn 0.8953 -0.4276 -0.1253
vn 0.9137 -0.4040 -0.0449
vn 0.8917 -0.4277 -0.1484
vn 0.9230 -0.3789 -0.0674
vn -0.0066 -0.5844 -0.8115
vn -0.0085 -0.5781 -0.8160
vn -0.0000 -0.7582 -0.6520
vn -0.0000 -0.7612 -0.6485
vn -0.0151 -0.5557 -0.8312
vn -0.0000 -0.9933 0.1156
vn -0.0000 -0.7489 0.6627
vn -0.0000 -0.6624 0.7491
vn -0.0000 -0.6718 0.7407
vn -0.0000 -0.4585 0.8887
vn -0.0000 -0.4763 0.8793
vn -0.0000 -0.5626 0.8267
vn -0.0000 -0.5758 0.8176
vn -0.0000 -0.8795 -0.4758
vn -0.0000 -0.9953 0.0970
vn -0.0000 -0.7470 -0.6649
vn -0.0000 -0.7452 -0.6669
vn -0.0000 -0.8907 -0.4545
vn -0.0000 -0.7091 0.7051
vn -0.0000 -0.5485 0.8362
vn -0.0000 -0.5516 0.8341
vn -0.0000 -0.4102 -0.9120
vn -0.0000 -0.4103 -0.9120
vn -0.0000 -0.2178 -0.9760
vn -0.0000 -0.2354 -0.9719
vn -0.0000 -0.2402 -0.9707
vn 0.9550 -0.2640 0.1354
vn -0.2633 -0.5392 -0.8000
vn -0.2432 -0.5448 -0.8025
vn -0.0228 -0.5791 -0.8149
vn -0.0228 -0.5794 -0.8147
vn -0.3048 0.3329 0.8924
vn -0.1858 0.5207 0.8333
vn -0.3534 0.7085 0.6108
vn -0.4262 0.4041 0.8094
vn -0.2568 -0.2887 0.9223
vn -0.3791 -0.1173 0.9179
vn -0.3633 -0.1591 0.9180
vn -0.2928 -0.4639 0.8361
vn 0.3048 0.3328 0.8924
vn 0.3791 -0.1173 0.9179
vn 0.4270 -0.0411 0.9033
vn 0.5524 0.4369 0.7099
vn -0.0000 0.5818 0.8133
vn 0.1858 0.5207 0.8333
vn 0.4287 0.6665 0.6099
vn -0.0187 0.8196 0.5727
vn 0.2568 -0.2887 0.9223
vn -0.3203 0.8591 0.3992
vn -0.0122 0.9327 0.3604
vn -0.2916 0.9043 0.3119
vn 0.4733 0.7961 0.3771
vn 0.5176 0.3649 0.7739
vn 0.6930 0.6103 0.3838
vn -0.2732 0.1045 0.9563
vn -0.4755 0.6820 0.5557
vn 0.8708 -0.2850 0.4005
vn -0.3120 -0.5820 0.7509
vn 0.3921 -0.7226 0.5693
vn 0.0617 0.3378 0.9392
vn 0.1601 0.3156 0.9353
vn 0.9998 0.0134 -0.0177
vn 0.9868 0.1589 0.0310
vn -0.1740 0.9784 0.1118
vn -0.1743 0.9834 0.0505
vn -0.1740 0.9784 0.1115
vn -0.1418 0.3558 0.9238
vn -0.1435 0.3555 0.9236
vn -0.1452 0.3553 0.9234
vn -0.0790 -0.1445 -0.9864
vn -1.0000 -0.0000 -0.0000
vn 0.1719 0.3890 0.9051
vn 0.1752 0.4165 0.8921
vn -0.0000 0.6816 0.7317
vn 0.1893 0.6699 0.7179
vn -0.0000 0.8444 0.5357
vn 0.2093 0.8321 0.5137
vn -0.0000 0.9450 0.3272
vn 0.2046 0.9273 0.3136
vn -0.0000 0.9805 0.1966
vn 0.1663 0.9676 0.1898
vn -0.0000 0.9905 0.1377
vn 0.1052 0.9906 0.0877
vn 0.1599 0.9749 0.1549
vn 0.1608 0.9670 0.1976
vn 0.2052 0.9587 0.1972
vn 0.2125 0.9642 0.1588
vn 0.1712 0.9278 0.3316
vn 0.1951 0.9274 0.3193
vn 0.1924 0.8260 0.5298
vn 0.1723 0.8326 0.5264
vn 0.2281 0.9253 0.3031
vn 0.2480 0.9486 0.1967
vn 0.1651 0.8497 0.5007
vn 0.1678 0.6537 0.7379
vn 0.1138 0.6680 0.7354
vn 0.2196 0.6540 0.7239
vn 0.1097 0.4312 0.8956
vn 0.1035 0.4781 0.8722
vn 0.1561 0.4506 0.8790
vn 0.0167 0.2920 0.9563
vn 0.0343 0.3081 0.9507
vn 0.2451 0.9560 0.1610
vn 0.9781 -0.1852 0.0951
vn 0.9781 -0.1852 0.0949
vn 0.9689 -0.1890 0.1596
vn -0.0000 0.3830 0.9237
vn -0.0000 -0.5695 -0.8220
vn -0.0007 -0.5805 -0.8143
vn -0.0007 -0.5808 -0.8141
vn -0.2658 0.8626 0.4305
vn -0.9160 0.3667 -0.1628
vn 0.9941 0.0705 0.0829
vn 0.9968 0.0195 0.0780
vn 0.9548 0.2868 0.0778
vn 0.9617 0.2622 0.0799
vn 0.9833 0.1589 0.0891
vn -0.1833 0.8612 0.4741
vn -0.1804 0.9276 0.3272
vn -0.1804 0.9273 0.3279
vn -0.2790 0.9238 -0.2622
vn -0.3057 0.8687 -0.3897
vn -0.2801 0.9222 -0.2667
vn -0.2474 0.3371 -0.9084
vn -0.1589 0.9871 -0.0221
vn -0.1577 0.9873 -0.0215
vn 0.0369 0.0174 -0.9992
vn 0.0374 0.0262 -0.9990
vn 0.0374 0.0261 -0.9990
vn 0.5523 0.4370 0.7099
vn -0.0243 0.0058 -0.9997
vn -0.0240 0.0049 -0.9997
vn -0.0375 0.0394 -0.9985
vn 0.0380 0.0349 -0.9987
vn -0.2536 0.9672 -0.0103
vn -0.2533 0.9673 -0.0108
vn -0.2403 0.9703 -0.0297
vn -0.0108 -0.0286 -0.9995
vn -0.1563 0.9875 -0.0208
vn -0.1561 0.9875 -0.0207
vn -0.2480 0.9594 -0.1342
vn -0.2666 0.9638 0.0086
vn 0.0654 -0.6228 -0.7797
vn 0.0729 -0.6260 -0.7764
vn 0.1406 -0.6530 -0.7442
vn -0.4686 -0.4644 -0.7515
vn -0.0000 -0.5685 -0.8227
vn 0.2897 0.6590 -0.6941
vn 0.2611 0.6673 -0.6975
vn 0.1460 0.7008 -0.6983
vn 0.1460 0.7005 -0.6985
vn -0.0000 0.7145 -0.6996
vn 0.3618 0.5653 -0.7413
vn 0.3359 0.4886 -0.8053
vn 0.2599 0.5009 -0.8255
vn 0.2711 0.5799 -0.7683
vn 0.1903 0.6140 -0.7660
vn 0.1838 0.4943 -0.8497
vn -0.0000 0.4923 -0.8704
vn -0.0000 0.6353 -0.7723
vn 0.1537 0.4621 -0.8734
vn -0.0000 0.4387 -0.8986
vn 0.2334 0.5064 -0.8301
vn 0.1682 0.6978 -0.6963
vn -0.0000 0.7149 -0.6992
vn 0.3712 0.6322 -0.6802
vn 0.2804 0.6626 -0.6946
vn 0.8660 -0.0000 0.5000
vn -0.0000 -0.0000 1.0000
vn 0.8660 -0.0000 -0.5000
vn -0.8660 -0.0000 -0.5000
vn -0.0000 -1.0000 -0.0000
vn -0.0000 1.0000 -0.0000
vn -0.8660 -0.0000 0.5000
vn -0.0000 -0.0000 -1.0000
vn 0.5706 0.8075 -0.1497
vn -0.9490 0.2800 -0.1452
vn -0.9759 -0.1313 -0.1744
vn 0.6501 -0.7199 -0.2429
vn 0.9490 0.2800 -0.1452
vn -0.5706 0.8075 -0.1497
vn -0.6501 -0.7199 -0.2429
vn 0.9759 -0.1313 -0.1744
vn 0.1714 0.4514 -0.8757
vn -0.4042 0.3240 -0.8554
vn -0.4213 0.1653 -0.8917
vn 0.1919 0.0477 -0.9803
vn 0.4042 0.3240 -0.8554
vn -0.1714 0.4514 -0.8757
vn -0.1918 0.0477 -0.9803
vn 0.4214 0.1653 -0.8917
vn -0.5744 0.7407 -0.3484
vn -0.6837 0.7293 0.0255
vn -0.5239 0.8517 -0.0092
vn -0.4218 0.8140 -0.3994
vn -0.4744 0.5218 -0.7090
vn -0.4981 0.6165 -0.6098
vn -0.3470 0.6967 -0.6279
vn -0.3960 0.5346 -0.7466
vn -0.7605 0.5388 0.3624
vn -0.7967 0.2753 0.5380
vn -0.6647 0.4058 0.6272
vn -0.6085 0.7012 0.3716
vn -0.8278 0.4103 0.3827
vn -0.7011 0.2045 0.6831
vn -0.6396 0.5523 -0.5347
vn -0.5235 0.8029 -0.2851
vn -0.5548 0.6751 -0.4862
vn -0.5677 0.5839 -0.5803
vn -0.7943 0.5265 -0.3032
vn -0.5707 0.4814 -0.6653
vn -0.4422 0.8893 0.1164
vn -0.3237 0.9427 0.0809
vn -0.3703 0.9264 -0.0687
vn -0.5785 0.7562 -0.3057
vn -0.5260 0.8462 -0.0857
vn -0.8514 0.3988 -0.3407
vn -0.7543 0.4575 -0.4709
vn -0.4743 0.7738 0.4198
vn -0.6461 0.6940 0.3177
vn -0.9480 0.0957 0.3035
vn -0.9757 -0.0999 0.1950
vn -0.9462 0.3228 0.0237
vn -0.9671 0.1876 0.1717
vn -0.6260 0.4793 -0.6151
vn -0.7108 0.6115 -0.3476
vn -0.5757 0.4373 -0.6908
vn -0.9838 0.1765 -0.0321
vn -0.9726 0.2255 -0.0565
vn -0.9310 0.2813 -0.2326
vn -0.9659 0.2529 -0.0562
vn -0.9724 0.2158 0.0883
vn -0.9820 0.1668 0.0889
vn -0.9757 0.1673 0.1412
vn -0.8901 0.4152 0.1879
vn -0.9981 0.0588 -0.0189
vn -0.9971 0.0741 -0.0195
vn -0.9590 0.0304 0.2817
vn -0.9735 0.0788 0.2147
vn -0.9743 0.0774 0.2114
vn -0.9680 0.0522 0.2456
vn -0.9617 0.0766 0.2631
vn -0.9806 0.0945 0.1720
vn -0.9899 0.0342 0.1373
vn -0.9928 0.0868 0.0827
vn -0.9743 0.1242 0.1882
vn -0.9628 0.2671 0.0415
vn -0.9651 0.2617 0.0028
vn -0.9837 0.1716 -0.0540
vn -0.8838 0.3594 -0.2995
vn -0.7594 0.4497 -0.4702
vn -0.7337 0.4573 -0.5026
vn -0.7030 0.3979 -0.5894
vn -0.8618 0.3180 -0.3951
vn -0.7617 0.5107 0.3988
vn -0.9444 0.2769 0.1772
vn -0.7478 0.6383 -0.1825
vn -0.7818 0.5306 -0.3277
vn -0.8683 0.4380 -0.2330
vn -0.8156 0.5531 -0.1701
vn -0.9653 0.2465 0.0858
vn -0.4770 0.8433 0.2475
vn -0.5051 0.8063 0.3079
vn -0.0978 0.8023 0.5889
vn -0.1806 0.9408 0.2868
vn -0.0497 0.9517 0.3031
vn -0.0284 0.8271 0.5614
vn -0.0590 0.9882 0.1417
vn -0.0631 0.9978 -0.0192
vn -0.5168 0.8473 0.1221
vn -0.2350 0.9623 0.1367
vn -0.2440 0.9697 -0.0133
vn -0.5321 0.8467 -0.0091
vn -0.0803 0.9657 -0.2470
vn -0.0913 0.9082 -0.4084
vn -0.5191 0.8251 -0.2230
vn -0.2191 0.9432 -0.2499
vn -0.2104 0.8887 -0.4075
vn -0.6001 0.6602 -0.4516
vn -0.6923 0.7216 -0.0068
vn -0.6771 0.7281 0.1067
vn -0.6996 0.6820 0.2133
vn -0.9966 0.0274 0.0779
vn -0.7178 0.6866 0.1156
vn -0.7477 0.6257 0.2221
vn -0.7239 0.6877 0.0552
vn -0.7602 0.6455 -0.0729
vn -0.5545 0.5680 -0.6083
vn -0.5008 0.4867 -0.7158
vn -0.3772 0.5147 -0.7699
vn -0.2278 0.4723 -0.8515
vn -0.2540 0.4722 -0.8441
vn -0.1333 0.4804 -0.8668
vn -0.1171 0.4085 -0.9052
vn 0.8596 0.5107 -0.0177
vn 0.8600 0.5100 -0.0186
vn 0.8219 0.5666 0.0587
vn 0.2293 0.8724 0.4317
vn 0.2254 0.8733 0.4318
vn 0.0160 -0.7076 -0.7064
vn -0.6988 0.5431 0.4656
vn -0.3287 0.4604 0.8246
vn -0.7205 0.3883 0.5745
vn -0.4701 0.7109 0.5231
vn -0.9153 0.3493 -0.2005
vn -0.4913 0.8426 0.2205
vn -0.4850 0.8564 0.1768
vn -0.6247 0.7600 0.1794
vn -0.5324 0.8158 0.2258
vn -0.5265 0.8166 0.2367
vn -0.5410 0.7635 0.3527
vn -0.5518 0.7468 0.3713
vn -0.5750 0.5757 0.5813
vn -0.5768 0.5864 0.5687
vn -0.4605 0.3659 0.8087
vn -0.5009 0.4321 0.7499
vn -0.5036 0.1940 0.8419
vn -0.3235 0.3538 0.8776
vn -0.0265 0.2289 0.9731
vn -0.0869 0.0754 0.9934
vn -0.0195 0.2673 0.9634
vn -0.0613 0.2806 0.9579
vn -0.2570 0.9417 0.2170
vn -0.1015 0.9880 0.1162
vn -0.1052 0.9816 0.1594
vn -0.3848 -0.2190 0.8966
vn -0.2078 -0.1979 0.9579
vn -0.2095 -0.1981 0.9575
vn -0.9807 -0.1793 -0.0774
vn -0.9830 -0.1835 -0.0030
vn -0.9830 -0.1835 -0.0026
vn -0.9808 -0.1795 -0.0766
vn 0.9516 0.2729 -0.1414
vn 0.9493 0.2774 -0.1483
vn 0.9492 0.2774 -0.1483
vn -0.1646 0.9797 0.1141
vn -0.1750 0.9710 0.1626
vn -0.0252 -0.1701 0.9851
vn -0.9806 -0.1386 -0.1382
vn -0.9806 -0.1393 -0.1379
vn 0.9261 0.3162 -0.2059
vn 0.9106 0.3699 -0.1847
vn 0.9100 0.3715 -0.1842
vn 0.9260 0.3164 -0.2058
vn -0.9901 -0.0277 -0.1379
vn -0.9904 -0.0224 -0.1365
vn 0.6783 0.7012 -0.2194
vn 0.5378 0.8078 -0.2411
vn 0.6671 0.7112 -0.2215
vn -0.9917 0.0560 -0.1156
vn 0.9380 0.2928 -0.1857
vn 0.9381 0.2927 -0.1854
vn 0.8465 0.4997 -0.1839
vn 0.8448 0.5024 -0.1842
vn -0.3463 0.3031 0.8878
vn -0.4225 0.2996 0.8554
vn -0.3228 0.2308 0.9179
vn -0.1330 0.3095 0.9415
vn -0.9756 0.1517 0.1586
vn -0.3412 0.2555 0.9046
vn -0.1930 0.2804 0.9403
vn -0.2980 0.1538 0.9421
vn -0.3573 0.1560 0.9209
vn -0.2169 0.0002 0.9762
vn -0.2788 -0.0130 0.9603
vn -0.5709 0.0929 0.8158
vn -0.4208 -0.0243 0.9068
vn -0.4123 -0.1177 0.9034
vn -0.9416 -0.2331 0.2430
vn -0.9568 -0.1181 0.2658
vn -0.9510 0.0874 0.2967
vn -0.9244 0.2631 0.2761
vn -0.9101 0.4072 0.0765
vn -0.9094 0.4055 0.0921
vn -0.9149 0.3179 0.2487
vn -0.9497 0.2822 -0.1358
vn -0.9931 0.0799 -0.0856
vn -0.9850 0.1222 -0.1219
vn -0.9384 0.3299 -0.1033
vn -0.9326 -0.3468 0.1003
vn -0.9950 -0.0971 0.0216
vn -0.8114 0.4339 0.3917
vn -0.8797 0.3039 0.3657
vn -0.9817 0.1887 0.0269
vn -0.9827 0.1802 0.0433
vn -0.9817 0.1884 0.0268
vn -0.9819 0.1893 0.0054
vn -0.1731 0.9640 0.2017
vn -0.9802 0.1978 0.0124
vn -0.9816 0.1901 -0.0163
vn -0.9660 0.2493 0.0688
vn -0.7329 0.6803 0.0102
vn -0.9444 0.3147 0.0954
vn -0.9998 0.0140 -0.0172
vn -0.9994 0.0151 0.0297
vn -0.9977 0.0599 0.0327
vn -0.8189 0.2362 -0.5231
vn -0.3372 0.4630 -0.8197
vn -0.4562 0.4385 -0.7743
vn -0.2119 0.4094 -0.8874
vn -0.2441 0.3458 -0.9060
vn -0.9718 0.1936 -0.1346
vn -0.5052 0.5839 -0.6355
vn -0.0115 -0.7254 -0.6882
vn -0.0112 -0.7253 -0.6884
vn -0.0397 -0.7372 -0.6745
vn 0.9037 0.4083 -0.1290
vn 0.9036 0.4084 -0.1289
vn -1.0000 -0.0079 0.0029
vn -0.9983 -0.0182 -0.0551
vn -0.9872 -0.0344 -0.1558
vn -1.0000 -0.0080 0.0048
vn -1.0000 -0.0043 0.0023
vn -0.9972 0.0078 0.0746
vn -0.9736 -0.0453 -0.2238
vn -0.9999 -0.0096 0.0097
vn -0.9934 -0.0892 0.0719
vn -0.7982 0.6023 -0.0115
vn -0.8714 0.4652 0.1559
vn -0.9157 -0.3989 0.0474
vn -0.9168 -0.3968 0.0443
vn -0.8982 -0.4218 0.1239
vn -0.8914 -0.4218 0.1659
vn -0.8953 -0.4276 -0.1253
vn -0.8917 -0.4277 -0.1484
vn -0.9137 -0.4040 -0.0449
vn -0.9230 -0.3789 -0.0674
vn 0.0066 -0.5844 -0.8115
vn 0.0085 -0.5781 -0.8160
vn 0.0151 -0.5557 -0.8312
vn 0.9550 0.2640 -0.1354
vn 0.2633 -0.5391 -0.8000
vn 0.0228 -0.5794 -0.8147
vn 0.0228 -0.5791 -0.8149
vn 0.2432 -0.5448 -0.8025
vn 0.3048 0.3329 0.8924
vn 0.4262 0.4041 0.8094
vn 0.3534 0.7085 0.6108
vn 0.2928 -0.4639 0.8361
vn 0.3633 -0.1591 0.9180
vn -0.5524 0.4369 0.7099
vn -0.4270 -0.0411 0.9033
vn 0.0187 0.8196 0.5727
vn -0.4287 0.6665 0.6099
vn 0.3203 0.8591 0.3992
vn 0.2916 0.9043 0.3119
vn 0.0122 0.9327 0.3604
vn -0.4733 0.7961 0.3771
vn -0.5176 0.3649 0.7739
vn -0.6930 0.6103 0.3838
vn 0.2732 0.1045 0.9563
vn 0.4754 0.6820 0.5557
vn -0.8708 -0.2850 0.4005
vn 0.3120 -0.5820 0.7510
vn -0.3921 -0.7226 0.5693
vn -0.1601 0.3156 0.9353
vn -0.0617 0.3378 0.9392
vn -0.9998 0.0134 -0.0177
vn -0.9868 0.1589 0.0310
vn 0.1740 0.9784 0.1118
vn 0.1740 0.9784 0.1115
vn 0.1743 0.9834 0.0505
vn 0.1418 0.3558 0.9238
vn 0.1435 0.3555 0.9236
vn 0.1452 0.3553 0.9234
vn 0.0790 -0.1445 -0.9864
vn -0.1752 0.4165 0.8921
vn -0.1719 0.3890 0.9051
vn -0.1893 0.6699 0.7180
vn -0.2092 0.8321 0.5137
vn -0.2046 0.9273 0.3136
vn -0.1663 0.9676 0.1898
vn -0.1052 0.9906 0.0877
vn -0.1599 0.9749 0.1549
vn -0.2125 0.9642 0.1588
vn -0.2052 0.9587 0.1972
vn -0.1608 0.9670 0.1976
vn -0.1951 0.9274 0.3193
vn -0.1712 0.9278 0.3316
vn -0.1723 0.8326 0.5264
vn -0.1924 0.8260 0.5298
vn -0.2281 0.9253 0.3031
vn -0.2480 0.9486 0.1967
vn -0.1651 0.8497 0.5007
vn -0.1138 0.6680 0.7354
vn -0.1678 0.6537 0.7379
vn -0.2196 0.6540 0.7239
vn -0.1035 0.4781 0.8722
vn -0.1097 0.4312 0.8956
vn -0.1561 0.4506 0.8790
vn -0.0167 0.2920 0.9563
vn -0.0343 0.3081 0.9507
vn -0.2451 0.9560 0.1610
vn -0.9781 -0.1853 0.0949
vn -0.9781 -0.1853 0.0951
vn -0.9689 -0.1891 0.1596
vn 0.0007 -0.5808 -0.8141
vn 0.0007 -0.5805 -0.8143
vn 0.2658 0.8626 0.4305
vn 0.9160 0.3667 -0.1628
vn -0.9968 0.0195 0.0780
vn -0.9941 0.0705 0.0829
vn -0.9617 0.2622 0.0799
vn -0.9548 0.2868 0.0778
vn -0.9833 0.1589 0.0891
vn 0.1833 0.8612 0.4741
vn 0.1804 0.9273 0.3279
vn 0.1804 0.9276 0.3272
vn 0.2790 0.9238 -0.2622
vn 0.2800 0.9222 -0.2667
vn 0.3057 0.8687 -0.3898
vn 0.2474 0.3371 -0.9084
vn 0.1588 0.9871 -0.0221
vn 0.1577 0.9873 -0.0215
vn -0.0369 0.0174 -0.9992
vn -0.0374 0.0261 -0.9990
vn -0.0374 0.0262 -0.9990
vn -0.5523 0.4370 0.7099
vn 0.0243 0.0058 -0.9997
vn 0.0374 0.0394 -0.9985
vn 0.0239 0.0049 -0.9997
vn -0.0380 0.0349 -0.9987
vn 0.2536 0.9672 -0.0103
vn 0.2403 0.9703 -0.0297
vn 0.2533 0.9673 -0.0108
vn 0.0108 -0.0286 -0.9995
vn 0.1563 0.9875 -0.0208
vn 0.1561 0.9875 -0.0207
vn 0.2480 0.9594 -0.1342
vn 0.2665 0.9638 0.0086
vn -0.0729 -0.6260 -0.7764
vn -0.0654 -0.6228 -0.7797
vn -0.1406 -0.6530 -0.7442
vn 0.4686 -0.4643 -0.7515
vn -0.2897 0.6590 -0.6941
vn -0.1460 0.7005 -0.6985
vn -0.1460 0.7008 -0.6983
vn -0.2611 0.6673 -0.6975
vn -0.3618 0.5653 -0.7413
vn -0.2711 0.5799 -0.7683
vn -0.2599 0.5009 -0.8255
vn -0.3359 0.4886 -0.8053
vn -0.1903 0.6140 -0.7660
vn -0.1838 0.4943 -0.8497
vn -0.1537 0.4621 -0.8734
vn -0.2334 0.5064 -0.8301
vn -0.1682 0.6978 -0.6963
vn -0.3712 0.6322 -0.6802
vn -0.2804 0.6626 -0.6946
vn -0.1919 0.0477 -0.9803
vt 0.062276 0.909507
vt 0.007488 0.117319
s 1
usemtl baseGradient.003
f 2125/17/1422 2727/17/1423 2725/17/1424 2128/17/1425
f 2124/17/1426 2112/17/1427 2726/17/1428 2126/17/1429
f 2127/17/1430 2724/17/1431 2722/17/1432 2130/17/1433
f 2126/17/1429 2726/17/1428 2727/17/1423 2125/17/1422
f 2128/17/1425 2725/17/1424 2724/17/1431 2127/17/1430
f 2130/17/1433 2722/17/1432 2719/17/1434 2129/17/1435
f 2108/17/1436 2713/17/1437 2712/17/1438 2109/17/1439
f 2723/17/1440 2714/17/1441 2713/17/1437 2108/17/1436
f 2109/17/1439 2711/17/1442 2708/17/1443 2107/17/1444
f 2731/17/1445 2109/17/1439 2107/17/1444 2707/17/1446
f 2733/17/1447 2723/17/1440 2108/17/1436 2732/17/1448
f 2706/17/1449 2107/17/1444 2704/17/1450
f 2732/17/1448 2108/17/1436 2109/17/1439 2731/17/1445
f 2122/17/1451 2130/17/1433 2129/17/1435 2123/17/1452
f 2117/17/1453 2128/17/1425 2127/17/1430 2121/17/1454
f 2729/17/1455 2126/17/1429 2125/17/1422 2728/17/1456
f 2121/17/1454 2127/17/1430 2130/17/1433 2122/17/1451
f 2730/17/1457 2124/17/1426 2126/17/1429 2729/17/1455
f 2728/17/1456 2125/17/1422 2128/17/1425 2117/17/1453
f 2267/17/1458 2111/17/1459 2115/17/1460 2268/17/1461
f 2335/17/1462 2137/17/1463 2136/17/1464 2328/17/1465
f 2265/17/1466 2101/17/1467 2111/17/1459 2267/17/1458
f 2710/17/1468 2103/17/1469 2179/17/1470
f 2104/17/1471 2715/17/1472 2135/17/1473 2282/17/1474
f 2328/17/1465 2136/17/1464 2135/17/1473 2330/17/1475
f 2283/17/1476 2282/17/1474 2135/17/1473 2136/17/1464
f 2268/17/1461 2746/17/1477 2860/17/1478 2165/17/1479
f 2115/17/1460 2114/17/1480 2169/17/1481 2354/17/1482 2220/17/1483 2222/17/1484
f 2137/17/1463 2803/17/1485 2140/17/1486
f 2163/17/1487 2739/17/1488 2737/17/1489 2162/17/1490
f 2335/17/1462 2896/17/1491 2803/17/1485 2137/17/1463
f 2143/17/1492 2145/17/1493 2144/17/1494 2740/17/1495
f 2317/17/1496 2147/17/1497 2146/17/1498 2318/17/1499
f 2322/17/1500 2319/17/1501 2150/17/1502 2158/17/1503
f 2159/17/1504 2148/17/1505 2149/17/1506 2157/17/1507
f 2321/17/1508 2320/17/1509 2891/17/1510 2155/17/1511
f 2156/17/1512 2742/17/1513 2741/17/1514 2154/17/1515
f 2148/17/1505 2156/17/1512 2154/17/1515 2149/17/1506
f 2319/17/1501 2321/17/1508 2155/17/1511 2150/17/1502
f 2143/17/1492 2159/17/1504 2157/17/1507 2145/17/1493
f 2317/17/1496 2322/17/1500 2158/17/1503 2147/17/1497
f 2159/17/1504 2164/17/1516 2161/17/1517 2148/17/1505
f 2143/17/1492 2160/17/1518 2164/17/1516 2159/17/1504
f 2148/17/1505 2161/17/1517 2163/17/1487 2156/17/1512
f 2156/17/1512 2163/17/1487 2162/17/1490 2742/17/1513
f 2330/17/1475 2135/17/1473 2715/17/1472 2745/17/1519
f 2160/17/1518 2736/17/1520 2735/17/1521 2164/17/1516
f 2164/17/1516 2735/17/1521 2807/17/1522 2161/17/1517
f 2161/17/1517 2813/17/1523 2739/17/1488 2163/17/1487
f 2162/17/1490 2220/17/1483 2815/17/1524 2742/17/1513
f 2169/17/1481 2112/17/1427 2755/17/1525 2754/17/1526
f 2112/17/1427 2172/17/1527 2756/17/1528 2755/17/1525
f 2323/17/1529 2174/17/1530 2759/17/1531 2758/17/1532
f 2170/17/1533 2171/17/1534 2892/17/1534 2922/17/1535
f 2324/17/1536 2173/17/1537 2924/17/1537 2923/17/1538
f 2920/17/1539 2919/17/1540 2926/17/1540 2927/17/1539
f 2143/17/1492 2740/17/1495 2175/17/1541 2160/17/1518
f 2337/17/1542 2176/17/1543 2140/17/1486 2338/17/1544
f 2737/17/1489 2760/17/1545 2222/17/1484 2162/17/1490
f 2176/17/1543 2177/17/1546 2137/17/1463 2140/17/1486
f 2778/17/1547 2763/17/1548 2791/17/1549 2287/17/1550
f 2763/17/1548 2762/17/1551 2709/17/1552 2791/17/1549
f 2762/17/1551 2764/17/1553 2716/17/1554 2709/17/1552
f 2764/17/1553 2765/17/1555 2717/17/1556 2716/17/1554
f 2765/17/1555 2766/17/1557 2184/17/1558 2717/17/1556
f 2769/17/1559 2784/17/1560 2186/17/1561 2271/17/1562
f 2766/17/1557 2767/17/1563 2770/17/1564 2184/17/1558
f 2176/17/1543 2771/17/1565 2177/17/1546
f 2273/17/1566 2772/17/1567 2867/17/1568 2190/17/1569
f 2776/17/1570 2774/17/1570 2885/17/1571 2873/17/1572
f 2276/17/1573 2882/17/1574 2883/17/1575 2275/17/1576
f 2779/17/1577 2780/17/1577 2875/17/1578 2178/17/1579
f 2778/17/1547 2177/17/1546 2189/17/1580 2286/17/1581
f 2873/17/1572 2885/17/1571 2781/17/1582 2284/17/1582
f 2277/17/1583 2881/17/1584 2882/17/1574 2276/17/1573
f 2181/17/1585 2876/17/1586 2877/17/1587 2182/17/1588
f 2278/17/1589 2880/17/1590 2881/17/1584 2277/17/1583
f 2187/17/1591 2879/17/1592 2782/17/1593 2768/17/1593
f 2272/17/1594 2783/17/1594 2880/17/1590 2278/17/1589
f 2180/17/1595 2874/17/1596 2876/17/1586 2181/17/1585
f 2183/17/1597 2878/17/1598 2879/17/1592 2187/17/1591
f 2856/17/1599 2197/17/1600 2788/17/1601 2116/17/1602
f 2283/17/1476 2136/17/1464 2137/17/1463 2790/17/1603
f 2279/17/1604 2280/17/1605 2200/17/1606 2196/17/1607
f 2280/17/1605 2281/17/1608 2202/17/1609 2200/17/1606
f 2184/17/1558 2188/17/1610 2201/17/1611 2199/17/1612
f 2717/17/1556 2184/17/1558 2199/17/1612
f 2271/17/1562 2186/17/1561 2202/17/1609 2281/17/1608
f 2789/17/1613 2799/17/1614 2734/17/1615
f 2100/17/1616 2792/17/1617 2793/17/1618 2097/17/1619
f 2734/17/1615 2799/17/1614 2792/17/1617 2100/17/1616
f 2096/17/1620 2795/17/1621 2797/17/1622 2098/17/1623
f 2098/17/1623 2797/17/1622 2798/17/1624 2095/17/1625
f 2097/17/1619 2793/17/1618 2795/17/1621 2096/17/1620
f 2160/17/1518 2175/17/1541 2800/17/1626 2736/17/1520
f 2338/17/1544 2140/17/1486 2803/17/1485 2802/17/1627
f 2270/17/1628 2134/17/1629 2806/17/1630 2805/17/1631
f 2771/17/1565 2773/17/1632 2189/17/1580 2177/17/1546
f 2864/17/1633 2812/17/1634 2134/17/1629 2270/17/1628
f 2860/17/1478 2215/17/1635 2165/17/1479
f 2813/17/1523 2161/17/1517 2811/17/1636
f 2807/17/1522 2811/17/1636 2161/17/1517
f 2165/17/1479 2215/17/1635 2750/17/1637
f 2809/17/1638 2265/17/1466 2212/17/1639 2810/17/1640
f 2112/17/1427 2169/17/1481 2114/17/1480 2113/17/1641
f 2124/17/1426 2217/17/1642 2172/17/1527 2112/17/1427
f 2730/17/1457 2216/17/1643 2217/17/1642 2124/17/1426
f 2325/17/1644 2219/17/1645 2174/17/1530 2323/17/1529
f 2326/17/1646 2218/17/1647 2219/17/1645 2325/17/1644
f 2760/17/1545 2747/17/1648 2115/17/1460 2222/17/1484
f 2220/17/1483 2162/17/1490 2222/17/1484
f 2354/17/1482 2169/17/1481 2754/17/1526 2752/17/1649
f 2355/17/1650 2753/17/1651 2894/17/1651 2925/17/1652
f 2168/17/1653 2170/17/1533 2922/17/1535 2921/17/1654
f 2118/17/1655 2822/17/1656 2824/17/1657 2119/17/1658
f 2122/17/1451 2827/17/1659 2826/17/1660 2121/17/1454
f 2119/17/1658 2824/17/1657 2825/17/1661 2120/17/1661
f 2117/17/1453 2820/17/1662 2822/17/1656 2118/17/1655
f 2123/17/1452 2828/17/1663 2827/17/1659 2122/17/1451
f 2121/17/1454 2826/17/1660 2820/17/1662 2117/17/1453
f 2723/17/1440 2733/17/1447 2234/17/1664
f 2129/17/1435 2831/17/1665 2123/17/1452
f 2095/17/1625 2832/17/1666 2829/17/1667 2830/17/1668
f 2798/17/1624 2833/17/1669 2832/17/1666 2095/17/1625
f 2233/17/1670 2838/17/1671 2837/17/1672 2123/17/1452
f 2123/17/1452 2837/17/1672 2835/17/1673 2828/17/1663
f 2208/17/1674 2240/17/1675 2239/17/1676 2207/17/1677
f 2198/17/1678 2241/17/1678 2240/17/1675 2208/17/1674
f 2821/17/1679 2839/17/1679 2840/17/1679 2823/17/1679
f 2227/17/1680 2243/17/1680 2244/17/1681 2228/17/1682
f 2203/17/1683 2235/17/1684 2841/17/1685 2834/17/1685
f 2228/17/1682 2244/17/1681 2245/17/1686 2229/17/1686
f 2207/17/1677 2239/17/1676 2842/17/1687 2794/17/1687
f 2205/17/1688 2237/17/1688 2843/17/1688 2796/17/1688
f 2230/17/1689 2246/17/1690 2242/17/1691 2226/17/1691
f 2204/17/1692 2236/17/1692 2238/17/1693 2206/17/1694
f 2231/17/1695 2247/17/1696 2246/17/1690 2230/17/1689
f 2836/17/1697 2844/17/1697 2248/17/1698 2232/17/1699
f 2232/17/1699 2248/17/1698 2247/17/1696 2231/17/1695
f 2206/17/1694 2238/17/1693 2235/17/1684 2203/17/1683
f 2224/17/1700 2743/17/1700 2912/17/1700 2914/17/1700
f 2152/17/1701 2348/17/1702 2913/17/1703 2744/17/1704
f 2315/17/1705 2316/17/1706 2259/17/1707 2258/17/1708
f 2847/17/1709 2848/17/1710 2257/17/1711 2853/17/1712
f 2311/17/1713 2845/17/1714 2849/17/1715 2851/17/1716
f 2310/17/1717 2309/17/1718 2253/17/1719 2252/17/1720
f 2316/17/1706 2310/17/1717 2252/17/1720 2259/17/1707
f 2848/17/1710 2315/17/1705 2258/17/1708 2257/17/1711
f 2845/17/1714 2846/17/1721 2852/17/1721 2849/17/1715
f 2309/17/1718 2311/17/1713 2851/17/1716 2253/17/1719
f 2105/17/1722 2262/17/1723 2102/17/1724
f 2262/17/1723 2261/17/1725 2107/17/1444 2708/17/1443
f 2720/17/1726 2856/17/1599 2116/17/1602 2705/17/1726
f 2261/17/1725 2721/17/1727 2704/17/1450 2107/17/1444
f 2257/17/1711 2258/17/1708 2718/17/1728 2854/17/1728
f 2253/17/1719 2851/17/1716 2721/17/1727 2261/17/1725
f 2258/17/1708 2259/17/1707 2105/17/1722 2106/17/1729
f 2254/17/1730 2850/17/1730 2857/17/1730 2263/17/1730
f 2252/17/1720 2253/17/1719 2261/17/1725 2262/17/1723
f 2259/17/1707 2252/17/1720 2262/17/1723 2105/17/1722
f 2853/17/1712 2257/17/1711 2855/17/1731 2858/17/1731
f 2255/17/1732 2256/17/1732 2859/17/1732 2110/17/1732
f 2197/17/1600 2264/17/1733 2260/17/1734 2196/17/1607
f 2856/17/1599 2264/17/1733 2197/17/1600
f 2196/17/1607 2260/17/1734 2717/17/1556 2279/17/1604
f 2099/17/1735 2101/17/1467 2265/17/1466 2809/17/1638
f 2115/17/1460 2747/17/1648 2746/17/1477 2268/17/1461
f 2212/17/1639 2265/17/1466 2267/17/1458 2213/17/1736
f 2213/17/1736 2267/17/1458 2268/17/1461 2165/17/1479
f 2131/17/1737 2808/17/1738 2900/17/1738 2340/17/1739
f 2804/17/1740 2339/17/1741 2907/17/1741 2908/17/1740
f 2339/17/1741 2801/17/1742 2862/17/1742 2907/17/1741
f 2761/17/1743 2748/17/1743 2905/17/1743 2897/17/1743
f 2860/17/1478 2864/17/1633 2270/17/1628 2215/17/1635
f 2215/17/1635 2270/17/1628 2805/17/1631 2750/17/1637
f 2195/17/1744 2194/17/1744 2185/17/1744
f 2188/17/1610 2271/17/1562 2281/17/1608 2201/17/1611
f 2199/17/1612 2201/17/1611 2281/17/1608 2280/17/1605
f 2717/17/1556 2199/17/1612 2280/17/1605 2279/17/1604
f 2784/17/1560 2769/17/1559 2868/17/1745 2785/17/1746
f 2787/17/1747 2785/17/1746 2868/17/1745 2869/17/1748
f 2193/17/1749 2787/17/1747 2869/17/1748 2870/17/1750
f 2192/17/1751 2193/17/1749 2870/17/1750 2871/17/1752
f 2191/17/1753 2192/17/1751 2871/17/1752 2872/17/1754
f 2285/17/1755 2191/17/1753 2872/17/1754 2777/17/1756
f 2189/17/1580 2773/17/1632 2772/17/1567 2273/17/1566
f 2767/17/1563 2769/17/1559 2271/17/1562 2770/17/1564
f 2190/17/1569 2285/17/1755 2777/17/1756 2273/17/1566
f 2103/17/1469 2283/17/1476 2790/17/1603 2179/17/1470
f 2178/17/1579 2875/17/1578 2874/17/1596 2180/17/1595
f 2273/17/1566 2777/17/1756 2286/17/1581 2189/17/1580
f 2177/17/1546 2778/17/1547 2287/17/1550 2137/17/1463
f 2103/17/1469 2104/17/1471 2282/17/1474 2283/17/1476
f 2775/17/1757 2302/17/1758 2297/17/1759 2296/17/1760
f 2302/17/1758 2303/17/1761 2298/17/1762 2297/17/1759
f 2303/17/1761 2304/17/1763 2299/17/1764 2298/17/1762
f 2289/17/1765 2290/17/1766 2297/17/1759 2298/17/1762
f 2291/17/1767 2289/17/1765 2298/17/1762 2299/17/1764
f 2299/17/1764 2301/17/1768 2292/17/1769 2291/17/1767
f 2304/17/1763 2305/17/1770 2301/17/1768 2299/17/1764
f 2301/17/1768 2300/17/1771 2293/17/1772 2292/17/1769
f 2305/17/1770 2306/17/1773 2300/17/1771 2301/17/1768
f 2295/17/1774 2294/17/1775 2300/17/1771 2306/17/1773
f 2293/17/1772 2300/17/1771 2294/17/1775
f 2290/17/1766 2308/17/1776 2296/17/1760 2297/17/1759
f 2275/17/1576 2883/17/1575 2884/17/1777 2274/17/1778
f 2182/17/1588 2877/17/1587 2878/17/1598 2183/17/1597
f 2274/17/1778 2884/17/1777 2307/17/1779 2288/17/1779
f 2250/18/1780 2886/18/1780 2311/18/1713 2309/18/1718
f 2886/18/1780 2887/18/1780 2312/18/1780 2311/18/1713
f 2887/18/1780 2888/18/1780 2313/18/1780 2312/18/1780
f 2888/18/1780 2889/18/1780 2314/18/1780 2313/18/1780
f 2889/18/1780 2890/18/1780 2315/18/1705 2314/18/1780
f 2890/18/1780 2251/18/1780 2316/18/1706 2315/18/1705
f 2251/18/1780 2249/18/1780 2310/18/1717 2316/18/1706
f 2249/18/1780 2250/18/1780 2309/18/1718 2310/18/1717
f 2818/17/1781 2817/17/1782 2915/17/1783 2916/17/1781
f 2919/17/1540 2355/17/1650 2925/17/1652 2926/17/1540
f 2216/17/1643 2326/17/1646 2325/17/1644 2217/17/1642
f 2217/17/1642 2325/17/1644 2323/17/1529 2172/17/1527
f 2757/17/1784 2324/17/1536 2923/17/1538 2360/17/1784
f 2352/17/1785 2168/17/1653 2921/17/1654 2895/17/1785
f 2172/17/1527 2323/17/1529 2758/17/1532 2756/17/1528
f 2145/17/1493 2157/17/1507 2322/17/1500 2317/17/1496
f 2149/17/1506 2154/17/1515 2321/17/1508 2319/17/1501
f 2154/17/1515 2741/17/1514 2320/17/1509 2321/17/1508
f 2157/17/1507 2149/17/1506 2319/17/1501 2322/17/1500
f 2145/17/1493 2317/17/1496 2318/17/1499 2144/17/1494
f 2212/17/1639 2331/17/1786 2332/17/1787 2810/17/1640
f 2331/17/1786 2330/17/1475 2745/17/1519 2332/17/1787
f 2165/17/1479 2750/17/1637 2749/17/1788 2336/17/1789
f 2336/17/1789 2749/17/1788 2896/17/1491 2335/17/1462
f 2213/17/1736 2329/17/1790 2331/17/1786 2212/17/1639
f 2329/17/1790 2328/17/1465 2330/17/1475 2331/17/1786
f 2165/17/1479 2336/17/1789 2329/17/1790 2213/17/1736
f 2336/17/1789 2335/17/1462 2328/17/1465 2329/17/1790
f 2209/17/1791 2139/17/1792 2903/17/1793 2863/17/1791
f 2132/17/1794 2738/17/1795 2865/17/1795 2904/17/1796
f 2133/17/1797 2221/17/1797 2898/17/1797 2866/17/1797
f 2751/17/1798 2899/17/1798 2906/17/1799 2334/17/1799
f 2211/17/1800 2214/17/1801 2909/17/1802 2901/17/1800
f 2175/17/1541 2338/17/1544 2802/17/1627 2800/17/1626
f 2142/17/1803 2337/17/1542 2338/17/1544 2175/17/1541
f 2269/17/1804 2911/17/1805 2902/17/1806 2814/17/1806
f 2139/17/1792 2131/17/1737 2340/17/1739 2903/17/1793
f 2214/17/1801 2167/17/1807 2343/17/1807 2909/17/1802
f 2266/17/1808 2341/17/1809 2910/17/1810 2861/17/1810
f 2166/17/1811 2346/17/1811 2911/17/1805 2269/17/1804
f 2333/17/1812 2347/17/1812 2344/17/1813 2141/17/1813
f 2210/17/1814 2132/17/1794 2904/17/1796 2345/17/1814
f 2334/17/1799 2906/17/1799 2347/17/1812 2333/17/1812
f 2138/17/1815 2342/17/1815 2341/17/1809 2266/17/1808
f 2817/17/1782 2223/17/1816 2351/17/1817 2915/17/1783
f 2223/17/1816 2816/17/1818 2350/17/1818 2351/17/1817
f 2151/17/1819 2349/17/1819 2348/17/1702 2152/17/1701
f 2744/17/1704 2913/17/1703 2917/17/1820 2153/17/1820
f 2819/17/1821 2918/17/1822 2356/17/1823 2327/17/1824
f 2815/17/1524 2752/17/1649 2918/17/1822 2819/17/1821
f 2327/17/1824 2356/17/1823 2353/17/1825 2225/17/1825
f 2220/17/1483 2354/17/1482 2752/17/1649 2815/17/1524
f 2358/17/1826 2359/17/1827 2368/17/1828 2364/17/1829
f 2363/17/1830 2367/17/1831 2369/17/1832 2366/17/1833
f 2361/17/1834 2362/17/1835 2369/17/1832 2367/17/1831
f 2359/17/1827 2893/17/1836 2368/17/1828
f 2370/17/1837 2363/17/1830 2366/17/1833 2365/17/1838
f 2357/17/1839 2358/17/1826 2364/17/1829 2371/17/1840
f 2371/17/1840 2364/17/1829 2363/17/1830 2370/17/1837
f 2893/17/1836 2361/17/1834 2367/17/1831 2368/17/1828
f 2364/17/1829 2368/17/1828 2367/17/1831 2363/17/1830
f 2928/17/1841 2930/17/1841 2932/17/1841 2934/17/1841
f 2931/17/1842 2936/17/1842 2938/17/1842 2933/17/1842
f 2937/17/1843 2939/17/1843 2942/17/1843 2940/17/1843
f 2941/17/1844 2944/17/1844 2946/17/1844 2943/17/1844
f 2375/17/1845 2377/17/1845 2379/17/1845 2947/17/1845 2950/17/1845 2935/17/1845
f 2945/17/1842 2381/17/1842 2951/17/1842 2948/17/1842
f 2949/17/1843 2929/17/1843 2373/17/1843 2383/17/1843
f 2372/17/1846 2382/17/1846 2380/17/1846 2378/17/1846 2376/17/1846 2374/17/1846
f 2952/17/1841 2954/17/1841 2956/17/1841 2958/17/1841
f 2955/17/1842 2960/17/1842 2962/17/1842 2957/17/1842
f 2961/17/1847 2964/17/1847 2966/17/1847 2963/17/1847
f 2965/17/1844 2968/17/1844 2970/17/1844 2967/17/1844
f 2387/17/1845 2389/17/1845 2391/17/1845 2971/17/1845 2974/17/1845 2959/17/1845
f 2969/17/1848 2972/17/1848 2975/17/1848 2393/17/1848
f 2973/17/1843 2953/17/1843 2385/17/1843 2395/17/1843
f 2384/17/1846 2394/17/1846 2392/17/1846 2390/17/1846 2388/17/1846 2386/17/1846
f 2980/17/1849 2406/17/1849 2991/17/1849 2981/17/1849
f 2978/17/1850 2404/17/1850 2992/17/1850 2976/17/1850
f 2989/17/1851 2411/17/1851 2404/17/1851 2978/17/1851
f 2985/17/1852 2409/17/1852 2995/17/1852 2986/17/1852
f 2982/17/1853 2407/17/1853 2408/17/1853 2983/17/1853
f 2977/17/1854 2405/17/1854 2990/17/1854 2979/17/1854
f 2987/17/1855 2410/17/1855 2993/17/1855 2988/17/1855
f 2983/17/1856 2408/17/1856 2994/17/1856 2984/17/1856
f 2399/17/1857 2999/17/1857 2998/17/1857 2398/17/1857
f 2397/17/1858 2996/17/1858 2997/17/1858 2396/17/1858
f 2396/17/1859 2997/17/1859 3003/17/1859 2403/17/1859
f 2402/17/1860 3002/17/1860 3001/17/1860 2401/17/1860
f 2400/17/1861 3000/17/1861 2999/17/1861 2399/17/1861
f 2398/17/1862 2998/17/1862 2996/17/1862 2397/17/1862
f 2403/17/1863 3003/17/1863 3002/17/1863 2402/17/1863
f 2401/17/1864 3001/17/1864 3000/17/1864 2400/17/1864
f 2442/17/1865 2445/17/1866 3025/17/1867 3027/17/1868
f 2441/17/1869 2443/17/1870 3026/17/1871 2429/17/1872
f 2444/17/1873 2447/17/1874 3022/17/1875 3024/17/1876
f 2443/17/1870 2442/17/1865 3027/17/1868 3026/17/1871
f 2445/17/1866 2444/17/1873 3024/17/1876 3025/17/1867
f 2447/17/1874 2446/17/1877 3019/17/1878 3022/17/1875
f 2425/17/1879 2426/17/1880 3012/17/1881 3013/17/1882
f 3023/17/1883 2425/17/1879 3013/17/1882 3014/17/1884
f 2426/17/1880 2424/17/1885 3008/17/1886 3011/17/1887
f 3031/17/1888 3007/17/1889 2424/17/1885 2426/17/1880
f 3033/17/1890 3032/17/1891 2425/17/1879 3023/17/1883
f 3006/17/1892 3004/17/1893 2424/17/1885
f 3032/17/1891 3031/17/1888 2426/17/1880 2425/17/1879
f 2439/17/1894 2440/17/1895 2446/17/1877 2447/17/1874
f 2434/17/1896 2438/17/1897 2444/17/1873 2445/17/1866
f 3029/17/1898 3028/17/1899 2442/17/1865 2443/17/1870
f 2438/17/1897 2439/17/1894 2447/17/1874 2444/17/1873
f 3030/17/1900 3029/17/1898 2443/17/1870 2441/17/1869
f 3028/17/1899 2434/17/1896 2445/17/1866 2442/17/1865
f 2565/17/1901 2566/17/1902 2432/17/1903 2428/17/1904
f 2632/17/1905 2625/17/1906 2453/17/1907 2454/17/1908
f 2563/17/1909 2565/17/1901 2428/17/1904 2418/17/1910
f 3010/17/1911 2488/17/1912 2420/17/1913
f 2421/17/1914 2580/17/1915 2452/17/1916 3015/17/1917
f 2625/17/1906 2627/17/1918 2452/17/1916 2453/17/1907
f 2581/17/1919 2453/17/1907 2452/17/1916 2580/17/1915
f 2566/17/1902 2476/17/1920 3154/17/1921 3046/17/1922
f 2432/17/1903 2521/17/1923 2519/17/1924 2650/17/1925 2480/17/1926 2431/17/1927
f 2454/17/1908 2457/17/1928 3098/17/1929
f 2474/17/1930 2473/17/1931 3037/17/1932 3039/17/1933
f 2632/17/1905 2454/17/1908 3098/17/1929 3188/17/1934
f 2460/17/1935 3040/17/1936 2461/17/1937 2462/17/1938
f 2614/17/1939 2615/17/1940 2146/17/1498 2147/17/1497
f 2619/17/1941 2158/17/1503 2150/17/1502 2616/17/1942
f 2470/17/1943 2469/17/1944 2464/17/1945 2463/17/1946
f 2618/17/1947 2155/17/1511 2891/17/1510 2617/17/1948
f 2468/17/1949 2467/17/1950 3041/17/1951 3042/17/1952
f 2463/17/1946 2464/17/1945 2467/17/1950 2468/17/1949
f 2616/17/1942 2150/17/1502 2155/17/1511 2618/17/1947
f 2460/17/1935 2462/17/1938 2469/17/1944 2470/17/1943
f 2614/17/1939 2147/17/1497 2158/17/1503 2619/17/1941
f 2470/17/1943 2463/17/1946 2472/17/1953 2475/17/1954
f 2460/17/1935 2470/17/1943 2475/17/1954 2471/17/1955
f 2463/17/1946 2468/17/1949 2474/17/1930 2472/17/1953
f 2468/17/1949 3042/17/1952 2473/17/1931 2474/17/1930
f 2627/17/1918 3045/17/1956 3015/17/1917 2452/17/1916
f 2471/17/1955 2475/17/1954 3035/17/1957 3036/17/1958
f 2475/17/1954 2472/17/1953 3102/17/1959 3035/17/1957
f 2472/17/1953 2474/17/1930 3039/17/1933 3108/17/1960
f 2473/17/1931 3042/17/1952 3110/17/1961 2519/17/1924
f 2480/17/1926 3054/17/1962 3055/17/1963 2429/17/1872
f 2429/17/1872 3055/17/1963 3056/17/1964 2483/17/1965
f 2620/17/1966 3058/17/1967 2759/17/1531 2174/17/1530
f 2481/17/1968 3211/17/1969 3184/17/1970 2482/17/1970
f 2621/17/1971 3212/17/1972 2924/17/1537 2173/17/1537
f 2920/17/1539 2927/17/1539 3214/17/1973 3209/17/1973
f 2460/17/1935 2471/17/1955 2484/17/1974 3040/17/1936
f 2634/17/1975 2635/17/1976 2457/17/1928 2485/17/1977
f 3037/17/1932 2473/17/1931 2521/17/1923 3059/17/1978
f 2485/17/1977 2457/17/1928 2454/17/1908 2486/17/1979
f 3077/17/1980 2584/17/1981 3086/17/1982 3062/17/1983
f 3062/17/1983 3086/17/1982 3009/17/1984 3061/17/1985
f 3061/17/1985 3009/17/1984 3016/17/1986 3063/17/1987
f 3063/17/1987 3016/17/1986 3017/17/1988 3064/17/1989
f 3064/17/1989 3017/17/1988 2493/17/1990 3065/17/1991
f 3068/17/1992 2569/17/1993 2186/17/1561 2784/17/1560
f 3065/17/1991 2493/17/1990 3069/17/1994 3066/17/1995
f 2485/17/1977 2486/17/1979 3070/17/1996
f 2571/17/1997 2190/17/1569 2867/17/1568 3071/17/1998
f 3075/17/1999 3166/17/2000 3178/17/2001 3073/17/1999
f 2574/17/2002 2573/17/2003 3176/17/2004 3175/17/2005
f 3078/17/2006 2487/17/2007 3168/17/2008 3079/17/2006
f 3077/17/1980 2583/17/2009 2496/17/2010 2486/17/1979
f 3166/17/2000 2582/17/2011 3080/17/2011 3178/17/2001
f 2575/17/2012 2574/17/2002 3175/17/2005 3174/17/2013
f 2490/17/2014 2491/17/2015 3170/17/2016 3169/17/2017
f 2576/17/2018 2575/17/2012 3174/17/2013 3173/17/2019
f 2494/17/2020 3067/17/2021 3081/17/2021 3172/17/2022
f 2570/17/2023 2576/17/2018 3173/17/2019 3082/17/2023
f 2489/17/2024 2490/17/2014 3169/17/2017 3167/17/2025
f 2492/17/2026 2494/17/2020 3172/17/2022 3171/17/2027
f 3150/17/2028 2433/17/2029 3083/17/2030 2498/17/2031
f 2581/17/1919 3085/17/2032 2454/17/1908 2453/17/1907
f 2577/17/2033 2497/17/2034 2501/17/2035 2578/17/2036
f 2578/17/2036 2501/17/2035 2503/17/2037 2579/17/2038
f 2493/17/1990 2500/17/2039 2502/17/2040 2495/17/2041
f 3017/17/1988 2500/17/2039 2493/17/1990
f 2569/17/1993 2579/17/2038 2503/17/2037 2186/17/1561
f 3084/17/2042 3034/17/2043 3094/17/2044
f 2417/17/2045 2414/17/2046 3088/17/2047 3087/17/2048
f 3034/17/2043 2417/17/2045 3087/17/2048 3094/17/2044
f 2413/17/2049 2415/17/2050 3092/17/2051 3090/17/2052
f 2415/17/2050 2412/17/2053 3093/17/2054 3092/17/2051
f 2414/17/2046 2413/17/2049 3090/17/2052 3088/17/2047
f 2471/17/1955 3036/17/1958 3095/17/2055 2484/17/1974
f 2635/17/1976 3097/17/2056 3098/17/1929 2457/17/1928
f 2568/17/2057 3100/17/2058 3101/17/2059 2451/17/2060
f 3070/17/1996 2486/17/1979 2496/17/2010 3072/17/2061
f 3158/17/2062 2568/17/2057 2451/17/2060 3107/17/2063
f 3154/17/1921 2476/17/1920 2516/17/2064
f 3108/17/1960 3106/17/2065 2472/17/1953
f 3102/17/1959 2472/17/1953 3106/17/2065
f 2476/17/1920 3050/17/2066 2516/17/2064
f 3104/17/2067 3105/17/2068 2513/17/2069 2563/17/1909
f 2429/17/1872 2430/17/2070 2431/17/1927 2480/17/1926
f 2441/17/1869 2429/17/1872 2483/17/1965 2518/17/2071
f 3030/17/1900 2441/17/1869 2518/17/2071 2517/17/2072
f 2622/17/2073 2620/17/1966 2174/17/1530 2219/17/1645
f 2623/17/2074 2622/17/2073 2219/17/1645 2218/17/1647
f 3059/17/1978 2521/17/1923 2432/17/1903 3047/17/2075
f 2519/17/1924 2521/17/1923 2473/17/1931
f 2650/17/1925 3052/17/2076 3054/17/1962 2480/17/1926
f 2651/17/2077 3213/17/2078 3186/17/2079 3053/17/2079
f 2479/17/2080 3210/17/2081 3211/17/1969 2481/17/1968
f 2435/17/2082 2436/17/2083 3118/17/2084 3116/17/2085
f 2439/17/1894 2438/17/1897 3120/17/2086 3121/17/2087
f 2436/17/2083 2437/17/2088 3119/17/2088 3118/17/2084
f 2434/17/1896 2435/17/2082 3116/17/2085 3114/17/2089
f 2440/17/1895 2439/17/1894 3121/17/2087 3122/17/2090
f 2438/17/1897 2434/17/1896 3114/17/2089 3120/17/2086
f 3023/17/1883 2532/17/2091 3033/17/1890
f 2446/17/1877 2440/17/1895 3125/17/2092
f 2412/17/2053 3124/17/2093 3123/17/2094 3126/17/2095
f 3093/17/2054 2412/17/2053 3126/17/2095 3127/17/2096
f 2531/17/2097 2440/17/1895 3131/17/2098 3132/17/2099
f 2440/17/1895 3122/17/2090 3129/17/2100 3131/17/2098
f 2509/17/2101 2508/17/1677 2537/17/1676 2538/17/2102
f 2499/17/2103 2509/17/2101 2538/17/2102 2539/17/2103
f 3115/17/1679 3117/17/1679 3134/17/1679 3133/17/1679
f 2525/17/1680 2526/17/1682 2542/17/1681 2541/17/1680
f 2504/17/1683 3128/17/1685 3135/17/1685 2533/17/1684
f 2526/17/1682 2527/17/1686 2543/17/1686 2542/17/1681
f 2508/17/1677 3089/17/1687 3136/17/1687 2537/17/1676
f 2506/17/1688 3091/17/1688 3137/17/1688 2535/17/1688
f 2528/17/1689 2524/17/1691 2540/17/1691 2544/17/1690
f 2505/17/1692 2507/17/1694 2536/17/1693 2534/17/1692
f 2529/17/1695 2528/17/1689 2544/17/1690 2545/17/1696
f 3130/17/1697 2530/17/1699 2546/17/1698 3138/17/1697
f 2530/17/1699 2529/17/1695 2545/17/1696 2546/17/1698
f 2507/17/1694 2504/17/1683 2533/17/1684 2536/17/1693
f 2523/17/2104 3043/17/2104 3204/17/2104 3206/17/2104
f 2466/17/2105 3044/17/2106 3205/17/2107 2645/17/2108
f 2612/17/2109 2556/17/2110 2557/17/2111 2613/17/1718
f 3141/17/1721 3147/17/2112 2555/17/2113 3142/17/1714
f 2608/17/1705 3145/17/2114 3143/17/2115 3139/17/1710
f 2607/17/1717 2550/17/2116 2551/17/2117 2606/17/1706
f 2613/17/1718 2557/17/2111 2550/17/2116 2607/17/1717
f 3142/17/1714 2555/17/2113 2556/17/2110 2612/17/2109
f 3139/17/1710 3143/17/2115 3146/17/1709 3140/17/1709
f 2606/17/1706 2551/17/2117 3145/17/2114 2608/17/1705
f 2422/17/2118 2419/17/2119 2560/17/2120
f 2560/17/2120 3008/17/1886 2424/17/1885 2559/17/2121
f 3020/17/2122 3005/17/2122 2433/17/2029 3150/17/2028
f 2559/17/2121 2424/17/1885 3004/17/1893 3021/17/2123
f 2555/17/2113 3148/17/2124 3018/17/2124 2556/17/2110
f 2551/17/2117 2559/17/2121 3021/17/2123 3145/17/2114
f 2556/17/2110 2423/17/2125 2422/17/2118 2557/17/2111
f 2552/17/2126 2561/17/2126 3151/17/2126 3144/17/2126
f 2550/17/2116 2560/17/2120 2559/17/2121 2551/17/2117
f 2557/17/2111 2422/17/2118 2560/17/2120 2550/17/2116
f 3147/17/2112 3152/17/2127 3149/17/2127 2555/17/2113
f 2553/17/2128 2427/17/2128 3153/17/2128 2554/17/2128
f 2498/17/2031 2497/17/2034 2558/17/2129 2562/17/2130
f 3150/17/2028 2498/17/2031 2562/17/2130
f 2497/17/2034 2577/17/2033 3017/17/1988 2558/17/2129
f 2416/17/2131 3104/17/2067 2563/17/1909 2418/17/1910
f 2432/17/1903 2566/17/1902 3046/17/1922 3047/17/2075
f 2513/17/2069 2514/17/2132 2565/17/1901 2563/17/1909
f 2514/17/2132 2476/17/1920 2566/17/1902 2565/17/1901
f 2448/17/2133 2637/17/2134 3192/17/2135 3103/17/2135
f 3099/17/2136 3200/17/2136 3199/17/2137 2636/17/2137
f 2636/17/2137 3199/17/2137 3156/17/2138 3096/17/2138
f 3060/17/2139 3189/17/2139 3197/17/2139 3048/17/2139
f 3154/17/1921 2516/17/2064 2568/17/2057 3158/17/2062
f 2516/17/2064 3050/17/2066 3100/17/2058 2568/17/2057
f 2495/17/2041 2502/17/2040 2579/17/2038 2569/17/1993
f 2500/17/2039 2578/17/2036 2579/17/2038 2502/17/2040
f 3017/17/1988 2577/17/2033 2578/17/2036 2500/17/2039
f 2784/17/1560 2786/17/2140 3161/17/2141 3068/17/1992
f 2787/17/1747 3162/17/2142 3161/17/2141 2786/17/2140
f 2193/17/1749 3163/17/2143 3162/17/2142 2787/17/1747
f 2192/17/1751 3164/17/2144 3163/17/2143 2193/17/1749
f 2191/17/1753 3165/17/2145 3164/17/2144 2192/17/1751
f 2285/17/1755 3076/17/2146 3165/17/2145 2191/17/1753
f 2496/17/2010 2571/17/1997 3071/17/1998 3072/17/2061
f 3066/17/1995 3069/17/1994 2569/17/1993 3068/17/1992
f 2190/17/1569 2571/17/1997 3076/17/2146 2285/17/1755
f 2420/17/1913 2488/17/1912 3085/17/2032 2581/17/1919
f 2487/17/2007 2489/17/2024 3167/17/2025 3168/17/2008
f 2571/17/1997 2496/17/2010 2583/17/2009 3076/17/2146
f 2486/17/1979 2454/17/1908 2584/17/1981 3077/17/1980
f 2420/17/1913 2581/17/1919 2580/17/1915 2421/17/1914
f 3074/17/2147 2593/17/2148 2594/17/2149 2599/17/2150
f 2599/17/2150 2594/17/2149 2595/17/2151 2600/17/2152
f 2600/17/2152 2595/17/2151 2596/17/2153 2601/17/2154
f 2586/17/2155 2595/17/2151 2594/17/2149 2587/17/2156
f 2588/17/2157 2596/17/2153 2595/17/2151 2586/17/2155
f 2596/17/2153 2588/17/2157 2589/17/2158 2598/17/2159
f 2601/17/2154 2596/17/2153 2598/17/2159 2602/17/2160
f 2598/17/2159 2589/17/2158 2590/17/2161 2597/17/2162
f 2602/17/2160 2598/17/2159 2597/17/2162 2603/17/2163
f 2592/17/2164 2603/17/2163 2597/17/2162 2591/17/2165
f 2590/17/2161 2591/17/2165 2597/17/2162
f 2587/17/2156 2594/17/2149 2593/17/2148 2605/17/2166
f 2573/17/2003 2572/17/2167 3177/17/2168 3176/17/2004
f 2491/17/2015 2492/17/2026 3171/17/2027 3170/17/2016
f 2572/17/2167 2585/17/2169 2604/17/2169 3177/17/2168
f 2548/18/1780 2606/18/1706 2608/18/1705 3179/18/1780
f 3179/18/1780 2608/18/1705 2609/18/1780 3180/18/1780
f 3180/18/1780 2609/18/1780 2610/18/1780 3181/18/1780
f 3181/18/1780 2610/18/1780 2611/18/1780 3182/18/1780
f 3182/18/1780 2611/18/1780 2612/18/2109 3183/18/1780
f 3183/18/1780 2612/18/2109 2613/18/1718 2549/18/1780
f 2549/18/1780 2613/18/1718 2607/18/1717 2547/18/1780
f 2547/18/1780 2607/18/1717 2606/18/1706 2548/18/1780
f 2818/17/1781 2916/17/1781 3207/17/2170 3112/17/2171
f 3209/17/1973 3214/17/1973 3213/17/2078 2651/17/2077
f 2517/17/2072 2518/17/2071 2622/17/2073 2623/17/2074
f 2518/17/2071 2483/17/1965 2620/17/1966 2622/17/2073
f 3057/17/2172 2656/17/2172 3212/17/1972 2621/17/1971
f 2649/17/2173 3187/17/2173 3210/17/2081 2479/17/2080
f 2483/17/1965 3056/17/1964 3058/17/1967 2620/17/1966
f 2462/17/1938 2614/17/1939 2619/17/1941 2469/17/1944
f 2464/17/1945 2616/17/1942 2618/17/1947 2467/17/1950
f 2467/17/1950 2618/17/1947 2617/17/1948 3041/17/1951
f 2469/17/1944 2619/17/1941 2616/17/1942 2464/17/1945
f 2462/17/1938 2461/17/1937 2615/17/1940 2614/17/1939
f 2513/17/2069 3105/17/2068 2629/17/2174 2628/17/2175
f 2628/17/2175 2629/17/2174 3045/17/1956 2627/17/1918
f 2476/17/1920 2633/17/2176 3049/17/2177 3050/17/2066
f 2633/17/2176 2632/17/1905 3188/17/1934 3049/17/2177
f 2514/17/2132 2513/17/2069 2628/17/2175 2626/17/2178
f 2626/17/2178 2628/17/2175 2627/17/1918 2625/17/1906
f 2476/17/1920 2514/17/2132 2626/17/2178 2633/17/2176
f 2633/17/2176 2626/17/2178 2625/17/1906 2632/17/1905
f 2510/17/2179 3157/17/2179 3195/17/2180 2456/17/2181
f 2449/17/2182 3196/17/2183 3159/17/2184 3038/17/2184
f 2450/17/2185 3160/17/2185 3190/17/2185 2520/17/2185
f 3051/17/2186 2631/17/2187 3198/17/2187 3191/17/2186
f 2512/17/2188 3193/17/2188 3201/17/2189 2515/17/2190
f 2484/17/1974 3095/17/2055 3097/17/2056 2635/17/1976
f 2459/17/2191 2484/17/1974 2635/17/1976 2634/17/1975
f 2567/17/2192 3109/17/2193 3194/17/2193 3203/17/2194
f 2456/17/2181 3195/17/2180 2637/17/2134 2448/17/2133
f 2515/17/2190 3201/17/2189 2640/17/2195 2478/17/2195
f 2564/17/2196 3155/17/2197 3202/17/2197 2638/17/2198
f 2477/17/2199 2567/17/2192 3203/17/2194 2643/17/2199
f 2630/17/2200 2458/17/2201 2641/17/2201 2644/17/2200
f 2511/17/2202 2642/17/2202 3196/17/2183 2449/17/2182
f 2631/17/2187 2630/17/2200 2644/17/2200 3198/17/2187
f 2455/17/2203 2564/17/2196 2638/17/2198 2639/17/2203
f 3112/17/2171 3207/17/2170 2648/17/2204 2522/17/2205
f 2522/17/2205 2648/17/2204 2647/17/2206 3111/17/2206
f 2465/17/2207 2466/17/2105 2645/17/2108 2646/17/2207
f 3044/17/2106 2153/17/1820 2917/17/1820 3205/17/2107
f 3113/17/2208 2624/17/2209 2652/17/2210 3208/17/2211
f 3110/17/1961 3113/17/2208 3208/17/2211 3052/17/2076
f 2624/17/2209 2225/17/1825 2353/17/1825 2652/17/2210
f 2519/17/1924 3110/17/1961 3052/17/2076 2650/17/1925
f 2654/17/2212 2659/17/2213 2661/17/2214 2655/17/2215
f 2658/17/2216 2366/17/1833 2369/17/1832 2660/17/2217
f 2657/17/2218 2660/17/2217 2369/17/1832 2362/17/1835
f 2655/17/2215 2661/17/2214 3185/17/2219
f 2662/17/2220 2365/17/1838 2366/17/1833 2658/17/2216
f 2653/17/2221 2663/17/2222 2659/17/2213 2654/17/2212
f 2663/17/2222 2662/17/2220 2658/17/2216 2659/17/2213
f 3185/17/2219 2661/17/2214 2660/17/2217 2657/17/2218
f 2659/17/2213 2658/17/2216 2660/17/2217 2661/17/2214
f 3215/17/1847 3221/17/1847 3219/17/1847 3217/17/1847
f 3218/17/1842 3220/17/1842 3225/17/1842 3223/17/1842
f 3224/17/1841 3226/17/1841 3229/17/1841 3227/17/1841
f 3228/17/1843 3230/17/1843 3233/17/1843 3231/17/1843
f 2667/17/1845 3222/17/1845 3237/17/1845 3234/17/1845 2671/17/1845 2669/17/1845
f 3232/17/1842 3235/17/1842 3238/17/1842 2673/17/1842
f 3236/17/1844 2675/17/1844 2665/17/1844 3216/17/1844
f 2664/17/1846 2666/17/1846 2668/17/1846 2670/17/1846 2672/17/1846 2674/17/1846
f 3239/17/1847 3245/17/1847 3243/17/1847 3241/17/1847
f 3242/17/1842 3244/17/1842 3249/17/1842 3247/17/1842
f 3248/17/1841 3250/17/1841 3253/17/1841 3251/17/1841
f 3252/17/1843 3254/17/1843 3257/17/1843 3255/17/1843
f 2679/17/1845 3246/17/1845 3261/17/1845 3258/17/1845 2683/17/1845 2681/17/1845
f 3256/17/1842 3259/17/1842 3262/17/1842 2685/17/1842
f 3260/17/1844 2687/17/1844 2677/17/1844 3240/17/1844
f 2676/17/1846 2678/17/1846 2680/17/1846 2682/17/1846 2684/17/1846 2686/17/1846
f 3267/17/1854 3268/17/1854 3278/17/1854 2698/17/1854
f 3265/17/1853 3263/17/1853 3279/17/1853 2696/17/1853
f 3276/17/1856 3265/17/1856 2696/17/1856 2703/17/1856
f 3272/17/1855 3273/17/1855 3282/17/1855 2701/17/1855
f 3269/17/1850 3270/17/1850 2700/17/1850 2699/17/1850
f 3264/17/1849 3266/17/1849 3277/17/1849 2697/17/1849
f 3274/17/1852 3275/17/1852 3280/17/1852 2702/17/1852
f 3270/17/1851 3271/17/1851 3281/17/1851 2700/17/1851
f 2691/17/1862 2690/17/1862 3285/17/1862 3286/17/1862
f 2689/17/1861 2688/17/1861 3284/17/1861 3283/17/1861
f 2688/17/1864 2695/17/1864 3290/17/1864 3284/17/1864
f 2694/17/2223 2693/17/2223 3288/17/2223 3289/17/2223
f 2692/17/1858 2691/17/1858 3286/17/1858 3287/17/1858
f 2690/17/1857 2689/17/1857 3283/17/1857 3285/17/1857
f 2695/17/1860 2694/17/1860 3289/17/1860 3290/17/1860
f 2693/17/1859 2692/17/1859 3287/17/1859 3288/17/1859
