# Blender 5.2.2 LTS
# www.blender.org
mtllib ae86.mtl
o ae86
v -0.490002 1.250032 0.177443
v -0.000000 1.272256 0.206033
v -0.256315 1.262668 0.195465
v -0.507773 1.283338 0.064136
v -0.497080 1.288771 -0.489702
v -0.499353 1.293379 -0.851735
v -0.441109 1.259889 -0.998247
v -0.000000 1.288895 -0.971876
v -0.257145 1.283743 -0.972866
v -0.778567 0.787288 -0.579494
v -0.658300 1.050803 -0.528471
v -0.801894 0.645194 -0.613724
v -0.659580 0.898252 0.727330
v -0.588134 1.072251 0.453862
v -0.361662 0.912082 0.806466
v -0.000000 0.916768 0.826772
v -0.733102 0.878438 0.749074
v -0.789141 0.641233 0.772322
v -0.712983 0.806950 1.237441
v -0.660561 0.619417 2.009370
v -0.664451 0.657620 1.970925
v -0.688492 0.549776 1.912979
v -0.629254 0.620084 2.018209
v -0.356595 0.622356 2.028126
v -0.368310 0.821905 1.288381
v -0.370541 0.766578 1.566967
v -0.362957 0.899007 0.901319
v -0.371712 0.730981 1.731423
v -0.659056 0.878438 0.793992
v -0.000000 0.911266 0.945312
v -0.669772 0.552443 2.032881
v -0.646155 0.812957 1.258482
v -0.639028 0.759490 1.539352
v -0.635337 0.721860 1.718199
v 0.000000 0.555103 2.059439
v 0.000000 0.546620 2.134114
v 0.000000 0.377012 2.155859
v 0.000000 0.183121 2.010170
v 0.000000 0.377012 2.153684
v -0.360290 0.377012 2.146028
v -0.624070 0.377012 2.116719
v -0.687129 0.377012 2.044962
v -0.724095 0.377012 1.905796
v -0.761052 0.384669 1.652608
v -0.376078 0.546620 2.123242
v -0.621233 0.546620 2.099033
v -0.671908 0.546619 2.038438
v -0.713223 0.546619 1.905796
v -0.563535 0.980414 -1.693972
v -0.632263 0.908062 -1.958013
v -0.580025 0.906588 -1.997909
v -0.710282 0.784558 -1.951997
v -0.704024 0.843604 -1.901466
v -0.678870 0.931953 -1.628011
v -0.695695 0.888587 -1.596007
v -0.744826 0.870115 -0.679292
v -0.564750 1.242520 -0.584563
v -0.561866 1.239359 -0.897923
v -0.654029 1.059779 -0.621969
v -0.734710 0.648750 -1.968116
v -0.591835 0.648750 -2.066797
v -0.684341 0.648750 -2.045146
v -0.298996 0.648089 -2.084864
v -0.000000 0.906588 -2.027432
v -0.299854 0.906588 -2.022003
v -0.760610 0.648750 -1.675810
v -0.782668 0.652371 -1.270316
v -0.788043 0.524855 -1.468530
v -0.786712 0.584036 -1.410995
v -0.782923 0.663622 -1.154406
v -0.785515 0.579439 -0.926145
v -0.000000 0.988060 -1.749089
v 0.003782 1.315787 -0.487811
v -0.273951 1.307058 -0.487811
v 0.000000 0.541459 -2.093304
v 0.000000 0.520608 -2.155859
v -0.346139 0.520608 -2.149362
v -0.604701 0.520608 -2.130837
v -0.731656 0.520608 -2.096311
v -0.767345 0.522885 -1.983736
v 0.000000 0.251577 -1.994722
v -0.744885 0.871402 -0.475411
v -0.568957 1.233440 -0.421334
v -0.567832 1.220452 0.076186
v -0.579761 1.204010 0.140915
v -0.735583 0.888688 0.676834
v -0.754493 0.830069 0.693853
v -0.809708 0.643214 0.080245
v -0.751445 0.864369 0.091875
v -0.779336 0.631555 1.096243
v -0.766403 0.676040 1.221939
v -0.757541 0.658860 1.400876
v -0.754874 0.546696 1.571843
v -0.756866 0.354891 0.909495
v -0.816224 0.578528 1.107771
v -0.816224 0.626944 1.225353
v -0.816224 0.623307 1.371933
v -0.688721 0.183121 1.689569
v -0.816224 0.539043 1.528073
v -0.816224 0.470168 0.999411
v -0.787226 0.331836 0.939467
v -0.694930 0.163131 0.909495
v -0.694930 0.178168 -0.764725
v -0.746841 0.369929 -0.594296
v -0.716067 0.247800 0.841346
v -0.690877 0.243366 -0.571579
v -0.771964 0.459841 1.624588
v 0.000000 0.461816 2.144987
v -0.624070 0.460611 2.116719
v -0.687129 0.460611 2.044962
v -0.724095 0.460611 1.905796
v -0.359083 0.468474 2.132203
v -0.258584 1.297190 0.078997
v -0.302673 0.978970 -1.741359
v -0.654422 0.945173 -1.844578
v -0.000000 0.959358 -1.901319
v -0.289383 0.952266 -1.894227
v -0.521630 0.949075 -1.865515
v -0.285269 0.183121 2.000350
v -0.583647 0.183121 1.970511
v -0.511075 0.183121 1.985430
v -0.643614 0.183121 1.823474
v -0.833326 0.536514 -0.953087
v -0.834416 0.606302 -1.147093
v -0.833852 0.601353 -1.242588
v -0.834303 0.558439 -1.361380
v -0.836521 0.514990 -1.421054
v -0.785248 0.638601 -1.028952
v -0.835553 0.583417 -1.042667
v -0.000000 1.305895 0.085423
v -0.679556 0.251577 -1.611040
v -0.289781 0.251577 -1.984517
v -0.528828 0.251577 -1.966069
v -0.660715 0.251577 -1.837910
v -0.611257 0.251577 -1.932606
v -0.775357 0.492238 -0.848547
v -0.747967 0.376492 -0.786133
v -0.701226 0.243366 -0.738519
v -0.000000 0.794763 -2.063144
v -0.000000 0.856584 -2.048518
v -0.301185 0.772231 -2.059778
v -0.589711 0.794763 -2.039721
v -0.676751 0.794763 -2.016798
v -0.670855 0.846849 -1.989435
v -0.586480 0.850094 -2.020808
v -0.301325 0.853339 -2.042748
v -0.658439 1.049236 -0.448838
v -0.554376 1.264192 -0.499151
v -0.696051 0.243366 -0.655049
v -0.768773 0.527455 -1.667581
v -0.359333 0.571194 2.042717
v -0.627941 0.553794 2.038678
v 0.000860 1.319734 -0.865494
v -0.264491 1.312326 -0.858293
v -0.673998 1.013775 0.432717
v -0.355912 0.653513 2.002082
v 0.000000 0.658738 2.012860
v -0.631126 0.662320 1.978471
v -0.700330 0.751107 1.529032
v -0.689872 0.716189 1.707634
v -0.747713 0.748178 1.229690
v -0.664085 0.591292 2.019221
v -0.736331 0.707303 1.481205
v -0.682010 0.615938 1.926661
v -0.719884 0.667343 1.661761
v -0.628598 0.586939 2.029126
v -0.358459 0.587519 2.038052
v -0.761665 0.783247 0.759163
v -0.723043 0.842694 0.993257
v -0.365634 0.860456 1.094850
v -0.652606 0.845697 1.026237
v -0.754689 0.765712 0.994426
v -0.804236 0.644951 -0.528357
v -0.777072 0.785639 -0.520503
v -0.779759 0.780587 0.087924
v -0.757658 0.847056 -0.567647
v -0.570884 1.213516 -0.958493
v -0.747429 0.369046 -0.506032
v -0.751380 0.363121 0.086469
v -0.755789 0.356507 0.747933
v -0.814350 0.566183 1.117943
v -0.814350 0.611341 1.227614
v -0.814350 0.607949 1.364333
v -0.814350 0.529201 1.509814
v -0.814350 0.465113 1.016874
v -0.787302 0.336088 0.960963
v -0.696805 0.178733 0.933007
v -0.694930 0.176267 -0.553078
v -0.694930 0.164215 0.788738
v -0.713987 0.247434 0.724688
v -0.703369 0.245565 0.129118
v -0.694930 0.169753 0.172241
v -0.692566 0.243664 -0.476817
v -0.694930 0.175386 -0.454986
v -0.522413 0.971396 -1.724285
v -0.382619 1.274586 -0.972116
v -0.385515 1.297914 -0.488756
v -0.383179 1.290264 0.071567
v -0.384370 1.255520 0.185459
v -0.381922 1.302853 -0.855014
v -0.383701 1.293375 -0.923774
v -0.509432 1.284158 -0.923006
v -0.000000 1.307621 -0.923495
v -0.257970 1.302593 -0.924542
v -0.304549 0.959985 -1.789614
v -0.656786 0.947722 -1.760393
v -0.000000 0.969333 -1.797471
v -0.525828 0.952365 -1.772424
v -0.713225 0.881497 -1.289594
v -0.722194 0.877913 -1.133709
v -0.733960 0.872401 -0.896233
v -0.751222 0.799102 -1.138993
v -0.762743 0.789434 -0.935692
v -0.740079 0.799377 -1.302308
v -0.796390 0.647817 -0.739658
v -0.773509 0.787942 -0.686240
v -0.720828 0.806445 -1.627999
v -0.681737 0.924964 -1.622814
v -0.711513 0.827044 -1.779593
v -0.542990 0.971459 -2.023550
v -0.000000 0.971459 -2.049888
v -0.299854 0.971459 -2.044458
v -0.602781 0.954566 -1.947817
v -0.000000 0.961479 -1.975036
v -0.299854 0.961479 -1.969607
v -0.330587 0.535812 -2.079798
v -0.604701 0.535546 -2.060637
v -0.309958 0.395293 -2.122317
v 0.000000 0.399056 -2.131681
v -0.582477 0.391530 -2.102000
v -0.695347 0.390589 -2.064686
v -0.742827 0.390787 -1.951656
v -0.757385 0.385050 -1.554428
v -0.372868 0.313392 -2.041484
v 0.000000 0.313392 -2.057014
v -0.466165 0.313392 -2.034390
v -0.647060 0.313392 -1.992736
v -0.695875 0.313392 -1.890350
v -0.720214 0.314277 -1.588446
v -0.689028 0.535546 -2.043069
v -0.734706 0.535546 -1.976310
v -0.773609 0.648750 -1.457766
v -0.702605 0.885768 -1.474736
v -0.730482 0.802497 -1.470323
v -0.745846 0.373411 -0.691029
v -0.694930 0.177218 -0.658901
v -0.817757 0.460261 -0.874843
v -0.775589 0.337969 -0.804350
v 0.000000 0.302926 2.060519
v -0.734862 0.305268 1.669121
v -0.331624 0.302926 2.050692
v -0.571588 0.302926 2.026881
v -0.638282 0.302926 1.976842
v -0.684036 0.302926 1.874341
v -0.634188 1.061175 -1.165677
v -0.646322 1.058984 -0.900430
v -0.641812 1.059991 -1.006632
v -0.687147 0.911188 -1.644325
v -0.705992 0.865255 -1.610169
v -0.745112 0.848810 -0.897187
v -0.756964 0.846281 -0.659526
v -0.657131 1.054832 -0.596495
v -0.553903 1.266455 -0.553193
v -0.550502 1.262836 -0.903577
v -0.561159 1.235264 -0.969208
v -0.674500 0.942016 -1.667248
v -0.713694 0.862158 -1.475916
v -0.724316 0.857888 -1.290775
v -0.733261 0.854292 -1.134847
v -0.382026 1.264280 -0.998631
v -0.465310 1.268486 -0.971596
v -0.000000 1.278623 -0.998413
v -0.256693 1.273401 -0.999370
v -0.596566 0.968836 -1.717500
v -0.301644 0.989387 -1.714892
v -0.000000 0.998333 -1.722551
v -0.520539 0.981834 -1.697880
v 0.000000 0.507111 2.139179
v -0.762836 0.508934 1.599232
v -0.362882 0.499484 2.128857
v -0.622554 0.506549 2.107272
v -0.678999 0.506549 2.041477
v -0.718288 0.506549 1.905796
v -0.523361 0.904780 0.763640
v -0.501650 0.621373 2.022817
v -0.510699 0.888744 0.847767
v -0.506944 0.817440 1.273463
v -0.491906 0.377012 2.131404
v -0.498400 0.546620 2.111163
v -0.503251 0.726430 1.724825
v -0.494572 0.460877 2.124807
v -0.426184 0.183121 1.992905
v -0.502841 0.553816 2.042882
v -0.502095 0.664767 1.984340
v -0.504506 0.763041 1.553188
v -0.502246 0.587595 2.033190
v -0.508821 0.853092 1.060615
v -0.451357 0.302926 2.038811
v -0.496617 0.506673 2.117519
v 0.000000 0.469128 2.144049
v -0.365612 0.461142 2.132861
v -0.371202 0.506797 2.127723
v 0.000000 0.499798 2.140117
v 0.000000 0.494914 2.098022
v 0.000000 0.464244 2.101954
v -0.357729 0.463590 2.090108
v -0.361528 0.494600 2.086761
v 0.000000 0.572395 2.054466
v -0.378260 0.553838 2.047069
v -0.376418 0.588247 2.037238
v 0.000000 0.672805 2.001640
v -0.373599 0.667205 1.990184
v -0.374575 0.622657 2.027407
v -0.355492 0.608752 1.997165
v 0.000000 0.612248 2.008132
v 0.000000 0.576874 2.018305
v 0.000000 0.558792 2.023505
v -0.357356 0.573915 2.007091
v 0.000000 0.645135 1.981899
v -0.358230 0.557590 2.011755
v -0.354809 0.639910 1.971121
v -0.339478 0.875997 1.098237
v -0.342155 0.837445 1.291768
v -0.344385 0.782118 1.570353
v -0.345556 0.746522 1.734809
v -0.336801 0.914548 0.904705
v -0.000000 0.926807 0.948698
v -0.000000 0.887099 1.129904
v -0.000000 0.847391 1.311110
v -0.000000 0.793864 1.583274
v -0.000000 0.757967 1.748216
v -0.346640 0.709894 1.883418
v 0.000000 0.717983 1.895704
v -0.000000 1.094507 0.516412
v -0.316084 1.087181 0.498788
v -0.465756 1.079998 0.472289
v -0.255490 1.276923 0.170508
v -0.000000 1.286546 0.181080
v -0.615730 1.072798 0.445722
v -0.510981 1.263022 0.150749
v -0.693663 0.882574 0.744046
v -0.529075 0.890132 0.787712
v -0.365171 0.897658 0.831197
v -0.000000 0.902467 0.851744
v -0.383236 1.269972 0.160628
v -0.655588 1.052198 0.095034
v -0.745114 0.860450 0.440410
v -0.796692 0.641960 0.518224
v -0.754170 0.358935 0.505075
v -0.768308 0.782270 0.512716
v -0.694930 0.166248 0.562390
v -0.710089 0.246748 0.506023
v -0.656689 1.052956 -0.479437
v -0.555013 1.261667 -0.448258
v -0.554054 1.247965 0.081191
v -0.567290 1.229056 0.154938
v -0.758358 0.844256 -0.510636
v -0.765116 0.836688 0.091591
v -0.666590 1.028225 0.462878
v -0.758393 0.832499 0.472731
v -0.784042 0.623733 -1.351397
v 0.000000 0.595105 -2.089891
v -0.833790 0.583828 -1.307234
v -0.686685 0.592148 -2.044107
v -0.598268 0.592148 -2.063717
v -0.301505 0.615348 -2.082315
v -0.734708 0.592148 -1.972213
v -0.764692 0.588103 -1.671695
v -0.783736 0.484284 -1.496290
v -0.330633 0.466901 -2.137771
v 0.000000 0.468514 -2.145497
v -0.595177 0.465289 -2.118478
v -0.716095 0.464885 -2.082757
v -0.756837 0.466271 -1.969987
v -0.772716 0.490350 -0.611259
v -0.767455 0.472366 0.762970
v -0.777293 0.491792 -0.721438
v -0.770508 0.475628 0.513736
v -0.779112 0.469792 0.959663
v -0.775980 0.481254 0.083844
v -0.772886 0.489172 -0.521295
v -0.790478 0.575226 -0.527293
v -0.788621 0.577121 -0.735177
v -0.784140 0.565699 0.517649
v -0.789504 0.576031 -0.615660
v -0.785089 0.561080 1.024330
v -0.778243 0.563395 0.770431
v -0.794393 0.569672 0.081879
v -0.324446 0.794763 -2.055381
v -0.000000 0.772189 -2.066751
v -0.321867 0.648750 -2.084555
v -0.326227 0.592281 -2.082176
v 0.000000 0.617948 -2.088438
v 0.000000 0.646382 -2.058715
v -0.298616 0.645721 -2.057100
v 0.000000 0.615580 -2.060674
v -0.000000 0.769821 -2.038987
v -0.300805 0.769863 -2.032014
v -0.301126 0.612981 -2.054551
v -0.798998 0.384669 1.629953
v -0.726667 0.183121 1.666914
v -0.806174 0.459841 1.602328
v -0.772807 0.305268 1.646465
v -0.811904 0.508934 1.566265
v -0.798998 0.383752 1.604257
v -0.726667 0.182203 1.641218
v -0.806174 0.458923 1.576632
v -0.772807 0.304350 1.620770
v -0.811904 0.508016 1.540569
v -0.710914 0.251577 -1.571970
v -0.810335 0.383452 -1.522105
v -0.767074 0.312505 -1.554659
v -0.833274 0.454531 -1.476754
v -0.701991 0.199521 -0.804986
v -0.826583 0.522123 -0.974559
v -0.827564 0.584949 -1.149214
v -0.827056 0.580494 -1.235183
v -0.827463 0.541860 -1.342125
v -0.829459 0.502745 -1.395847
v -0.828588 0.564347 -1.055204
v -0.812567 0.453475 -0.904120
v -0.774605 0.343382 -0.840658
v -0.827001 0.564717 -1.293380
v -0.716381 0.265607 -1.531709
v -0.805885 0.384328 -1.486818
v -0.766940 0.320458 -1.516125
v -0.826536 0.448317 -1.445991
v -0.425459 0.566183 1.117943
v -0.425459 0.611341 1.227614
v -0.425459 0.607949 1.364333
v -0.425459 0.529201 1.509814
v -0.425459 0.465113 1.016874
v -0.398411 0.336088 0.960963
v -0.307914 0.178733 0.933007
v -0.410108 0.383752 1.604257
v -0.337776 0.182203 1.641218
v -0.417283 0.458923 1.576632
v -0.383917 0.304350 1.620770
v -0.423013 0.508016 1.540569
v -0.313101 0.199521 -0.804986
v -0.437692 0.522123 -0.974559
v -0.438673 0.584949 -1.149214
v -0.438165 0.580494 -1.235183
v -0.438572 0.541860 -1.342125
v -0.440568 0.502745 -1.395847
v -0.439697 0.564347 -1.055204
v -0.423676 0.453475 -0.904120
v -0.385715 0.343382 -0.840658
v -0.438110 0.564717 -1.293380
v -0.327490 0.265607 -1.531709
v -0.416994 0.384328 -1.486818
v -0.378049 0.320458 -1.516125
v -0.437646 0.448317 -1.445991
v 0.000000 0.178733 0.933007
v 0.000000 0.182203 1.641218
v 0.000000 0.199521 -0.804986
v 0.490002 1.250032 0.177443
v 0.256315 1.262668 0.195465
v 0.507773 1.283338 0.064136
v 0.497080 1.288771 -0.489702
v 0.499353 1.293379 -0.851735
v 0.441109 1.259889 -0.998247
v 0.257145 1.283743 -0.972866
v 0.778567 0.787288 -0.579494
v 0.658300 1.050803 -0.528471
v 0.801894 0.645194 -0.613724
v 0.659580 0.898252 0.727330
v 0.588134 1.072251 0.453862
v 0.361662 0.912082 0.806466
v 0.733102 0.878438 0.749074
v 0.789141 0.641233 0.772322
v 0.712983 0.806950 1.237441
v 0.660561 0.619417 2.009370
v 0.664451 0.657620 1.970925
v 0.688492 0.549776 1.912979
v 0.629254 0.620084 2.018209
v 0.356595 0.622356 2.028126
v 0.368310 0.821905 1.288381
v 0.370541 0.766578 1.566967
v 0.362957 0.899007 0.901319
v 0.371712 0.730981 1.731423
v 0.659056 0.878438 0.793992
v 0.669772 0.552443 2.032881
v 0.646155 0.812957 1.258482
v 0.639028 0.759490 1.539352
v 0.635337 0.721860 1.718199
v 0.360290 0.377012 2.146028
v 0.624070 0.377012 2.116719
v 0.687129 0.377012 2.044962
v 0.724095 0.377012 1.905796
v 0.761052 0.384669 1.652608
v 0.376078 0.546620 2.123242
v 0.621233 0.546620 2.099033
v 0.671908 0.546619 2.038438
v 0.713223 0.546619 1.905796
v 0.563535 0.980414 -1.693972
v 0.632263 0.908062 -1.958013
v 0.580025 0.906588 -1.997909
v 0.710282 0.784558 -1.951997
v 0.704024 0.843604 -1.901466
v 0.678870 0.931953 -1.628011
v 0.695695 0.888587 -1.596007
v 0.744826 0.870115 -0.679292
v 0.564750 1.242520 -0.584563
v 0.561866 1.239359 -0.897923
v 0.654029 1.059779 -0.621969
v 0.734710 0.648750 -1.968116
v 0.591835 0.648750 -2.066797
v 0.684341 0.648750 -2.045146
v 0.298996 0.648089 -2.084864
v 0.299854 0.906588 -2.022003
v 0.760610 0.648750 -1.675810
v 0.782668 0.652371 -1.270316
v 0.788043 0.524855 -1.468530
v 0.786712 0.584036 -1.410995
v 0.782923 0.663622 -1.154406
v 0.785515 0.579439 -0.926145
v -0.003782 1.315787 -0.487811
v 0.273951 1.307058 -0.487811
v 0.346139 0.520608 -2.149362
v 0.604701 0.520608 -2.130837
v 0.731656 0.520608 -2.096311
v 0.767345 0.522885 -1.983736
v 0.744885 0.871402 -0.475411
v 0.568957 1.233440 -0.421334
v 0.567832 1.220452 0.076186
v 0.579761 1.204010 0.140915
v 0.735583 0.888688 0.676834
v 0.754493 0.830069 0.693853
v 0.809708 0.643214 0.080245
v 0.751445 0.864369 0.091875
v 0.779336 0.631555 1.096243
v 0.766403 0.676040 1.221939
v 0.757541 0.658860 1.400876
v 0.754874 0.546696 1.571843
v 0.756866 0.354891 0.909495
v 0.816224 0.578528 1.107771
v 0.816224 0.626944 1.225353
v 0.816224 0.623307 1.371933
v 0.688721 0.183121 1.689569
v 0.816224 0.539043 1.528073
v 0.816224 0.470168 0.999411
v 0.787226 0.331836 0.939467
v 0.694930 0.163131 0.909495
v 0.694930 0.178168 -0.764725
v 0.746841 0.369929 -0.594296
v 0.716067 0.247800 0.841346
v 0.690877 0.243366 -0.571579
v 0.771964 0.459841 1.624588
v 0.624070 0.460611 2.116719
v 0.687129 0.460611 2.044962
v 0.724095 0.460611 1.905796
v 0.359083 0.468474 2.132203
v 0.258584 1.297190 0.078997
v 0.302673 0.978970 -1.741359
v 0.654422 0.945173 -1.844578
v 0.289383 0.952266 -1.894227
v 0.521630 0.949075 -1.865515
v 0.285269 0.183121 2.000350
v 0.583647 0.183121 1.970511
v 0.511075 0.183121 1.985430
v 0.643614 0.183121 1.823474
v 0.833326 0.536514 -0.953087
v 0.834416 0.606302 -1.147093
v 0.833852 0.601353 -1.242588
v 0.834303 0.558439 -1.361380
v 0.836521 0.514990 -1.421054
v 0.785248 0.638601 -1.028952
v 0.835553 0.583417 -1.042667
v 0.679556 0.251577 -1.611040
v 0.289781 0.251577 -1.984517
v 0.528828 0.251577 -1.966069
v 0.660715 0.251577 -1.837910
v 0.611257 0.251577 -1.932606
v 0.775357 0.492238 -0.848547
v 0.747967 0.376492 -0.786133
v 0.701226 0.243366 -0.738519
v 0.301185 0.772231 -2.059778
v 0.589711 0.794763 -2.039721
v 0.676751 0.794763 -2.016798
v 0.670855 0.846849 -1.989435
v 0.586480 0.850094 -2.020808
v 0.301325 0.853339 -2.042748
v 0.658439 1.049236 -0.448838
v 0.554376 1.264192 -0.499151
v 0.696051 0.243366 -0.655049
v 0.768773 0.527455 -1.667581
v 0.359333 0.571194 2.042717
v 0.627941 0.553794 2.038678
v -0.000860 1.319734 -0.865494
v 0.264491 1.312326 -0.858293
v 0.673998 1.013775 0.432717
v 0.355912 0.653513 2.002082
v 0.631126 0.662320 1.978471
v 0.700330 0.751107 1.529032
v 0.689872 0.716189 1.707634
v 0.747713 0.748178 1.229690
v 0.664085 0.591292 2.019221
v 0.736331 0.707303 1.481205
v 0.682010 0.615938 1.926661
v 0.719884 0.667343 1.661761
v 0.628598 0.586939 2.029126
v 0.358459 0.587519 2.038052
v 0.761665 0.783247 0.759163
v 0.723043 0.842694 0.993257
v 0.365634 0.860456 1.094850
v 0.652606 0.845697 1.026237
v 0.754689 0.765712 0.994426
v 0.804236 0.644951 -0.528357
v 0.777072 0.785639 -0.520503
v 0.779759 0.780587 0.087924
v 0.757658 0.847056 -0.567647
v 0.570884 1.213516 -0.958493
v 0.747429 0.369046 -0.506032
v 0.751380 0.363121 0.086469
v 0.755789 0.356507 0.747933
v 0.814350 0.566183 1.117943
v 0.814350 0.611341 1.227614
v 0.814350 0.607949 1.364333
v 0.814350 0.529201 1.509814
v 0.814350 0.465113 1.016874
v 0.787302 0.336088 0.960963
v 0.696805 0.178733 0.933007
v 0.694930 0.176267 -0.553078
v 0.694930 0.164215 0.788738
v 0.713987 0.247434 0.724688
v 0.703369 0.245565 0.129118
v 0.694930 0.169753 0.172241
v 0.692566 0.243664 -0.476817
v 0.694930 0.175386 -0.454986
v 0.522413 0.971396 -1.724285
v 0.382619 1.274586 -0.972116
v 0.385515 1.297914 -0.488756
v 0.383179 1.290264 0.071567
v 0.384370 1.255520 0.185459
v 0.381922 1.302853 -0.855014
v 0.383701 1.293375 -0.923774
v 0.509432 1.284158 -0.923006
v 0.257970 1.302593 -0.924542
v 0.304549 0.959985 -1.789614
v 0.656786 0.947722 -1.760393
v 0.525828 0.952365 -1.772424
v 0.713225 0.881497 -1.289594
v 0.722194 0.877913 -1.133709
v 0.733960 0.872401 -0.896233
v 0.751222 0.799102 -1.138993
v 0.762743 0.789434 -0.935692
v 0.740079 0.799377 -1.302308
v 0.796390 0.647817 -0.739658
v 0.773509 0.787942 -0.686240
v 0.720828 0.806445 -1.627999
v 0.681737 0.924964 -1.622814
v 0.711513 0.827044 -1.779593
v 0.542990 0.971459 -2.023550
v 0.299854 0.971459 -2.044458
v 0.602781 0.954566 -1.947817
v 0.299854 0.961479 -1.969607
v 0.330587 0.535812 -2.079798
v 0.604701 0.535546 -2.060637
v 0.309958 0.395293 -2.122317
v 0.582477 0.391530 -2.102000
v 0.695347 0.390589 -2.064686
v 0.742827 0.390787 -1.951656
v 0.757385 0.385050 -1.554428
v 0.298804 0.313392 -2.047116
v 0.552097 0.313392 -2.027856
v 0.647060 0.313392 -1.992736
v 0.695875 0.313392 -1.890350
v 0.720214 0.314277 -1.588446
v 0.689028 0.535546 -2.043069
v 0.734706 0.535546 -1.976310
v 0.773609 0.648750 -1.457766
v 0.702605 0.885768 -1.474736
v 0.730482 0.802497 -1.470323
v 0.745846 0.373411 -0.691029
v 0.694930 0.177218 -0.658901
v 0.817757 0.460261 -0.874843
v 0.775589 0.337969 -0.804350
v 0.734862 0.305268 1.669121
v 0.331624 0.302926 2.050692
v 0.571588 0.302926 2.026881
v 0.638282 0.302926 1.976842
v 0.684036 0.302926 1.874341
v 0.634188 1.061175 -1.165677
v 0.646322 1.058984 -0.900430
v 0.641812 1.059991 -1.006632
v 0.687147 0.911188 -1.644325
v 0.705992 0.865255 -1.610169
v 0.745112 0.848810 -0.897187
v 0.756964 0.846281 -0.659526
v 0.657131 1.054832 -0.596495
v 0.553903 1.266455 -0.553193
v 0.550502 1.262836 -0.903577
v 0.561159 1.235264 -0.969208
v 0.674500 0.942016 -1.667248
v 0.713694 0.862158 -1.475916
v 0.724316 0.857888 -1.290775
v 0.733261 0.854292 -1.134847
v 0.382026 1.264280 -0.998631
v 0.465310 1.268486 -0.971596
v 0.256693 1.273401 -0.999370
v 0.596566 0.968836 -1.717500
v 0.301644 0.989387 -1.714892
v 0.520539 0.981834 -1.697880
v 0.762836 0.508934 1.599232
v 0.362882 0.499484 2.128857
v 0.622554 0.506549 2.107272
v 0.678999 0.506549 2.041477
v 0.718288 0.506549 1.905796
v 0.523361 0.904780 0.763640
v 0.501650 0.621373 2.022817
v 0.510699 0.888744 0.847767
v 0.506944 0.817440 1.273463
v 0.491906 0.377012 2.131404
v 0.498400 0.546620 2.111163
v 0.503251 0.726430 1.724825
v 0.494572 0.460877 2.124807
v 0.426184 0.183121 1.992905
v 0.502841 0.553816 2.042882
v 0.502095 0.664767 1.984340
v 0.504506 0.763041 1.553188
v 0.502246 0.587595 2.033190
v 0.508821 0.853092 1.060615
v 0.451357 0.302926 2.038811
v 0.496617 0.506673 2.117519
v 0.365612 0.461142 2.132861
v 0.371202 0.506797 2.127723
v 0.357729 0.463590 2.090108
v 0.361528 0.494600 2.086761
v 0.378260 0.553838 2.047069
v 0.376418 0.588247 2.037238
v 0.373599 0.667205 1.990184
v 0.374575 0.622657 2.027407
v 0.355492 0.608752 1.997165
v 0.357356 0.573915 2.007091
v 0.358230 0.557590 2.011755
v 0.354809 0.639910 1.971121
v 0.339478 0.875997 1.098237
v 0.342155 0.837445 1.291768
v 0.344385 0.782118 1.570353
v 0.345556 0.746522 1.734809
v 0.336801 0.914548 0.904705
v 0.346640 0.709894 1.883418
v 0.316084 1.087181 0.498788
v 0.465756 1.079998 0.472289
v 0.255490 1.276923 0.170508
v 0.615730 1.072798 0.445722
v 0.510981 1.263022 0.150749
v 0.693663 0.882574 0.744046
v 0.529075 0.890132 0.787712
v 0.365171 0.897658 0.831197
v 0.383236 1.269972 0.160628
v 0.655588 1.052198 0.095034
v 0.745114 0.860450 0.440410
v 0.796692 0.641960 0.518224
v 0.754170 0.358935 0.505075
v 0.768308 0.782270 0.512716
v 0.694930 0.166248 0.562390
v 0.710089 0.246748 0.506023
v 0.656689 1.052956 -0.479437
v 0.555013 1.261667 -0.448258
v 0.554054 1.247965 0.081191
v 0.567290 1.229056 0.154938
v 0.758358 0.844256 -0.510636
v 0.765116 0.836688 0.091591
v 0.666590 1.028225 0.462878
v 0.758393 0.832499 0.472731
v 0.784042 0.623733 -1.351397
v 0.833790 0.583828 -1.307234
v 0.686685 0.592148 -2.044107
v 0.598268 0.592148 -2.063717
v 0.301505 0.615348 -2.082315
v 0.734708 0.592148 -1.972213
v 0.764692 0.588103 -1.671695
v 0.781095 0.459408 -1.513312
v 0.330633 0.466901 -2.137771
v 0.595177 0.465289 -2.118478
v 0.716095 0.464885 -2.082757
v 0.756837 0.466271 -1.969987
v 0.772716 0.490350 -0.611259
v 0.767455 0.472366 0.762970
v 0.777293 0.491792 -0.721438
v 0.770508 0.475628 0.513736
v 0.779112 0.469792 0.959663
v 0.775980 0.481254 0.083844
v 0.772886 0.489172 -0.521295
v 0.790478 0.575226 -0.527293
v 0.788621 0.577121 -0.735177
v 0.784140 0.565699 0.517649
v 0.789504 0.576031 -0.615660
v 0.785089 0.561080 1.024330
v 0.778243 0.563395 0.770431
v 0.794393 0.569672 0.081879
v 0.324446 0.794763 -2.055381
v 0.321867 0.648750 -2.084555
v 0.326227 0.592281 -2.082176
v 0.298616 0.645721 -2.057100
v 0.300805 0.769863 -2.032014
v 0.301126 0.612981 -2.054551
v 0.798998 0.384669 1.629953
v 0.726667 0.183121 1.666914
v 0.806174 0.459841 1.602328
v 0.772807 0.305268 1.646465
v 0.811904 0.508934 1.566265
v 0.798998 0.383752 1.604257
v 0.726667 0.182203 1.641218
v 0.806174 0.458923 1.576632
v 0.772807 0.304350 1.620770
v 0.811904 0.508016 1.540569
v 0.710914 0.251577 -1.571970
v 0.810335 0.383452 -1.522105
v 0.767074 0.312505 -1.554659
v 0.833274 0.454531 -1.476754
v 0.701991 0.199521 -0.804986
v 0.826583 0.522123 -0.974559
v 0.827564 0.584949 -1.149214
v 0.827056 0.580494 -1.235183
v 0.827463 0.541860 -1.342125
v 0.829459 0.502745 -1.395847
v 0.828588 0.564347 -1.055204
v 0.812567 0.453475 -0.904120
v 0.774605 0.343382 -0.840658
v 0.827001 0.564717 -1.293380
v 0.716381 0.265607 -1.531709
v 0.805885 0.384328 -1.486818
v 0.766940 0.320458 -1.516125
v 0.826536 0.448317 -1.445991
v 0.425459 0.566183 1.117943
v 0.425459 0.611341 1.227614
v 0.425459 0.607949 1.364333
v 0.425459 0.529201 1.509814
v 0.425459 0.465113 1.016874
v 0.398411 0.336088 0.960963
v 0.307914 0.178733 0.933007
v 0.410108 0.383752 1.604257
v 0.337776 0.182203 1.641218
v 0.417283 0.458923 1.576632
v 0.383917 0.304350 1.620770
v 0.423013 0.508016 1.540569
v 0.313101 0.199521 -0.804986
v 0.437692 0.522123 -0.974559
v 0.438673 0.584949 -1.149214
v 0.438165 0.580494 -1.235183
v 0.438572 0.541860 -1.342125
v 0.440568 0.502745 -1.395847
v 0.439697 0.564347 -1.055204
v 0.423676 0.453475 -0.904120
v 0.385715 0.343382 -0.840658
v 0.438110 0.564717 -1.293380
v 0.327490 0.265607 -1.531709
v 0.416994 0.384328 -1.486818
v 0.378049 0.320458 -1.516125
v 0.437646 0.448317 -1.445991
v -0.289781 0.251577 -1.815807
v -0.528828 0.251577 -1.797358
v -0.372868 0.313392 -1.872774
v -0.466165 0.313392 -1.865680
v -0.908027 0.896562 0.444697
v -0.763499 0.894662 0.498748
v -0.901542 0.965740 0.444697
v -0.757315 0.960625 0.498748
v -0.891398 0.886071 0.513481
v -0.763101 0.900969 0.545377
v -0.883320 0.972243 0.513481
v -0.758261 0.952592 0.545377
v -0.778442 0.963121 0.473507
v -0.784927 0.893943 0.473507
v -0.756755 0.969550 0.565609
v -0.764834 0.883379 0.565609
v -0.685035 0.953849 0.499047
v -0.691219 0.887886 0.499047
v -0.685982 0.945816 0.545677
v -0.690821 0.894193 0.545677
v -0.931482 0.875128 0.439688
v -0.765577 0.871598 0.478516
v -0.920892 0.988084 0.439688
v -0.754988 0.984554 0.478516
v 0.908027 0.896562 0.444697
v 0.763499 0.894662 0.498748
v 0.901542 0.965740 0.444697
v 0.757315 0.960625 0.498748
v 0.891398 0.886071 0.513481
v 0.763101 0.900969 0.545377
v 0.883320 0.972243 0.513481
v 0.758261 0.952592 0.545377
v 0.778442 0.963121 0.473507
v 0.784927 0.893943 0.473507
v 0.756755 0.969550 0.565609
v 0.764834 0.883379 0.565609
v 0.685035 0.953849 0.499047
v 0.691219 0.887886 0.499047
v 0.685982 0.945816 0.545677
v 0.690821 0.894193 0.545677
v 0.931482 0.875128 0.439688
v 0.765577 0.871598 0.478516
v 0.920892 0.988084 0.439688
v 0.754988 0.984554 0.478516
v -0.410377 0.309246 -2.051739
v -0.452651 0.291735 -2.051739
v -0.470162 0.249461 -2.051739
v -0.452651 0.207187 -2.051739
v -0.410377 0.189677 -2.051739
v -0.368103 0.207187 -2.051739
v -0.350593 0.249461 -2.051739
v -0.368103 0.291735 -2.051739
v -0.410377 0.309246 -1.871298
v -0.452651 0.291735 -1.871298
v -0.470162 0.249461 -1.871298
v -0.452651 0.207187 -1.871298
v -0.410377 0.189677 -1.871298
v -0.368103 0.207187 -1.871298
v -0.350593 0.249461 -1.871298
v -0.368103 0.291735 -1.871298
v -0.410377 0.290582 -2.051739
v -0.439454 0.278538 -2.051739
v -0.451498 0.249461 -2.051739
v -0.439454 0.220385 -2.051739
v -0.410377 0.208341 -2.051739
v -0.381301 0.220385 -2.051739
v -0.369257 0.249461 -2.051739
v -0.381301 0.278538 -2.051739
v -0.410377 0.290582 -2.026775
v -0.439454 0.278538 -2.026775
v -0.451498 0.249461 -2.026775
v -0.439454 0.220385 -2.026775
v -0.410377 0.208341 -2.026775
v -0.381301 0.220385 -2.026775
v -0.369257 0.249461 -2.026775
v -0.381301 0.278538 -2.026775
v -0.410377 0.249461 -2.026775
v -0.410377 0.281280 -1.871298
v -0.432877 0.271961 -1.871298
v -0.442196 0.249462 -1.871298
v -0.432877 0.226962 -1.871298
v -0.410377 0.217643 -1.871298
v -0.387878 0.226962 -1.871298
v -0.378558 0.249462 -1.871298
v -0.387878 0.271961 -1.871298
v -0.410377 0.338995 -1.754115
v -0.432877 0.329675 -1.754115
v -0.442196 0.307176 -1.754115
v -0.432877 0.284676 -1.754115
v -0.410377 0.275357 -1.754115
v -0.387878 0.284676 -1.754115
v -0.378558 0.307176 -1.754115
v -0.387878 0.329675 -1.754115
vn -0.0689 0.9906 0.1185
vn -0.0687 0.9727 0.2215
vn -0.0545 0.9755 0.2134
vn -0.0530 0.9917 0.1171
vn -0.0000 0.9782 0.2077
vn -0.0000 0.9934 0.1143
vn -0.0746 0.9971 0.0133
vn -0.0533 0.9985 0.0147
vn -0.0311 0.9994 0.0149
vn -0.3686 0.9018 0.2257
vn -0.2967 0.9504 0.0929
vn -0.5252 0.8454 0.0978
vn -0.5212 0.8092 0.2712
vn -0.2629 0.9647 0.0164
vn -0.4764 0.8790 0.0190
vn -0.0748 0.9652 -0.2504
vn -0.0798 0.9949 -0.0610
vn -0.0543 0.9959 -0.0729
vn -0.0472 0.9638 -0.2626
vn -0.0276 0.9962 -0.0822
vn -0.0000 0.9633 -0.2686
vn -0.5121 0.7874 0.3431
vn -0.5140 0.7827 0.3510
vn -0.5149 0.7804 0.3547
vn -0.7283 0.6273 -0.2757
vn -0.7296 0.6364 -0.2502
vn -0.7342 0.6688 -0.1166
vn -0.7338 0.6652 -0.1379
vn -0.7396 0.6715 0.0449
vn -0.7391 0.6730 0.0275
vn -0.7398 0.6297 0.2368
vn -0.7402 0.6335 0.2254
vn -0.7222 0.5196 0.4566
vn -0.7227 0.5223 0.4526
vn -0.0070 0.9944 0.1050
vn -0.0057 0.9948 0.1017
vn -0.0058 0.9948 0.1015
vn -0.0071 0.9943 0.1060
vn -0.0000 0.9946 0.1036
vn -0.2141 0.9641 0.1568
vn -0.0456 0.9898 0.1347
vn -0.0925 0.9823 0.1626
vn -0.2501 0.9599 0.1267
vn -0.1952 0.9802 0.0333
vn -0.2544 0.9659 0.0488
vn -0.1313 0.9912 0.0166
vn -0.0372 0.9722 0.2313
vn -0.0373 0.9713 0.2350
vn -0.0415 0.9740 0.2227
vn -0.0415 0.9746 0.2199
vn -0.5196 0.8332 0.1892
vn -0.5195 0.8305 0.2009
vn -0.5196 0.8333 0.1890
vn -0.0336 0.2851 0.9579
vn -0.0323 0.2762 0.9606
vn -0.0332 0.2784 0.9599
vn -0.0000 -0.9155 0.4023
vn 0.0013 -0.9155 0.4023
vn -0.0473 0.9787 0.1999
vn -0.1010 0.9750 0.1978
vn -0.0995 0.9712 0.2167
vn -0.5195 0.8374 0.1698
vn -0.0000 0.1147 -0.9934
vn 0.1200 0.1139 -0.9862
vn -0.0301 0.9252 0.3784
vn -0.0000 0.9256 0.3785
vn -0.0000 0.9487 0.3162
vn -0.0332 0.9473 0.3185
vn -0.0596 0.9821 0.1789
vn -0.1006 0.9801 0.1712
vn -0.0899 0.9821 0.1658
vn -0.1017 0.9836 0.1491
vn 0.9994 0.0057 0.0331
vn 0.9989 -0.0176 0.0433
vn 0.9990 -0.0154 0.0424
vn -0.0000 -0.9933 0.1152
vn -0.0027 -0.9933 0.1152
vn -0.0798 0.1531 0.9850
vn -0.0788 0.1136 0.9904
vn -0.0542 0.1203 0.9913
vn -0.0549 0.1220 0.9910
vn -0.8679 0.1653 0.4685
vn -0.8792 0.0821 0.4693
vn -0.4407 0.1023 0.8918
vn -0.4460 0.1873 0.8752
vn -0.0384 0.4893 0.8713
vn -0.0327 0.4754 0.8792
vn -0.0334 0.6432 0.7650
vn -0.0402 0.6629 0.7477
vn -0.9693 0.2032 0.1387
vn -0.9617 0.1781 0.2085
vn -0.9608 0.1815 0.2097
vn -0.9692 0.2084 0.1312
vn -0.1351 0.9773 0.1633
vn -0.1548 0.9684 0.1957
vn -0.1564 0.9646 0.2123
vn -0.1600 0.9609 0.2258
vn -0.0934 0.9694 0.2271
vn -0.9750 0.0774 0.2083
vn -0.1067 0.9836 0.1451
vn -0.9280 0.3634 0.0828
vn -0.9696 0.2383 0.0559
vn -0.9665 0.2376 0.0973
vn -0.9246 0.3572 0.1323
vn -0.2344 0.6689 0.7055
vn -0.2417 0.5164 0.8215
vn -0.1386 0.4992 0.8553
vn -0.1419 0.6743 0.7247
vn -0.9625 0.1949 0.1889
vn -0.9770 0.1162 0.1787
vn -0.9771 0.1132 0.1802
vn -0.9709 0.1317 0.2000
vn -0.9457 0.2794 0.1661
vn -0.9157 0.3630 0.1723
vn -0.8658 0.4771 0.1511
vn -0.9751 0.1635 0.1498
vn -0.9499 0.2245 0.2175
vn -0.8737 0.4750 0.1046
vn 0.9979 -0.0384 0.0524
vn -0.2099 0.3178 0.9246
vn -0.1192 0.3046 0.9450
vn -0.1773 0.3132 0.9330
vn -0.1039 0.2952 0.9498
vn -0.0554 0.1203 0.9912
vn -0.0000 0.1275 0.9918
vn -0.0000 0.1252 0.9921
vn -0.0865 0.0761 0.9933
vn -0.8822 -0.0000 0.4709
vn -0.4514 0.0204 0.8921
vn -0.9556 0.1700 0.2407
vn -0.9781 -0.0200 0.2072
vn -0.9822 0.1062 0.1551
vn -0.9869 -0.0403 0.1561
vn -0.9528 0.2981 0.0574
vn -0.9218 0.3803 0.0750
vn -0.9438 0.3195 0.0850
vn -0.9666 0.2510 0.0509
vn -0.0904 0.9855 0.1435
vn -0.0994 0.9841 0.1472
vn -0.1086 0.9807 0.1629
vn -0.5195 0.8391 0.1612
vn -0.9868 0.1591 0.0305
vn -0.9982 0.0543 0.0247
vn -0.9731 0.2302 0.0101
vn -0.9668 0.2553 0.0095
vn -0.9553 0.2957 0.0061
vn -0.9697 0.2441 0.0018
vn -0.9999 0.0063 0.0094
vn -1.0000 -0.0017 -0.0096
vn -0.9696 0.2445 -0.0136
vn -0.9997 0.0045 -0.0250
vn -0.9499 0.3126 -0.0021
vn -0.8997 0.4364 0.0076
vn -0.9000 0.4360 0.0038
vn -0.8973 0.4415 0.0002
vn -0.8994 0.4370 0.0058
vn -0.9000 0.4359 0.0038
vn -0.9003 0.4353 -0.0016
vn -0.8996 0.4367 0.0104
vn -0.8961 0.4438 0.0056
vn -0.4301 0.9027 0.0098
vn -0.3992 0.9161 0.0376
vn -0.2636 0.9634 -0.0477
vn -0.4944 0.8619 -0.1128
vn -0.3134 0.9248 -0.2159
vn -0.6480 0.7420 -0.1720
vn -0.9951 -0.0991 0.0004
vn -0.9867 -0.1610 0.0206
vn -0.9886 -0.1505 0.0087
vn -0.9930 -0.1172 -0.0153
vn -0.9797 -0.2006 0.0028
vn -0.9790 -0.2039 -0.0077
vn -0.9806 -0.1958 -0.0112
vn -0.9852 -0.1710 -0.0104
vn -0.9988 -0.0480 -0.0090
vn -0.9770 -0.2115 -0.0284
vn -0.9946 -0.0961 -0.0400
vn -0.9699 -0.2432 -0.0144
vn -0.9817 -0.1903 0.0061
vn -0.9522 -0.3053 -0.0101
vn -0.9518 -0.3066 0.0019
vn -0.9659 -0.2589 -0.0056
vn -0.9819 -0.1894 0.0003
vn -0.9574 -0.2887 -0.0080
vn -0.9995 0.0171 0.0269
vn -0.9786 0.2041 0.0252
vn -0.9657 0.2529 0.0590
vn -0.9462 0.3090 0.0959
vn -0.0867 0.9859 0.1429
vn -0.0769 0.9949 0.0646
vn -0.0674 0.9972 0.0338
vn -0.0352 0.9989 -0.0325
vn -0.0414 0.9989 -0.0219
vn -0.0000 0.9981 -0.0616
vn -0.9747 0.2223 0.0227
vn -0.7796 0.5490 -0.3013
vn -0.7822 0.4198 -0.4604
vn -0.7616 0.2424 -0.6010
vn -0.7762 0.3269 -0.5392
vn -0.7842 0.5082 -0.3561
vn -0.4985 0.6688 0.5516
vn -0.5787 0.7624 0.2895
vn -0.5939 0.7709 0.2304
vn -0.5121 0.6945 0.5055
vn -0.6980 0.7138 -0.0568
vn -0.7057 0.7049 -0.0714
vn -0.7339 0.1405 -0.6646
vn -0.8752 -0.2827 -0.3926
vn -0.9939 -0.1057 -0.0308
vn -0.9930 -0.1163 0.0210
vn -0.9930 -0.1161 0.0222
vn -0.9938 -0.1088 -0.0246
vn -0.8994 -0.4145 0.1386
vn -0.8425 -0.5054 0.1864
vn -0.9391 -0.3301 0.0952
vn -0.9931 -0.0966 0.0659
vn -0.9841 -0.1680 0.0570
vn -0.9879 -0.1407 0.0653
vn -0.9931 -0.0985 0.0635
vn -0.9918 -0.1257 -0.0224
vn -0.9932 -0.1108 -0.0366
vn -0.9994 -0.0201 0.0272
vn -0.9993 0.0366 0.0062
vn -0.9994 0.0332 0.0125
vn -0.9995 -0.0172 0.0272
vn -0.9728 -0.2313 -0.0092
vn -0.9708 -0.2397 -0.0092
vn -0.9755 -0.2196 -0.0092
vn -0.9810 -0.1940 -0.0092
vn -0.9850 -0.1724 -0.0092
vn -0.9358 -0.3524 -0.0122
vn -0.9340 -0.3571 -0.0124
vn -0.9999 -0.0099 -0.0088
vn -0.9929 -0.1188 -0.0091
vn -0.9965 -0.0830 -0.0090
vn -0.9999 0.0082 -0.0087
vn -0.9300 -0.3674 -0.0125
vn -0.9195 -0.3931 -0.0007
vn -0.9172 -0.3982 -0.0127
vn -0.9242 -0.3817 -0.0126
vn -0.5368 0.8273 -0.1655
vn -0.8167 0.5656 -0.1148
vn -0.0000 0.9742 -0.2255
vn -0.0000 1.0000 -0.0039
vn -0.0196 0.9998 0.0088
vn -0.0396 0.9753 -0.2171
vn -0.0221 0.9995 0.0237
vn -0.0489 0.9772 -0.2065
vn -0.0295 0.9995 0.0068
vn -0.0000 0.9317 -0.3633
vn -0.0000 0.9316 -0.3636
vn -0.0474 0.9304 -0.3635
vn -0.0444 0.9306 -0.3634
vn -0.0681 0.9293 -0.3631
vn -0.0643 0.9294 -0.3633
vn -0.0669 0.9295 -0.3627
vn -0.0692 0.9295 -0.3623
vn -0.0704 0.9290 -0.3632
vn -0.0695 0.9294 -0.3624
vn -0.0000 0.9320 -0.3623
vn -0.0436 0.9308 -0.3629
vn -0.0670 0.9295 -0.3627
vn -0.0488 0.9305 -0.3631
vn -0.0000 0.9318 -0.3629
vn -0.0628 0.9294 -0.3637
vn -0.9692 0.2435 -0.0378
vn -0.9520 0.3032 -0.0411
vn -0.9525 0.3007 -0.0480
vn -0.9643 0.2615 -0.0415
vn -0.9584 0.2805 -0.0534
vn -0.9617 0.2691 -0.0514
vn -0.9740 0.2236 -0.0356
vn -0.9669 0.2501 -0.0506
vn -0.9890 0.1451 -0.0284
vn -0.9700 0.2397 -0.0395
vn -0.9988 0.0345 -0.0358
vn -0.9513 0.3065 -0.0329
vn -0.9788 0.1960 -0.0601
vn -0.9629 0.2649 -0.0517
vn -0.9630 0.2648 -0.0503
vn -0.9118 0.3704 -0.1775
vn -0.9721 0.2320 -0.0345
vn -0.9489 0.3139 -0.0306
vn -0.6488 0.4753 -0.5942
vn -0.5994 0.4056 -0.6900
vn -0.9450 0.2661 -0.1900
vn -0.1771 0.3432 -0.9224
vn -0.2128 0.3960 -0.8933
vn -0.0498 0.2593 -0.9645
vn -0.0442 0.3109 -0.9494
vn -0.0000 0.3015 -0.9535
vn -0.0000 0.2249 -0.9744
vn -0.9654 0.0980 -0.2417
vn -0.9851 0.1559 -0.0725
vn -0.9637 0.2622 -0.0509
vn -0.9580 0.2836 -0.0431
vn -0.0000 0.3757 -0.9267
vn -0.0483 0.3746 -0.9259
vn -0.2499 0.4501 -0.8573
vn -0.6272 0.5694 -0.5313
vn -0.8315 0.5329 -0.1570
vn -0.0494 -0.3267 -0.9438
vn -0.5552 0.1281 -0.8218
vn -0.2835 -0.1554 -0.9463
vn -0.0487 -0.3267 -0.9439
vn -0.0000 -0.3271 -0.9450
vn 0.0019 0.9882 0.1535
vn 0.0013 0.9844 0.1762
vn -0.0093 0.9934 0.1140
vn -0.0039 0.9925 0.1221
vn -0.0000 0.9912 0.1322
vn -0.0000 0.9945 0.1047
vn -0.7443 0.4494 -0.4939
vn -0.7401 0.4349 -0.5130
vn -0.7625 0.5560 -0.3308
vn -0.0000 -0.2063 -0.9785
vn -0.0456 -0.2178 -0.9749
vn -0.0490 -0.2196 -0.9744
vn -0.0000 -0.2060 -0.9786
vn -0.4431 -0.7345 -0.5140
vn -0.1047 -0.7034 -0.7030
vn -0.1999 -0.6847 -0.7008
vn -0.4683 -0.7122 -0.5230
vn -0.7732 -0.6044 -0.1923
vn -0.7889 -0.5921 -0.1644
vn -0.9536 -0.2350 -0.1880
vn -0.9850 -0.1666 -0.0443
vn -0.9885 -0.1443 -0.0447
vn -0.9551 -0.2257 -0.1922
vn -0.0155 0.9725 -0.2325
vn -0.0323 0.9765 -0.2129
vn -0.0360 0.9762 -0.2137
vn -0.0156 0.9711 -0.2381
vn -0.0000 0.9652 -0.2615
vn -0.0000 0.0257 -0.9997
vn -0.0000 0.0107 -0.9999
vn -0.0516 -0.0169 -0.9985
vn -0.0430 -0.0199 -0.9989
vn -0.1453 -0.0296 -0.9889
vn -0.1427 -0.0303 -0.9893
vn -0.8571 -0.5119 -0.0579
vn -0.9459 -0.3211 -0.0468
vn -0.8756 -0.4383 -0.2030
vn -0.6512 -0.3132 -0.6912
vn -0.5639 -0.5229 -0.6392
vn -0.1727 -0.2545 -0.9515
vn -0.1611 -0.5071 -0.8467
vn -0.0385 -0.4623 -0.8859
vn -0.0018 -0.6895 -0.7243
vn -0.0369 -0.6878 -0.7249
vn -0.0009 -0.4512 -0.8924
vn -0.0018 -0.7077 -0.7065
vn -0.0276 -0.7035 -0.7101
vn -0.8448 -0.5307 -0.0681
vn -0.1448 0.9736 -0.1764
vn -0.1487 0.9733 -0.1747
vn -0.2911 0.9539 -0.0726
vn -0.2896 0.9542 -0.0746
vn -0.3331 0.9428 -0.0151
vn -0.5645 0.0072 -0.8254
vn -0.5686 0.0077 -0.8226
vn -0.9409 0.0344 -0.3371
vn -0.9362 0.0344 -0.3498
vn -0.9939 0.0654 -0.0892
vn -0.9936 0.0608 -0.0954
vn -0.9888 0.1330 -0.0681
vn -0.6463 0.5081 -0.5693
vn -0.6620 0.5304 -0.5295
vn -0.7101 0.5913 -0.3823
vn -0.7010 0.5812 -0.4133
vn -0.9325 -0.3605 0.0218
vn -0.9552 -0.2955 0.0153
vn -0.9605 -0.2782 0.0100
vn -0.9416 -0.3350 0.0327
vn -0.9811 -0.1936 0.0016
vn -0.9856 -0.1688 -0.0125
vn -0.9977 -0.0625 0.0270
vn -0.0000 -0.6136 0.7897
vn -0.0000 -0.7909 0.6120
vn -0.0432 -0.7933 0.6073
vn -0.0467 -0.6145 0.7875
vn -0.8546 -0.4501 0.2590
vn -0.8758 -0.3812 0.2961
vn -0.6165 -0.4056 0.6749
vn -0.6605 -0.5852 0.4704
vn -0.0739 -0.6066 0.7916
vn -0.0768 -0.3801 0.9217
vn -0.0447 -0.3910 0.9193
vn -0.9013 -0.3838 0.2008
vn -0.8176 -0.5327 0.2183
vn -0.8999 -0.4043 0.1635
vn -0.2056 -0.3692 0.9063
vn -0.2650 -0.6304 0.7297
vn -0.5601 -0.7324 0.3872
vn -0.2570 -0.8007 0.5412
vn -0.0640 -0.7923 0.6067
vn -0.9006 -0.3539 0.2523
vn -0.9047 0.4253 -0.0248
vn -0.9102 0.4129 -0.0309
vn -0.9037 0.4265 -0.0383
vn -0.9028 0.4289 -0.0314
vn -0.9036 0.4264 -0.0418
vn -0.9038 0.4261 -0.0389
vn -0.9020 0.4296 -0.0428
vn -0.9025 0.4286 -0.0430
vn -0.9190 0.3941 -0.0134
vn -0.9263 0.3767 -0.0083
vn -0.9294 0.3690 0.0010
vn -0.9032 0.4277 -0.0357
vn -0.9011 0.4324 -0.0325
vn -0.8993 0.4366 -0.0250
vn -0.8999 0.4357 -0.0193
vn -0.9262 0.3769 0.0032
vn -0.9154 0.4024 -0.0142
vn -0.9034 0.4271 -0.0378
vn -0.9010 0.4326 -0.0325
vn -0.8975 0.4402 -0.0251
vn -0.8996 0.4364 -0.0194
vn -0.9066 0.4213 -0.0228
vn -0.9162 0.4000 -0.0231
vn -0.9245 0.3811 -0.0103
vn -0.9037 0.4260 -0.0419
vn -0.9036 0.4263 -0.0421
vn -0.9037 0.4264 -0.0386
vn -0.8658 0.1649 0.4724
vn -0.4661 0.1868 0.8648
vn -0.0886 0.1536 0.9842
vn -0.0617 0.1226 0.9905
vn -0.0000 0.1203 0.9927
vn -0.0000 0.1177 0.9931
vn -0.5120 -0.0498 0.8575
vn -0.5124 -0.0273 0.8583
vn -0.5126 -0.0130 0.8585
vn -0.0849 0.9923 0.0907
vn -0.1130 0.9775 0.1783
vn -0.0901 0.9798 0.1787
vn -0.0601 0.9807 0.1862
vn -0.0474 0.9783 0.2017
vn -0.0000 0.1228 0.9924
vn -0.0325 0.1144 0.9929
vn -0.0314 0.1145 0.9929
vn -0.0000 0.1230 0.9924
vn -0.0320 0.1152 0.9928
vn -0.0000 0.1152 0.9933
vn 0.0020 0.9933 -0.1152
vn -0.0000 0.9933 -0.1152
vn 0.9922 0.1235 0.0176
vn -0.0000 0.2764 0.9611
vn -0.0327 0.2760 0.9606
vn -0.0264 0.6343 0.7727
vn -0.0000 0.6274 0.7787
vn -0.0270 0.4689 0.8828
vn -0.0000 0.4631 0.8863
vn -0.0000 0.6326 0.7745
vn -0.0315 0.6322 0.7741
vn -0.0326 0.4603 0.8872
vn -0.0324 0.2760 0.9606
vn -0.0324 0.2762 0.9605
vn -0.0000 0.2764 0.9610
vn -0.0000 0.2762 0.9611
vn 0.0101 0.9155 -0.4021
vn -0.0000 0.9156 -0.4021
vn -0.0000 0.9728 0.2316
vn -0.0388 0.9722 0.2308
vn -0.0000 0.9792 0.2030
vn -0.0405 0.9784 0.2026
vn -0.0000 0.9800 0.1988
vn -0.0428 0.9791 0.1989
vn -0.0000 0.9790 0.2041
vn -0.0000 0.9790 0.2040
vn -0.0566 0.9774 0.2037
vn -0.0513 0.9777 0.2038
vn -0.5194 0.8394 0.1600
vn -0.0733 0.8666 0.4937
vn -0.0876 0.8676 0.4895
vn -0.0000 0.8693 0.4943
vn -0.0000 0.8686 0.4955
vn -0.0995 0.8666 0.4890
vn -0.0000 0.8684 0.4959
vn -0.0968 0.8636 0.4947
vn -0.1288 0.8610 0.4920
vn -0.1583 0.8610 0.4834
vn -0.1054 0.8592 0.5007
vn -0.1319 0.8546 0.5023
vn -0.1527 0.8567 0.4926
vn -0.0000 0.8684 0.4958
vn -0.0696 0.8660 0.4952
vn -0.1316 0.8525 0.5058
vn -0.1530 0.8570 0.4921
vn -0.1043 0.8599 0.4996
vn -0.1671 0.8615 0.4795
vn -0.1032 0.8653 0.4905
vn -0.0000 0.8670 0.4983
vn -0.0851 0.8651 0.4943
vn -0.8958 0.4445 0.0066
vn -0.8950 0.4460 0.0023
vn -0.8968 0.4425 0.0020
vn -0.8967 0.4427 -0.0003
vn -0.8920 0.4519 -0.0074
vn -0.8955 0.4451 0.0062
vn -0.8924 0.4510 -0.0142
vn -0.8992 0.4375 0.0056
vn -0.9000 0.4357 0.0131
vn -0.9172 0.3985 -0.0072
vn -0.9053 0.4248 0.0012
vn -0.9094 0.4160 0.0029
vn -0.8906 0.4545 -0.0153
vn -0.8912 0.4532 -0.0206
vn -0.8951 0.4459 0.0082
vn -0.1488 0.1895 -0.9705
vn -0.5762 0.1971 -0.7932
vn -0.5911 0.1968 -0.7823
vn -0.1503 0.1895 -0.9703
vn -0.8529 0.1745 -0.4920
vn -0.0612 0.1887 -0.9801
vn 0.9967 -0.0780 -0.0203
vn 0.9995 -0.0282 -0.0161
vn 0.9994 -0.0297 -0.0162
vn -0.9926 0.0840 -0.0879
vn -0.9833 0.1730 -0.0558
vn -0.5605 0.0068 -0.8281
vn -0.1390 -0.0310 -0.9898
vn -0.0156 0.0352 -0.9993
vn 0.9997 0.0200 -0.0119
vn -0.1744 -0.2553 -0.9510
vn -0.6645 -0.3133 -0.6784
vn -0.6874 0.3239 0.6501
vn -0.6881 0.3294 0.6465
vn -0.9915 -0.1293 -0.0156
vn -0.9953 -0.0934 -0.0256
vn -0.0000 0.1631 -0.9866
vn -0.0121 0.1800 -0.9836
vn 0.0081 0.0708 -0.9975
vn -0.0026 -0.0079 -1.0000
vn -0.0000 0.0407 -0.9992
vn -0.0000 0.0851 -0.9964
vn -0.0136 0.0832 -0.9964
vn -0.0143 0.1780 -0.9839
vn -0.0000 0.1780 -0.9840
vn -0.0000 -0.0088 -1.0000
vn -0.0129 -0.0088 -0.9999
vn -0.0021 -0.9964 -0.0850
vn -0.0000 -0.9964 -0.0850
vn -0.0000 0.9964 0.0850
vn -0.0069 0.9964 0.0850
vn -0.5161 0.1027 0.8504
vn -0.5050 0.3475 0.7901
vn -0.5005 0.3861 0.7749
vn -0.5161 0.1515 0.8430
vn -0.4830 0.5452 0.6852
vn -0.4805 0.5743 0.6628
vn -0.0000 -0.3922 0.9199
vn -0.9428 -0.3332 0.0119
vn -0.9752 -0.2211 0.0079
vn -0.9822 -0.1879 0.0067
vn -0.9440 -0.3296 0.0118
vn -0.9949 -0.1004 0.0036
vn -0.9928 -0.1199 0.0011
vn -0.9911 -0.1331 -0.0044
vn -0.9944 -0.1060 0.0038
vn -0.9361 -0.3515 0.0126
vn -0.7437 -0.1281 0.6561
vn -0.7043 0.0828 0.7050
vn -0.7230 0.0048 0.6908
vn -0.5705 0.4120 -0.7105
vn -0.5405 0.1675 -0.8245
vn -0.5240 0.2567 -0.8121
vn -0.5642 0.4045 -0.7198
vn -0.6304 -0.1728 -0.7568
vn -0.5899 -0.0268 -0.8070
vn -0.6505 -0.2818 -0.7053
vn -0.8965 -0.4341 -0.0890
vn -0.9362 -0.3404 -0.0871
vn -0.9417 -0.3236 -0.0919
vn -0.9114 -0.4027 -0.0847
vn -0.9641 -0.2022 0.1719
vn -0.9380 -0.3165 0.1415
vn -0.9499 -0.2726 0.1530
vn -0.9645 -0.1988 0.1737
vn -0.8608 -0.4943 0.1208
vn -0.7500 -0.6473 0.1362
vn -0.7834 -0.6082 0.1283
vn -0.8870 -0.4452 0.1229
vn -0.9540 -0.2826 -0.1002
vn -0.9526 -0.3024 -0.0333
vn -0.9526 -0.3025 -0.0322
vn -0.9535 -0.2863 -0.0942
vn -0.7065 -0.6926 0.1454
vn -0.9546 -0.2942 0.0471
vn -0.9541 -0.2967 0.0398
vn -0.9587 -0.2640 0.1057
vn -0.9638 -0.2155 0.1569
vn -0.9628 -0.2270 0.1466
vn -0.9580 -0.2699 0.0972
vn -0.9521 -0.2866 -0.1069
vn -0.9532 -0.2814 -0.1107
vn -0.8793 -0.4670 -0.0935
vn -0.0000 -0.3764 0.9265
vn -0.0000 -0.2733 0.9619
vn -0.0000 -0.3197 0.9475
vn -0.0000 -0.3162 0.9487
vn -0.0000 -0.1749 0.9846
vn -0.0000 -0.2653 0.9642
vn -0.0000 -0.8602 0.5099
vn -0.0000 -0.7468 0.6650
vn -0.0000 -0.7464 0.6655
vn -0.0000 -0.8614 0.5079
vn -0.0000 -0.2848 -0.9586
vn -0.0000 -0.4804 -0.8771
vn -0.0000 -0.4659 -0.8849
vn -0.0000 -0.2665 -0.9638
vn -0.0000 -0.6174 0.7866
vn -0.0000 -0.4946 0.8691
vn -0.0000 -0.4647 0.8855
vn -0.0000 -0.6037 0.7972
vn -0.0000 -0.7237 -0.6901
vn -0.0000 -0.8533 -0.5214
vn -0.0000 -0.8521 -0.5233
vn -0.0000 -0.7118 -0.7023
vn -0.0000 -0.8142 -0.5806
vn -0.0000 -0.9399 -0.3415
vn -0.0000 -0.9395 -0.3424
vn -0.0000 -0.8052 -0.5930
vn -0.0000 -0.1651 -0.9863
vn -0.0000 -0.1886 -0.9821
vn -0.0000 -0.1804 -0.9836
vn -0.0000 -0.6293 -0.7772
vn -0.0000 -0.5991 -0.8007
vn -0.0000 -0.9833 0.1819
vn -0.0000 -0.8321 0.5547
vn -0.0000 -0.4062 -0.9138
vn -0.0000 -0.3440 -0.9390
vn -0.0000 -0.9663 -0.2575
vn -0.0000 -0.9875 0.1574
vn -0.0000 -0.9388 0.3446
vn -0.0000 -0.9389 0.3442
vn -0.0000 -0.9875 0.1578
vn -0.0000 -0.9966 -0.0826
vn -0.0000 -0.9967 -0.0812
vn -0.0000 -0.2407 -0.9706
vn -0.0000 -0.5724 0.8200
vn -0.0000 -0.5533 0.8330
vn -0.9329 -0.3599 -0.0108
vn -0.8984 -0.4387 -0.0192
vn -0.9333 -0.3590 -0.0107
vn -0.9835 -0.1811 0.0052
vn -0.9844 -0.1757 0.0056
vn -0.9987 -0.0493 0.0104
vn -0.9987 -0.0496 0.0100
vn -0.9983 -0.0579 -0.0037
vn -0.9983 -0.0580 -0.0036
vn -0.9986 -0.0502 -0.0146
vn -0.8773 -0.4799 -0.0001
vn -0.8776 -0.4794 -0.0000
vn -0.8493 -0.5277 -0.0122
vn -0.9352 -0.3536 0.0216
vn -0.9347 -0.3548 0.0216
vn -0.9789 -0.2032 0.0233
vn -0.9791 -0.2022 0.0232
vn -0.9994 -0.0352 0.0068
vn -0.9994 -0.0338 0.0065
vn -0.9990 0.0449 -0.0076
vn -0.9990 0.0447 -0.0076
vn -0.9994 0.0349 -0.0088
vn -0.0000 -0.9999 -0.0120
vn -0.0658 -0.9960 -0.0609
vn -0.0280 -0.9996 -0.0092
vn 0.0057 -1.0000 -0.0055
vn -0.0000 -0.9981 -0.0610
vn -0.0005 -1.0000 0.0035
vn -0.0000 -1.0000 0.0049
vn -0.0000 -1.0000 0.0037
vn 0.0408 -0.9991 -0.0090
vn 0.0417 -0.9990 0.0141
vn -0.0001 -1.0000 0.0025
vn -0.0000 -1.0000 0.0025
vn 0.0218 -0.9602 0.2784
vn -0.0000 -0.8332 0.5529
vn 0.0477 -0.9987 -0.0173
vn 0.0490 -0.9986 -0.0188
vn -0.0011 -1.0000 0.0019
vn -0.0002 -1.0000 0.0026
vn -0.0018 -1.0000 0.0015
vn -0.0021 -1.0000 0.0012
vn -0.0011 -0.9998 0.0198
vn -0.0016 -0.9999 0.0130
vn 0.0202 -0.9993 0.0326
vn 0.0151 -0.9992 0.0380
vn -0.0000 -1.0000 -0.0000
vn 0.0135 -0.9997 0.0207
vn 0.0119 -0.9999 0.0097
vn 0.0203 -0.9940 0.1078
vn 0.0169 -0.9832 0.1817
vn 0.0689 0.9906 0.1185
vn 0.0530 0.9917 0.1171
vn 0.0545 0.9755 0.2134
vn 0.0687 0.9727 0.2215
vn 0.0746 0.9971 0.0133
vn 0.0533 0.9985 0.0147
vn 0.0311 0.9994 0.0149
vn 0.3686 0.9018 0.2257
vn 0.5212 0.8092 0.2712
vn 0.5252 0.8454 0.0978
vn 0.2967 0.9504 0.0929
vn 0.4764 0.8790 0.0190
vn 0.2629 0.9647 0.0164
vn 0.0748 0.9652 -0.2504
vn 0.0472 0.9638 -0.2626
vn 0.0543 0.9959 -0.0729
vn 0.0798 0.9949 -0.0610
vn 0.0276 0.9962 -0.0822
vn 0.5121 0.7874 0.3431
vn 0.5140 0.7827 0.3510
vn 0.5149 0.7804 0.3547
vn 0.7283 0.6273 -0.2757
vn 0.7338 0.6652 -0.1379
vn 0.7342 0.6688 -0.1166
vn 0.7296 0.6364 -0.2502
vn 0.7391 0.6730 0.0275
vn 0.7396 0.6715 0.0449
vn 0.7398 0.6297 0.2368
vn 0.7402 0.6335 0.2254
vn 0.7222 0.5196 0.4566
vn 0.7227 0.5223 0.4526
vn 0.0070 0.9944 0.1050
vn 0.0071 0.9943 0.1060
vn 0.0058 0.9948 0.1015
vn 0.0057 0.9948 0.1017
vn 0.2141 0.9641 0.1568
vn 0.2501 0.9599 0.1267
vn 0.0925 0.9823 0.1626
vn 0.0456 0.9898 0.1347
vn 0.1952 0.9802 0.0333
vn 0.1313 0.9912 0.0166
vn 0.2544 0.9659 0.0488
vn 0.0372 0.9722 0.2313
vn 0.0415 0.9746 0.2199
vn 0.0415 0.9740 0.2227
vn 0.0373 0.9713 0.2350
vn 0.5196 0.8332 0.1892
vn 0.5196 0.8333 0.1890
vn 0.5195 0.8305 0.2009
vn 0.0336 0.2851 0.9579
vn 0.0332 0.2784 0.9599
vn 0.0323 0.2762 0.9606
vn -0.0013 -0.9155 0.4023
vn 0.0473 0.9787 0.1999
vn 0.0995 0.9712 0.2167
vn 0.1010 0.9750 0.1978
vn 0.5195 0.8374 0.1698
vn -0.1200 0.1139 -0.9862
vn 0.0301 0.9252 0.3784
vn 0.0332 0.9473 0.3185
vn 0.0596 0.9821 0.1789
vn 0.1006 0.9801 0.1712
vn 0.0899 0.9821 0.1658
vn 0.1017 0.9836 0.1491
vn -0.9994 0.0057 0.0331
vn -0.9990 -0.0154 0.0424
vn -0.9989 -0.0176 0.0433
vn 0.0027 -0.9933 0.1152
vn 0.0798 0.1531 0.9850
vn 0.0549 0.1220 0.9910
vn 0.0542 0.1203 0.9913
vn 0.0788 0.1136 0.9904
vn 0.8679 0.1653 0.4685
vn 0.4460 0.1873 0.8752
vn 0.4407 0.1023 0.8918
vn 0.8792 0.0821 0.4693
vn 0.0384 0.4893 0.8713
vn 0.0402 0.6629 0.7477
vn 0.0334 0.6432 0.7650
vn 0.0327 0.4754 0.8792
vn 0.9693 0.2032 0.1387
vn 0.9692 0.2084 0.1312
vn 0.9608 0.1815 0.2097
vn 0.9617 0.1781 0.2085
vn 0.1548 0.9684 0.1957
vn 0.1351 0.9773 0.1633
vn 0.1564 0.9646 0.2123
vn 0.0934 0.9694 0.2271
vn 0.1600 0.9609 0.2258
vn 0.9750 0.0774 0.2083
vn 0.1067 0.9836 0.1451
vn 0.9280 0.3634 0.0828
vn 0.9246 0.3572 0.1323
vn 0.9665 0.2376 0.0973
vn 0.9696 0.2383 0.0559
vn 0.2344 0.6689 0.7055
vn 0.1419 0.6743 0.7247
vn 0.1386 0.4992 0.8553
vn 0.2417 0.5164 0.8215
vn 0.9625 0.1949 0.1889
vn 0.9709 0.1317 0.2000
vn 0.9771 0.1132 0.1802
vn 0.9770 0.1162 0.1787
vn 0.9457 0.2794 0.1661
vn 0.8658 0.4771 0.1511
vn 0.9157 0.3630 0.1723
vn 0.9751 0.1635 0.1498
vn 0.9499 0.2245 0.2175
vn 0.8737 0.4750 0.1046
vn -0.9979 -0.0384 0.0524
vn 0.1192 0.3046 0.9450
vn 0.2099 0.3178 0.9246
vn 0.1773 0.3132 0.9330
vn 0.1039 0.2952 0.9498
vn 0.0553 0.1203 0.9912
vn 0.0865 0.0761 0.9933
vn 0.0554 0.1203 0.9912
vn 0.8822 -0.0000 0.4709
vn 0.4514 0.0204 0.8921
vn 0.9556 0.1700 0.2407
vn 0.9781 -0.0200 0.2072
vn 0.9869 -0.0403 0.1561
vn 0.9822 0.1062 0.1551
vn 0.9528 0.2981 0.0574
vn 0.9666 0.2510 0.0509
vn 0.9438 0.3195 0.0850
vn 0.9218 0.3803 0.0750
vn 0.0905 0.9855 0.1435
vn 0.0995 0.9841 0.1473
vn 0.1086 0.9807 0.1629
vn 0.5195 0.8391 0.1612
vn 0.9868 0.1591 0.0305
vn 0.9982 0.0543 0.0247
vn 0.9731 0.2302 0.0101
vn 0.9697 0.2441 0.0018
vn 0.9553 0.2957 0.0061
vn 0.9668 0.2553 0.0095
vn 0.9999 0.0063 0.0094
vn 1.0000 -0.0017 -0.0096
vn 0.9696 0.2445 -0.0136
vn 0.9997 0.0045 -0.0250
vn 0.9499 0.3126 -0.0021
vn 0.8997 0.4364 0.0076
vn 0.8994 0.4370 0.0058
vn 0.8973 0.4415 0.0002
vn 0.9000 0.4360 0.0038
vn 0.9003 0.4353 -0.0016
vn 0.9000 0.4359 0.0038
vn 0.8996 0.4367 0.0104
vn 0.8961 0.4438 0.0056
vn 0.3992 0.9161 0.0376
vn 0.4301 0.9027 0.0098
vn 0.2636 0.9634 -0.0477
vn 0.4944 0.8619 -0.1128
vn 0.6480 0.7420 -0.1720
vn 0.3134 0.9248 -0.2159
vn 0.9951 -0.0991 0.0004
vn 0.9930 -0.1172 -0.0153
vn 0.9886 -0.1505 0.0087
vn 0.9867 -0.1610 0.0206
vn 0.9797 -0.2006 0.0028
vn 0.9852 -0.1710 -0.0104
vn 0.9806 -0.1958 -0.0112
vn 0.9790 -0.2039 -0.0077
vn 0.9988 -0.0480 -0.0090
vn 0.9770 -0.2115 -0.0284
vn 0.9699 -0.2432 -0.0144
vn 0.9946 -0.0961 -0.0400
vn 0.9817 -0.1903 0.0061
vn 0.9522 -0.3053 -0.0101
vn 0.9518 -0.3066 0.0019
vn 0.9659 -0.2589 -0.0056
vn 0.9574 -0.2887 -0.0080
vn 0.9819 -0.1894 0.0003
vn 0.9995 0.0171 0.0269
vn 0.9786 0.2041 0.0252
vn 0.9657 0.2529 0.0590
vn 0.9462 0.3090 0.0959
vn 0.0867 0.9859 0.1429
vn 0.0994 0.9841 0.1472
vn 0.0769 0.9949 0.0646
vn 0.0414 0.9989 -0.0219
vn 0.0352 0.9989 -0.0325
vn 0.0674 0.9972 0.0338
vn 0.9747 0.2223 0.0227
vn 0.7796 0.5490 -0.3013
vn 0.7842 0.5082 -0.3561
vn 0.7762 0.3269 -0.5392
vn 0.7616 0.2424 -0.6010
vn 0.7822 0.4198 -0.4604
vn 0.4985 0.6688 0.5516
vn 0.5121 0.6945 0.5055
vn 0.5939 0.7709 0.2304
vn 0.5787 0.7624 0.2895
vn 0.6980 0.7138 -0.0568
vn 0.7057 0.7049 -0.0714
vn 0.7339 0.1405 -0.6646
vn 0.8752 -0.2827 -0.3926
vn 0.9939 -0.1057 -0.0308
vn 0.9938 -0.1088 -0.0246
vn 0.9930 -0.1161 0.0222
vn 0.9930 -0.1163 0.0210
vn 0.8994 -0.4145 0.1386
vn 0.9391 -0.3301 0.0952
vn 0.8425 -0.5054 0.1864
vn 0.9931 -0.0966 0.0659
vn 0.9931 -0.0985 0.0635
vn 0.9879 -0.1407 0.0653
vn 0.9841 -0.1680 0.0570
vn 0.9918 -0.1257 -0.0224
vn 0.9932 -0.1108 -0.0366
vn 0.9994 -0.0201 0.0272
vn 0.9995 -0.0172 0.0272
vn 0.9994 0.0332 0.0125
vn 0.9993 0.0366 0.0062
vn 0.9728 -0.2313 -0.0092
vn 0.9755 -0.2196 -0.0092
vn 0.9708 -0.2397 -0.0092
vn 0.9810 -0.1940 -0.0092
vn 0.9850 -0.1724 -0.0092
vn 0.9358 -0.3524 -0.0122
vn 0.9340 -0.3571 -0.0124
vn 0.9999 -0.0099 -0.0088
vn 0.9999 0.0082 -0.0087
vn 0.9965 -0.0830 -0.0090
vn 0.9929 -0.1188 -0.0091
vn 0.9300 -0.3674 -0.0125
vn 0.9172 -0.3982 -0.0127
vn 0.9195 -0.3931 -0.0007
vn 0.9242 -0.3817 -0.0126
vn 0.8167 0.5656 -0.1148
vn 0.5368 0.8273 -0.1655
vn 0.0396 0.9753 -0.2171
vn 0.0196 0.9998 0.0088
vn 0.0489 0.9772 -0.2065
vn 0.0221 0.9995 0.0237
vn 0.0295 0.9995 0.0068
vn 0.0444 0.9306 -0.3634
vn 0.0474 0.9304 -0.3635
vn 0.0681 0.9293 -0.3631
vn 0.0692 0.9295 -0.3623
vn 0.0669 0.9295 -0.3627
vn 0.0643 0.9294 -0.3633
vn 0.0704 0.9290 -0.3632
vn 0.0694 0.9294 -0.3624
vn 0.0436 0.9308 -0.3629
vn 0.0670 0.9295 -0.3627
vn 0.0488 0.9305 -0.3631
vn 0.0628 0.9294 -0.3637
vn 0.9692 0.2435 -0.0378
vn 0.9643 0.2615 -0.0415
vn 0.9525 0.3007 -0.0480
vn 0.9520 0.3032 -0.0411
vn 0.9617 0.2691 -0.0514
vn 0.9584 0.2805 -0.0534
vn 0.9740 0.2236 -0.0356
vn 0.9669 0.2501 -0.0506
vn 0.9890 0.1451 -0.0284
vn 0.9700 0.2397 -0.0395
vn 0.9988 0.0345 -0.0358
vn 0.9513 0.3065 -0.0329
vn 0.9788 0.1960 -0.0601
vn 0.9629 0.2649 -0.0517
vn 0.9630 0.2648 -0.0503
vn 0.9489 0.3139 -0.0306
vn 0.9721 0.2320 -0.0345
vn 0.9118 0.3704 -0.1775
vn 0.9450 0.2661 -0.1900
vn 0.5994 0.4056 -0.6900
vn 0.6488 0.4753 -0.5942
vn 0.1771 0.3432 -0.9224
vn 0.2128 0.3960 -0.8933
vn 0.0498 0.2593 -0.9645
vn 0.0442 0.3109 -0.9494
vn 0.9637 0.2622 -0.0509
vn 0.9851 0.1559 -0.0725
vn 0.9654 0.0980 -0.2417
vn 0.9580 0.2836 -0.0431
vn 0.0483 0.3746 -0.9259
vn 0.2499 0.4501 -0.8573
vn 0.6272 0.5694 -0.5313
vn 0.8315 0.5329 -0.1570
vn 0.0494 -0.3267 -0.9438
vn 0.0487 -0.3267 -0.9439
vn 0.2835 -0.1554 -0.9463
vn 0.5552 0.1281 -0.8218
vn -0.0019 0.9882 0.1535
vn 0.0039 0.9925 0.1221
vn 0.0093 0.9934 0.1140
vn -0.0013 0.9844 0.1762
vn 0.7443 0.4494 -0.4939
vn 0.7401 0.4349 -0.5130
vn 0.7625 0.5560 -0.3308
vn 0.0490 -0.2196 -0.9744
vn 0.0456 -0.2178 -0.9749
vn 0.1426 -0.7193 -0.6799
vn 0.1439 -0.7295 -0.6687
vn 0.0381 -0.7132 -0.6999
vn 0.0366 -0.6955 -0.7176
vn 0.4658 -0.7318 -0.4975
vn 0.4839 -0.7295 -0.4835
vn 0.7732 -0.6044 -0.1923
vn 0.7889 -0.5921 -0.1644
vn 0.9534 -0.2349 -0.1895
vn 0.9564 -0.2194 -0.1931
vn 0.9904 -0.1298 -0.0465
vn 0.9850 -0.1659 -0.0469
vn 0.0155 0.9725 -0.2325
vn 0.0156 0.9711 -0.2381
vn 0.0360 0.9762 -0.2137
vn 0.0323 0.9765 -0.2129
vn 0.0430 -0.0199 -0.9989
vn 0.0516 -0.0169 -0.9985
vn 0.1427 -0.0303 -0.9893
vn 0.1453 -0.0296 -0.9889
vn 0.8724 -0.4441 -0.2039
vn 0.9408 -0.3354 -0.0495
vn 0.8571 -0.5119 -0.0579
vn 0.5742 -0.5127 -0.6384
vn 0.6512 -0.3132 -0.6912
vn 0.1641 -0.4922 -0.8549
vn 0.1727 -0.2545 -0.9515
vn 0.0406 -0.4616 -0.8862
vn 0.8448 -0.5307 -0.0681
vn 0.1448 0.9736 -0.1764
vn 0.1487 0.9733 -0.1747
vn 0.2911 0.9539 -0.0726
vn 0.2896 0.9542 -0.0746
vn 0.3331 0.9428 -0.0151
vn 0.5645 0.0072 -0.8254
vn 0.5686 0.0077 -0.8226
vn 0.9409 0.0344 -0.3371
vn 0.9362 0.0344 -0.3498
vn 0.9939 0.0654 -0.0892
vn 0.9936 0.0608 -0.0954
vn 0.9888 0.1330 -0.0681
vn 0.6389 0.5047 -0.5807
vn 0.7010 0.5812 -0.4133
vn 0.7101 0.5913 -0.3823
vn 0.6579 0.5286 -0.5365
vn 0.9325 -0.3605 0.0218
vn 0.9416 -0.3350 0.0327
vn 0.9605 -0.2782 0.0100
vn 0.9552 -0.2955 0.0153
vn 0.9856 -0.1688 -0.0125
vn 0.9811 -0.1936 0.0016
vn 0.9977 -0.0625 0.0270
vn 0.0467 -0.6145 0.7875
vn 0.0432 -0.7933 0.6073
vn 0.8546 -0.4501 0.2590
vn 0.6605 -0.5852 0.4704
vn 0.6165 -0.4056 0.6749
vn 0.8758 -0.3812 0.2961
vn 0.0739 -0.6066 0.7916
vn 0.0447 -0.3910 0.9193
vn 0.0768 -0.3801 0.9217
vn 0.9013 -0.3838 0.2008
vn 0.8999 -0.4043 0.1635
vn 0.8176 -0.5327 0.2183
vn 0.2650 -0.6304 0.7297
vn 0.2056 -0.3692 0.9063
vn 0.5601 -0.7324 0.3872
vn 0.2570 -0.8007 0.5412
vn 0.0640 -0.7923 0.6067
vn 0.9006 -0.3539 0.2523
vn 0.9047 0.4253 -0.0248
vn 0.9028 0.4289 -0.0314
vn 0.9037 0.4265 -0.0383
vn 0.9102 0.4129 -0.0309
vn 0.9036 0.4264 -0.0418
vn 0.9025 0.4286 -0.0430
vn 0.9020 0.4296 -0.0428
vn 0.9038 0.4261 -0.0389
vn 0.9190 0.3941 -0.0134
vn 0.9294 0.3690 0.0010
vn 0.9263 0.3767 -0.0083
vn 0.9032 0.4277 -0.0357
vn 0.8993 0.4366 -0.0250
vn 0.9011 0.4324 -0.0325
vn 0.8999 0.4357 -0.0193
vn 0.9154 0.4024 -0.0142
vn 0.9262 0.3769 0.0032
vn 0.9010 0.4326 -0.0325
vn 0.9034 0.4271 -0.0378
vn 0.8996 0.4364 -0.0194
vn 0.8975 0.4402 -0.0251
vn 0.9066 0.4213 -0.0228
vn 0.9162 0.4000 -0.0231
vn 0.9245 0.3811 -0.0103
vn 0.9036 0.4263 -0.0421
vn 0.9037 0.4260 -0.0419
vn 0.9037 0.4264 -0.0386
vn 0.8658 0.1649 0.4724
vn 0.4661 0.1868 0.8648
vn 0.0886 0.1536 0.9842
vn 0.0617 0.1226 0.9905
vn 0.5120 -0.0498 0.8575
vn 0.5126 -0.0130 0.8585
vn 0.5124 -0.0273 0.8583
vn 0.0849 0.9923 0.0907
vn 0.1130 0.9775 0.1783
vn 0.0901 0.9798 0.1787
vn 0.0601 0.9807 0.1862
vn 0.0474 0.9783 0.2017
vn 0.0325 0.1144 0.9929
vn 0.0314 0.1145 0.9929
vn 0.0320 0.1152 0.9928
vn -0.0020 0.9933 -0.1152
vn -0.9922 0.1235 0.0176
vn 0.0327 0.2760 0.9606
vn 0.0264 0.6343 0.7727
vn 0.0270 0.4689 0.8828
vn 0.0326 0.4603 0.8872
vn 0.0315 0.6322 0.7741
vn 0.0324 0.2760 0.9606
vn 0.0324 0.2762 0.9605
vn -0.0101 0.9155 -0.4021
vn 0.0388 0.9722 0.2308
vn 0.0405 0.9784 0.2026
vn 0.0428 0.9791 0.1989
vn 0.0513 0.9777 0.2038
vn 0.0566 0.9774 0.2037
vn 0.5194 0.8394 0.1600
vn 0.0733 0.8666 0.4937
vn 0.0876 0.8676 0.4895
vn 0.0995 0.8666 0.4890
vn 0.0968 0.8636 0.4947
vn 0.1288 0.8610 0.4920
vn 0.1583 0.8610 0.4834
vn 0.1054 0.8592 0.5007
vn 0.1319 0.8546 0.5023
vn 0.1527 0.8567 0.4926
vn 0.0696 0.8660 0.4952
vn 0.1530 0.8570 0.4921
vn 0.1316 0.8525 0.5058
vn 0.1043 0.8599 0.4996
vn 0.1032 0.8653 0.4905
vn 0.1671 0.8615 0.4795
vn 0.0851 0.8651 0.4943
vn 0.8958 0.4445 0.0066
vn 0.8967 0.4427 -0.0003
vn 0.8968 0.4425 0.0020
vn 0.8950 0.4460 0.0023
vn 0.8955 0.4451 0.0062
vn 0.8920 0.4519 -0.0074
vn 0.8924 0.4510 -0.0142
vn 0.8992 0.4375 0.0056
vn 0.9000 0.4357 0.0131
vn 0.9172 0.3985 -0.0072
vn 0.9094 0.4160 0.0029
vn 0.9053 0.4248 0.0012
vn 0.8906 0.4545 -0.0153
vn 0.8912 0.4532 -0.0206
vn 0.8951 0.4459 0.0082
vn 0.1488 0.1895 -0.9705
vn 0.1503 0.1895 -0.9703
vn 0.5911 0.1968 -0.7823
vn 0.5762 0.1971 -0.7932
vn 0.8529 0.1745 -0.4920
vn 0.0612 0.1887 -0.9801
vn -0.9967 -0.0780 -0.0203
vn -0.9994 -0.0297 -0.0162
vn -0.9995 -0.0282 -0.0161
vn 0.9926 0.0840 -0.0879
vn 0.9833 0.1730 -0.0558
vn 0.5605 0.0068 -0.8281
vn 0.1390 -0.0310 -0.9898
vn 0.0156 0.0352 -0.9993
vn -0.9997 0.0200 -0.0119
vn 0.1744 -0.2553 -0.9510
vn 0.6645 -0.3133 -0.6784
vn 0.6881 0.3294 0.6465
vn 0.6874 0.3239 0.6501
vn 0.9915 -0.1293 -0.0156
vn 0.9953 -0.0934 -0.0256
vn 0.0121 0.1800 -0.9836
vn -0.0081 0.0708 -0.9975
vn 0.0026 -0.0079 -1.0000
vn 0.0143 0.1780 -0.9839
vn 0.0136 0.0832 -0.9964
vn 0.0129 -0.0088 -0.9999
vn 0.0021 -0.9964 -0.0850
vn 0.0069 0.9964 0.0850
vn 0.5161 0.1027 0.8504
vn 0.5161 0.1515 0.8430
vn 0.5005 0.3861 0.7749
vn 0.5050 0.3475 0.7901
vn 0.4805 0.5743 0.6628
vn 0.4830 0.5452 0.6852
vn 0.9428 -0.3332 0.0119
vn 0.9440 -0.3296 0.0118
vn 0.9822 -0.1879 0.0067
vn 0.9752 -0.2211 0.0079
vn 0.9949 -0.1004 0.0036
vn 0.9944 -0.1060 0.0038
vn 0.9911 -0.1331 -0.0044
vn 0.9928 -0.1199 0.0011
vn 0.9361 -0.3515 0.0126
vn 0.7437 -0.1281 0.6561
vn 0.7230 0.0048 0.6908
vn 0.7043 0.0828 0.7050
vn 0.5664 0.3640 -0.7394
vn 0.5845 0.4072 -0.7018
vn 0.5441 0.2294 -0.8071
vn 0.5500 0.1524 -0.8212
vn 0.5899 -0.0268 -0.8070
vn 0.6304 -0.1728 -0.7568
vn 0.6505 -0.2818 -0.7053
vn 0.8965 -0.4341 -0.0890
vn 0.9114 -0.4027 -0.0847
vn 0.9417 -0.3236 -0.0919
vn 0.9362 -0.3404 -0.0871
vn 0.9641 -0.2022 0.1719
vn 0.9645 -0.1988 0.1737
vn 0.9499 -0.2726 0.1530
vn 0.9380 -0.3165 0.1415
vn 0.8608 -0.4943 0.1208
vn 0.8870 -0.4452 0.1229
vn 0.7834 -0.6082 0.1283
vn 0.7500 -0.6473 0.1362
vn 0.9540 -0.2826 -0.1002
vn 0.9535 -0.2863 -0.0942
vn 0.9526 -0.3025 -0.0322
vn 0.9526 -0.3024 -0.0333
vn 0.7065 -0.6926 0.1454
vn 0.9541 -0.2967 0.0398
vn 0.9546 -0.2942 0.0471
vn 0.9587 -0.2640 0.1057
vn 0.9580 -0.2699 0.0972
vn 0.9628 -0.2270 0.1466
vn 0.9638 -0.2155 0.1569
vn 0.9532 -0.2814 -0.1107
vn 0.9521 -0.2866 -0.1069
vn 0.8793 -0.4670 -0.0935
vn 0.9329 -0.3599 -0.0108
vn 0.9333 -0.3590 -0.0107
vn 0.8984 -0.4387 -0.0192
vn 0.9835 -0.1811 0.0052
vn 0.9844 -0.1757 0.0056
vn 0.9987 -0.0493 0.0104
vn 0.9987 -0.0496 0.0100
vn 0.9983 -0.0579 -0.0037
vn 0.9983 -0.0580 -0.0036
vn 0.9986 -0.0502 -0.0146
vn 0.8773 -0.4799 -0.0001
vn 0.8493 -0.5277 -0.0122
vn 0.8776 -0.4794 -0.0000
vn 0.9352 -0.3536 0.0216
vn 0.9347 -0.3548 0.0216
vn 0.9789 -0.2032 0.0233
vn 0.9791 -0.2022 0.0232
vn 0.9994 -0.0352 0.0068
vn 0.9994 -0.0338 0.0065
vn 0.9990 0.0447 -0.0076
vn 0.9990 0.0449 -0.0076
vn 0.9994 0.0349 -0.0088
vn 0.0658 -0.9960 -0.0609
vn 0.0280 -0.9995 -0.0146
vn 0.0005 -1.0000 0.0035
vn -0.0408 -0.9991 -0.0090
vn -0.0417 -0.9990 0.0141
vn 0.0001 -1.0000 0.0025
vn -0.0218 -0.9602 0.2784
vn -0.0477 -0.9987 -0.0173
vn -0.0490 -0.9986 -0.0188
vn 0.0011 -1.0000 0.0019
vn 0.0002 -1.0000 0.0026
vn 0.0021 -1.0000 0.0012
vn 0.0018 -1.0000 0.0015
vn 0.0011 -0.9998 0.0198
vn 0.0016 -0.9999 0.0130
vn -0.0028 -0.9995 0.0306
vn -0.0049 -0.9995 0.0300
vn -0.0185 -0.9996 0.0199
vn -0.0254 -0.9944 0.1024
vn -0.0352 -0.9994 0.0075
vn -0.0169 -0.9832 0.1817
vn 0.2685 -0.9633 -0.0000
vn -0.2616 -0.9652 -0.0000
vn -0.2529 -0.9206 -0.2976
vn 0.2821 -0.9106 -0.3020
vn 0.7023 -0.7119 -0.0000
vn 0.3765 -0.8318 -0.4077
vn -0.5969 -0.8023 -0.0000
vn -0.3976 -0.8510 -0.3430
vn 0.2274 -0.0213 -0.9736
vn -0.3799 0.0356 0.9243
vn -0.0404 0.9796 0.1968
vn 0.0913 0.9811 0.1709
vn -0.0697 -0.9852 0.1568
vn -0.8808 0.0826 0.4662
vn 0.9956 -0.0933 0.0041
vn 0.0041 -0.0004 -1.0000
vn -0.0930 -0.9866 0.1342
vn -0.0041 0.0004 1.0000
vn -0.2274 -0.0213 -0.9736
vn 0.3799 0.0356 0.9243
vn 0.0404 0.9796 0.1968
vn -0.0913 0.9811 0.1709
vn 0.0697 -0.9852 0.1568
vn 0.8808 0.0826 0.4662
vn -0.9956 -0.0933 0.0041
vn -0.0041 -0.0004 -1.0000
vn 0.0930 -0.9866 0.1342
vn 0.0041 0.0004 1.0000
vn 0.7071 0.7071 -0.0000
vn 0.5490 0.5490 0.6302
vn 0.7764 -0.0000 0.6302
vn 1.0000 -0.0000 -0.0000
vn 0.7071 -0.7071 -0.0000
vn 0.5490 -0.5490 0.6302
vn -0.0000 -0.7764 0.6302
vn -0.7071 -0.7071 -0.0000
vn -0.5490 -0.5490 0.6302
vn -0.7764 -0.0000 0.6302
vn -1.0000 -0.0000 -0.0000
vn -0.7071 0.7071 -0.0000
vn -0.5490 0.5490 0.6302
vn -0.0000 0.7764 0.6302
vn -0.0000 1.0000 -0.0000
vn -0.0000 -0.0000 -1.0000
vn -0.3016 -0.3465 0.8882
vn -0.5715 -0.0634 0.8181
vn -0.5434 0.4560 0.7048
vn -0.0000 0.7623 0.6472
vn 0.5434 0.4560 0.7048
vn 0.5715 -0.0634 0.8181
vn 0.3016 -0.3465 0.8882
vn -0.0000 -0.4202 0.9074
vn -0.9924 0.1101 -0.0542
vn -0.6155 0.7071 -0.3482
vn 0.6155 0.7071 -0.3482
vn 0.9924 0.1101 -0.0542
vn 0.7302 -0.6129 0.3019
vn -0.0000 -0.8971 0.4418
vn -0.7302 -0.6129 0.3019
vn -0.0000 0.8971 -0.4418
vt 0.000000 0.000000
s 1
usemtl carPaint.002
f 198/1/1 345/1/2 337/1/3 113/1/4
f 113/1/4 337/1/3 338/1/5 130/1/6
f 197/1/7 198/1/1 113/1/4 74/1/8
f 74/1/8 113/1/4 130/1/6 73/1/9
f 340/1/10 4/1/11 355/1/12 356/1/13
f 4/1/11 5/1/14 354/1/15 355/1/12
f 201/1/16 200/1/17 154/1/18 204/1/19
f 200/1/17 197/1/7 74/1/8 154/1/18
f 204/1/19 154/1/18 153/1/20 203/1/21
f 154/1/18 74/1/8 73/1/9 153/1/20
f 339/1/22 340/1/10 356/1/13 359/1/23
f 341/1/24 339/1/22 359/1/23 86/1/24
f 294/1/47 312/1/48 28/1/49 290/1/50
f 28/1/51 312/1/52 332/1/52 325/1/53
f 295/1/59 33/1/60 34/1/61 290/1/50
f 26/1/62 28/1/51 325/1/53 324/1/62
f 30/1/63 27/1/64 326/1/64 327/1/63
f 312/1/65 311/1/66 333/1/67 332/1/68
f 287/1/69 32/1/70 33/1/60 295/1/59
f 297/1/71 171/1/72 32/1/70 287/1/69
f 282/1/82 110/1/83 109/1/84 281/1/85
f 33/1/60 32/1/70 19/1/94 159/1/95
f 34/1/61 33/1/60 159/1/95 160/1/96
f 160/1/96 21/1/97 158/1/98 34/1/61
f 283/1/91 111/1/99 110/1/83 282/1/82
f 169/1/100 19/1/94 32/1/70 171/1/72
f 161/1/101 91/1/102 92/1/103 163/1/104
f 21/1/105 20/1/106 23/1/107 158/1/108
f 164/1/109 22/1/110 31/1/111 162/1/112
f 165/1/113 160/1/114 159/1/115 163/1/104
f 165/1/113 93/1/116 22/1/110 164/1/109
f 160/1/114 165/1/113 164/1/109 21/1/117
f 93/1/116 165/1/113 163/1/104 92/1/103
f 19/1/118 161/1/101 163/1/104 159/1/115
f 23/1/107 20/1/106 162/1/120 166/1/121
f 31/1/122 152/1/123 166/1/121 162/1/120
f 21/1/117 164/1/109 162/1/112 20/1/130
f 172/1/134 169/1/135 17/1/136 168/1/137
f 161/1/101 19/1/118 169/1/135 172/1/134
f 17/1/138 169/1/100 171/1/72 29/1/139
f 286/1/140 29/1/139 171/1/72 297/1/71
f 25/1/141 26/1/62 324/1/62 323/1/141
f 90/1/142 91/1/102 161/1/101 172/1/134
f 168/1/137 18/1/143 90/1/142 172/1/134
f 175/1/144 358/1/145 357/1/146 174/1/147
f 88/1/148 175/1/144 174/1/147 173/1/149
f 10/1/150 12/1/151 173/1/149 174/1/147
f 357/1/146 176/1/152 10/1/150 174/1/147
f 11/1/153 176/1/154 357/1/155 353/1/156
f 11/1/153 262/1/157 261/1/158 176/1/154
f 148/1/159 11/1/153 353/1/156 354/1/160
f 148/1/159 263/1/159 262/1/157 11/1/153
f 5/1/14 263/1/161 148/1/162 354/1/15
f 6/1/163 264/1/164 263/1/161 5/1/14
f 6/1/163 202/1/165 265/1/166 264/1/164
f 18/1/143 387/1/167 386/1/175 90/1/142
f 94/1/176 379/1/177 376/1/170 180/1/178
f 173/1/149 382/1/173 388/1/179 88/1/148
f 178/1/180 381/1/172 375/1/171 104/1/181
f 349/1/182 378/1/169 380/1/183 179/1/184
f 348/1/185 88/1/148 388/1/179 384/1/168
f 350/1/186 175/1/144 88/1/148 348/1/185
f 87/1/187 168/1/137 17/1/136 86/1/188
f 86/1/189 17/1/138 29/1/139
f 360/1/195 358/1/145 175/1/144 350/1/186
f 105/1/231 94/1/176 180/1/178 190/1/232
f 349/1/182 352/1/237 190/1/232 180/1/178
f 104/1/181 106/1/238 193/1/239 178/1/180
f 178/1/180 193/1/239 191/1/240 179/1/184
f 202/1/165 206/1/241 266/1/242 265/1/166
f 207/1/243 116/1/244 117/1/245 205/1/246
f 205/1/246 117/1/245 118/1/247 208/1/248
f 115/1/249 206/1/241 208/1/248 118/1/247
f 6/1/163 5/1/14 197/1/7 200/1/17
f 202/1/165 6/1/163 200/1/17 201/1/16
f 5/1/14 4/1/11 198/1/1 197/1/7
f 4/1/11 340/1/10 345/1/2 198/1/1
f 196/1/258 271/1/259 202/1/165 201/1/16
f 8/1/260 9/1/261 204/1/19 203/1/21
f 271/1/259 274/1/262 206/1/241 202/1/165
f 114/1/263 72/1/264 207/1/243 205/1/246
f 195/1/265 114/1/263 205/1/246 208/1/248
f 274/1/262 195/1/265 208/1/248 206/1/241
f 9/1/261 196/1/258 201/1/16 204/1/19
f 213/1/266 260/1/267 269/1/268 212/1/269
f 212/1/269 269/1/268 268/1/270 214/1/271
f 70/1/272 212/1/269 214/1/271 67/1/273
f 128/1/274 213/1/266 212/1/269 70/1/272
f 216/1/275 213/1/266 128/1/274 215/1/276
f 10/1/150 216/1/275 215/1/276 12/1/151
f 10/1/150 176/1/152 261/1/277 216/1/275
f 242/1/278 67/1/273 214/1/271 244/1/279
f 260/1/267 213/1/266 216/1/275 261/1/277
f 244/1/279 214/1/271 268/1/270 267/1/280
f 266/1/242 53/1/281 219/1/282 258/1/283
f 53/1/281 144/1/284 143/1/285 52/1/286
f 142/1/287 143/1/285 144/1/284 145/1/288
f 389/1/289 142/1/287 145/1/288 146/1/290
f 140/1/291 139/1/292 389/1/289 146/1/290
f 52/1/286 60/1/293 66/1/294 217/1/295
f 52/1/286 217/1/295 219/1/282 53/1/281
f 258/1/283 219/1/282 217/1/295 259/1/296
f 64/1/297 140/1/291 146/1/290 65/1/298
f 65/1/298 146/1/290 145/1/288 51/1/299
f 51/1/299 145/1/288 144/1/284 50/1/300
f 50/1/300 144/1/284 53/1/281 115/1/301
f 53/1/281 266/1/242 206/1/241 115/1/301
f 371/1/316 370/1/317 77/1/318 76/1/319
f 374/1/326 369/1/327 68/1/328 80/1/329
f 77/1/330 78/1/331 227/1/332 226/1/333
f 76/1/334 77/1/330 226/1/333 75/1/334
f 79/1/355 240/1/356 227/1/332 78/1/331
f 80/1/357 241/1/358 240/1/356 79/1/355
f 68/1/359 150/1/359 241/1/358 80/1/357
f 217/1/295 244/1/279 267/1/280 259/1/296
f 66/1/294 242/1/278 244/1/279 217/1/295
f 69/1/366 242/1/278 66/1/294 368/1/364
f 149/1/371 245/1/372 137/1/373 138/1/374
f 245/1/372 377/1/375 136/1/376 137/1/373
f 104/1/181 375/1/171 377/1/375 245/1/372
f 106/1/238 104/1/181 245/1/372 149/1/371
f 107/1/132 111/1/99 283/1/91 279/1/90
f 27/1/435 286/1/140 297/1/71 170/1/436
f 281/1/85 109/1/84 291/1/79 299/1/78
f 170/1/436 297/1/71 287/1/69 25/1/437
f 25/1/437 287/1/69 295/1/59 26/1/438
f 26/1/438 295/1/59 290/1/50 28/1/49
f 158/1/98 294/1/47 290/1/50 34/1/61
f 333/1/67 331/1/463 325/1/464 332/1/68
f 325/1/464 331/1/463 330/1/465 324/1/466
f 324/1/466 330/1/465 329/1/467 323/1/468
f 328/1/469 327/1/470 326/1/471 322/1/472
f 329/1/467 328/1/469 322/1/472 323/1/468
f 27/1/473 170/1/473 322/1/473 326/1/473
f 170/1/473 25/1/141 323/1/141 322/1/473
f 179/1/184 191/1/240 352/1/237 349/1/182
f 87/1/187 360/1/195 350/1/186 168/1/137
f 168/1/137 350/1/186 348/1/185 18/1/143
f 18/1/143 348/1/185 384/1/168 387/1/167
f 180/1/178 376/1/170 378/1/169 349/1/182
f 242/1/278 69/1/366 361/1/520 67/1/273
f 66/1/294 60/1/293 367/1/362 368/1/364
f 78/1/525 77/1/318 370/1/317 372/1/346
f 79/1/526 78/1/525 372/1/346 373/1/344
f 80/1/329 79/1/526 373/1/344 374/1/326
f 380/1/183 381/1/172 178/1/180 179/1/184
f 71/1/530 383/1/529 215/1/276 128/1/274
f 385/1/174 382/1/173 173/1/149 12/1/151
f 383/1/529 385/1/174 12/1/151 215/1/276
f 634/1/694 554/1/695 746/1/696 752/1/697
f 554/1/695 130/1/6 338/1/5 746/1/696
f 633/1/698 519/1/699 554/1/695 634/1/694
f 519/1/699 518/1/700 130/1/6 554/1/695
f 748/1/701 763/1/702 762/1/703 459/1/704
f 459/1/704 762/1/703 761/1/705 460/1/706
f 637/1/707 639/1/708 591/1/709 636/1/710
f 636/1/710 591/1/709 519/1/699 633/1/698
f 639/1/708 203/1/21 590/1/711 591/1/709
f 591/1/709 590/1/711 518/1/700 519/1/699
f 747/1/712 766/1/713 763/1/702 748/1/701
f 749/1/714 528/1/714 766/1/713 747/1/712
f 720/1/736 716/1/737 481/1/738 732/1/739
f 481/1/740 741/1/741 743/1/742 732/1/742
f 721/1/747 716/1/737 486/1/748 485/1/749
f 479/1/750 740/1/750 741/1/741 481/1/740
f 30/1/63 327/1/63 742/1/751 480/1/751
f 732/1/752 743/1/753 333/1/67 311/1/66
f 713/1/754 721/1/747 485/1/749 484/1/755
f 723/1/756 713/1/754 484/1/755 607/1/757
f 708/1/766 707/1/767 550/1/768 551/1/769
f 485/1/749 595/1/778 472/1/779 484/1/755
f 486/1/748 596/1/780 595/1/778 485/1/749
f 596/1/780 486/1/748 594/1/781 474/1/782
f 709/1/777 708/1/766 551/1/769 552/1/783
f 605/1/784 607/1/757 484/1/755 472/1/779
f 597/1/785 599/1/786 534/1/787 533/1/788
f 474/1/789 594/1/790 476/1/791 473/1/792
f 600/1/793 598/1/794 483/1/795 475/1/796
f 601/1/797 599/1/786 595/1/798 596/1/799
f 601/1/797 600/1/793 475/1/796 535/1/800
f 596/1/799 474/1/801 600/1/793 601/1/797
f 535/1/800 534/1/787 599/1/786 601/1/797
f 472/1/802 595/1/798 599/1/786 597/1/785
f 476/1/791 602/1/804 598/1/805 473/1/792
f 483/1/806 598/1/805 602/1/804 589/1/807
f 474/1/801 473/1/813 598/1/794 600/1/793
f 608/1/817 604/1/818 470/1/819 605/1/820
f 597/1/785 608/1/817 605/1/820 472/1/802
f 470/1/821 482/1/822 607/1/757 605/1/784
f 712/1/823 723/1/756 607/1/757 482/1/822
f 478/1/824 739/1/824 740/1/750 479/1/750
f 532/1/825 608/1/817 597/1/785 533/1/788
f 604/1/818 608/1/817 532/1/825 471/1/826
f 611/1/827 610/1/828 764/1/829 765/1/830
f 530/1/831 609/1/832 610/1/828 611/1/827
f 464/1/833 610/1/828 609/1/832 466/1/834
f 764/1/829 610/1/828 464/1/833 612/1/835
f 465/1/836 760/1/837 764/1/838 612/1/839
f 465/1/836 612/1/839 690/1/840 691/1/841
f 585/1/842 761/1/843 760/1/837 465/1/836
f 585/1/842 465/1/836 691/1/841 692/1/842
f 460/1/706 761/1/705 585/1/844 692/1/845
f 461/1/846 460/1/706 692/1/845 693/1/847
f 461/1/846 693/1/847 694/1/848 638/1/849
f 471/1/826 532/1/825 791/1/858 792/1/850
f 536/1/859 616/1/860 781/1/851 784/1/861
f 609/1/832 530/1/831 793/1/862 787/1/856
f 614/1/863 546/1/864 780/1/854 786/1/857
f 756/1/865 615/1/866 785/1/867 783/1/852
f 755/1/868 789/1/853 793/1/862 530/1/831
f 757/1/869 755/1/868 530/1/831 611/1/827
f 529/1/870 528/1/871 470/1/819 604/1/818
f 528/1/872 482/1/873 470/1/821
f 767/1/878 757/1/869 611/1/827 765/1/830
f 547/1/914 626/1/915 616/1/860 536/1/859
f 756/1/865 616/1/860 626/1/915 759/1/920
f 546/1/864 614/1/863 629/1/921 548/1/922
f 614/1/863 615/1/866 627/1/923 629/1/921
f 638/1/849 694/1/848 695/1/924 641/1/925
f 207/1/243 640/1/926 557/1/927 116/1/244
f 640/1/926 642/1/928 558/1/929 557/1/927
f 556/1/930 558/1/929 642/1/928 641/1/925
f 461/1/846 636/1/710 633/1/698 460/1/706
f 638/1/849 637/1/707 636/1/710 461/1/846
f 460/1/706 633/1/698 634/1/694 459/1/704
f 459/1/704 634/1/694 752/1/697 748/1/701
f 632/1/937 637/1/707 638/1/849 700/1/938
f 8/1/260 203/1/21 639/1/708 463/1/939
f 700/1/938 638/1/849 641/1/925 702/1/940
f 555/1/941 640/1/926 207/1/243 72/1/264
f 631/1/942 642/1/928 640/1/926 555/1/941
f 702/1/940 641/1/925 642/1/928 631/1/942
f 463/1/939 639/1/708 637/1/707 632/1/937
f 647/1/943 646/1/944 698/1/945 689/1/946
f 646/1/944 648/1/947 697/1/948 698/1/945
f 516/1/949 513/1/950 648/1/947 646/1/944
f 568/1/951 516/1/949 646/1/944 647/1/943
f 650/1/952 649/1/953 568/1/951 647/1/943
f 464/1/833 466/1/834 649/1/953 650/1/952
f 464/1/833 650/1/952 690/1/954 612/1/835
f 672/1/955 674/1/956 648/1/947 513/1/950
f 689/1/946 690/1/954 650/1/952 647/1/943
f 674/1/956 696/1/957 697/1/948 648/1/947
f 695/1/924 687/1/958 653/1/959 500/1/960
f 500/1/960 499/1/961 580/1/962 581/1/963
f 579/1/964 582/1/965 581/1/963 580/1/962
f 794/1/966 583/1/967 582/1/965 579/1/964
f 140/1/291 583/1/967 794/1/966 139/1/292
f 499/1/961 651/1/968 512/1/969 507/1/970
f 499/1/961 500/1/960 653/1/959 651/1/968
f 687/1/958 688/1/971 651/1/968 653/1/959
f 64/1/297 511/1/972 583/1/967 140/1/291
f 511/1/972 498/1/973 582/1/965 583/1/967
f 498/1/973 497/1/974 581/1/963 582/1/965
f 497/1/974 556/1/975 500/1/960 581/1/963
f 500/1/960 556/1/975 641/1/925 695/1/924
f 371/1/316 76/1/319 520/1/987 776/1/988
f 779/1/997 523/1/998 514/1/999 775/1/1000
f 520/1/1001 658/1/1002 659/1/1003 521/1/1004
f 76/1/334 75/1/334 658/1/1002 520/1/1001
f 522/1/1018 521/1/1004 659/1/1003 670/1/1019
f 523/1/1020 522/1/1018 670/1/1019 671/1/1021
f 514/1/1022 523/1/1020 671/1/1021 587/1/1022
f 651/1/968 688/1/971 696/1/957 674/1/956
f 512/1/969 651/1/968 674/1/956 672/1/955
f 515/1/1029 774/1/1027 512/1/969 672/1/955
f 586/1/1034 577/1/1035 576/1/1036 675/1/1037
f 675/1/1037 576/1/1036 575/1/1038 782/1/1039
f 546/1/864 675/1/1037 782/1/1039 780/1/854
f 548/1/922 586/1/1034 675/1/1037 546/1/864
f 549/1/816 705/1/774 709/1/777 552/1/783
f 480/1/1094 606/1/1095 723/1/756 712/1/823
f 707/1/767 725/1/762 717/1/765 550/1/768
f 606/1/1095 478/1/1096 713/1/754 723/1/756
f 478/1/1096 479/1/1097 721/1/747 713/1/754
f 479/1/1097 481/1/738 716/1/737 721/1/747
f 594/1/781 486/1/748 716/1/737 720/1/736
f 333/1/67 743/1/753 741/1/1111 331/1/463
f 741/1/1111 740/1/1112 330/1/465 331/1/463
f 740/1/1112 739/1/1113 329/1/467 330/1/465
f 328/1/469 738/1/1114 742/1/1115 327/1/470
f 329/1/467 739/1/1113 738/1/1114 328/1/469
f 480/1/1116 742/1/1116 738/1/1116 606/1/1116
f 606/1/1116 738/1/1116 739/1/824 478/1/824
f 615/1/866 756/1/865 759/1/920 627/1/923
f 529/1/870 604/1/818 757/1/869 767/1/878
f 604/1/818 471/1/826 755/1/868 757/1/869
f 471/1/826 792/1/850 789/1/853 755/1/868
f 616/1/860 756/1/865 783/1/852 781/1/851
f 672/1/955 513/1/950 768/1/1158 515/1/1029
f 512/1/969 774/1/1027 773/1/1025 507/1/970
f 521/1/1163 777/1/1015 776/1/988 520/1/987
f 522/1/1164 778/1/1013 777/1/1015 521/1/1163
f 523/1/998 779/1/997 778/1/1013 522/1/1164
f 785/1/867 615/1/866 614/1/863 786/1/857
f 517/1/1168 568/1/951 649/1/953 788/1/1167
f 790/1/855 466/1/834 609/1/832 787/1/856
f 788/1/1167 649/1/953 466/1/834 790/1/855
usemtl plastic.003
f 361/1/25 363/1/26 125/1/27 67/1/28
f 67/1/28 125/1/27 124/1/29 70/1/30
f 129/1/31 128/1/32 70/1/30 124/1/29
f 123/1/33 71/1/34 128/1/32 129/1/31
f 289/1/35 45/1/36 309/1/37 293/1/38
f 35/1/39 309/1/37 45/1/36 36/1/39
f 47/1/40 46/1/41 152/1/42 31/1/43
f 48/1/44 22/1/45 93/1/46
f 296/1/54 293/1/55 309/1/55 310/1/56
f 157/1/57 156/1/58 321/1/58 319/1/57
f 156/1/73 24/1/74 314/1/75 321/1/73
f 303/1/76 280/1/77 307/1/77 304/1/76
f 285/1/86 313/1/87 312/1/88 294/1/89
f 279/1/90 283/1/91 48/1/92 93/1/93
f 22/1/45 48/1/44 47/1/40 31/1/43
f 167/1/119 151/1/119 320/1/119 318/1/119
f 285/1/86 296/1/54 310/1/56 313/1/87
f 40/1/124 39/1/125 108/1/126 301/1/80
f 288/1/127 40/1/124 301/1/80 291/1/79
f 42/1/128 41/1/129 109/1/84 110/1/83
f 43/1/131 111/1/99 107/1/132 44/1/133
f 387/1/167 384/1/168 378/1/169 376/1/170
f 375/1/171 381/1/172 382/1/173 385/1/174
f 342/1/190 286/1/191 27/1/192 343/1/193
f 344/1/194 343/1/193 27/1/192 30/1/194
f 90/1/196 386/1/197 379/1/198 100/1/199 95/1/200
f 93/1/201 92/1/202 97/1/203 99/1/204
f 91/1/205 90/1/196 95/1/200 96/1/206
f 379/1/198 94/1/207 101/1/207 100/1/199
f 102/1/208 101/1/208 94/1/208 105/1/208
f 97/1/209 96/1/210 182/1/211 183/1/212
f 101/1/213 102/1/214 187/1/214 186/1/215
f 95/1/216 100/1/217 185/1/218 181/1/219
f 96/1/210 95/1/216 181/1/219 182/1/211
f 100/1/217 101/1/213 186/1/215 185/1/218
f 99/1/220 97/1/209 183/1/212 184/1/221
f 246/1/222 188/1/223 106/1/224 149/1/225
f 189/1/226 102/1/227 105/1/227 190/1/228
f 351/1/229 189/1/226 190/1/228 352/1/230
f 194/1/233 192/1/234 191/1/235 193/1/236
f 188/1/223 194/1/233 193/1/236 106/1/224
f 65/1/302 51/1/303 220/1/304 222/1/305
f 64/1/306 65/1/302 222/1/305 221/1/306
f 222/1/307 220/1/308 223/1/309 225/1/310
f 221/1/311 222/1/307 225/1/310 224/1/312
f 116/1/244 224/1/312 225/1/310 117/1/245
f 117/1/245 225/1/310 223/1/309 118/1/247
f 118/1/247 223/1/309 115/1/249
f 50/1/313 223/1/314 220/1/304 51/1/303
f 50/1/313 115/1/315 223/1/314
f 237/1/320 236/1/321 133/1/322 135/1/323
f 238/1/324 237/1/320 135/1/323 134/1/325
f 362/1/335 75/1/336 226/1/337 392/1/338
f 392/1/338 226/1/337 227/1/339 365/1/340
f 238/1/324 239/1/341 233/1/342 232/1/343
f 374/1/326 373/1/344 231/1/345 232/1/343
f 373/1/344 372/1/346 230/1/347 231/1/345
f 372/1/346 370/1/317 228/1/348 230/1/347
f 235/1/349 234/1/350 228/1/348 229/1/351
f 81/1/352 132/1/353 234/1/350 235/1/349
f 134/1/325 131/1/354 239/1/341 238/1/324
f 232/1/343 231/1/345 237/1/320 238/1/324
f 231/1/345 230/1/347 236/1/321 237/1/320
f 230/1/347 228/1/348 234/1/350 236/1/321
f 364/1/360 365/1/340 227/1/339 240/1/361
f 367/1/362 364/1/360 240/1/361 241/1/363
f 368/1/364 367/1/362 241/1/363 150/1/365
f 68/1/367 127/1/368 126/1/369 69/1/370
f 103/1/377 246/1/222 149/1/225 138/1/377
f 384/1/168 388/1/179 380/1/183 378/1/169
f 249/1/378 37/1/379 40/1/380 251/1/381
f 254/1/382 122/1/383 120/1/384 253/1/385
f 298/1/386 292/1/387 119/1/388 251/1/381
f 43/1/131 42/1/128 110/1/83 111/1/99
f 250/1/389 254/1/382 43/1/390 44/1/391
f 253/1/385 120/1/384 121/1/392 252/1/393
f 121/1/392 292/1/387 298/1/386 252/1/393
f 42/1/394 253/1/385 252/1/393 41/1/395
f 288/1/396 298/1/386 251/1/381 40/1/380
f 98/1/397 122/1/383 254/1/382 250/1/389
f 43/1/390 254/1/382 253/1/385 42/1/394
f 55/1/406 218/1/408 258/1/413 259/1/414
f 56/1/410 211/1/409 260/1/415 261/1/416
f 57/1/412 59/1/411 262/1/417 263/1/418
f 58/1/398 57/1/412 263/1/418 264/1/419
f 59/1/411 56/1/410 261/1/416 262/1/417
f 177/1/399 58/1/398 264/1/419 265/1/420
f 54/1/407 177/1/399 265/1/420 266/1/421
f 209/1/402 243/1/405 267/1/422 268/1/423
f 210/1/403 209/1/402 268/1/423 269/1/424
f 211/1/409 210/1/403 269/1/424 260/1/415
f 218/1/408 54/1/407 266/1/421 258/1/413
f 243/1/405 55/1/406 259/1/414 267/1/422
f 270/1/254 7/1/257 271/1/259 196/1/258
f 272/1/250 273/1/253 9/1/261 8/1/260
f 7/1/257 49/1/256 274/1/262 271/1/259
f 275/1/252 276/1/251 72/1/264 114/1/263
f 277/1/255 275/1/252 114/1/263 195/1/265
f 49/1/256 277/1/255 195/1/265 274/1/262
f 273/1/253 270/1/254 196/1/258 9/1/261
f 47/1/425 282/1/82 281/1/85 46/1/426
f 289/1/427 299/1/78 302/1/81 45/1/428
f 45/1/428 302/1/81 278/1/429 36/1/430
f 48/1/92 283/1/91 282/1/82 47/1/425
f 46/1/426 281/1/85 299/1/78 289/1/427
f 98/1/431 250/1/432 403/1/433 401/1/431
f 41/1/395 252/1/393 298/1/386 288/1/396
f 341/1/434 29/1/434 286/1/191 342/1/190
f 41/1/129 288/1/127 291/1/79 109/1/84
f 23/1/107 166/1/121 296/1/54 285/1/86
f 23/1/107 285/1/86 294/1/89 158/1/108
f 166/1/121 152/1/123 293/1/55 296/1/54
f 46/1/41 289/1/35 293/1/38 152/1/42
f 300/1/439 112/1/440 301/1/80 108/1/126
f 112/1/440 280/1/441 302/1/81 301/1/80
f 280/1/441 303/1/442 278/1/429 302/1/81
f 307/1/443 306/1/443 305/1/444 304/1/444
f 112/1/445 300/1/446 305/1/446 306/1/445
f 280/1/447 112/1/447 306/1/447 307/1/447
f 308/1/448 151/1/55 309/1/55 35/1/448
f 151/1/55 167/1/449 310/1/56 309/1/55
f 156/1/450 157/1/451 311/1/451 312/1/88
f 167/1/449 24/1/452 313/1/87 310/1/56
f 24/1/452 156/1/450 312/1/88 313/1/87
f 315/1/453 319/1/454 321/1/455 314/1/456
f 318/1/457 320/1/458 317/1/459 316/1/460
f 314/1/456 318/1/457 316/1/460 315/1/453
f 151/1/461 308/1/462 317/1/462 320/1/461
f 24/1/74 167/1/119 318/1/119 314/1/75
f 3/1/474 2/1/477 338/1/486 337/1/487
f 13/1/485 14/1/484 339/1/488 341/1/489
f 14/1/484 1/1/483 340/1/490 339/1/488
f 15/1/478 284/1/482 342/1/491 343/1/492
f 16/1/479 15/1/478 343/1/492 344/1/493
f 199/1/480 3/1/474 337/1/487 345/1/494
f 1/1/483 199/1/480 345/1/494 340/1/490
f 284/1/482 13/1/485 341/1/489 342/1/491
f 192/1/234 351/1/229 352/1/230 191/1/235
f 86/1/504 359/1/505 360/1/506 87/1/504
f 147/1/497 83/1/500 354/1/160 353/1/156
f 83/1/500 84/1/499 355/1/507 354/1/160
f 84/1/499 85/1/501 356/1/508 355/1/507
f 89/1/495 82/1/498 357/1/155 358/1/509
f 82/1/498 147/1/497 353/1/156 357/1/155
f 85/1/501 155/1/502 359/1/505 356/1/508
f 347/1/503 89/1/495 358/1/509 360/1/506
f 155/1/502 347/1/503 360/1/506 359/1/505
f 366/1/516 63/1/517 395/1/518 399/1/516
f 68/1/519 69/1/366 368/1/364 150/1/365
f 60/1/293 62/1/521 364/1/360 367/1/362
f 62/1/521 61/1/522 365/1/340 364/1/360
f 391/1/523 392/1/338 365/1/340 61/1/522
f 63/1/517 141/1/524 398/1/524 395/1/518
f 69/1/370 126/1/369 363/1/26 361/1/25
f 232/1/343 233/1/342 369/1/327 374/1/326
f 229/1/351 228/1/348 370/1/317 371/1/316
f 123/1/33 247/1/527 136/1/528 71/1/34
f 377/1/375 375/1/171 385/1/174 383/1/529
f 386/1/175 387/1/167 376/1/170 379/1/177
f 136/1/376 377/1/375 383/1/529 71/1/530
f 388/1/179 382/1/173 381/1/172 380/1/183
f 390/1/531 141/1/532 389/1/532 139/1/531
f 141/1/532 63/1/533 391/1/523 389/1/532
f 63/1/533 366/1/534 392/1/338 391/1/523
f 366/1/534 393/1/535 362/1/335 392/1/338
f 394/1/536 395/1/537 398/1/538 397/1/539
f 394/1/536 396/1/540 399/1/541 395/1/537
f 141/1/542 390/1/543 397/1/543 398/1/542
f 393/1/544 366/1/545 399/1/545 396/1/544
f 44/1/546 107/1/547 402/1/548 400/1/549
f 250/1/432 44/1/546 400/1/549 403/1/433
f 107/1/547 279/1/550 404/1/551 402/1/548
f 279/1/550 93/1/201 99/1/204 404/1/551
f 38/1/552 249/1/378 251/1/381 119/1/388
f 92/1/202 91/1/205 96/1/206 97/1/203
f 403/1/553 400/1/554 405/1/555 408/1/556
f 402/1/557 404/1/558 409/1/559 407/1/560
f 400/1/554 402/1/557 407/1/560 405/1/555
f 401/1/561 403/1/553 408/1/556 406/1/561
f 184/1/221 409/1/559 404/1/558 99/1/220
f 138/1/562 137/1/563 248/1/564 103/1/562
f 137/1/563 136/1/528 247/1/527 248/1/564
f 369/1/565 233/1/566 411/1/567 413/1/568
f 68/1/367 369/1/565 413/1/568 127/1/368
f 233/1/566 239/1/569 412/1/570 411/1/567
f 239/1/569 131/1/571 410/1/571 412/1/570
f 248/1/572 247/1/573 421/1/574 422/1/575
f 127/1/576 413/1/577 427/1/578 419/1/579
f 411/1/580 412/1/581 426/1/582 425/1/583
f 129/1/584 124/1/585 416/1/586 420/1/587
f 412/1/581 410/1/588 424/1/588 426/1/582
f 124/1/585 125/1/589 417/1/590 416/1/586
f 413/1/577 411/1/580 425/1/583 427/1/578
f 363/1/591 126/1/592 418/1/593 423/1/594
f 126/1/592 127/1/576 419/1/579 418/1/593
f 125/1/589 363/1/591 423/1/594 417/1/590
f 247/1/573 123/1/595 415/1/596 421/1/574
f 123/1/595 129/1/584 420/1/587 415/1/596
f 103/1/597 248/1/572 422/1/575 414/1/597
f 426/1/598 424/1/599 450/1/599 452/1/600
f 186/1/601 187/1/602 434/1/602 433/1/603
f 418/1/604 419/1/605 445/1/606 444/1/607
f 405/1/608 407/1/609 437/1/610 435/1/611
f 427/1/612 425/1/613 451/1/614 453/1/615
f 409/1/616 184/1/617 431/1/618 439/1/619
f 415/1/620 420/1/621 446/1/622 441/1/623
f 406/1/624 408/1/625 438/1/626 436/1/624
f 419/1/605 427/1/612 453/1/615 445/1/606
f 421/1/627 415/1/620 441/1/623 447/1/628
f 182/1/629 181/1/630 428/1/630 429/1/629
f 407/1/609 409/1/616 439/1/619 437/1/610
f 422/1/631 421/1/627 447/1/628 448/1/632
f 183/1/633 182/1/629 429/1/629 430/1/633
f 417/1/634 423/1/635 449/1/636 443/1/637
f 184/1/617 183/1/633 430/1/633 431/1/618
f 420/1/621 416/1/638 442/1/639 446/1/622
f 414/1/640 422/1/631 448/1/632 440/1/640
f 181/1/630 185/1/641 432/1/642 428/1/630
f 416/1/638 417/1/634 443/1/637 442/1/639
f 425/1/613 426/1/598 452/1/600 451/1/614
f 185/1/641 186/1/601 433/1/603 432/1/642
f 423/1/635 418/1/604 444/1/607 449/1/636
f 408/1/625 405/1/608 435/1/611 438/1/626
f 433/1/643 434/1/644 436/1/644 438/1/645
f 432/1/646 433/1/643 438/1/645 435/1/647
f 428/1/648 432/1/646 435/1/647 437/1/649
f 429/1/650 428/1/648 437/1/649 439/1/651
f 429/1/650 439/1/651 431/1/652 430/1/652
f 448/1/653 452/1/654 450/1/655 440/1/655
f 447/1/656 451/1/657 452/1/654 448/1/653
f 441/1/658 453/1/659 451/1/657 447/1/656
f 446/1/660 445/1/661 453/1/659 441/1/658
f 446/1/660 442/1/662 444/1/663 445/1/661
f 442/1/662 443/1/664 449/1/664 444/1/663
f 440/1/665 456/1/665 454/1/665 434/1/665
f 440/1/666 450/1/667 81/1/668 456/1/669
f 436/1/670 434/1/671 454/1/671 455/1/672
f 189/1/673 351/1/673 434/1/674
f 119/1/675 436/1/670 455/1/672 38/1/676
f 102/1/677 434/1/674 187/1/678
f 434/1/674 102/1/677 189/1/673
f 434/1/674 351/1/673 192/1/679
f 192/1/679 194/1/680 188/1/680 246/1/680 103/1/680 414/1/680 440/1/680 434/1/674
f 121/1/681 436/1/670 119/1/675 292/1/682
f 121/1/681 120/1/683 122/1/684 436/1/670
f 401/1/685 406/1/685 436/1/670 98/1/686
f 98/1/686 436/1/670 122/1/684
f 132/1/687 81/1/668 450/1/667 854/1/688
f 135/1/689 133/1/689 855/1/690 134/1/691
f 131/1/692 450/1/667 424/1/693 410/1/693
f 768/1/715 513/1/716 565/1/717 769/1/718
f 513/1/716 516/1/719 564/1/720 565/1/717
f 569/1/721 564/1/720 516/1/719 568/1/722
f 563/1/723 569/1/721 568/1/722 517/1/724
f 715/1/725 719/1/726 730/1/727 492/1/728
f 35/1/39 36/1/39 492/1/728 730/1/727
f 494/1/729 483/1/730 589/1/731 493/1/732
f 495/1/733 535/1/734 475/1/735
f 722/1/743 731/1/744 730/1/745 719/1/745
f 157/1/57 319/1/57 737/1/746 593/1/746
f 593/1/758 737/1/758 734/1/759 477/1/760
f 303/1/76 304/1/76 729/1/761 706/1/761
f 711/1/770 720/1/771 732/1/772 733/1/773
f 705/1/774 535/1/775 495/1/776 709/1/777
f 475/1/735 483/1/730 494/1/729 495/1/733
f 603/1/803 735/1/803 736/1/803 588/1/803
f 711/1/770 733/1/773 731/1/744 722/1/743
f 487/1/808 726/1/764 108/1/126 39/1/125
f 714/1/809 717/1/765 726/1/764 487/1/810
f 489/1/811 551/1/769 550/1/768 488/1/812
f 490/1/814 491/1/815 549/1/816 552/1/783
f 792/1/850 781/1/851 783/1/852 789/1/853
f 780/1/854 790/1/855 787/1/856 786/1/857
f 750/1/874 751/1/875 480/1/876 712/1/877
f 344/1/194 30/1/194 480/1/876 751/1/875
f 532/1/879 537/1/880 542/1/881 784/1/882 791/1/883
f 535/1/884 541/1/885 539/1/886 534/1/887
f 533/1/888 538/1/889 537/1/880 532/1/879
f 784/1/882 542/1/881 543/1/890 536/1/890
f 544/1/891 547/1/891 536/1/891 543/1/891
f 539/1/892 619/1/893 618/1/894 538/1/895
f 543/1/896 622/1/897 623/1/898 544/1/898
f 537/1/899 617/1/900 621/1/901 542/1/902
f 538/1/895 618/1/894 617/1/900 537/1/899
f 542/1/902 621/1/901 622/1/897 543/1/896
f 541/1/903 620/1/904 619/1/893 539/1/892
f 676/1/905 586/1/906 548/1/907 624/1/908
f 625/1/909 626/1/910 547/1/911 544/1/911
f 758/1/912 759/1/913 626/1/910 625/1/909
f 630/1/916 629/1/917 627/1/918 628/1/919
f 624/1/908 548/1/907 629/1/917 630/1/916
f 511/1/976 655/1/977 654/1/978 498/1/979
f 64/1/306 221/1/306 655/1/977 511/1/976
f 655/1/980 657/1/981 656/1/982 654/1/983
f 221/1/311 224/1/312 657/1/981 655/1/980
f 116/1/244 557/1/927 657/1/981 224/1/312
f 557/1/927 558/1/929 656/1/982 657/1/981
f 558/1/929 556/1/930 656/1/982
f 497/1/984 498/1/979 654/1/978 656/1/985
f 497/1/984 656/1/985 556/1/986
f 666/1/989 572/1/990 571/1/991 665/1/992
f 667/1/993 574/1/994 572/1/990 666/1/989
f 668/1/995 573/1/996 574/1/994 667/1/993
f 362/1/335 796/1/1005 658/1/1006 75/1/336
f 796/1/1005 771/1/1007 659/1/1008 658/1/1006
f 668/1/995 663/1/1009 664/1/1010 669/1/1011
f 779/1/997 663/1/1009 662/1/1012 778/1/1013
f 778/1/1013 662/1/1012 661/1/1014 777/1/1015
f 777/1/1015 661/1/1014 660/1/1016 776/1/988
f 235/1/349 229/1/351 660/1/1016 665/1/992
f 81/1/352 235/1/349 665/1/992 571/1/991
f 573/1/996 668/1/995 669/1/1011 570/1/1017
f 663/1/1009 668/1/995 667/1/993 662/1/1012
f 662/1/1012 667/1/993 666/1/989 661/1/1014
f 661/1/1014 666/1/989 665/1/992 660/1/1016
f 770/1/1023 670/1/1024 659/1/1008 771/1/1007
f 773/1/1025 671/1/1026 670/1/1024 770/1/1023
f 774/1/1027 587/1/1028 671/1/1026 773/1/1025
f 514/1/1030 515/1/1031 566/1/1032 567/1/1033
f 545/1/1040 577/1/1040 586/1/906 676/1/905
f 789/1/853 783/1/852 785/1/867 793/1/862
f 249/1/378 680/1/1041 487/1/1042 37/1/379
f 683/1/1043 682/1/1044 560/1/1045 562/1/1046
f 724/1/1047 680/1/1041 559/1/1048 718/1/1049
f 490/1/814 552/1/783 551/1/769 489/1/811
f 679/1/1050 491/1/1051 490/1/1052 683/1/1043
f 682/1/1044 681/1/1053 561/1/1054 560/1/1045
f 561/1/1054 681/1/1053 724/1/1047 718/1/1049
f 489/1/1055 488/1/1056 681/1/1053 682/1/1044
f 714/1/1057 487/1/1042 680/1/1041 724/1/1047
f 540/1/1058 679/1/1050 683/1/1043 562/1/1046
f 490/1/1052 489/1/1055 682/1/1044 683/1/1043
f 502/1/1067 688/1/1074 687/1/1075 652/1/1068
f 503/1/1072 690/1/1076 689/1/1077 645/1/1070
f 504/1/1073 692/1/1078 691/1/1079 506/1/1071
f 505/1/1059 693/1/1080 692/1/1078 504/1/1073
f 506/1/1071 691/1/1079 690/1/1076 503/1/1072
f 613/1/1062 694/1/1081 693/1/1080 505/1/1059
f 501/1/1069 695/1/1082 694/1/1081 613/1/1062
f 643/1/1063 697/1/1083 696/1/1084 673/1/1064
f 644/1/1066 698/1/1085 697/1/1083 643/1/1063
f 645/1/1070 689/1/1077 698/1/1085 644/1/1066
f 652/1/1068 687/1/1075 695/1/1082 501/1/1069
f 673/1/1064 696/1/1084 688/1/1074 502/1/1067
f 699/1/933 632/1/937 700/1/938 462/1/934
f 272/1/250 8/1/260 463/1/939 701/1/931
f 462/1/934 700/1/938 702/1/940 496/1/935
f 703/1/932 555/1/941 72/1/264 276/1/251
f 704/1/936 631/1/942 555/1/941 703/1/932
f 496/1/935 702/1/940 631/1/942 704/1/936
f 701/1/931 463/1/939 632/1/937 699/1/933
f 494/1/1086 493/1/1087 707/1/767 708/1/766
f 715/1/1088 492/1/1089 727/1/763 725/1/762
f 492/1/1089 36/1/430 278/1/429 727/1/763
f 495/1/776 494/1/1086 708/1/766 709/1/777
f 493/1/1087 715/1/1088 725/1/762 707/1/767
f 540/1/1090 801/1/1090 803/1/1091 679/1/1092
f 488/1/1056 714/1/1057 724/1/1047 681/1/1053
f 749/1/1093 750/1/874 712/1/877 482/1/1093
f 488/1/812 550/1/768 717/1/765 714/1/809
f 476/1/791 711/1/770 722/1/743 602/1/804
f 476/1/791 594/1/790 720/1/771 711/1/770
f 602/1/804 722/1/743 719/1/745 589/1/807
f 493/1/732 589/1/731 719/1/726 715/1/725
f 300/1/439 108/1/126 726/1/764 553/1/1098
f 553/1/1098 726/1/764 727/1/763 706/1/1099
f 706/1/1099 727/1/763 278/1/429 303/1/442
f 729/1/1100 304/1/444 305/1/444 728/1/1100
f 553/1/1101 728/1/1101 305/1/446 300/1/446
f 706/1/1102 729/1/1102 728/1/1102 553/1/1102
f 308/1/448 35/1/448 730/1/745 588/1/745
f 588/1/745 730/1/745 731/1/744 603/1/1103
f 593/1/1104 732/1/772 311/1/451 157/1/451
f 603/1/1103 731/1/744 733/1/773 477/1/1105
f 477/1/1105 733/1/773 732/1/772 593/1/1104
f 315/1/453 734/1/1106 737/1/1107 319/1/454
f 735/1/1108 316/1/460 317/1/459 736/1/1109
f 734/1/1106 315/1/453 316/1/460 735/1/1108
f 588/1/1110 736/1/1110 317/1/462 308/1/462
f 477/1/760 734/1/759 735/1/803 603/1/803
f 458/1/1117 746/1/1126 338/1/486 2/1/477
f 467/1/1125 749/1/1127 747/1/1128 468/1/1124
f 468/1/1124 747/1/1128 748/1/1129 457/1/1123
f 469/1/1119 751/1/1130 750/1/1131 710/1/1122
f 16/1/479 344/1/493 751/1/1130 469/1/1119
f 635/1/1120 752/1/1132 746/1/1126 458/1/1117
f 457/1/1123 748/1/1129 752/1/1132 635/1/1120
f 710/1/1122 750/1/1131 749/1/1127 467/1/1125
f 628/1/919 627/1/918 759/1/913 758/1/912
f 528/1/1142 529/1/1142 767/1/1143 766/1/1144
f 584/1/1135 760/1/837 761/1/843 525/1/1137
f 525/1/1137 761/1/843 762/1/1145 526/1/1138
f 526/1/1138 762/1/1145 763/1/1146 527/1/1139
f 531/1/1133 765/1/1147 764/1/838 524/1/1134
f 524/1/1134 764/1/838 760/1/837 584/1/1135
f 527/1/1139 763/1/1146 766/1/1144 592/1/1140
f 754/1/1141 767/1/1143 765/1/1147 531/1/1133
f 592/1/1140 766/1/1144 767/1/1143 754/1/1141
f 772/1/1154 799/1/1154 797/1/1155 510/1/1156
f 514/1/1157 587/1/1028 774/1/1027 515/1/1029
f 507/1/970 773/1/1025 770/1/1023 509/1/1159
f 509/1/1159 770/1/1023 771/1/1007 508/1/1160
f 795/1/1161 508/1/1160 771/1/1007 796/1/1005
f 510/1/1156 797/1/1155 798/1/1162 578/1/1162
f 515/1/1031 768/1/715 769/1/718 566/1/1032
f 663/1/1009 779/1/997 775/1/1000 664/1/1010
f 229/1/351 371/1/316 776/1/988 660/1/1016
f 563/1/723 517/1/724 575/1/1165 677/1/1166
f 782/1/1039 788/1/1167 790/1/855 780/1/854
f 791/1/858 784/1/861 781/1/851 792/1/850
f 575/1/1038 517/1/1168 788/1/1167 782/1/1039
f 793/1/862 785/1/867 786/1/857 787/1/856
f 390/1/531 139/1/531 794/1/1169 578/1/1169
f 578/1/1169 794/1/1169 795/1/1161 510/1/1170
f 510/1/1170 795/1/1161 796/1/1005 772/1/1171
f 772/1/1171 796/1/1005 362/1/335 393/1/535
f 394/1/536 397/1/539 798/1/1172 797/1/1173
f 394/1/536 797/1/1173 799/1/1174 396/1/540
f 578/1/1175 798/1/1175 397/1/543 390/1/543
f 393/1/544 396/1/544 799/1/1176 772/1/1176
f 491/1/1177 800/1/1178 802/1/1179 549/1/1180
f 679/1/1092 803/1/1091 800/1/1178 491/1/1177
f 549/1/1180 802/1/1179 804/1/1181 705/1/1182
f 705/1/1182 804/1/1181 541/1/885 535/1/884
f 38/1/552 559/1/1048 680/1/1041 249/1/378
f 534/1/887 539/1/886 538/1/889 533/1/888
f 803/1/1183 808/1/1184 805/1/1185 800/1/1186
f 802/1/1187 807/1/1188 809/1/1189 804/1/1190
f 800/1/1186 805/1/1185 807/1/1188 802/1/1187
f 801/1/1191 806/1/1191 808/1/1184 803/1/1183
f 620/1/904 541/1/903 804/1/1190 809/1/1189
f 577/1/1192 545/1/1192 678/1/1193 576/1/1194
f 576/1/1194 678/1/1193 677/1/1166 575/1/1165
f 775/1/1195 813/1/1196 811/1/1197 664/1/1198
f 514/1/1030 567/1/1033 813/1/1196 775/1/1195
f 664/1/1198 811/1/1197 812/1/1199 669/1/1200
f 669/1/1200 812/1/1199 810/1/1201 570/1/1201
f 678/1/1202 822/1/1203 821/1/1204 677/1/1205
f 567/1/1206 819/1/1207 827/1/1208 813/1/1209
f 811/1/1210 825/1/1211 826/1/1212 812/1/1213
f 569/1/1214 820/1/1215 816/1/1216 564/1/1217
f 812/1/1213 826/1/1212 824/1/1218 810/1/1218
f 564/1/1217 816/1/1216 817/1/1219 565/1/1220
f 813/1/1209 827/1/1208 825/1/1211 811/1/1210
f 769/1/1221 823/1/1222 818/1/1223 566/1/1224
f 566/1/1224 818/1/1223 819/1/1207 567/1/1206
f 565/1/1220 817/1/1219 823/1/1222 769/1/1221
f 677/1/1205 821/1/1204 815/1/1225 563/1/1226
f 563/1/1226 815/1/1225 820/1/1215 569/1/1214
f 545/1/1227 814/1/1227 822/1/1203 678/1/1202
f 826/1/598 852/1/600 850/1/599 824/1/599
f 622/1/601 833/1/603 834/1/602 623/1/602
f 818/1/604 844/1/607 845/1/606 819/1/605
f 805/1/608 835/1/611 837/1/610 807/1/609
f 827/1/612 853/1/615 851/1/614 825/1/613
f 809/1/616 839/1/619 831/1/618 620/1/617
f 815/1/620 841/1/623 846/1/622 820/1/621
f 806/1/624 836/1/624 838/1/626 808/1/625
f 819/1/605 845/1/606 853/1/615 827/1/612
f 821/1/627 847/1/628 841/1/623 815/1/620
f 618/1/629 829/1/629 828/1/630 617/1/630
f 807/1/609 837/1/610 839/1/619 809/1/616
f 822/1/631 848/1/632 847/1/628 821/1/627
f 619/1/633 830/1/633 829/1/629 618/1/629
f 817/1/634 843/1/637 849/1/636 823/1/635
f 620/1/617 831/1/618 830/1/633 619/1/633
f 820/1/621 846/1/622 842/1/639 816/1/638
f 814/1/640 840/1/640 848/1/632 822/1/631
f 617/1/630 828/1/630 832/1/642 621/1/641
f 816/1/638 842/1/639 843/1/637 817/1/634
f 825/1/613 851/1/614 852/1/600 826/1/598
f 621/1/641 832/1/642 833/1/603 622/1/601
f 823/1/635 849/1/636 844/1/607 818/1/604
f 808/1/625 838/1/626 835/1/611 805/1/608
f 833/1/1228 838/1/1229 836/1/1230 834/1/1230
f 832/1/1231 835/1/1232 838/1/1229 833/1/1228
f 828/1/1233 837/1/1234 835/1/1232 832/1/1231
f 829/1/1235 839/1/1236 837/1/1234 828/1/1233
f 829/1/1235 830/1/1237 831/1/1237 839/1/1236
f 848/1/1238 840/1/1239 850/1/1239 852/1/1240
f 847/1/1241 848/1/1238 852/1/1240 851/1/1242
f 841/1/1243 847/1/1241 851/1/1242 853/1/1244
f 846/1/1245 841/1/1243 853/1/1244 845/1/1246
f 846/1/1245 845/1/1246 844/1/1247 842/1/1248
f 842/1/1248 844/1/1247 849/1/1249 843/1/1249
f 840/1/665 834/1/665 454/1/665 456/1/665
f 840/1/1250 456/1/669 81/1/668 850/1/1251
f 836/1/1252 455/1/672 454/1/671 834/1/671
f 625/1/1253 834/1/1254 758/1/1253
f 559/1/1255 38/1/676 455/1/672 836/1/1252
f 544/1/1256 623/1/678 834/1/1254
f 834/1/1254 625/1/1253 544/1/1256
f 834/1/1254 628/1/1257 758/1/1253
f 628/1/1257 834/1/1254 840/1/1258 814/1/1258 545/1/1258 676/1/1258 624/1/1258 630/1/1258
f 561/1/1259 718/1/1260 559/1/1255 836/1/1252
f 561/1/1259 836/1/1252 562/1/1261 560/1/1262
f 801/1/1263 540/1/1264 836/1/1252 806/1/1263
f 540/1/1264 562/1/1261 836/1/1252
f 81/1/668 571/1/1265 850/1/1251
f 571/1/1265 572/1/1266 574/1/1267 850/1/1251
f 570/1/1268 850/1/1251 574/1/1267 573/1/1269
f 570/1/1268 810/1/1270 824/1/1270 850/1/1251
f 236/1/1271 234/1/1272 856/1/1273 857/1/1274
f 133/1/1275 236/1/1271 857/1/1274 855/1/1276
f 234/1/1272 132/1/1277 854/1/1278 856/1/1273
f 854/1/1278 855/1/1276 857/1/1274 856/1/1273
f 854/1/688 450/1/667 855/1/690
f 134/1/691 855/1/690 450/1/667 131/1/692
f 869/1/1280 868/1/1280 864/1/1280 862/1/1280
f 877/1/1281 876/1/1281 864/1/1281 868/1/1281
f 861/1/1282 865/1/1282 872/1/1282 870/1/1282
f 874/1/1283 875/1/1283 869/1/1283 862/1/1283
f 876/1/1284 874/1/1284 862/1/1284 864/1/1284
f 861/1/1285 859/1/1285 875/1/1285 877/1/1285
f 863/1/1285 865/1/1285 868/1/1285 869/1/1285
f 865/1/1285 861/1/1285 877/1/1285 868/1/1285
f 859/1/1285 863/1/1285 869/1/1285 875/1/1285
f 871/1/1285 870/1/1285 872/1/1285 873/1/1285
f 859/1/1286 861/1/1286 870/1/1286 871/1/1286
f 863/1/1287 859/1/1287 871/1/1287 873/1/1287
f 865/1/1288 863/1/1288 873/1/1288 872/1/1288
f 858/1/1279 867/1/1279 875/1/1279 874/1/1279
f 866/1/1279 860/1/1279 876/1/1279 877/1/1279
f 867/1/1279 866/1/1279 877/1/1279 875/1/1279
f 860/1/1279 858/1/1279 874/1/1279 876/1/1279
f 889/1/1290 882/1/1290 884/1/1290 888/1/1290
f 897/1/1291 888/1/1291 884/1/1291 896/1/1291
f 881/1/1292 890/1/1292 892/1/1292 885/1/1292
f 894/1/1293 882/1/1293 889/1/1293 895/1/1293
f 896/1/1294 884/1/1294 882/1/1294 894/1/1294
f 881/1/1295 897/1/1295 895/1/1295 879/1/1295
f 883/1/1295 889/1/1295 888/1/1295 885/1/1295
f 885/1/1295 888/1/1295 897/1/1295 881/1/1295
f 879/1/1295 895/1/1295 889/1/1295 883/1/1295
f 891/1/1295 893/1/1295 892/1/1295 890/1/1295
f 879/1/1296 891/1/1296 890/1/1296 881/1/1296
f 883/1/1297 893/1/1297 891/1/1297 879/1/1297
f 885/1/1298 892/1/1298 893/1/1298 883/1/1298
f 878/1/1289 894/1/1289 895/1/1289 887/1/1289
f 886/1/1289 897/1/1289 896/1/1289 880/1/1289
f 887/1/1289 895/1/1289 897/1/1289 886/1/1289
f 880/1/1289 896/1/1289 894/1/1289 878/1/1289
usemtl chrome.003
f 905/1/1299 913/1/1300 912/1/1301 904/1/1302
f 903/1/1303 911/1/1304 910/1/1305 902/1/689
f 901/1/1306 909/1/1307 908/1/1308 900/1/1309
f 899/1/1310 907/1/1311 906/1/1312 898/1/1313
f 898/1/1313 906/1/1312 913/1/1300 905/1/1299
f 904/1/1302 912/1/1301 911/1/1304 903/1/1303
f 902/1/689 910/1/1305 909/1/1307 901/1/1306
f 900/1/1309 908/1/1308 907/1/1311 899/1/1310
f 905/1/1314 904/1/1314 920/1/1314 921/1/1314
f 903/1/1314 902/1/1314 918/1/1314 919/1/1314
f 901/1/1314 900/1/1314 916/1/1314 917/1/1314
f 899/1/1314 898/1/1314 914/1/1314 915/1/1314
f 898/1/1314 905/1/1314 921/1/1314 914/1/1314
f 904/1/1314 903/1/1314 919/1/1314 920/1/1314
f 902/1/1314 901/1/1314 917/1/1314 918/1/1314
f 900/1/1314 899/1/1314 915/1/1314 916/1/1314
f 921/1/1306 920/1/1309 928/1/1309 929/1/1306
f 919/1/1310 918/1/1313 926/1/1313 927/1/1310
f 917/1/1299 916/1/1302 924/1/1302 925/1/1299
f 915/1/1303 914/1/689 922/1/689 923/1/1303
f 914/1/689 921/1/1306 929/1/1306 922/1/689
f 920/1/1309 919/1/1310 927/1/1310 928/1/1309
f 918/1/1313 917/1/1299 925/1/1299 926/1/1313
f 916/1/1302 915/1/1303 923/1/1303 924/1/1302
f 908/1/1308 909/1/1307 934/1/1315 933/1/1316
f 906/1/1312 907/1/1311 932/1/1317 931/1/1318
f 913/1/1300 906/1/1312 931/1/1318 938/1/1319
f 911/1/1304 912/1/1301 937/1/1320 936/1/1321
f 909/1/1307 910/1/1305 935/1/1322 934/1/1315
f 907/1/1311 908/1/1308 933/1/1316 932/1/1317
f 912/1/1301 913/1/1300 938/1/1319 937/1/1320
f 910/1/1305 911/1/1304 936/1/1321 935/1/1322
f 932/1/1317 933/1/1316 941/1/1323 940/1/1324
f 937/1/1320 938/1/1319 946/1/1325 945/1/1326
f 935/1/1322 936/1/1321 944/1/1327 943/1/1328
f 933/1/1316 934/1/1315 942/1/1329 941/1/1323
f 931/1/1318 932/1/1317 940/1/1324 939/1/1330
f 938/1/1319 931/1/1318 939/1/1330 946/1/1325
f 936/1/1321 937/1/1320 945/1/1326 944/1/1327
f 934/1/1315 935/1/1322 943/1/1328 942/1/1329
usemtl blackGlass.002
f 272/1/250 276/1/251 275/1/252 273/1/253
f 270/1/254 277/1/255 49/1/256 7/1/257
f 277/1/255 270/1/254 273/1/253 275/1/252
f 58/1/398 177/1/399 257/1/400 256/1/401
f 209/1/402 210/1/403 257/1/400 255/1/404 243/1/405
f 55/1/406 177/1/399 54/1/407 218/1/408
f 211/1/409 56/1/410 59/1/411 256/1/401
f 255/1/404 257/1/400 177/1/399
f 256/1/401 257/1/400 210/1/403 211/1/409
f 59/1/411 57/1/412 58/1/398 256/1/401
f 55/1/406 243/1/405 255/1/404 177/1/399
f 3/1/474 335/1/475 334/1/476 2/1/477
f 335/1/475 15/1/478 16/1/479 334/1/476
f 199/1/480 336/1/481 335/1/475 3/1/474
f 336/1/481 284/1/482 15/1/478 335/1/475
f 1/1/483 14/1/484 336/1/481 199/1/480
f 14/1/484 13/1/485 284/1/482 336/1/481
f 89/1/495 346/1/496 147/1/497 82/1/498
f 147/1/497 346/1/496 84/1/499 83/1/500
f 85/1/501 84/1/499 346/1/496 155/1/502
f 155/1/502 346/1/496 89/1/495 347/1/503
f 272/1/250 701/1/931 703/1/932 276/1/251
f 699/1/933 462/1/934 496/1/935 704/1/936
f 704/1/936 703/1/932 701/1/931 699/1/933
f 505/1/1059 685/1/1060 686/1/1061 613/1/1062
f 643/1/1063 673/1/1064 684/1/1065 686/1/1061 644/1/1066
f 502/1/1067 652/1/1068 501/1/1069 613/1/1062
f 645/1/1070 685/1/1060 506/1/1071 503/1/1072
f 684/1/1065 613/1/1062 686/1/1061
f 685/1/1060 645/1/1070 644/1/1066 686/1/1061
f 506/1/1071 685/1/1060 505/1/1059 504/1/1073
f 502/1/1067 613/1/1062 684/1/1065 673/1/1064
f 458/1/1117 2/1/477 334/1/476 744/1/1118
f 744/1/1118 334/1/476 16/1/479 469/1/1119
f 635/1/1120 458/1/1117 744/1/1118 745/1/1121
f 745/1/1121 744/1/1118 469/1/1119 710/1/1122
f 457/1/1123 635/1/1120 745/1/1121 468/1/1124
f 468/1/1124 745/1/1121 710/1/1122 467/1/1125
f 531/1/1133 524/1/1134 584/1/1135 753/1/1136
f 584/1/1135 525/1/1137 526/1/1138 753/1/1136
f 527/1/1139 592/1/1140 753/1/1136 526/1/1138
f 592/1/1140 754/1/1141 531/1/1133 753/1/1136
f 867/1/1279 858/1/1279 860/1/1279 866/1/1279
f 887/1/1289 886/1/1289 880/1/1289 878/1/1289
usemtl empty.003
f 926/1/1314 925/1/1314 930/1/1314
f 924/1/1314 923/1/1314 930/1/1314
f 929/1/1314 928/1/1314 930/1/1314
f 927/1/1314 926/1/1314 930/1/1314
f 925/1/1314 924/1/1314 930/1/1314
f 923/1/1314 922/1/1314 930/1/1314
f 922/1/1314 929/1/1314 930/1/1314
f 928/1/1314 927/1/1314 930/1/1314
usemtl rearLights.002
f 391/1/515 61/1/510 142/1/513 389/1/515
f 795/1/1153 794/1/1153 579/1/1149 508/1/1148
usemtl indicators.001
f 299/1/78 291/1/79 301/1/80 302/1/81
f 61/1/510 62/1/511 143/1/512 142/1/513
f 52/1/514 143/1/512 62/1/511 60/1/514
f 725/1/762 727/1/763 726/1/764 717/1/765
f 508/1/1148 579/1/1149 580/1/1150 509/1/1151
f 499/1/1152 507/1/1152 509/1/1151 580/1/1150
