# Blender 5.2.2 LTS
# www.blender.org
mtllib toyotaae86.mtl
o body_misc
g body_misc
v -0.490002 1.250032 0.177443
v 0.000000 1.272256 0.206033
v -0.256315 1.262668 0.195465
v -0.441109 1.259889 -0.998247
v 0.000000 1.288895 -0.971876
v -0.257145 1.283743 -0.972866
v -0.659580 0.898252 0.727330
v -0.588134 1.072251 0.453862
v -0.361662 0.912082 0.806466
v 0.000000 0.916768 0.826772
v -0.629254 0.620084 2.018209
v -0.356595 0.622356 2.028126
v -0.362957 0.899007 0.901319
v -0.659056 0.878438 0.793992
v 0.000000 0.911266 0.945312
v -0.669772 0.552443 2.032881
v 0.000000 0.555103 2.059439
v 0.000000 0.546620 2.134114
v 0.000000 0.377012 2.155859
v 0.000000 0.183121 2.010170
v 0.000000 0.377012 2.153684
v -0.360290 0.377012 2.146028
v -0.624070 0.377012 2.116719
v -0.687129 0.377012 2.044962
v -0.724095 0.377012 1.905796
v -0.761052 0.384669 1.652608
v -0.376078 0.546620 2.123242
v -0.621233 0.546620 2.099033
v -0.671908 0.546619 2.038438
v -0.713223 0.546619 1.905796
v -0.563535 0.980414 -1.693972
v -0.632263 0.908062 -1.958013
v -0.580025 0.906588 -1.997909
v -0.710282 0.784558 -1.951997
v -0.678870 0.931953 -1.628011
v -0.695695 0.888587 -1.596007
v -0.744826 0.870115 -0.679292
v -0.564750 1.242520 -0.584563
v -0.561866 1.239359 -0.897923
v -0.654029 1.059779 -0.621969
v -0.734710 0.648750 -1.968116
v -0.591835 0.648750 -2.066797
v -0.684341 0.648750 -2.045146
v -0.298996 0.648089 -2.084864
v 0.000000 0.906588 -2.027432
v -0.299854 0.906588 -2.022003
v -0.782668 0.652371 -1.270316
v -0.788043 0.524855 -1.468530
v -0.786712 0.584036 -1.410995
v -0.782923 0.663622 -1.154406
v -0.785515 0.579439 -0.926145
v 0.000000 0.988060 -1.749089
v 0.000000 0.541459 -2.093304
v 0.000000 0.251577 -1.994722
v -0.744885 0.871402 -0.475411
v -0.568957 1.233440 -0.421334
v -0.567832 1.220452 0.076186
v -0.579761 1.204010 0.140915
v -0.735583 0.888688 0.676834
v -0.754493 0.830069 0.693853
v -0.751445 0.864369 0.091875
v -0.779336 0.631555 1.096243
v -0.766403 0.676040 1.221939
v -0.757541 0.658860 1.400876
v -0.754874 0.546696 1.571843
v -0.756866 0.354891 0.909495
v -0.816224 0.578528 1.107771
v -0.816224 0.626944 1.225353
v -0.816224 0.623307 1.371933
v -0.688721 0.183121 1.689569
v -0.816224 0.539043 1.528073
v -0.816224 0.470168 0.999411
v -0.787226 0.331836 0.939467
v -0.694930 0.163131 0.909495
v -0.694930 0.178168 -0.764725
v -0.716067 0.247800 0.841346
v -0.690877 0.243366 -0.571579
v -0.771964 0.459841 1.624588
v 0.000000 0.461816 2.144987
v -0.624070 0.460611 2.116719
v -0.687129 0.460611 2.044962
v -0.724095 0.460611 1.905796
v -0.359083 0.468474 2.132203
v -0.302673 0.978970 -1.741359
v -0.654422 0.945173 -1.844578
v 0.000000 0.959358 -1.901319
v -0.289383 0.952266 -1.894227
v -0.521630 0.949075 -1.865515
v -0.285269 0.183121 2.000350
v -0.583647 0.183121 1.970511
v -0.511075 0.183121 1.985430
v -0.643614 0.183121 1.823474
v -0.833326 0.536514 -0.953087
v -0.834416 0.606302 -1.147093
v -0.833852 0.601353 -1.242588
v -0.834303 0.558439 -1.361380
v -0.836521 0.514990 -1.421054
v -0.785248 0.638601 -1.028952
v -0.835553 0.583417 -1.042667
v -0.679556 0.251577 -1.611040
v -0.289781 0.251577 -1.984517
v -0.528828 0.251577 -1.966069
v -0.660715 0.251577 -1.837910
v -0.611257 0.251577 -1.932606
v -0.775357 0.492238 -0.848547
v -0.747967 0.376492 -0.786133
v -0.701226 0.243366 -0.738519
v 0.000000 0.794763 -2.063144
v -0.301185 0.772231 -2.059778
v -0.589711 0.794763 -2.039721
v -0.676751 0.794763 -2.016798
v -0.658439 1.049236 -0.448838
v -0.696051 0.243366 -0.655049
v -0.768773 0.527455 -1.667581
v -0.359333 0.571194 2.042717
v -0.627941 0.553794 2.038678
v -0.673998 1.013775 0.432717
v -0.355912 0.653513 2.002082
v 0.000000 0.658738 2.012860
v -0.631126 0.662320 1.978471
v -0.628598 0.586939 2.029126
v -0.358459 0.587519 2.038052
v -0.570884 1.213516 -0.958493
v -0.814350 0.566183 1.117943
v -0.814350 0.611341 1.227614
v -0.814350 0.607949 1.364333
v -0.814350 0.529201 1.509814
v -0.814350 0.465113 1.016874
v -0.787302 0.336088 0.960963
v -0.696805 0.178733 0.933007
v -0.694930 0.176267 -0.553078
v -0.694930 0.164215 0.788738
v -0.713987 0.247434 0.724688
v -0.703369 0.245565 0.129118
v -0.694930 0.169753 0.172241
v -0.692566 0.243664 -0.476817
v -0.694930 0.175386 -0.454986
v -0.522413 0.971396 -1.724285
v -0.382619 1.274586 -0.972116
v -0.384370 1.255520 0.185459
v -0.713225 0.881497 -1.289594
v -0.722194 0.877913 -1.133709
v -0.733960 0.872401 -0.896233
v -0.681737 0.924964 -1.622814
v -0.542990 0.971459 -2.023550
v 0.000000 0.971459 -2.049888
v -0.299854 0.971459 -2.044458
v -0.602781 0.954566 -1.947817
v 0.000000 0.961479 -1.975036
v -0.299854 0.961479 -1.969607
v -0.330587 0.535812 -2.079798
v -0.604701 0.535546 -2.060637
v -0.309958 0.395293 -2.122317
v 0.000000 0.399056 -2.131681
v -0.582477 0.391530 -2.102000
v -0.695347 0.390589 -2.064686
v -0.742827 0.390787 -1.951656
v -0.757385 0.385050 -1.554428
v -0.372868 0.313392 -2.041484
v 0.000000 0.313392 -2.057014
v -0.466165 0.313392 -2.034390
v -0.647060 0.313392 -1.992736
v -0.695875 0.313392 -1.890350
v -0.720214 0.314277 -1.588446
v -0.689028 0.535546 -2.043069
v -0.734706 0.535546 -1.976310
v -0.702605 0.885768 -1.474736
v -0.694930 0.177218 -0.658901
v -0.817757 0.460261 -0.874843
v -0.775589 0.337969 -0.804350
v 0.000000 0.302926 2.060519
v -0.734862 0.305268 1.669121
v -0.331624 0.302926 2.050692
v -0.571588 0.302926 2.026881
v -0.638282 0.302926 1.976842
v -0.684036 0.302926 1.874341
v -0.634188 1.061175 -1.165677
v -0.646322 1.058984 -0.900430
v -0.641812 1.059991 -1.006632
v -0.687147 0.911188 -1.644325
v -0.705992 0.865255 -1.610169
v -0.745112 0.848810 -0.897187
v -0.756964 0.846281 -0.659526
v -0.657131 1.054832 -0.596495
v -0.553903 1.266455 -0.553193
v -0.550502 1.262836 -0.903577
v -0.561159 1.235264 -0.969208
v -0.674500 0.942016 -1.667248
v -0.713694 0.862158 -1.475916
v -0.724316 0.857888 -1.290775
v -0.733261 0.854292 -1.134847
v -0.382026 1.264280 -0.998631
v -0.465310 1.268486 -0.971596
v 0.000000 1.278623 -0.998413
v -0.256693 1.273401 -0.999370
v -0.596566 0.968836 -1.717500
v -0.301644 0.989387 -1.714892
v 0.000000 0.998333 -1.722551
v -0.520539 0.981834 -1.697880
v 0.000000 0.507111 2.139179
v -0.762836 0.508934 1.599232
v -0.362882 0.499484 2.128857
v -0.622554 0.506549 2.107272
v -0.678999 0.506549 2.041477
v -0.718288 0.506549 1.905796
v -0.523361 0.904780 0.763640
v -0.501650 0.621373 2.022817
v -0.510699 0.888744 0.847767
v -0.491906 0.377012 2.131404
v -0.498400 0.546620 2.111163
v -0.494572 0.460877 2.124807
v -0.426184 0.183121 1.992905
v -0.502841 0.553816 2.042882
v -0.502095 0.664767 1.984340
v -0.502246 0.587595 2.033190
v -0.451357 0.302926 2.038811
v -0.496617 0.506673 2.117519
v 0.000000 0.469128 2.144049
v -0.365612 0.461142 2.132861
v -0.371202 0.506797 2.127723
v 0.000000 0.499798 2.140117
v 0.000000 0.494914 2.098022
v 0.000000 0.464244 2.101954
v -0.357729 0.463590 2.090108
v -0.361528 0.494600 2.086761
v 0.000000 0.572395 2.054466
v -0.378260 0.553838 2.047069
v -0.376418 0.588247 2.037238
v 0.000000 0.672805 2.001640
v -0.373599 0.667205 1.990184
v -0.374575 0.622657 2.027407
v -0.355492 0.608752 1.997165
v 0.000000 0.612248 2.008132
v 0.000000 0.576874 2.018305
v 0.000000 0.558792 2.023505
v -0.357356 0.573915 2.007091
v 0.000000 0.645135 1.981899
v -0.358230 0.557590 2.011755
v -0.354809 0.639910 1.971121
v 0.000000 1.094507 0.516412
v -0.316084 1.087181 0.498788
v -0.465756 1.079998 0.472289
v -0.255490 1.276923 0.170508
v 0.000000 1.286546 0.181080
v -0.615730 1.072798 0.445722
v -0.510981 1.263022 0.150749
v -0.693663 0.882574 0.744046
v -0.529075 0.890132 0.787712
v -0.365171 0.897658 0.831197
v 0.000000 0.902467 0.851744
v -0.383236 1.269972 0.160628
v -0.655588 1.052198 0.095034
v -0.745114 0.860450 0.440410
v -0.694930 0.166248 0.562390
v -0.710089 0.246748 0.506023
v -0.656689 1.052956 -0.479437
v -0.555013 1.261667 -0.448258
v -0.554054 1.247965 0.081191
v -0.567290 1.229056 0.154938
v -0.758358 0.844256 -0.510636
v -0.765116 0.836688 0.091591
v -0.666590 1.028225 0.462878
v -0.758393 0.832499 0.472731
v -0.784042 0.623733 -1.351397
v 0.000000 0.595105 -2.089891
v -0.833790 0.583828 -1.307234
v -0.686685 0.592148 -2.044107
v -0.598268 0.592148 -2.063717
v -0.301505 0.615348 -2.082315
v -0.734708 0.592148 -1.972213
v -0.764692 0.588103 -1.671695
v -0.783736 0.484284 -1.496290
v -0.330633 0.466901 -2.137771
v 0.000000 0.468514 -2.145497
v -0.595177 0.465289 -2.118478
v -0.716095 0.464885 -2.082757
v -0.756837 0.466271 -1.969987
v -0.772716 0.490350 -0.611259
v -0.767455 0.472366 0.762970
v -0.777293 0.491792 -0.721438
v -0.770508 0.475628 0.513736
v -0.779112 0.469792 0.959663
v -0.775980 0.481254 0.083844
v -0.772886 0.489172 -0.521295
v -0.790478 0.575226 -0.527293
v -0.788621 0.577121 -0.735177
v -0.784140 0.565699 0.517649
v -0.789504 0.576031 -0.615660
v -0.785089 0.561080 1.024330
v -0.778243 0.563395 0.770431
v -0.794393 0.569672 0.081879
v -0.324446 0.794763 -2.055381
v 0.000000 0.772189 -2.066751
v -0.321867 0.648750 -2.084555
v -0.326227 0.592281 -2.082176
v 0.000000 0.617948 -2.088438
v 0.000000 0.646382 -2.058715
v -0.298616 0.645721 -2.057100
v 0.000000 0.615580 -2.060674
v 0.000000 0.769821 -2.038987
v -0.300805 0.769863 -2.032014
v -0.301126 0.612981 -2.054551
v -0.798998 0.384669 1.629953
v -0.726667 0.183121 1.666914
v -0.806174 0.459841 1.602328
v -0.772807 0.305268 1.646465
v -0.811904 0.508934 1.566265
v -0.798998 0.383752 1.604257
v -0.726667 0.182203 1.641218
v -0.806174 0.458923 1.576632
v -0.772807 0.304350 1.620770
v -0.811904 0.508016 1.540569
v -0.710914 0.251577 -1.571970
v -0.810335 0.383452 -1.522105
v -0.767074 0.312505 -1.554659
v -0.833274 0.454531 -1.476754
v -0.701991 0.199521 -0.804986
v -0.826583 0.522123 -0.974559
v -0.827564 0.584949 -1.149214
v -0.827056 0.580494 -1.235183
v -0.827463 0.541860 -1.342125
v -0.829459 0.502745 -1.395847
v -0.828588 0.564347 -1.055204
v -0.812567 0.453475 -0.904120
v -0.774605 0.343382 -0.840658
v -0.827001 0.564717 -1.293380
v -0.716381 0.265607 -1.531709
v -0.805885 0.384328 -1.486818
v -0.766940 0.320458 -1.516125
v -0.826536 0.448317 -1.445991
v -0.425459 0.566183 1.117943
v -0.425459 0.611341 1.227614
v -0.425459 0.607949 1.364333
v -0.425459 0.529201 1.509814
v -0.425459 0.465113 1.016874
v -0.398411 0.336088 0.960963
v -0.307914 0.178733 0.933007
v -0.410108 0.383752 1.604257
v -0.337776 0.182203 1.641218
v -0.417283 0.458923 1.576632
v -0.383917 0.304350 1.620770
v -0.423013 0.508016 1.540569
v -0.313101 0.199521 -0.804986
v -0.437692 0.522123 -0.974559
v -0.438673 0.584949 -1.149214
v -0.438165 0.580494 -1.235183
v -0.438572 0.541860 -1.342125
v -0.440568 0.502745 -1.395847
v -0.439697 0.564347 -1.055204
v -0.423676 0.453475 -0.904120
v -0.385715 0.343382 -0.840658
v -0.438110 0.564717 -1.293380
v -0.327490 0.265607 -1.531709
v -0.416994 0.384328 -1.486818
v -0.378049 0.320458 -1.516125
v -0.437646 0.448317 -1.445991
v 0.000000 0.178733 0.933007
v 0.000000 0.182203 1.641218
v 0.000000 0.199521 -0.804986
v 0.490002 1.250032 0.177443
v 0.256315 1.262668 0.195465
v 0.441109 1.259889 -0.998247
v 0.257145 1.283743 -0.972866
v 0.659580 0.898252 0.727330
v 0.588134 1.072251 0.453862
v 0.361662 0.912082 0.806466
v 0.688492 0.549776 1.912979
v 0.629254 0.620084 2.018209
v 0.356595 0.622356 2.028126
v 0.362957 0.899007 0.901319
v 0.659056 0.878438 0.793992
v 0.669772 0.552443 2.032881
v 0.360290 0.377012 2.146028
v 0.624070 0.377012 2.116719
v 0.687129 0.377012 2.044962
v 0.724095 0.377012 1.905796
v 0.761052 0.384669 1.652608
v 0.376078 0.546620 2.123242
v 0.621233 0.546620 2.099033
v 0.671908 0.546619 2.038438
v 0.713223 0.546619 1.905796
v 0.563535 0.980414 -1.693972
v 0.632263 0.908062 -1.958013
v 0.580025 0.906588 -1.997909
v 0.710282 0.784558 -1.951997
v 0.678870 0.931953 -1.628011
v 0.695695 0.888587 -1.596007
v 0.744826 0.870115 -0.679292
v 0.564750 1.242520 -0.584563
v 0.561866 1.239359 -0.897923
v 0.654029 1.059779 -0.621969
v 0.734710 0.648750 -1.968116
v 0.591835 0.648750 -2.066797
v 0.684341 0.648750 -2.045146
v 0.298996 0.648089 -2.084864
v 0.299854 0.906588 -2.022003
v 0.782668 0.652371 -1.270316
v 0.788043 0.524855 -1.468530
v 0.786712 0.584036 -1.410995
v 0.782923 0.663622 -1.154406
v 0.785515 0.579439 -0.926145
v 0.744885 0.871402 -0.475411
v 0.568957 1.233440 -0.421334
v 0.567832 1.220452 0.076186
v 0.579761 1.204010 0.140915
v 0.735583 0.888688 0.676834
v 0.754493 0.830069 0.693853
v 0.751445 0.864369 0.091875
v 0.779336 0.631555 1.096243
v 0.766403 0.676040 1.221939
v 0.757541 0.658860 1.400876
v 0.754874 0.546696 1.571843
v 0.756866 0.354891 0.909495
v 0.816224 0.578528 1.107771
v 0.816224 0.626944 1.225353
v 0.816224 0.623307 1.371933
v 0.688721 0.183121 1.689569
v 0.816224 0.539043 1.528073
v 0.816224 0.470168 0.999411
v 0.787226 0.331836 0.939467
v 0.694930 0.163131 0.909495
v 0.694930 0.178168 -0.764725
v 0.716067 0.247800 0.841346
v 0.690877 0.243366 -0.571579
v 0.771964 0.459841 1.624588
v 0.624070 0.460611 2.116719
v 0.687129 0.460611 2.044962
v 0.724095 0.460611 1.905796
v 0.359083 0.468474 2.132203
v 0.302673 0.978970 -1.741359
v 0.654422 0.945173 -1.844578
v 0.289383 0.952266 -1.894227
v 0.521630 0.949075 -1.865515
v 0.285269 0.183121 2.000350
v 0.583647 0.183121 1.970511
v 0.511075 0.183121 1.985430
v 0.643614 0.183121 1.823474
v 0.833326 0.536514 -0.953087
v 0.834416 0.606302 -1.147093
v 0.833852 0.601353 -1.242588
v 0.834303 0.558439 -1.361380
v 0.836521 0.514990 -1.421054
v 0.785248 0.638601 -1.028952
v 0.835553 0.583417 -1.042667
v 0.679556 0.251577 -1.611040
v 0.289781 0.251577 -1.984517
v 0.528828 0.251577 -1.966069
v 0.660715 0.251577 -1.837910
v 0.611257 0.251577 -1.932606
v 0.775357 0.492238 -0.848547
v 0.747967 0.376492 -0.786133
v 0.701226 0.243366 -0.738519
v 0.301185 0.772231 -2.059778
v 0.589711 0.794763 -2.039721
v 0.676751 0.794763 -2.016798
v 0.658439 1.049236 -0.448838
v 0.696051 0.243366 -0.655049
v 0.768773 0.527455 -1.667581
v 0.359333 0.571194 2.042717
v 0.627941 0.553794 2.038678
v 0.673998 1.013775 0.432717
v 0.355912 0.653513 2.002082
v 0.631126 0.662320 1.978471
v 0.628598 0.586939 2.029126
v 0.358459 0.587519 2.038052
v 0.570884 1.213516 -0.958493
v 0.814350 0.566183 1.117943
v 0.814350 0.611341 1.227614
v 0.814350 0.607949 1.364333
v 0.814350 0.529201 1.509814
v 0.814350 0.465113 1.016874
v 0.787302 0.336088 0.960963
v 0.696805 0.178733 0.933007
v 0.694930 0.176267 -0.553078
v 0.694930 0.164215 0.788738
v 0.713987 0.247434 0.724688
v 0.703369 0.245565 0.129118
v 0.694930 0.169753 0.172241
v 0.692566 0.243664 -0.476817
v 0.694930 0.175386 -0.454986
v 0.522413 0.971396 -1.724285
v 0.382619 1.274586 -0.972116
v 0.384370 1.255520 0.185459
v 0.713225 0.881497 -1.289594
v 0.722194 0.877913 -1.133709
v 0.733960 0.872401 -0.896233
v 0.681737 0.924964 -1.622814
v 0.542990 0.971459 -2.023550
v 0.299854 0.971459 -2.044458
v 0.602781 0.954566 -1.947817
v 0.299854 0.961479 -1.969607
v 0.330587 0.535812 -2.079798
v 0.604701 0.535546 -2.060637
v 0.309958 0.395293 -2.122317
v 0.582477 0.391530 -2.102000
v 0.695347 0.390589 -2.064686
v 0.742827 0.390787 -1.951656
v 0.757385 0.385050 -1.554428
v 0.298804 0.313392 -2.047116
v 0.552097 0.313392 -2.027856
v 0.647060 0.313392 -1.992736
v 0.695875 0.313392 -1.890350
v 0.720214 0.314277 -1.588446
v 0.689028 0.535546 -2.043069
v 0.734706 0.535546 -1.976310
v 0.702605 0.885768 -1.474736
v 0.694930 0.177218 -0.658901
v 0.817757 0.460261 -0.874843
v 0.775589 0.337969 -0.804350
v 0.734862 0.305268 1.669121
v 0.331624 0.302926 2.050692
v 0.571588 0.302926 2.026881
v 0.638282 0.302926 1.976842
v 0.684036 0.302926 1.874341
v 0.634188 1.061175 -1.165677
v 0.646322 1.058984 -0.900430
v 0.641812 1.059991 -1.006632
v 0.687147 0.911188 -1.644325
v 0.705992 0.865255 -1.610169
v 0.745112 0.848810 -0.897187
v 0.756964 0.846281 -0.659526
v 0.657131 1.054832 -0.596495
v 0.553903 1.266455 -0.553193
v 0.550502 1.262836 -0.903577
v 0.561159 1.235264 -0.969208
v 0.674500 0.942016 -1.667248
v 0.713694 0.862158 -1.475916
v 0.724316 0.857888 -1.290775
v 0.733261 0.854292 -1.134847
v 0.382026 1.264280 -0.998631
v 0.465310 1.268486 -0.971596
v 0.256693 1.273401 -0.999370
v 0.596566 0.968836 -1.717500
v 0.301644 0.989387 -1.714892
v 0.520539 0.981834 -1.697880
v 0.762836 0.508934 1.599232
v 0.362882 0.499484 2.128857
v 0.622554 0.506549 2.107272
v 0.678999 0.506549 2.041477
v 0.718288 0.506549 1.905796
v 0.523361 0.904780 0.763640
v 0.501650 0.621373 2.022817
v 0.510699 0.888744 0.847767
v 0.491906 0.377012 2.131404
v 0.498400 0.546620 2.111163
v 0.494572 0.460877 2.124807
v 0.426184 0.183121 1.992905
v 0.502841 0.553816 2.042882
v 0.502095 0.664767 1.984340
v 0.502246 0.587595 2.033190
v 0.451357 0.302926 2.038811
v 0.496617 0.506673 2.117519
v 0.365612 0.461142 2.132861
v 0.371202 0.506797 2.127723
v 0.357729 0.463590 2.090108
v 0.361528 0.494600 2.086761
v 0.378260 0.553838 2.047069
v 0.376418 0.588247 2.037238
v 0.373599 0.667205 1.990184
v 0.374575 0.622657 2.027407
v 0.355492 0.608752 1.997165
v 0.357356 0.573915 2.007091
v 0.358230 0.557590 2.011755
v 0.354809 0.639910 1.971121
v 0.316084 1.087181 0.498788
v 0.465756 1.079998 0.472289
v 0.255490 1.276923 0.170508
v 0.615730 1.072798 0.445722
v 0.510981 1.263022 0.150749
v 0.693663 0.882574 0.744046
v 0.529075 0.890132 0.787712
v 0.365171 0.897658 0.831197
v 0.383236 1.269972 0.160628
v 0.655588 1.052198 0.095034
v 0.745114 0.860450 0.440410
v 0.694930 0.166248 0.562390
v 0.710089 0.246748 0.506023
v 0.656689 1.052956 -0.479437
v 0.555013 1.261667 -0.448258
v 0.554054 1.247965 0.081191
v 0.567290 1.229056 0.154938
v 0.758358 0.844256 -0.510636
v 0.765116 0.836688 0.091591
v 0.666590 1.028225 0.462878
v 0.758393 0.832499 0.472731
v 0.784042 0.623733 -1.351397
v 0.833790 0.583828 -1.307234
v 0.686685 0.592148 -2.044107
v 0.598268 0.592148 -2.063717
v 0.301505 0.615348 -2.082315
v 0.734708 0.592148 -1.972213
v 0.764692 0.588103 -1.671695
v 0.781095 0.459408 -1.513312
v 0.330633 0.466901 -2.137771
v 0.595177 0.465289 -2.118478
v 0.716095 0.464885 -2.082757
v 0.756837 0.466271 -1.969987
v 0.772716 0.490350 -0.611259
v 0.767455 0.472366 0.762970
v 0.777293 0.491792 -0.721438
v 0.770508 0.475628 0.513736
v 0.779112 0.469792 0.959663
v 0.775980 0.481254 0.083844
v 0.772886 0.489172 -0.521295
v 0.790478 0.575226 -0.527293
v 0.788621 0.577121 -0.735177
v 0.784140 0.565699 0.517649
v 0.789504 0.576031 -0.615660
v 0.785089 0.561080 1.024330
v 0.778243 0.563395 0.770431
v 0.794393 0.569672 0.081879
v 0.324446 0.794763 -2.055381
v 0.321867 0.648750 -2.084555
v 0.326227 0.592281 -2.082176
v 0.298616 0.645721 -2.057100
v 0.300805 0.769863 -2.032014
v 0.301126 0.612981 -2.054551
v 0.798998 0.384669 1.629953
v 0.726667 0.183121 1.666914
v 0.806174 0.459841 1.602328
v 0.772807 0.305268 1.646465
v 0.811904 0.508934 1.566265
v 0.798998 0.383752 1.604257
v 0.726667 0.182203 1.641218
v 0.806174 0.458923 1.576632
v 0.772807 0.304350 1.620770
v 0.811904 0.508016 1.540569
v 0.710914 0.251577 -1.571970
v 0.810335 0.383452 -1.522105
v 0.767074 0.312505 -1.554659
v 0.833274 0.454531 -1.476754
v 0.701991 0.199521 -0.804986
v 0.826583 0.522123 -0.974559
v 0.827564 0.584949 -1.149214
v 0.827056 0.580494 -1.235183
v 0.827463 0.541860 -1.342125
v 0.829459 0.502745 -1.395847
v 0.828588 0.564347 -1.055204
v 0.812567 0.453475 -0.904120
v 0.774605 0.343382 -0.840658
v 0.827001 0.564717 -1.293380
v 0.716381 0.265607 -1.531709
v 0.805885 0.384328 -1.486818
v 0.766940 0.320458 -1.516125
v 0.826536 0.448317 -1.445991
v 0.425459 0.566183 1.117943
v 0.425459 0.611341 1.227614
v 0.425459 0.607949 1.364333
v 0.425459 0.529201 1.509814
v 0.425459 0.465113 1.016874
v 0.398411 0.336088 0.960963
v 0.307914 0.178733 0.933007
v 0.410108 0.383752 1.604257
v 0.337776 0.182203 1.641218
v 0.417283 0.458923 1.576632
v 0.383917 0.304350 1.620770
v 0.423013 0.508016 1.540569
v 0.313101 0.199521 -0.804986
v 0.437692 0.522123 -0.974559
v 0.438673 0.584949 -1.149214
v 0.438165 0.580494 -1.235183
v 0.438572 0.541860 -1.342125
v 0.440568 0.502745 -1.395847
v 0.439697 0.564347 -1.055204
v 0.423676 0.453475 -0.904120
v 0.385715 0.343382 -0.840658
v 0.438110 0.564717 -1.293380
v 0.327490 0.265607 -1.531709
v 0.416994 0.384328 -1.486818
v 0.378049 0.320458 -1.516125
v 0.437646 0.448317 -1.445991
v -0.289781 0.251577 -1.815807
v -0.528828 0.251577 -1.797358
v -0.372868 0.313392 -1.872774
v -0.466165 0.313392 -1.865680
v -0.908027 0.896562 0.444697
v -0.763499 0.894662 0.498748
v -0.901542 0.965740 0.444697
v -0.757315 0.960625 0.498748
v -0.891398 0.886071 0.513481
v -0.763101 0.900969 0.545377
v -0.883320 0.972243 0.513481
v -0.758261 0.952592 0.545377
v -0.778442 0.963121 0.473507
v -0.784927 0.893943 0.473507
v -0.756755 0.969550 0.565609
v -0.764834 0.883379 0.565609
v -0.685035 0.953849 0.499047
v -0.691219 0.887886 0.499047
v -0.685982 0.945816 0.545677
v -0.690821 0.894193 0.545677
v -0.931482 0.875128 0.439688
v -0.765577 0.871598 0.478516
v -0.920892 0.988084 0.439688
v -0.754988 0.984554 0.478516
v 0.908027 0.896562 0.444697
v 0.763499 0.894662 0.498748
v 0.901542 0.965740 0.444697
v 0.757315 0.960625 0.498748
v 0.891398 0.886071 0.513481
v 0.763101 0.900969 0.545377
v 0.883320 0.972243 0.513481
v 0.758261 0.952592 0.545377
v 0.778442 0.963121 0.473507
v 0.784927 0.893943 0.473507
v 0.756755 0.969550 0.565609
v 0.764834 0.883379 0.565609
v 0.685035 0.953849 0.499047
v 0.691219 0.887886 0.499047
v 0.685982 0.945816 0.545677
v 0.690821 0.894193 0.545677
v 0.931482 0.875128 0.439688
v 0.765577 0.871598 0.478516
v 0.920892 0.988084 0.439688
v 0.754988 0.984554 0.478516
v -0.410377 0.309246 -2.051739
v -0.452651 0.291735 -2.051739
v -0.470162 0.249461 -2.051739
v -0.452651 0.207187 -2.051739
v -0.410377 0.189677 -2.051739
v -0.368103 0.207187 -2.051739
v -0.350593 0.249461 -2.051739
v -0.368103 0.291735 -2.051739
v -0.410377 0.309246 -1.871298
v -0.452651 0.291735 -1.871298
v -0.470162 0.249461 -1.871298
v -0.452651 0.207187 -1.871298
v -0.410377 0.189677 -1.871298
v -0.368103 0.207187 -1.871298
v -0.350593 0.249461 -1.871298
v -0.368103 0.291735 -1.871298
v -0.410377 0.290582 -2.051739
v -0.439454 0.278538 -2.051739
v -0.451498 0.249461 -2.051739
v -0.439454 0.220385 -2.051739
v -0.410377 0.208341 -2.051739
v -0.381301 0.220385 -2.051739
v -0.369257 0.249461 -2.051739
v -0.381301 0.278538 -2.051739
v -0.410377 0.290582 -2.026775
v -0.439454 0.278538 -2.026775
v -0.451498 0.249461 -2.026775
v -0.439454 0.220385 -2.026775
v -0.410377 0.208341 -2.026775
v -0.381301 0.220385 -2.026775
v -0.369257 0.249461 -2.026775
v -0.381301 0.278538 -2.026775
v -0.410377 0.249461 -2.026775
v -0.410377 0.281280 -1.871298
v -0.432877 0.271961 -1.871298
v -0.442196 0.249462 -1.871298
v -0.432877 0.226962 -1.871298
v -0.410377 0.217643 -1.871298
v -0.387878 0.226962 -1.871298
v -0.378558 0.249462 -1.871298
v -0.387878 0.271961 -1.871298
v -0.410377 0.338995 -1.754115
v -0.432877 0.329675 -1.754115
v -0.442196 0.307176 -1.754115
v -0.432877 0.284676 -1.754115
v -0.410377 0.275357 -1.754115
v -0.387878 0.284676 -1.754115
v -0.378558 0.307176 -1.754115
v -0.387878 0.329675 -1.754115
vn -0.7283 0.6273 -0.2757
vn -0.7296 0.6364 -0.2502
vn -0.7342 0.6688 -0.1166
vn -0.7338 0.6652 -0.1379
vn -0.7396 0.6715 0.0449
vn -0.7391 0.6730 0.0275
vn -0.7398 0.6297 0.2368
vn -0.7402 0.6335 0.2254
vn -0.7222 0.5196 0.4566
vn -0.7227 0.5223 0.4526
vn -0.0070 0.9944 0.1050
vn -0.0057 0.9948 0.1017
vn -0.0058 0.9948 0.1015
vn -0.0071 0.9943 0.1060
vn -0.0000 0.9946 0.1036
vn -0.2140 0.9642 0.1568
vn -0.0456 0.9898 0.1346
vn -0.0925 0.9823 0.1626
vn -0.2501 0.9599 0.1267
vn -0.0336 0.2851 0.9579
vn -0.0323 0.2762 0.9606
vn -0.0332 0.2784 0.9599
vn -0.0000 -0.9155 0.4023
vn 0.0013 -0.9155 0.4023
vn 0.9994 0.0057 0.0331
vn 0.9989 -0.0176 0.0433
vn 0.9990 -0.0154 0.0424
vn -0.0000 -0.9933 0.1152
vn -0.0027 -0.9933 0.1152
vn -0.0384 0.4893 0.8713
vn -0.0327 0.4754 0.8792
vn -0.0334 0.6432 0.7650
vn -0.0402 0.6629 0.7477
vn -0.9693 0.2032 0.1386
vn -0.9617 0.1780 0.2085
vn -0.9608 0.1815 0.2097
vn -0.9692 0.2084 0.1312
vn 0.9979 -0.0384 0.0524
vn -0.0554 0.1203 0.9912
vn -0.0000 0.1275 0.9918
vn -0.0000 0.1252 0.9921
vn -0.0542 0.1203 0.9913
vn -0.0865 0.0761 0.9933
vn -0.0788 0.1136 0.9904
vn -0.8822 -0.0000 0.4709
vn -0.4514 0.0204 0.8921
vn -0.4407 0.1023 0.8918
vn -0.8792 0.0821 0.4693
vn -0.9781 -0.0200 0.2072
vn -0.9750 0.0774 0.2083
vn -0.9822 0.1062 0.1551
vn -0.9869 -0.0403 0.1561
vn -0.9951 -0.0991 0.0004
vn -0.9867 -0.1610 0.0206
vn -0.9886 -0.1505 0.0087
vn -0.9930 -0.1172 -0.0153
vn -0.9797 -0.2006 0.0028
vn -0.9790 -0.2039 -0.0077
vn -0.9806 -0.1958 -0.0112
vn -0.9852 -0.1710 -0.0104
vn -0.0769 0.9949 0.0646
vn -0.0674 0.9972 0.0338
vn -0.0352 0.9989 -0.0325
vn -0.0414 0.9989 -0.0219
vn -0.0000 0.9981 -0.0616
vn -0.7797 0.5490 -0.3013
vn -0.7822 0.4198 -0.4604
vn -0.7616 0.2424 -0.6010
vn -0.7762 0.3268 -0.5392
vn -0.7842 0.5082 -0.3561
vn -0.4985 0.6688 0.5516
vn -0.5787 0.7624 0.2895
vn -0.5939 0.7709 0.2304
vn -0.5121 0.6945 0.5055
vn -0.6981 0.7138 -0.0568
vn -0.7057 0.7049 -0.0714
vn -0.7339 0.1405 -0.6646
vn -0.8752 -0.2827 -0.3926
vn -0.9939 -0.1056 -0.0308
vn -0.9930 -0.1162 0.0210
vn -0.9930 -0.1160 0.0222
vn -0.9938 -0.1088 -0.0245
vn -0.8994 -0.4145 0.1386
vn -0.8425 -0.5054 0.1864
vn -0.9391 -0.3301 0.0951
vn -0.9932 -0.0965 0.0658
vn -0.9841 -0.1680 0.0570
vn -0.9879 -0.1407 0.0653
vn -0.9931 -0.0985 0.0635
vn -0.9918 -0.1256 -0.0224
vn -0.9932 -0.1107 -0.0366
vn -0.9994 -0.0201 0.0272
vn -0.9993 0.0367 0.0062
vn -0.9994 0.0332 0.0125
vn -0.9995 -0.0172 0.0272
vn -0.9728 -0.2313 -0.0092
vn -0.9708 -0.2397 -0.0092
vn -0.9756 -0.2196 -0.0092
vn -0.9810 -0.1940 -0.0092
vn -0.9850 -0.1724 -0.0092
vn -0.9999 -0.0099 -0.0088
vn -0.9929 -0.1188 -0.0091
vn -0.9965 -0.0830 -0.0090
vn -0.9999 0.0082 -0.0087
vn -0.0494 -0.3267 -0.9438
vn -0.5552 0.1281 -0.8218
vn -0.2835 -0.1554 -0.9463
vn -0.0487 -0.3267 -0.9439
vn -0.0000 -0.3271 -0.9450
vn 0.0019 0.9882 0.1535
vn 0.0013 0.9844 0.1762
vn -0.0093 0.9934 0.1140
vn -0.0039 0.9925 0.1221
vn -0.0000 0.9912 0.1322
vn -0.0000 0.9945 0.1047
vn -0.0000 1.0000 -0.0039
vn -0.0196 0.9998 0.0088
vn -0.0221 0.9995 0.0237
vn -0.0295 0.9995 0.0068
vn -0.7443 0.4494 -0.4939
vn -0.7401 0.4349 -0.5130
vn -0.7625 0.5560 -0.3308
vn -0.4431 -0.7345 -0.5140
vn -0.1047 -0.7034 -0.7030
vn -0.1999 -0.6847 -0.7008
vn -0.4683 -0.7122 -0.5230
vn -0.7732 -0.6044 -0.1923
vn -0.7889 -0.5921 -0.1644
vn -0.0000 0.0257 -0.9997
vn -0.0000 0.0107 -0.9999
vn -0.0516 -0.0169 -0.9985
vn -0.0430 -0.0199 -0.9989
vn -0.1453 -0.0296 -0.9889
vn -0.1427 -0.0303 -0.9893
vn -0.8571 -0.5119 -0.0579
vn -0.9459 -0.3211 -0.0468
vn -0.8756 -0.4383 -0.2030
vn -0.9536 -0.2350 -0.1880
vn -0.6512 -0.3132 -0.6912
vn -0.5639 -0.5229 -0.6392
vn -0.1727 -0.2545 -0.9515
vn -0.1611 -0.5071 -0.8467
vn -0.0456 -0.2178 -0.9749
vn -0.0385 -0.4623 -0.8859
vn -0.0018 -0.6895 -0.7243
vn -0.0369 -0.6878 -0.7249
vn -0.0009 -0.4512 -0.8924
vn -0.0018 -0.7077 -0.7065
vn -0.0276 -0.7035 -0.7101
vn -0.8448 -0.5307 -0.0681
vn -0.5645 0.0072 -0.8254
vn -0.5686 0.0077 -0.8226
vn -0.9408 0.0344 -0.3371
vn -0.9362 0.0344 -0.3498
vn -0.9939 0.0654 -0.0892
vn -0.9936 0.0608 -0.0954
vn -0.6463 0.5081 -0.5693
vn -0.6620 0.5304 -0.5295
vn -0.7101 0.5913 -0.3823
vn -0.7010 0.5811 -0.4133
vn -0.9977 -0.0625 0.0270
vn -0.9817 -0.1903 0.0062
vn -0.9819 -0.1894 0.0003
vn -0.0000 -0.6136 0.7897
vn -0.0000 -0.7909 0.6120
vn -0.0432 -0.7933 0.6073
vn -0.0467 -0.6145 0.7875
vn -0.8546 -0.4501 0.2590
vn -0.8758 -0.3812 0.2961
vn -0.6165 -0.4056 0.6749
vn -0.6605 -0.5852 0.4704
vn -0.0739 -0.6066 0.7916
vn -0.0768 -0.3801 0.9217
vn -0.0447 -0.3910 0.9193
vn -0.9013 -0.3838 0.2008
vn -0.8176 -0.5327 0.2183
vn -0.8999 -0.4043 0.1635
vn -0.2056 -0.3692 0.9063
vn -0.2650 -0.6304 0.7297
vn -0.5601 -0.7324 0.3872
vn -0.2570 -0.8007 0.5412
vn -0.0640 -0.7923 0.6067
vn -0.9006 -0.3539 0.2523
vn -0.9190 0.3941 -0.0134
vn -0.9294 0.3690 0.0010
vn -0.9262 0.3769 0.0032
vn -0.9153 0.4024 -0.0142
vn -0.9011 0.4324 -0.0325
vn -0.9032 0.4277 -0.0357
vn -0.9034 0.4271 -0.0378
vn -0.9010 0.4325 -0.0325
vn -0.8999 0.4357 -0.0193
vn -0.8993 0.4366 -0.0249
vn -0.8975 0.4402 -0.0251
vn -0.8996 0.4364 -0.0194
vn -0.9047 0.4253 -0.0248
vn -0.9066 0.4213 -0.0228
vn -0.9102 0.4129 -0.0309
vn -0.9162 0.4000 -0.0231
vn -0.9263 0.3767 -0.0083
vn -0.9245 0.3811 -0.0103
vn -0.9036 0.4264 -0.0418
vn -0.9025 0.4286 -0.0430
vn -0.9037 0.4260 -0.0419
vn -0.9036 0.4263 -0.0421
vn -0.9038 0.4261 -0.0389
vn -0.9037 0.4264 -0.0386
vn -0.0681 0.9293 -0.3631
vn -0.0692 0.9295 -0.3623
vn -0.0696 0.9294 -0.3625
vn -0.0705 0.9290 -0.3633
vn -0.0000 0.9317 -0.3633
vn -0.0444 0.9306 -0.3634
vn -0.0437 0.9308 -0.3629
vn -0.0000 0.9320 -0.3624
vn -0.0669 0.9295 -0.3627
vn -0.0668 0.9295 -0.3628
vn -0.0474 0.9304 -0.3635
vn -0.0000 0.9316 -0.3636
vn -0.0000 0.9318 -0.3630
vn -0.0487 0.9305 -0.3631
vn -0.0643 0.9295 -0.3633
vn -0.0626 0.9294 -0.3639
vn -0.8658 0.1649 0.4724
vn -0.8679 0.1652 0.4685
vn -0.4460 0.1873 0.8752
vn -0.4661 0.1867 0.8648
vn -0.0886 0.1535 0.9842
vn -0.0798 0.1531 0.9850
vn -0.0549 0.1220 0.9910
vn -0.0617 0.1226 0.9905
vn -0.0000 0.1204 0.9927
vn -0.0000 0.1177 0.9931
vn -0.5120 -0.0498 0.8575
vn -0.5124 -0.0273 0.8583
vn -0.5126 -0.0130 0.8585
vn -0.0849 0.9923 0.0907
vn -0.1386 0.4992 0.8553
vn -0.1192 0.3046 0.9450
vn -0.1419 0.6743 0.7247
vn -0.1039 0.2952 0.9498
vn -0.0000 0.1229 0.9924
vn -0.0325 0.1145 0.9929
vn -0.0314 0.1145 0.9929
vn -0.0000 0.1230 0.9924
vn -0.0321 0.1152 0.9928
vn -0.0000 0.1152 0.9933
vn 0.0020 0.9933 -0.1152
vn -0.0000 0.9933 -0.1152
vn 0.9922 0.1235 0.0176
vn -0.0000 0.2763 0.9611
vn -0.0324 0.2762 0.9606
vn -0.0327 0.2760 0.9606
vn -0.0264 0.6343 0.7727
vn -0.0000 0.6274 0.7787
vn -0.0270 0.4689 0.8828
vn -0.0000 0.4631 0.8863
vn -0.0000 0.6325 0.7745
vn -0.0315 0.6322 0.7741
vn -0.0326 0.4603 0.8872
vn -0.0324 0.2760 0.9606
vn -0.0000 0.2762 0.9611
vn 0.0101 0.9155 -0.4021
vn -0.0000 0.9156 -0.4021
vn -0.0733 0.8666 0.4936
vn -0.0000 0.8686 0.4955
vn -0.0000 0.8684 0.4958
vn -0.0696 0.8660 0.4952
vn -0.1527 0.8567 0.4926
vn -0.1319 0.8546 0.5023
vn -0.1316 0.8525 0.5058
vn -0.1530 0.8570 0.4921
vn -0.1054 0.8592 0.5007
vn -0.1043 0.8599 0.4996
vn -0.0995 0.8666 0.4890
vn -0.1583 0.8610 0.4834
vn -0.1671 0.8615 0.4795
vn -0.1032 0.8653 0.4906
vn -0.0000 0.8684 0.4959
vn -0.0000 0.8670 0.4983
vn -0.0968 0.8636 0.4947
vn -0.0851 0.8651 0.4943
vn -0.9172 0.3985 -0.0072
vn -0.9053 0.4248 0.0012
vn -0.9094 0.4160 0.0029
vn -0.8968 0.4425 0.0020
vn -0.8955 0.4451 0.0062
vn -0.8962 0.4437 0.0057
vn -0.8994 0.4370 0.0058
vn -0.8920 0.4519 -0.0074
vn -0.8906 0.4545 -0.0153
vn -0.8924 0.4510 -0.0142
vn -0.8912 0.4532 -0.0206
vn -0.8958 0.4445 0.0066
vn -0.8967 0.4427 -0.0003
vn -0.8972 0.4416 -0.0000
vn -0.8950 0.4459 0.0082
vn -0.8992 0.4375 0.0056
vn -0.9000 0.4357 0.0131
vn 0.9967 -0.0780 -0.0203
vn 0.9995 -0.0282 -0.0161
vn 0.9994 -0.0297 -0.0162
vn -0.9926 0.0840 -0.0879
vn -0.9888 0.1330 -0.0681
vn -0.9654 0.0980 -0.2417
vn -0.5605 0.0068 -0.8281
vn -0.1390 -0.0310 -0.9898
vn -0.0156 0.0352 -0.9993
vn 0.9997 0.0200 -0.0120
vn -0.9850 -0.1666 -0.0443
vn -0.0000 -0.2066 -0.9784
vn -0.6874 0.3239 0.6501
vn -0.6881 0.3294 0.6465
vn -0.9811 -0.1935 0.0016
vn -0.9915 -0.1294 -0.0156
vn -0.9988 -0.0480 -0.0090
vn -0.9946 -0.0961 -0.0400
vn -0.9856 -0.1688 -0.0124
vn -0.9953 -0.0935 -0.0256
vn -0.0000 0.1631 -0.9866
vn -0.0121 0.1800 -0.9836
vn 0.0082 0.0708 -0.9975
vn -0.0026 -0.0079 -1.0000
vn -0.0000 0.0406 -0.9992
vn -0.0000 0.0851 -0.9964
vn -0.0136 0.0832 -0.9964
vn -0.0143 0.1780 -0.9839
vn -0.0000 0.1780 -0.9840
vn -0.0000 -0.0088 -1.0000
vn -0.0129 -0.0088 -0.9999
vn -0.0021 -0.9964 -0.0850
vn -0.0000 -0.9964 -0.0850
vn -0.0000 0.9964 0.0850
vn -0.0069 0.9964 0.0850
vn -0.5161 0.1027 0.8504
vn -0.5050 0.3475 0.7901
vn -0.5005 0.3861 0.7749
vn -0.5161 0.1515 0.8430
vn -0.4830 0.5452 0.6852
vn -0.4805 0.5743 0.6628
vn -0.0000 -0.3922 0.9199
vn -0.9428 -0.3332 0.0119
vn -0.9752 -0.2211 0.0079
vn -0.9822 -0.1879 0.0067
vn -0.9440 -0.3296 0.0118
vn -0.9949 -0.1004 0.0036
vn -0.9928 -0.1199 0.0011
vn -0.9911 -0.1331 -0.0044
vn -0.9944 -0.1060 0.0038
vn -0.9361 -0.3515 0.0126
vn -0.7437 -0.1281 0.6561
vn -0.7043 0.0828 0.7050
vn -0.7230 0.0048 0.6908
vn -0.5705 0.4120 -0.7105
vn -0.5405 0.1675 -0.8245
vn -0.5240 0.2567 -0.8121
vn -0.5642 0.4045 -0.7198
vn -0.6304 -0.1728 -0.7568
vn -0.5899 -0.0268 -0.8070
vn -0.6505 -0.2818 -0.7053
vn -0.8965 -0.4341 -0.0890
vn -0.9362 -0.3404 -0.0871
vn -0.9417 -0.3236 -0.0919
vn -0.9114 -0.4027 -0.0847
vn -0.9641 -0.2022 0.1719
vn -0.9380 -0.3165 0.1415
vn -0.9499 -0.2726 0.1530
vn -0.9645 -0.1988 0.1737
vn -0.8608 -0.4943 0.1208
vn -0.7500 -0.6473 0.1362
vn -0.7834 -0.6082 0.1283
vn -0.8870 -0.4452 0.1229
vn -0.9540 -0.2826 -0.1002
vn -0.9526 -0.3024 -0.0333
vn -0.9526 -0.3025 -0.0322
vn -0.9535 -0.2863 -0.0942
vn -0.7065 -0.6926 0.1454
vn -0.9546 -0.2943 0.0471
vn -0.9541 -0.2967 0.0398
vn -0.9587 -0.2640 0.1057
vn -0.9638 -0.2155 0.1569
vn -0.9628 -0.2270 0.1466
vn -0.9580 -0.2699 0.0972
vn -0.9521 -0.2866 -0.1069
vn -0.9532 -0.2814 -0.1107
vn -0.8793 -0.4670 -0.0935
vn -0.0000 -0.3764 0.9265
vn -0.0000 -0.2733 0.9619
vn -0.0000 -0.3197 0.9475
vn -0.0000 -0.3162 0.9487
vn -0.0000 -0.1749 0.9846
vn -0.0000 -0.2653 0.9642
vn -0.0000 -0.8602 0.5099
vn -0.0000 -0.7468 0.6650
vn -0.0000 -0.7464 0.6655
vn -0.0000 -0.8614 0.5079
vn -0.0000 -0.2848 -0.9586
vn -0.0000 -0.4804 -0.8770
vn -0.0000 -0.4659 -0.8849
vn -0.0000 -0.2665 -0.9638
vn -0.0000 -0.6174 0.7866
vn -0.0000 -0.4946 0.8691
vn -0.0000 -0.4647 0.8855
vn -0.0000 -0.6037 0.7972
vn -0.0000 -0.7237 -0.6901
vn -0.0000 -0.8533 -0.5214
vn -0.0000 -0.8521 -0.5233
vn -0.0000 -0.7118 -0.7023
vn -0.0000 -0.8142 -0.5806
vn -0.0000 -0.9399 -0.3415
vn -0.0000 -0.9395 -0.3424
vn -0.0000 -0.8052 -0.5930
vn -0.0000 -0.1651 -0.9863
vn -0.0000 -0.1886 -0.9821
vn -0.0000 -0.1803 -0.9836
vn -0.0000 -0.6292 -0.7772
vn -0.0000 -0.5991 -0.8007
vn -0.0000 -0.9833 0.1819
vn -0.0000 -0.8321 0.5547
vn -0.0000 -0.4062 -0.9138
vn -0.0000 -0.3441 -0.9390
vn -0.0000 -0.9663 -0.2575
vn -0.0000 -0.9875 0.1574
vn -0.0000 -0.9387 0.3446
vn -0.0000 -0.9389 0.3442
vn -0.0000 -0.9875 0.1578
vn -0.0000 -0.9966 -0.0826
vn -0.0000 -0.9967 -0.0812
vn -0.0000 -0.2407 -0.9706
vn -0.0000 -0.5724 0.8200
vn -0.0000 -0.5533 0.8330
vn -0.9329 -0.3599 -0.0108
vn -0.8984 -0.4387 -0.0192
vn -0.9333 -0.3590 -0.0107
vn -0.9835 -0.1811 0.0052
vn -0.9844 -0.1757 0.0056
vn -0.9987 -0.0493 0.0104
vn -0.9987 -0.0496 0.0100
vn -0.9983 -0.0579 -0.0037
vn -0.9983 -0.0580 -0.0036
vn -0.9986 -0.0502 -0.0146
vn -0.8773 -0.4799 -0.0001
vn -0.8776 -0.4794 -0.0000
vn -0.8493 -0.5277 -0.0122
vn -0.9352 -0.3536 0.0216
vn -0.9347 -0.3548 0.0216
vn -0.9789 -0.2032 0.0233
vn -0.9791 -0.2022 0.0232
vn -0.9994 -0.0352 0.0068
vn -0.9994 -0.0338 0.0065
vn -0.9990 0.0449 -0.0076
vn -0.9990 0.0447 -0.0076
vn -0.9994 0.0349 -0.0088
vn -0.0000 -0.9999 -0.0120
vn -0.0658 -0.9960 -0.0609
vn -0.0280 -0.9996 -0.0092
vn 0.0057 -1.0000 -0.0055
vn -0.0000 -0.9981 -0.0610
vn -0.0005 -1.0000 0.0035
vn -0.0000 -1.0000 0.0049
vn -0.0000 -1.0000 0.0037
vn 0.0408 -0.9991 -0.0090
vn 0.0417 -0.9990 0.0141
vn -0.0001 -1.0000 0.0025
vn -0.0000 -1.0000 0.0025
vn 0.0218 -0.9602 0.2784
vn -0.0000 -0.8332 0.5529
vn 0.0477 -0.9987 -0.0173
vn 0.0490 -0.9986 -0.0188
vn -0.0011 -1.0000 0.0019
vn -0.0002 -1.0000 0.0026
vn -0.0018 -1.0000 0.0015
vn -0.0021 -1.0000 0.0012
vn -0.0011 -0.9998 0.0198
vn -0.0016 -0.9999 0.0130
vn 0.0202 -0.9993 0.0326
vn 0.0151 -0.9992 0.0380
vn -0.0000 -1.0000 -0.0000
vn 0.0135 -0.9997 0.0207
vn 0.0119 -0.9999 0.0096
vn 0.0203 -0.9940 0.1078
vn 0.0169 -0.9832 0.1817
vn 0.7283 0.6273 -0.2757
vn 0.7338 0.6652 -0.1379
vn 0.7342 0.6688 -0.1166
vn 0.7296 0.6364 -0.2502
vn 0.7391 0.6730 0.0275
vn 0.7396 0.6715 0.0449
vn 0.7398 0.6297 0.2368
vn 0.7402 0.6335 0.2254
vn 0.7222 0.5196 0.4566
vn 0.7227 0.5223 0.4526
vn 0.0070 0.9944 0.1050
vn 0.0071 0.9943 0.1060
vn 0.0058 0.9948 0.1015
vn 0.0057 0.9948 0.1017
vn 0.2141 0.9641 0.1568
vn 0.2501 0.9599 0.1267
vn 0.0925 0.9823 0.1626
vn 0.0456 0.9898 0.1346
vn 0.1953 0.9802 0.0333
vn 0.1314 0.9912 0.0166
vn 0.2544 0.9659 0.0488
vn 0.0336 0.2851 0.9579
vn 0.0332 0.2784 0.9599
vn 0.0323 0.2762 0.9606
vn -0.0013 -0.9155 0.4023
vn -0.9994 0.0057 0.0331
vn -0.9990 -0.0154 0.0424
vn -0.9989 -0.0176 0.0433
vn 0.0027 -0.9933 0.1152
vn 0.0384 0.4893 0.8713
vn 0.0402 0.6629 0.7477
vn 0.0334 0.6432 0.7650
vn 0.0327 0.4754 0.8792
vn 0.9693 0.2032 0.1386
vn 0.9692 0.2084 0.1312
vn 0.9608 0.1815 0.2097
vn 0.9617 0.1781 0.2085
vn -0.9979 -0.0384 0.0524
vn 0.0553 0.1203 0.9912
vn 0.0542 0.1203 0.9913
vn 0.0865 0.0761 0.9933
vn 0.0788 0.1136 0.9904
vn 0.0554 0.1203 0.9912
vn 0.8822 -0.0000 0.4709
vn 0.8792 0.0821 0.4693
vn 0.4407 0.1023 0.8918
vn 0.4514 0.0204 0.8921
vn 0.9781 -0.0200 0.2072
vn 0.9869 -0.0403 0.1561
vn 0.9822 0.1062 0.1551
vn 0.9750 0.0774 0.2083
vn 0.9951 -0.0991 0.0004
vn 0.9930 -0.1172 -0.0153
vn 0.9886 -0.1505 0.0087
vn 0.9867 -0.1610 0.0206
vn 0.9797 -0.2006 0.0028
vn 0.9852 -0.1710 -0.0104
vn 0.9806 -0.1958 -0.0112
vn 0.9790 -0.2039 -0.0077
vn 0.0769 0.9949 0.0646
vn 0.0414 0.9989 -0.0219
vn 0.0352 0.9989 -0.0325
vn 0.0674 0.9972 0.0338
vn 0.7797 0.5490 -0.3013
vn 0.7842 0.5082 -0.3561
vn 0.7762 0.3268 -0.5392
vn 0.7616 0.2424 -0.6010
vn 0.7822 0.4198 -0.4604
vn 0.4985 0.6688 0.5516
vn 0.5121 0.6945 0.5055
vn 0.5939 0.7709 0.2304
vn 0.5787 0.7624 0.2895
vn 0.6981 0.7138 -0.0568
vn 0.7057 0.7049 -0.0714
vn 0.7339 0.1405 -0.6646
vn 0.8752 -0.2827 -0.3926
vn 0.9939 -0.1056 -0.0308
vn 0.9938 -0.1088 -0.0245
vn 0.9930 -0.1160 0.0222
vn 0.9930 -0.1162 0.0210
vn 0.8994 -0.4145 0.1386
vn 0.9391 -0.3301 0.0951
vn 0.8425 -0.5054 0.1864
vn 0.9932 -0.0965 0.0658
vn 0.9931 -0.0985 0.0635
vn 0.9879 -0.1407 0.0653
vn 0.9841 -0.1680 0.0570
vn 0.9918 -0.1256 -0.0224
vn 0.9932 -0.1107 -0.0366
vn 0.9994 -0.0201 0.0272
vn 0.9995 -0.0172 0.0272
vn 0.9994 0.0332 0.0125
vn 0.9993 0.0367 0.0062
vn 0.9728 -0.2313 -0.0092
vn 0.9756 -0.2196 -0.0092
vn 0.9708 -0.2397 -0.0092
vn 0.9810 -0.1940 -0.0092
vn 0.9850 -0.1724 -0.0092
vn 0.9999 -0.0099 -0.0088
vn 0.9999 0.0082 -0.0087
vn 0.9965 -0.0830 -0.0090
vn 0.9929 -0.1188 -0.0091
vn 0.0494 -0.3267 -0.9438
vn 0.0487 -0.3267 -0.9439
vn 0.2835 -0.1554 -0.9463
vn 0.5552 0.1281 -0.8218
vn -0.0019 0.9882 0.1535
vn 0.0039 0.9925 0.1221
vn 0.0093 0.9934 0.1140
vn -0.0013 0.9844 0.1762
vn 0.0196 0.9998 0.0088
vn 0.0221 0.9995 0.0237
vn 0.0295 0.9995 0.0068
vn 0.7443 0.4494 -0.4939
vn 0.7401 0.4349 -0.5130
vn 0.7625 0.5560 -0.3308
vn 0.1426 -0.7193 -0.6799
vn 0.1439 -0.7295 -0.6687
vn 0.0381 -0.7133 -0.6999
vn 0.0366 -0.6955 -0.7176
vn 0.4658 -0.7318 -0.4975
vn 0.4839 -0.7295 -0.4835
vn 0.7732 -0.6044 -0.1923
vn 0.7889 -0.5921 -0.1644
vn 0.0430 -0.0199 -0.9989
vn 0.0516 -0.0169 -0.9985
vn 0.1427 -0.0303 -0.9893
vn 0.1453 -0.0296 -0.9889
vn 0.8724 -0.4441 -0.2039
vn 0.9408 -0.3354 -0.0495
vn 0.8571 -0.5119 -0.0579
vn 0.9534 -0.2349 -0.1895
vn 0.5742 -0.5127 -0.6384
vn 0.6512 -0.3132 -0.6912
vn 0.1641 -0.4922 -0.8549
vn 0.1727 -0.2545 -0.9515
vn 0.0406 -0.4616 -0.8862
vn 0.0456 -0.2178 -0.9749
vn 0.8448 -0.5307 -0.0681
vn 0.5645 0.0072 -0.8254
vn 0.5686 0.0077 -0.8226
vn 0.9409 0.0336 -0.3371
vn 0.9362 0.0344 -0.3498
vn 0.9939 0.0654 -0.0892
vn 0.9936 0.0608 -0.0954
vn 0.6389 0.5047 -0.5807
vn 0.7010 0.5811 -0.4133
vn 0.7101 0.5913 -0.3823
vn 0.6579 0.5286 -0.5365
vn 0.9977 -0.0625 0.0270
vn 0.9819 -0.1893 0.0003
vn 0.9817 -0.1903 0.0062
vn 0.0467 -0.6145 0.7875
vn 0.0432 -0.7933 0.6073
vn 0.8546 -0.4501 0.2590
vn 0.6605 -0.5852 0.4704
vn 0.6165 -0.4056 0.6749
vn 0.8758 -0.3812 0.2961
vn 0.0739 -0.6066 0.7916
vn 0.0447 -0.3910 0.9193
vn 0.0768 -0.3801 0.9217
vn 0.9013 -0.3838 0.2008
vn 0.8999 -0.4043 0.1635
vn 0.8176 -0.5327 0.2183
vn 0.2650 -0.6304 0.7297
vn 0.2056 -0.3692 0.9063
vn 0.5601 -0.7324 0.3872
vn 0.2570 -0.8007 0.5412
vn 0.0640 -0.7923 0.6067
vn 0.9006 -0.3539 0.2523
vn 0.9190 0.3941 -0.0134
vn 0.9153 0.4024 -0.0142
vn 0.9262 0.3769 0.0032
vn 0.9294 0.3690 0.0010
vn 0.9011 0.4324 -0.0325
vn 0.9010 0.4325 -0.0325
vn 0.9034 0.4271 -0.0378
vn 0.9032 0.4277 -0.0357
vn 0.8999 0.4357 -0.0193
vn 0.8996 0.4364 -0.0194
vn 0.8975 0.4402 -0.0251
vn 0.8993 0.4366 -0.0249
vn 0.9047 0.4253 -0.0248
vn 0.9066 0.4213 -0.0228
vn 0.9102 0.4129 -0.0309
vn 0.9162 0.4000 -0.0231
vn 0.9263 0.3767 -0.0083
vn 0.9245 0.3811 -0.0103
vn 0.9036 0.4264 -0.0418
vn 0.9036 0.4263 -0.0421
vn 0.9037 0.4260 -0.0419
vn 0.9025 0.4286 -0.0430
vn 0.9038 0.4261 -0.0389
vn 0.9037 0.4264 -0.0386
vn 0.0681 0.9293 -0.3631
vn 0.0705 0.9290 -0.3633
vn 0.0696 0.9294 -0.3625
vn 0.0692 0.9295 -0.3623
vn 0.0437 0.9308 -0.3629
vn 0.0444 0.9306 -0.3634
vn 0.0668 0.9295 -0.3628
vn 0.0669 0.9295 -0.3627
vn 0.0474 0.9304 -0.3635
vn 0.0491 0.9305 -0.3630
vn 0.0643 0.9295 -0.3633
vn 0.0626 0.9294 -0.3639
vn 0.8658 0.1649 0.4724
vn 0.4661 0.1867 0.8648
vn 0.4460 0.1873 0.8752
vn 0.8679 0.1652 0.4685
vn 0.0886 0.1535 0.9842
vn 0.0617 0.1226 0.9905
vn 0.0549 0.1220 0.9910
vn 0.0798 0.1531 0.9850
vn 0.5120 -0.0498 0.8575
vn 0.5126 -0.0130 0.8585
vn 0.5124 -0.0273 0.8583
vn 0.0849 0.9923 0.0907
vn 0.1386 0.4992 0.8553
vn 0.1192 0.3046 0.9450
vn 0.1419 0.6743 0.7247
vn 0.1039 0.2952 0.9498
vn 0.0325 0.1145 0.9929
vn 0.0314 0.1145 0.9929
vn 0.0321 0.1152 0.9928
vn -0.0020 0.9933 -0.1152
vn -0.9922 0.1235 0.0176
vn 0.0324 0.2762 0.9606
vn 0.0327 0.2760 0.9606
vn 0.0264 0.6343 0.7727
vn 0.0270 0.4689 0.8828
vn 0.0326 0.4603 0.8872
vn 0.0315 0.6322 0.7741
vn 0.0324 0.2760 0.9606
vn -0.0101 0.9155 -0.4021
vn 0.0733 0.8666 0.4936
vn 0.0696 0.8660 0.4952
vn 0.1527 0.8567 0.4926
vn 0.1530 0.8570 0.4921
vn 0.1316 0.8525 0.5058
vn 0.1319 0.8546 0.5023
vn 0.1043 0.8599 0.4996
vn 0.1054 0.8592 0.5007
vn 0.0995 0.8666 0.4890
vn 0.1032 0.8653 0.4906
vn 0.1671 0.8615 0.4795
vn 0.1583 0.8610 0.4834
vn 0.0968 0.8636 0.4947
vn 0.0851 0.8651 0.4943
vn 0.9172 0.3985 -0.0072
vn 0.9094 0.4160 0.0029
vn 0.9053 0.4248 0.0012
vn 0.8968 0.4425 0.0020
vn 0.8994 0.4370 0.0058
vn 0.8962 0.4437 0.0057
vn 0.8955 0.4451 0.0062
vn 0.8906 0.4545 -0.0153
vn 0.8920 0.4519 -0.0074
vn 0.8912 0.4532 -0.0206
vn 0.8924 0.4510 -0.0142
vn 0.8958 0.4445 0.0066
vn 0.8950 0.4459 0.0082
vn 0.8972 0.4416 -0.0000
vn 0.8967 0.4427 -0.0003
vn 0.8992 0.4375 0.0056
vn 0.9000 0.4357 0.0131
vn -0.9967 -0.0780 -0.0203
vn -0.9994 -0.0297 -0.0162
vn -0.9995 -0.0282 -0.0161
vn 0.9926 0.0840 -0.0879
vn 0.9888 0.1330 -0.0681
vn 0.9654 0.0981 -0.2417
vn 0.5605 0.0068 -0.8281
vn 0.1390 -0.0310 -0.9898
vn 0.0156 0.0352 -0.9993
vn -0.9997 0.0200 -0.0120
vn 0.9850 -0.1659 -0.0469
vn 0.6881 0.3294 0.6465
vn 0.6874 0.3239 0.6501
vn 0.9811 -0.1935 0.0016
vn 0.9915 -0.1294 -0.0156
vn 0.9988 -0.0480 -0.0090
vn 0.9946 -0.0961 -0.0400
vn 0.9856 -0.1688 -0.0125
vn 0.9953 -0.0935 -0.0256
vn 0.0121 0.1800 -0.9836
vn -0.0081 0.0708 -0.9975
vn 0.0026 -0.0079 -1.0000
vn 0.0143 0.1780 -0.9839
vn 0.0136 0.0832 -0.9964
vn 0.0129 -0.0088 -0.9999
vn 0.0021 -0.9964 -0.0850
vn 0.0069 0.9964 0.0850
vn 0.5161 0.1027 0.8504
vn 0.5161 0.1515 0.8430
vn 0.5005 0.3861 0.7749
vn 0.5050 0.3475 0.7901
vn 0.4805 0.5743 0.6628
vn 0.4830 0.5452 0.6852
vn 0.9428 -0.3332 0.0119
vn 0.9440 -0.3296 0.0118
vn 0.9822 -0.1879 0.0067
vn 0.9752 -0.2211 0.0079
vn 0.9949 -0.1004 0.0036
vn 0.9944 -0.1060 0.0038
vn 0.9911 -0.1331 -0.0044
vn 0.9928 -0.1199 0.0011
vn 0.9361 -0.3515 0.0126
vn 0.7437 -0.1281 0.6561
vn 0.7230 0.0048 0.6908
vn 0.7043 0.0828 0.7050
vn 0.5664 0.3640 -0.7394
vn 0.5845 0.4072 -0.7018
vn 0.5441 0.2294 -0.8071
vn 0.5500 0.1524 -0.8212
vn 0.5899 -0.0268 -0.8070
vn 0.6304 -0.1728 -0.7568
vn 0.6505 -0.2818 -0.7053
vn 0.8965 -0.4341 -0.0890
vn 0.9114 -0.4027 -0.0847
vn 0.9417 -0.3236 -0.0919
vn 0.9362 -0.3404 -0.0871
vn 0.9641 -0.2022 0.1719
vn 0.9645 -0.1988 0.1737
vn 0.9499 -0.2726 0.1530
vn 0.9380 -0.3165 0.1415
vn 0.8608 -0.4943 0.1208
vn 0.8870 -0.4452 0.1229
vn 0.7834 -0.6082 0.1283
vn 0.7500 -0.6473 0.1362
vn 0.9540 -0.2826 -0.1002
vn 0.9535 -0.2863 -0.0942
vn 0.9526 -0.3025 -0.0322
vn 0.9526 -0.3024 -0.0333
vn 0.7065 -0.6926 0.1454
vn 0.9541 -0.2967 0.0398
vn 0.9546 -0.2943 0.0471
vn 0.9587 -0.2640 0.1057
vn 0.9580 -0.2699 0.0972
vn 0.9628 -0.2270 0.1466
vn 0.9638 -0.2155 0.1569
vn 0.9532 -0.2814 -0.1107
vn 0.9521 -0.2866 -0.1069
vn 0.8793 -0.4670 -0.0935
vn 0.9329 -0.3599 -0.0108
vn 0.9333 -0.3590 -0.0107
vn 0.8984 -0.4387 -0.0192
vn 0.9835 -0.1811 0.0052
vn 0.9844 -0.1757 0.0056
vn 0.9987 -0.0493 0.0104
vn 0.9987 -0.0496 0.0100
vn 0.9983 -0.0579 -0.0037
vn 0.9983 -0.0580 -0.0036
vn 0.9986 -0.0502 -0.0146
vn 0.8773 -0.4799 -0.0001
vn 0.8493 -0.5277 -0.0122
vn 0.8776 -0.4794 -0.0000
vn 0.9352 -0.3536 0.0216
vn 0.9347 -0.3548 0.0216
vn 0.9789 -0.2032 0.0233
vn 0.9791 -0.2022 0.0232
vn 0.9994 -0.0352 0.0068
vn 0.9994 -0.0338 0.0065
vn 0.9990 0.0447 -0.0076
vn 0.9990 0.0449 -0.0076
vn 0.9994 0.0349 -0.0088
vn 0.0658 -0.9960 -0.0609
vn 0.0280 -0.9995 -0.0146
vn 0.0005 -1.0000 0.0035
vn -0.0408 -0.9991 -0.0090
vn -0.0417 -0.9990 0.0141
vn 0.0001 -1.0000 0.0025
vn -0.0218 -0.9602 0.2784
vn -0.0477 -0.9987 -0.0173
vn -0.0490 -0.9986 -0.0188
vn 0.0011 -1.0000 0.0019
vn 0.0002 -1.0000 0.0026
vn 0.0021 -1.0000 0.0012
vn 0.0018 -1.0000 0.0015
vn 0.0011 -0.9998 0.0198
vn 0.0016 -0.9999 0.0130
vn -0.0028 -0.9995 0.0306
vn -0.0049 -0.9995 0.0300
vn -0.0185 -0.9996 0.0199
vn -0.0254 -0.9944 0.1024
vn -0.0352 -0.9994 0.0075
vn -0.0169 -0.9832 0.1817
vn 0.2685 -0.9633 -0.0000
vn -0.2616 -0.9652 -0.0000
vn -0.2529 -0.9206 -0.2976
vn 0.2821 -0.9106 -0.3020
vn 0.7023 -0.7119 -0.0000
vn 0.3765 -0.8319 -0.4077
vn -0.5969 -0.8023 -0.0000
vn -0.3976 -0.8510 -0.3430
vn -0.3799 0.0356 0.9243
vn -0.0404 0.9796 0.1968
vn 0.0913 0.9811 0.1709
vn -0.0697 -0.9852 0.1568
vn -0.8808 0.0826 0.4662
vn 0.9956 -0.0933 0.0041
vn 0.0041 -0.0004 -1.0000
vn -0.0930 -0.9866 0.1342
vn -0.0041 0.0004 1.0000
vn 0.2274 -0.0213 -0.9736
vn 0.3799 0.0356 0.9243
vn 0.0404 0.9796 0.1968
vn -0.0913 0.9811 0.1709
vn 0.0697 -0.9852 0.1568
vn 0.8808 0.0826 0.4662
vn -0.9956 -0.0933 0.0041
vn -0.0041 -0.0004 -1.0000
vn 0.0930 -0.9866 0.1342
vn 0.0041 0.0004 1.0000
vn -0.2274 -0.0213 -0.9736
vn 0.7071 0.7071 -0.0000
vn 0.5490 0.5490 0.6302
vn 0.7764 -0.0000 0.6302
vn 1.0000 -0.0000 -0.0000
vn 0.7071 -0.7071 -0.0000
vn 0.5490 -0.5490 0.6302
vn -0.0000 -0.7764 0.6302
vn -0.7071 -0.7071 -0.0000
vn -0.5490 -0.5490 0.6302
vn -0.7764 -0.0000 0.6302
vn -1.0000 -0.0000 -0.0000
vn -0.7071 0.7071 -0.0000
vn -0.5490 0.5490 0.6303
vn -0.0000 0.7764 0.6302
vn -0.0000 1.0000 -0.0000
vn -0.0000 -0.0000 -1.0000
vn -0.3016 -0.3465 0.8882
vn -0.5715 -0.0634 0.8181
vn -0.5434 0.4560 0.7048
vn -0.0000 0.7624 0.6472
vn 0.5434 0.4561 0.7048
vn 0.5715 -0.0634 0.8181
vn 0.3016 -0.3465 0.8882
vn -0.0000 -0.4202 0.9074
vn -0.9924 0.1101 -0.0542
vn -0.6155 0.7071 -0.3482
vn 0.6155 0.7071 -0.3482
vn 0.9924 0.1101 -0.0542
vn 0.7302 -0.6129 0.3019
vn -0.0000 -0.8971 0.4418
vn -0.7302 -0.6129 0.3019
vn -0.0000 0.8971 -0.4418
vn -0.9037 0.4265 -0.0383
vn -0.9028 0.4289 -0.0314
vn -0.9020 0.4296 -0.0428
vn -0.0876 0.8676 0.4895
vn -0.0000 0.8693 0.4943
vn -0.1288 0.8610 0.4920
vn -0.8950 0.4460 0.0023
vn 0.9028 0.4289 -0.0314
vn 0.9037 0.4265 -0.0383
vn 0.9020 0.4296 -0.0428
vn 0.0876 0.8676 0.4895
vn 0.1288 0.8610 0.4920
vn 0.8950 0.4460 0.0023
vn -0.0612 0.1887 -0.9801
vn -0.1488 0.1895 -0.9705
vn -0.1503 0.1895 -0.9703
vn 0.0612 0.1887 -0.9801
vn 0.1503 0.1895 -0.9703
vn 0.1488 0.1895 -0.9705
vn -0.5762 0.1971 -0.7932
vn -0.5911 0.1968 -0.7823
vn -0.8529 0.1745 -0.4920
vn 0.5911 0.1968 -0.7823
vn 0.5762 0.1971 -0.7932
vn 0.8529 0.1745 -0.4920
vt 0.000000 0.000000
s 1
usemtl plastic.003
f 264/1/1 266/1/2 95/1/3 47/1/4
f 47/1/4 95/1/3 94/1/5 50/1/6
f 99/1/7 98/1/8 50/1/6 94/1/5
f 93/1/9 51/1/10 98/1/8 99/1/7
f 210/1/11 27/1/12 227/1/13 213/1/14
f 17/1/15 227/1/13 27/1/12 18/1/15
f 29/1/16 28/1/17 116/1/18 16/1/19
f 215/1/20 213/1/21 227/1/21 228/1/22
f 119/1/23 118/1/24 239/1/24 237/1/23
f 118/1/25 12/1/26 232/1/27 239/1/25
f 221/1/28 202/1/29 225/1/29 222/1/28
f 207/1/30 231/1/31 230/1/32 214/1/33
f 201/1/34 205/1/35 30/1/36 65/1/37
f 122/1/38 115/1/38 238/1/38 236/1/38
f 207/1/30 215/1/20 228/1/22 231/1/31
f 22/1/39 21/1/40 79/1/41 219/1/42
f 209/1/43 22/1/39 219/1/42 211/1/44
f 24/1/45 23/1/46 80/1/47 81/1/48
f 25/1/49 82/1/50 78/1/51 26/1/52
f 290/1/53 287/1/54 281/1/55 279/1/56
f 278/1/57 284/1/58 285/1/59 288/1/60
f 248/1/61 208/1/62 13/1/63 249/1/64
f 250/1/65 249/1/64 13/1/63 15/1/65
f 62/1/66 289/1/67 282/1/68 72/1/69 67/1/70
f 65/1/71 64/1/72 69/1/73 71/1/74
f 63/1/75 62/1/66 67/1/70 68/1/76
f 282/1/68 66/1/77 73/1/77 72/1/69
f 74/1/78 73/1/78 66/1/78 76/1/78
f 69/1/79 68/1/80 125/1/81 126/1/82
f 73/1/83 74/1/84 130/1/84 129/1/85
f 67/1/86 72/1/87 128/1/88 124/1/89
f 68/1/80 67/1/86 124/1/89 125/1/81
f 72/1/87 73/1/83 129/1/85 128/1/88
f 71/1/90 69/1/79 126/1/82 127/1/91
f 168/1/92 131/1/93 77/1/94 113/1/95
f 132/1/96 74/1/97 76/1/97 133/1/98
f 254/1/99 132/1/96 133/1/98 255/1/100
f 137/1/101 135/1/102 134/1/103 136/1/104
f 131/1/93 137/1/101 136/1/104 77/1/94
f 46/1/105 33/1/106 145/1/107 147/1/108
f 45/1/109 46/1/105 147/1/108 146/1/109
f 147/1/110 145/1/111 148/1/112 150/1/113
f 146/1/114 147/1/110 150/1/113 149/1/115
f 86/1/116 149/1/115 150/1/113 87/1/117
f 87/1/117 150/1/113 148/1/112 88/1/118
f 88/1/118 148/1/112 85/1/119
f 32/1/120 148/1/121 145/1/107 33/1/106
f 32/1/120 85/1/122 148/1/121
f 162/1/123 161/1/124 102/1/125 104/1/126
f 163/1/127 162/1/123 104/1/126 103/1/128
f 265/1/129 53/1/130 151/1/131 295/1/132
f 295/1/132 151/1/131 152/1/133 268/1/134
f 163/1/127 164/1/135 158/1/136 157/1/137
f 277/1/138 276/1/139 156/1/140 157/1/137
f 276/1/139 275/1/141 155/1/142 156/1/140
f 275/1/141 273/1/143 153/1/144 155/1/142
f 160/1/145 159/1/146 153/1/144 154/1/147
f 54/1/148 101/1/149 159/1/146 160/1/145
f 103/1/128 100/1/150 164/1/135 163/1/127
f 157/1/137 156/1/140 162/1/123 163/1/127
f 156/1/140 155/1/142 161/1/124 162/1/123
f 155/1/142 153/1/144 159/1/146 161/1/124
f 267/1/151 268/1/134 152/1/133 165/1/152
f 270/1/153 267/1/151 165/1/152 166/1/154
f 271/1/155 270/1/153 166/1/154 114/1/156
f 48/1/157 97/1/158 96/1/159 49/1/160
f 75/1/161 168/1/92 113/1/95 107/1/161
f 287/1/54 291/1/162 283/1/163 281/1/55
f 171/1/164 19/1/165 22/1/166 173/1/167
f 176/1/168 92/1/169 90/1/170 175/1/171
f 216/1/172 212/1/173 89/1/174 173/1/167
f 25/1/49 24/1/45 81/1/48 82/1/50
f 172/1/175 176/1/168 25/1/176 26/1/177
f 175/1/171 90/1/170 91/1/178 174/1/179
f 91/1/178 212/1/173 216/1/172 174/1/179
f 24/1/180 175/1/171 174/1/179 23/1/181
f 209/1/182 216/1/172 173/1/167 22/1/166
f 70/1/183 92/1/169 176/1/168 172/1/175
f 25/1/176 176/1/168 175/1/171 24/1/180
f 36/1/184 144/1/185 180/1/186 181/1/187
f 37/1/188 143/1/189 182/1/190 183/1/191
f 38/1/192 40/1/193 184/1/194 185/1/195
f 39/1/196 38/1/192 185/1/195 186/1/197
f 40/1/193 37/1/188 183/1/191 184/1/194
f 123/1/198 39/1/196 186/1/197 187/1/199
f 35/1/200 123/1/198 187/1/199 188/1/201
f 141/1/202 167/1/203 189/1/204 190/1/205
f 142/1/206 141/1/202 190/1/205 191/1/207
f 143/1/189 142/1/206 191/1/207 182/1/190
f 144/1/185 35/1/200 188/1/201 180/1/186
f 167/1/203 36/1/184 181/1/187 189/1/204
f 192/1/208 4/1/209 193/1/210 139/1/211
f 194/1/212 195/1/213 6/1/214 5/1/215
f 4/1/209 31/1/216 196/1/217 193/1/210
f 197/1/218 198/1/219 52/1/220 84/1/221
f 199/1/222 197/1/218 84/1/221 138/1/223
f 31/1/216 199/1/222 138/1/223 196/1/217
f 195/1/213 192/1/208 139/1/211 6/1/214
f 29/1/224 204/1/225 203/1/226 28/1/227
f 210/1/228 217/1/229 220/1/230 27/1/231
f 27/1/231 220/1/230 200/1/232 18/1/233
f 30/1/36 205/1/35 204/1/225 29/1/224
f 28/1/227 203/1/226 217/1/229 210/1/228
f 70/1/234 172/1/235 306/1/236 304/1/234
f 23/1/181 174/1/179 216/1/172 209/1/182
f 247/1/237 14/1/237 208/1/62 248/1/61
f 23/1/46 209/1/43 211/1/44 80/1/47
f 11/1/238 121/1/239 215/1/20 207/1/30
f 11/1/238 207/1/30 214/1/33 120/1/240
f 121/1/239 116/1/241 213/1/21 215/1/20
f 28/1/17 210/1/11 213/1/14 116/1/18
f 218/1/242 83/1/243 219/1/42 79/1/41
f 83/1/243 202/1/244 220/1/230 219/1/42
f 202/1/244 221/1/245 200/1/232 220/1/230
f 225/1/246 224/1/246 223/1/247 222/1/247
f 83/1/248 218/1/249 223/1/249 224/1/248
f 202/1/250 83/1/250 224/1/250 225/1/250
f 226/1/251 115/1/252 227/1/21 17/1/251
f 115/1/252 122/1/253 228/1/22 227/1/21
f 118/1/254 119/1/255 229/1/255 230/1/32
f 122/1/253 12/1/256 231/1/31 228/1/22
f 12/1/256 118/1/254 230/1/32 231/1/31
f 233/1/257 237/1/258 239/1/259 232/1/260
f 236/1/261 238/1/252 235/1/251 234/1/262
f 232/1/260 236/1/261 234/1/262 233/1/257
f 115/1/263 226/1/264 235/1/264 238/1/263
f 12/1/26 122/1/38 236/1/38 232/1/27
f 3/1/265 2/1/266 244/1/267 243/1/268
f 7/1/269 8/1/270 245/1/271 247/1/272
f 8/1/270 1/1/273 246/1/274 245/1/271
f 9/1/275 206/1/276 248/1/277 249/1/278
f 10/1/279 9/1/275 249/1/278 250/1/280
f 140/1/281 3/1/265 243/1/268 251/1/282
f 1/1/273 140/1/281 251/1/282 246/1/274
f 206/1/276 7/1/269 247/1/272 248/1/277
f 135/1/102 254/1/99 255/1/100 134/1/103
f 59/1/283 262/1/284 263/1/285 60/1/283
f 112/1/286 56/1/287 257/1/288 256/1/289
f 56/1/287 57/1/290 258/1/291 257/1/288
f 57/1/290 58/1/292 259/1/293 258/1/291
f 61/1/294 55/1/295 260/1/296 261/1/297
f 55/1/295 112/1/286 256/1/289 260/1/296
f 58/1/292 117/1/298 262/1/284 259/1/293
f 253/1/299 61/1/294 261/1/297 263/1/285
f 117/1/298 253/1/299 263/1/285 262/1/284
f 269/1/300 44/1/301 298/1/302 302/1/300
f 48/1/303 49/1/304 271/1/155 114/1/156
f 41/1/305 43/1/306 267/1/151 270/1/153
f 43/1/306 42/1/307 268/1/134 267/1/151
f 294/1/308 295/1/132 268/1/134 42/1/307
f 44/1/301 109/1/309 301/1/309 298/1/302
f 49/1/160 96/1/159 266/1/2 264/1/1
f 157/1/137 158/1/136 272/1/310 277/1/138
f 154/1/147 153/1/144 273/1/143 274/1/311
f 93/1/9 169/1/312 105/1/313 51/1/10
f 280/1/314 278/1/57 288/1/60 286/1/315
f 289/1/316 290/1/53 279/1/56 282/1/317
f 105/1/318 280/1/314 286/1/315 51/1/319
f 291/1/162 285/1/59 284/1/58 283/1/163
f 293/1/320 109/1/321 292/1/321 108/1/320
f 109/1/321 44/1/322 294/1/308 292/1/321
f 44/1/322 269/1/323 295/1/132 294/1/308
f 269/1/323 296/1/324 265/1/129 295/1/132
f 297/1/325 298/1/326 301/1/327 300/1/328
f 297/1/325 299/1/329 302/1/330 298/1/326
f 109/1/331 293/1/332 300/1/332 301/1/331
f 296/1/333 269/1/334 302/1/334 299/1/333
f 26/1/335 78/1/336 305/1/337 303/1/338
f 172/1/235 26/1/335 303/1/338 306/1/236
f 78/1/336 201/1/339 307/1/340 305/1/337
f 201/1/339 65/1/71 71/1/74 307/1/340
f 20/1/341 171/1/164 173/1/167 89/1/174
f 64/1/72 63/1/75 68/1/76 69/1/73
f 306/1/342 303/1/343 308/1/344 311/1/345
f 305/1/346 307/1/347 312/1/348 310/1/349
f 303/1/343 305/1/346 310/1/349 308/1/344
f 304/1/350 306/1/342 311/1/345 309/1/350
f 127/1/91 312/1/348 307/1/347 71/1/90
f 107/1/351 106/1/352 170/1/353 75/1/351
f 106/1/352 105/1/313 169/1/312 170/1/353
f 272/1/354 158/1/355 314/1/356 316/1/357
f 48/1/157 272/1/354 316/1/357 97/1/158
f 158/1/355 164/1/358 315/1/359 314/1/356
f 164/1/358 100/1/360 313/1/360 315/1/359
f 170/1/361 169/1/362 324/1/363 325/1/364
f 97/1/365 316/1/366 330/1/367 322/1/368
f 314/1/369 315/1/370 329/1/371 328/1/372
f 99/1/373 94/1/374 319/1/375 323/1/376
f 315/1/370 313/1/377 327/1/377 329/1/371
f 94/1/374 95/1/378 320/1/379 319/1/375
f 316/1/366 314/1/369 328/1/372 330/1/367
f 266/1/380 96/1/381 321/1/382 326/1/383
f 96/1/381 97/1/365 322/1/368 321/1/382
f 95/1/378 266/1/380 326/1/383 320/1/379
f 169/1/362 93/1/384 318/1/385 324/1/363
f 93/1/384 99/1/373 323/1/376 318/1/385
f 75/1/386 170/1/361 325/1/364 317/1/386
f 329/1/387 327/1/388 353/1/388 355/1/389
f 129/1/390 130/1/391 337/1/391 336/1/392
f 321/1/393 322/1/394 348/1/395 347/1/396
f 308/1/397 310/1/398 340/1/399 338/1/400
f 330/1/401 328/1/402 354/1/403 356/1/404
f 312/1/405 127/1/406 334/1/407 342/1/408
f 318/1/409 323/1/410 349/1/411 344/1/412
f 309/1/413 311/1/414 341/1/415 339/1/413
f 322/1/394 330/1/401 356/1/404 348/1/395
f 324/1/416 318/1/409 344/1/412 350/1/417
f 125/1/418 124/1/419 331/1/419 332/1/418
f 310/1/398 312/1/405 342/1/408 340/1/399
f 325/1/420 324/1/416 350/1/417 351/1/421
f 126/1/422 125/1/418 332/1/418 333/1/422
f 320/1/423 326/1/424 352/1/425 346/1/426
f 127/1/406 126/1/422 333/1/422 334/1/407
f 323/1/410 319/1/427 345/1/428 349/1/411
f 317/1/429 325/1/420 351/1/421 343/1/429
f 124/1/419 128/1/430 335/1/431 331/1/419
f 319/1/427 320/1/423 346/1/426 345/1/428
f 328/1/402 329/1/387 355/1/389 354/1/403
f 128/1/430 129/1/390 336/1/392 335/1/431
f 326/1/424 321/1/393 347/1/396 352/1/425
f 311/1/414 308/1/397 338/1/400 341/1/415
f 336/1/432 337/1/433 339/1/433 341/1/434
f 335/1/435 336/1/432 341/1/434 338/1/436
f 331/1/437 335/1/435 338/1/436 340/1/438
f 332/1/439 331/1/437 340/1/438 342/1/440
f 332/1/439 342/1/440 334/1/441 333/1/441
f 351/1/442 355/1/443 353/1/444 343/1/444
f 350/1/445 354/1/446 355/1/443 351/1/442
f 344/1/447 356/1/448 354/1/446 350/1/445
f 349/1/449 348/1/450 356/1/448 344/1/447
f 349/1/449 345/1/451 347/1/452 348/1/450
f 345/1/451 346/1/453 352/1/453 347/1/452
f 343/1/454 359/1/454 357/1/454 337/1/454
f 343/1/455 353/1/456 54/1/457 359/1/458
f 339/1/459 337/1/460 357/1/460 358/1/461
f 132/1/462 254/1/462 337/1/463
f 89/1/464 339/1/459 358/1/461 20/1/465
f 74/1/466 337/1/463 130/1/467
f 337/1/463 74/1/466 132/1/462
f 337/1/463 254/1/462 135/1/468
f 135/1/468 137/1/469 131/1/469 168/1/469 75/1/469 317/1/469 343/1/469 337/1/463
f 91/1/470 339/1/459 89/1/464 212/1/471
f 91/1/470 90/1/472 92/1/473 339/1/459
f 304/1/474 309/1/474 339/1/459 70/1/475
f 70/1/475 339/1/459 92/1/473
f 101/1/476 54/1/457 353/1/456 672/1/477
f 104/1/478 102/1/478 673/1/479 103/1/480
f 100/1/481 353/1/456 327/1/482 313/1/482
f 586/1/483 397/1/484 440/1/485 587/1/486
f 397/1/484 400/1/487 439/1/488 440/1/485
f 444/1/489 439/1/488 400/1/487 443/1/490
f 438/1/491 444/1/489 443/1/490 401/1/492
f 545/1/493 548/1/494 557/1/495 378/1/496
f 17/1/15 18/1/15 378/1/496 557/1/495
f 380/1/497 372/1/498 460/1/499 379/1/500
f 381/1/501 412/1/502 367/1/503
f 550/1/504 558/1/505 557/1/506 548/1/506
f 119/1/23 237/1/23 564/1/507 462/1/507
f 462/1/508 564/1/508 561/1/509 369/1/510
f 221/1/28 222/1/28 556/1/511 537/1/511
f 542/1/512 549/1/513 559/1/514 560/1/515
f 536/1/516 412/1/517 381/1/518 540/1/519
f 367/1/503 372/1/498 380/1/497 381/1/501
f 465/1/520 562/1/520 563/1/520 459/1/520
f 542/1/512 560/1/515 558/1/505 550/1/504
f 373/1/521 553/1/522 79/1/41 21/1/40
f 544/1/523 546/1/524 553/1/522 373/1/525
f 375/1/526 427/1/527 426/1/528 374/1/529
f 376/1/530 377/1/531 425/1/532 428/1/533
f 610/1/534 599/1/535 601/1/536 607/1/537
f 598/1/538 608/1/539 605/1/540 604/1/541
f 571/1/542 572/1/543 370/1/544 543/1/545
f 250/1/65 15/1/65 370/1/544 572/1/543
f 409/1/546 414/1/547 419/1/548 602/1/549 609/1/550
f 412/1/551 418/1/552 416/1/553 411/1/554
f 410/1/555 415/1/556 414/1/547 409/1/546
f 602/1/549 419/1/548 420/1/557 413/1/557
f 421/1/558 423/1/558 413/1/558 420/1/558
f 416/1/559 469/1/560 468/1/561 415/1/562
f 420/1/563 472/1/564 473/1/565 421/1/565
f 414/1/566 467/1/567 471/1/568 419/1/569
f 415/1/562 468/1/561 467/1/567 414/1/566
f 419/1/569 471/1/568 472/1/564 420/1/563
f 418/1/570 470/1/571 469/1/560 416/1/559
f 507/1/572 457/1/573 424/1/574 474/1/575
f 475/1/576 476/1/577 423/1/578 421/1/578
f 576/1/579 577/1/580 476/1/577 475/1/576
f 480/1/581 479/1/582 477/1/583 478/1/584
f 474/1/575 424/1/574 479/1/582 480/1/581
f 396/1/585 489/1/586 488/1/587 384/1/588
f 45/1/109 146/1/109 489/1/586 396/1/585
f 489/1/589 491/1/590 490/1/591 488/1/592
f 146/1/114 149/1/115 491/1/590 489/1/589
f 86/1/116 432/1/593 491/1/590 149/1/115
f 432/1/593 433/1/594 490/1/591 491/1/590
f 433/1/594 431/1/595 490/1/591
f 383/1/596 384/1/588 488/1/587 490/1/597
f 383/1/596 490/1/597 431/1/598
f 500/1/599 447/1/600 446/1/601 499/1/602
f 501/1/603 449/1/604 447/1/600 500/1/599
f 502/1/605 448/1/606 449/1/604 501/1/603
f 265/1/129 614/1/607 492/1/608 53/1/130
f 614/1/607 589/1/609 493/1/610 492/1/608
f 502/1/605 497/1/611 498/1/612 503/1/613
f 597/1/614 497/1/611 496/1/615 596/1/616
f 596/1/616 496/1/615 495/1/617 595/1/618
f 595/1/618 495/1/617 494/1/619 594/1/620
f 160/1/145 154/1/147 494/1/619 499/1/602
f 54/1/148 160/1/145 499/1/602 446/1/601
f 448/1/606 502/1/605 503/1/613 445/1/621
f 497/1/611 502/1/605 501/1/603 496/1/615
f 496/1/615 501/1/603 500/1/599 495/1/617
f 495/1/617 500/1/599 499/1/602 494/1/619
f 588/1/622 504/1/623 493/1/610 589/1/609
f 591/1/624 505/1/625 504/1/623 588/1/622
f 592/1/626 458/1/627 505/1/625 591/1/624
f 398/1/628 399/1/629 441/1/630 442/1/631
f 422/1/632 452/1/632 457/1/573 507/1/572
f 607/1/537 601/1/536 603/1/633 611/1/634
f 171/1/164 511/1/635 373/1/636 19/1/165
f 514/1/637 513/1/638 435/1/639 437/1/640
f 551/1/641 511/1/635 434/1/642 547/1/643
f 376/1/530 428/1/533 427/1/527 375/1/526
f 510/1/644 377/1/645 376/1/646 514/1/637
f 513/1/638 512/1/647 436/1/648 435/1/639
f 436/1/648 512/1/647 551/1/641 547/1/643
f 375/1/649 374/1/650 512/1/647 513/1/638
f 544/1/651 373/1/636 511/1/635 551/1/641
f 417/1/652 510/1/644 514/1/637 437/1/640
f 376/1/646 375/1/649 513/1/638 514/1/637
f 387/1/653 519/1/654 518/1/655 487/1/656
f 388/1/657 521/1/658 520/1/659 486/1/660
f 389/1/661 523/1/662 522/1/663 391/1/664
f 390/1/665 524/1/666 523/1/662 389/1/661
f 391/1/664 522/1/663 521/1/658 388/1/657
f 466/1/667 525/1/668 524/1/666 390/1/665
f 386/1/669 526/1/670 525/1/668 466/1/667
f 484/1/671 528/1/672 527/1/673 506/1/674
f 485/1/675 529/1/676 528/1/672 484/1/671
f 486/1/660 520/1/659 529/1/676 485/1/675
f 487/1/656 518/1/655 526/1/670 386/1/669
f 506/1/674 527/1/673 519/1/654 387/1/653
f 530/1/677 482/1/678 531/1/679 362/1/680
f 194/1/212 5/1/215 363/1/681 532/1/682
f 362/1/680 531/1/679 533/1/683 382/1/684
f 534/1/685 430/1/686 52/1/220 198/1/219
f 535/1/687 481/1/688 430/1/686 534/1/685
f 382/1/684 533/1/683 481/1/688 535/1/687
f 532/1/682 363/1/681 482/1/678 530/1/677
f 380/1/689 379/1/690 538/1/691 539/1/692
f 545/1/693 378/1/694 554/1/695 552/1/696
f 378/1/694 18/1/233 200/1/232 554/1/695
f 381/1/518 380/1/689 539/1/692 540/1/519
f 379/1/690 545/1/693 552/1/696 538/1/691
f 417/1/697 619/1/697 621/1/698 510/1/699
f 374/1/650 544/1/651 551/1/641 512/1/647
f 570/1/700 571/1/542 543/1/545 371/1/700
f 374/1/529 426/1/528 546/1/524 544/1/523
f 368/1/701 542/1/512 550/1/504 464/1/702
f 368/1/701 463/1/703 549/1/513 542/1/512
f 464/1/702 550/1/504 548/1/506 460/1/704
f 379/1/500 460/1/499 548/1/494 545/1/493
f 218/1/242 79/1/41 553/1/522 429/1/705
f 429/1/705 553/1/522 554/1/695 537/1/706
f 537/1/706 554/1/695 200/1/232 221/1/245
f 556/1/707 222/1/247 223/1/247 555/1/707
f 429/1/708 555/1/708 223/1/249 218/1/249
f 537/1/709 556/1/709 555/1/709 429/1/709
f 226/1/251 17/1/251 557/1/506 459/1/710
f 459/1/710 557/1/506 558/1/505 465/1/711
f 462/1/712 559/1/514 229/1/255 119/1/255
f 465/1/711 558/1/505 560/1/515 369/1/713
f 369/1/713 560/1/515 559/1/514 462/1/712
f 233/1/257 561/1/714 564/1/715 237/1/258
f 562/1/716 234/1/262 235/1/251 563/1/710
f 561/1/714 233/1/257 234/1/262 562/1/716
f 459/1/717 563/1/717 235/1/264 226/1/264
f 369/1/510 561/1/509 562/1/520 465/1/520
f 361/1/718 567/1/719 244/1/267 2/1/266
f 364/1/720 570/1/721 568/1/722 365/1/723
f 365/1/723 568/1/722 569/1/724 360/1/725
f 366/1/726 572/1/727 571/1/728 541/1/729
f 10/1/279 250/1/280 572/1/727 366/1/726
f 483/1/730 573/1/731 567/1/719 361/1/718
f 360/1/725 569/1/724 573/1/731 483/1/730
f 541/1/729 571/1/728 570/1/721 364/1/720
f 478/1/584 477/1/583 577/1/580 576/1/579
f 406/1/732 407/1/732 585/1/733 584/1/734
f 456/1/735 578/1/736 579/1/737 403/1/738
f 403/1/738 579/1/737 580/1/739 404/1/740
f 404/1/740 580/1/739 581/1/741 405/1/742
f 408/1/743 583/1/744 582/1/745 402/1/746
f 402/1/746 582/1/745 578/1/736 456/1/735
f 405/1/742 581/1/741 584/1/734 461/1/747
f 575/1/748 585/1/733 583/1/744 408/1/743
f 461/1/747 584/1/734 585/1/733 575/1/748
f 590/1/749 617/1/749 615/1/750 395/1/751
f 398/1/752 458/1/627 592/1/626 399/1/753
f 392/1/754 591/1/624 588/1/622 394/1/755
f 394/1/755 588/1/622 589/1/609 393/1/756
f 613/1/757 393/1/756 589/1/609 614/1/607
f 395/1/751 615/1/750 616/1/758 453/1/758
f 399/1/629 586/1/483 587/1/486 441/1/630
f 497/1/611 597/1/614 593/1/759 498/1/612
f 154/1/147 274/1/311 594/1/620 494/1/619
f 438/1/491 401/1/492 450/1/760 508/1/761
f 600/1/762 606/1/763 608/1/539 598/1/538
f 609/1/764 602/1/765 599/1/535 610/1/534
f 450/1/766 401/1/767 606/1/763 600/1/762
f 611/1/634 603/1/633 604/1/541 605/1/540
f 293/1/320 108/1/320 612/1/768 453/1/768
f 453/1/768 612/1/768 613/1/757 395/1/769
f 395/1/769 613/1/757 614/1/607 590/1/770
f 590/1/770 614/1/607 265/1/129 296/1/324
f 297/1/325 300/1/328 616/1/771 615/1/772
f 297/1/325 615/1/772 617/1/773 299/1/329
f 453/1/774 616/1/774 300/1/332 293/1/332
f 296/1/333 299/1/333 617/1/775 590/1/775
f 377/1/776 618/1/777 620/1/778 425/1/779
f 510/1/699 621/1/698 618/1/777 377/1/776
f 425/1/779 620/1/778 622/1/780 536/1/781
f 536/1/781 622/1/780 418/1/552 412/1/551
f 20/1/341 434/1/642 511/1/635 171/1/164
f 411/1/554 416/1/553 415/1/556 410/1/555
f 621/1/782 626/1/783 623/1/784 618/1/785
f 620/1/786 625/1/787 627/1/788 622/1/789
f 618/1/785 623/1/784 625/1/787 620/1/786
f 619/1/790 624/1/790 626/1/783 621/1/782
f 470/1/571 418/1/570 622/1/789 627/1/788
f 452/1/791 422/1/791 509/1/792 451/1/793
f 451/1/793 509/1/792 508/1/761 450/1/760
f 593/1/794 631/1/795 629/1/796 498/1/797
f 398/1/628 442/1/631 631/1/795 593/1/794
f 498/1/797 629/1/796 630/1/798 503/1/799
f 503/1/799 630/1/798 628/1/800 445/1/800
f 509/1/801 640/1/802 639/1/803 508/1/804
f 442/1/805 637/1/806 645/1/807 631/1/808
f 629/1/809 643/1/810 644/1/811 630/1/812
f 444/1/813 638/1/814 634/1/815 439/1/816
f 630/1/812 644/1/811 642/1/817 628/1/817
f 439/1/816 634/1/815 635/1/818 440/1/819
f 631/1/808 645/1/807 643/1/810 629/1/809
f 587/1/820 641/1/821 636/1/822 441/1/823
f 441/1/823 636/1/822 637/1/806 442/1/805
f 440/1/819 635/1/818 641/1/821 587/1/820
f 508/1/804 639/1/803 633/1/824 438/1/825
f 438/1/825 633/1/824 638/1/814 444/1/813
f 422/1/826 632/1/826 640/1/802 509/1/801
f 644/1/387 670/1/389 668/1/388 642/1/388
f 472/1/390 651/1/392 652/1/391 473/1/391
f 636/1/393 662/1/396 663/1/395 637/1/394
f 623/1/397 653/1/400 655/1/399 625/1/398
f 645/1/401 671/1/404 669/1/403 643/1/402
f 627/1/405 657/1/408 649/1/407 470/1/406
f 633/1/409 659/1/412 664/1/411 638/1/410
f 624/1/413 654/1/413 656/1/415 626/1/414
f 637/1/394 663/1/395 671/1/404 645/1/401
f 639/1/416 665/1/417 659/1/412 633/1/409
f 468/1/418 647/1/418 646/1/419 467/1/419
f 625/1/398 655/1/399 657/1/408 627/1/405
f 640/1/420 666/1/421 665/1/417 639/1/416
f 469/1/422 648/1/422 647/1/418 468/1/418
f 635/1/423 661/1/426 667/1/425 641/1/424
f 470/1/406 649/1/407 648/1/422 469/1/422
f 638/1/410 664/1/411 660/1/428 634/1/427
f 632/1/429 658/1/429 666/1/421 640/1/420
f 467/1/419 646/1/419 650/1/431 471/1/430
f 634/1/427 660/1/428 661/1/426 635/1/423
f 643/1/402 669/1/403 670/1/389 644/1/387
f 471/1/430 650/1/431 651/1/392 472/1/390
f 641/1/424 667/1/425 662/1/396 636/1/393
f 626/1/414 656/1/415 653/1/400 623/1/397
f 651/1/827 656/1/828 654/1/829 652/1/829
f 650/1/830 653/1/831 656/1/828 651/1/827
f 646/1/832 655/1/833 653/1/831 650/1/830
f 647/1/834 657/1/835 655/1/833 646/1/832
f 647/1/834 648/1/836 649/1/836 657/1/835
f 666/1/837 658/1/838 668/1/838 670/1/839
f 665/1/840 666/1/837 670/1/839 669/1/841
f 659/1/842 665/1/840 669/1/841 671/1/843
f 664/1/844 659/1/842 671/1/843 663/1/845
f 664/1/844 663/1/845 662/1/846 660/1/847
f 660/1/847 662/1/846 667/1/848 661/1/848
f 658/1/454 652/1/454 357/1/454 359/1/454
f 658/1/849 359/1/458 54/1/457 668/1/850
f 654/1/851 358/1/461 357/1/460 652/1/460
f 475/1/852 652/1/853 576/1/852
f 434/1/854 20/1/465 358/1/461 654/1/851
f 421/1/855 473/1/467 652/1/853
f 652/1/853 475/1/852 421/1/855
f 652/1/853 478/1/856 576/1/852
f 478/1/856 652/1/853 658/1/857 632/1/857 422/1/857 507/1/857 474/1/857 480/1/857
f 436/1/858 547/1/859 434/1/854 654/1/851
f 436/1/858 654/1/851 437/1/860 435/1/861
f 619/1/862 417/1/863 654/1/851 624/1/862
f 417/1/863 437/1/860 654/1/851
f 54/1/457 446/1/864 668/1/850
f 446/1/864 447/1/865 449/1/866 668/1/850
f 445/1/867 668/1/850 449/1/866 448/1/868
f 445/1/867 628/1/869 642/1/869 668/1/850
f 161/1/870 159/1/871 674/1/872 675/1/873
f 102/1/874 161/1/870 675/1/873 673/1/875
f 159/1/871 101/1/876 672/1/877 674/1/872
f 672/1/877 673/1/875 675/1/873 674/1/872
f 672/1/477 353/1/456 673/1/479
f 103/1/480 673/1/479 353/1/456 100/1/481
f 687/1/878 686/1/878 682/1/878 680/1/878
f 695/1/879 694/1/879 682/1/879 686/1/879
f 679/1/880 683/1/880 690/1/880 688/1/880
f 692/1/881 693/1/881 687/1/881 680/1/881
f 694/1/882 692/1/882 680/1/882 682/1/882
f 679/1/883 677/1/883 693/1/883 695/1/883
f 681/1/883 683/1/883 686/1/883 687/1/883
f 683/1/883 679/1/883 695/1/883 686/1/883
f 677/1/883 681/1/883 687/1/883 693/1/883
f 689/1/883 688/1/883 690/1/883 691/1/883
f 677/1/884 679/1/884 688/1/884 689/1/884
f 681/1/885 677/1/885 689/1/885 691/1/885
f 683/1/886 681/1/886 691/1/886 690/1/886
f 676/1/887 685/1/887 693/1/887 692/1/887
f 684/1/887 678/1/887 694/1/887 695/1/887
f 685/1/887 684/1/887 695/1/887 693/1/887
f 678/1/887 676/1/887 692/1/887 694/1/887
f 707/1/888 700/1/888 702/1/888 706/1/888
f 715/1/889 706/1/889 702/1/889 714/1/889
f 699/1/890 708/1/890 710/1/890 703/1/890
f 712/1/891 700/1/891 707/1/891 713/1/891
f 714/1/892 702/1/892 700/1/892 712/1/892
f 699/1/893 715/1/893 713/1/893 697/1/893
f 701/1/893 707/1/893 706/1/893 703/1/893
f 703/1/893 706/1/893 715/1/893 699/1/893
f 697/1/893 713/1/893 707/1/893 701/1/893
f 709/1/893 711/1/893 710/1/893 708/1/893
f 697/1/894 709/1/894 708/1/894 699/1/894
f 701/1/895 711/1/895 709/1/895 697/1/895
f 703/1/896 710/1/896 711/1/896 701/1/896
f 696/1/897 712/1/897 713/1/897 705/1/897
f 704/1/897 715/1/897 714/1/897 698/1/897
f 705/1/897 713/1/897 715/1/897 704/1/897
f 698/1/897 714/1/897 712/1/897 696/1/897
usemtl chrome.003
f 723/1/898 731/1/899 730/1/900 722/1/901
f 721/1/902 729/1/903 728/1/904 720/1/478
f 719/1/905 727/1/906 726/1/907 718/1/908
f 717/1/909 725/1/910 724/1/911 716/1/912
f 716/1/912 724/1/911 731/1/899 723/1/898
f 722/1/901 730/1/900 729/1/903 721/1/902
f 720/1/478 728/1/904 727/1/906 719/1/905
f 718/1/908 726/1/907 725/1/910 717/1/909
f 723/1/913 722/1/913 738/1/913 739/1/913
f 721/1/913 720/1/913 736/1/913 737/1/913
f 719/1/913 718/1/913 734/1/913 735/1/913
f 717/1/913 716/1/913 732/1/913 733/1/913
f 716/1/913 723/1/913 739/1/913 732/1/913
f 722/1/913 721/1/913 737/1/913 738/1/913
f 720/1/913 719/1/913 735/1/913 736/1/913
f 718/1/913 717/1/913 733/1/913 734/1/913
f 739/1/905 738/1/908 746/1/908 747/1/905
f 737/1/909 736/1/912 744/1/912 745/1/909
f 735/1/898 734/1/901 742/1/901 743/1/898
f 733/1/902 732/1/478 740/1/478 741/1/902
f 732/1/478 739/1/905 747/1/905 740/1/478
f 738/1/908 737/1/909 745/1/909 746/1/908
f 736/1/912 735/1/898 743/1/898 744/1/912
f 734/1/901 733/1/902 741/1/902 742/1/901
f 726/1/907 727/1/906 752/1/914 751/1/915
f 724/1/911 725/1/910 750/1/916 749/1/917
f 731/1/899 724/1/911 749/1/917 756/1/918
f 729/1/903 730/1/900 755/1/919 754/1/920
f 727/1/906 728/1/904 753/1/921 752/1/914
f 725/1/910 726/1/907 751/1/915 750/1/916
f 730/1/900 731/1/899 756/1/918 755/1/919
f 728/1/904 729/1/903 754/1/920 753/1/921
f 750/1/916 751/1/915 759/1/922 758/1/923
f 755/1/919 756/1/918 764/1/924 763/1/925
f 753/1/921 754/1/920 762/1/926 761/1/927
f 751/1/915 752/1/914 760/1/928 759/1/922
f 749/1/917 750/1/916 758/1/923 757/1/929
f 756/1/918 749/1/917 757/1/929 764/1/924
f 754/1/920 755/1/919 763/1/925 762/1/926
f 752/1/914 753/1/921 761/1/927 760/1/928
usemtl blackGlass.002
f 194/1/212 198/1/219 197/1/218 195/1/213
f 192/1/208 199/1/222 31/1/216 4/1/209
f 199/1/222 192/1/208 195/1/213 197/1/218
f 39/1/196 123/1/198 179/1/930 178/1/931
f 141/1/202 142/1/206 179/1/930 177/1/932 167/1/203
f 36/1/184 123/1/198 35/1/200 144/1/185
f 143/1/189 37/1/188 40/1/193 178/1/931
f 177/1/932 179/1/930 123/1/198
f 178/1/931 179/1/930 142/1/206 143/1/189
f 40/1/193 38/1/192 39/1/196 178/1/931
f 36/1/184 167/1/203 177/1/932 123/1/198
f 3/1/265 241/1/933 240/1/934 2/1/266
f 241/1/933 9/1/275 10/1/279 240/1/934
f 140/1/281 242/1/935 241/1/933 3/1/265
f 242/1/935 206/1/276 9/1/275 241/1/933
f 1/1/273 8/1/270 242/1/935 140/1/281
f 8/1/270 7/1/269 206/1/276 242/1/935
f 61/1/294 252/1/936 112/1/286 55/1/295
f 112/1/286 252/1/936 57/1/290 56/1/287
f 58/1/292 57/1/290 252/1/936 117/1/298
f 117/1/298 252/1/936 61/1/294 253/1/299
f 194/1/212 532/1/682 534/1/685 198/1/219
f 530/1/677 362/1/680 382/1/684 535/1/687
f 535/1/687 534/1/685 532/1/682 530/1/677
f 390/1/665 516/1/937 517/1/938 466/1/667
f 484/1/671 506/1/674 515/1/939 517/1/938 485/1/675
f 387/1/653 487/1/656 386/1/669 466/1/667
f 486/1/660 516/1/937 391/1/664 388/1/657
f 515/1/939 466/1/667 517/1/938
f 516/1/937 486/1/660 485/1/675 517/1/938
f 391/1/664 516/1/937 390/1/665 389/1/661
f 387/1/653 466/1/667 515/1/939 506/1/674
f 361/1/718 2/1/266 240/1/934 565/1/940
f 565/1/940 240/1/934 10/1/279 366/1/726
f 483/1/730 361/1/718 565/1/940 566/1/941
f 566/1/941 565/1/940 366/1/726 541/1/729
f 360/1/725 483/1/730 566/1/941 365/1/723
f 365/1/723 566/1/941 541/1/729 364/1/720
f 408/1/743 402/1/746 456/1/735 574/1/942
f 456/1/735 403/1/738 404/1/740 574/1/942
f 405/1/742 461/1/747 574/1/942 404/1/740
f 461/1/747 575/1/748 408/1/743 574/1/942
f 685/1/887 676/1/887 678/1/887 684/1/887
f 705/1/897 704/1/897 698/1/897 696/1/897
usemtl empty.003
f 744/1/913 743/1/913 748/1/913
f 742/1/913 741/1/913 748/1/913
f 747/1/913 746/1/913 748/1/913
f 745/1/913 744/1/913 748/1/913
f 743/1/913 742/1/913 748/1/913
f 741/1/913 740/1/913 748/1/913
f 740/1/913 747/1/913 748/1/913
f 746/1/913 745/1/913 748/1/913
usemtl rearLights.002
f 294/1/943 42/1/944 110/1/945 292/1/943
f 613/1/946 612/1/946 454/1/947 393/1/948
usemtl indicators.001
f 217/1/229 211/1/44 219/1/42 220/1/230
f 42/1/944 43/1/949 111/1/950 110/1/945
f 34/1/951 111/1/950 43/1/949 41/1/951
f 552/1/696 554/1/695 553/1/522 546/1/524
f 393/1/948 454/1/947 455/1/952 394/1/953
f 385/1/954 392/1/954 394/1/953 455/1/952
o body
g body
v -0.507773 1.283338 0.064136
v -0.497080 1.288771 -0.489702
v -0.499353 1.293379 -0.851735
v 0.000000 1.288895 -0.971876
v -0.257145 1.283743 -0.972866
v -0.778567 0.787288 -0.579494
v -0.658300 1.050803 -0.528471
v -0.801894 0.645194 -0.613724
v -0.733102 0.878438 0.749074
v -0.789141 0.641233 0.772322
v -0.712983 0.806950 1.237441
v -0.660561 0.619417 2.009370
v -0.664451 0.657620 1.970925
v -0.688492 0.549776 1.912979
v -0.629254 0.620084 2.018209
v -0.368310 0.821905 1.288381
v -0.370541 0.766578 1.566967
v -0.362957 0.899007 0.901319
v -0.371712 0.730981 1.731423
v -0.659056 0.878438 0.793992
v 0.000000 0.911266 0.945312
v -0.669772 0.552443 2.032881
v -0.646155 0.812957 1.258482
v -0.639028 0.759490 1.539352
v -0.635337 0.721860 1.718199
v -0.671908 0.546619 2.038438
v -0.713223 0.546619 1.905796
v -0.632263 0.908062 -1.958013
v -0.580025 0.906588 -1.997909
v -0.710282 0.784558 -1.951997
v -0.704024 0.843604 -1.901466
v -0.734710 0.648750 -1.968116
v 0.000000 0.906588 -2.027432
v -0.299854 0.906588 -2.022003
v -0.760610 0.648750 -1.675810
v -0.782668 0.652371 -1.270316
v -0.788043 0.524855 -1.468530
v -0.786712 0.584036 -1.410995
v -0.782923 0.663622 -1.154406
v -0.785515 0.579439 -0.926145
v 0.000000 0.988060 -1.749089
v 0.003782 1.315787 -0.487811
v -0.273951 1.307058 -0.487811
v 0.000000 0.541459 -2.093304
v 0.000000 0.520608 -2.155859
v -0.346139 0.520608 -2.149362
v -0.604701 0.520608 -2.130837
v -0.731656 0.520608 -2.096311
v -0.767345 0.522885 -1.983736
v -0.735583 0.888688 0.676834
v -0.754493 0.830069 0.693853
v -0.809708 0.643214 0.080245
v -0.779336 0.631555 1.096243
v -0.766403 0.676040 1.221939
v -0.757541 0.658860 1.400876
v -0.754874 0.546696 1.571843
v -0.756866 0.354891 0.909495
v -0.746841 0.369929 -0.594296
v -0.716067 0.247800 0.841346
v -0.690877 0.243366 -0.571579
v -0.771964 0.459841 1.624588
v -0.624070 0.460611 2.116719
v -0.687129 0.460611 2.044962
v -0.724095 0.460611 1.905796
v -0.258584 1.297190 0.078997
v -0.302673 0.978970 -1.741359
v -0.654422 0.945173 -1.844578
v 0.000000 0.959358 -1.901319
v -0.289383 0.952266 -1.894227
v -0.521630 0.949075 -1.865515
v -0.785248 0.638601 -1.028952
v 0.000000 1.305895 0.085423
v -0.775357 0.492238 -0.848547
v -0.747967 0.376492 -0.786133
v -0.701226 0.243366 -0.738519
v 0.000000 0.794763 -2.063144
v 0.000000 0.856584 -2.048518
v -0.589711 0.794763 -2.039721
v -0.676751 0.794763 -2.016798
v -0.670855 0.846849 -1.989435
v -0.586480 0.850094 -2.020808
v -0.301325 0.853339 -2.042748
v -0.554376 1.264192 -0.499151
v -0.696051 0.243366 -0.655049
v -0.768773 0.527455 -1.667581
v -0.627941 0.553794 2.038678
v 0.000860 1.319734 -0.865494
v -0.264491 1.312326 -0.858293
v -0.631126 0.662320 1.978471
v -0.700330 0.751107 1.529032
v -0.689872 0.716189 1.707634
v -0.747713 0.748178 1.229690
v -0.664085 0.591292 2.019221
v -0.736331 0.707303 1.481205
v -0.682010 0.615938 1.926661
v -0.719884 0.667343 1.661761
v -0.628598 0.586939 2.029126
v -0.761665 0.783247 0.759163
v -0.723043 0.842694 0.993257
v -0.365634 0.860456 1.094850
v -0.652606 0.845697 1.026237
v -0.754689 0.765712 0.994426
v -0.804236 0.644951 -0.528357
v -0.777072 0.785639 -0.520503
v -0.779759 0.780587 0.087924
v -0.757658 0.847056 -0.567647
v -0.747429 0.369046 -0.506032
v -0.751380 0.363121 0.086469
v -0.755789 0.356507 0.747933
v -0.713987 0.247434 0.724688
v -0.703369 0.245565 0.129118
v -0.692566 0.243664 -0.476817
v -0.522413 0.971396 -1.724285
v -0.382619 1.274586 -0.972116
v -0.385515 1.297914 -0.488756
v -0.383179 1.290264 0.071567
v -0.381922 1.302853 -0.855014
v -0.383701 1.293375 -0.923774
v -0.509432 1.284158 -0.923006
v 0.000000 1.307621 -0.923495
v -0.257970 1.302593 -0.924542
v -0.304549 0.959985 -1.789614
v -0.656786 0.947722 -1.760393
v 0.000000 0.969333 -1.797471
v -0.525828 0.952365 -1.772424
v -0.751222 0.799102 -1.138993
v -0.762743 0.789434 -0.935692
v -0.740079 0.799377 -1.302308
v -0.796390 0.647817 -0.739658
v -0.773509 0.787942 -0.686240
v -0.720828 0.806445 -1.627999
v -0.711513 0.827044 -1.779593
v -0.330587 0.535812 -2.079798
v -0.604701 0.535546 -2.060637
v -0.689028 0.535546 -2.043069
v -0.734706 0.535546 -1.976310
v -0.773609 0.648750 -1.457766
v -0.730482 0.802497 -1.470323
v -0.745846 0.373411 -0.691029
v -0.687147 0.911188 -1.644325
v -0.705992 0.865255 -1.610169
v -0.745112 0.848810 -0.897187
v -0.756964 0.846281 -0.659526
v -0.657131 1.054832 -0.596495
v -0.553903 1.266455 -0.553193
v -0.550502 1.262836 -0.903577
v -0.561159 1.235264 -0.969208
v -0.674500 0.942016 -1.667248
v -0.713694 0.862158 -1.475916
v -0.724316 0.857888 -1.290775
v -0.733261 0.854292 -1.134847
v -0.465310 1.268486 -0.971596
v -0.596566 0.968836 -1.717500
v -0.762836 0.508934 1.599232
v -0.622554 0.506549 2.107272
v -0.678999 0.506549 2.041477
v -0.718288 0.506549 1.905796
v -0.510699 0.888744 0.847767
v -0.506944 0.817440 1.273463
v -0.503251 0.726430 1.724825
v -0.494572 0.460877 2.124807
v -0.502095 0.664767 1.984340
v -0.504506 0.763041 1.553188
v -0.508821 0.853092 1.060615
v -0.496617 0.506673 2.117519
v 0.000000 0.672805 2.001640
v -0.373599 0.667205 1.990184
v -0.339478 0.875997 1.098237
v -0.342155 0.837445 1.291768
v -0.344385 0.782118 1.570353
v -0.345556 0.746522 1.734809
v -0.336801 0.914548 0.904705
v 0.000000 0.926807 0.948698
v 0.000000 0.887099 1.129904
v 0.000000 0.847391 1.311110
v 0.000000 0.793864 1.583274
v 0.000000 0.757967 1.748216
v -0.346640 0.709894 1.883418
v 0.000000 0.717983 1.895704
v -0.255490 1.276923 0.170508
v 0.000000 1.286546 0.181080
v -0.615730 1.072798 0.445722
v -0.510981 1.263022 0.150749
v -0.693663 0.882574 0.744046
v -0.383236 1.269972 0.160628
v -0.796692 0.641960 0.518224
v -0.754170 0.358935 0.505075
v -0.768308 0.782270 0.512716
v -0.710089 0.246748 0.506023
v -0.656689 1.052956 -0.479437
v -0.555013 1.261667 -0.448258
v -0.554054 1.247965 0.081191
v -0.567290 1.229056 0.154938
v -0.758358 0.844256 -0.510636
v -0.765116 0.836688 0.091591
v -0.666590 1.028225 0.462878
v -0.758393 0.832499 0.472731
v -0.784042 0.623733 -1.351397
v -0.734708 0.592148 -1.972213
v -0.764692 0.588103 -1.671695
v -0.783736 0.484284 -1.496290
v -0.330633 0.466901 -2.137771
v 0.000000 0.468514 -2.145497
v -0.595177 0.465289 -2.118478
v -0.716095 0.464885 -2.082757
v -0.756837 0.466271 -1.969987
v -0.772716 0.490350 -0.611259
v -0.767455 0.472366 0.762970
v -0.777293 0.491792 -0.721438
v -0.770508 0.475628 0.513736
v -0.779112 0.469792 0.959663
v -0.775980 0.481254 0.083844
v -0.772886 0.489172 -0.521295
v -0.790478 0.575226 -0.527293
v -0.788621 0.577121 -0.735177
v -0.784140 0.565699 0.517649
v -0.789504 0.576031 -0.615660
v -0.785089 0.561080 1.024330
v -0.778243 0.563395 0.770431
v -0.794393 0.569672 0.081879
v -0.324446 0.794763 -2.055381
v 0.507773 1.283338 0.064136
v 0.497080 1.288771 -0.489702
v 0.499353 1.293379 -0.851735
v 0.257145 1.283743 -0.972866
v 0.778567 0.787288 -0.579494
v 0.658300 1.050803 -0.528471
v 0.801894 0.645194 -0.613724
v 0.733102 0.878438 0.749074
v 0.789141 0.641233 0.772322
v 0.712983 0.806950 1.237441
v 0.660561 0.619417 2.009370
v 0.664451 0.657620 1.970925
v 0.688492 0.549776 1.912979
v 0.629254 0.620084 2.018209
v 0.368310 0.821905 1.288381
v 0.370541 0.766578 1.566967
v 0.362957 0.899007 0.901319
v 0.371712 0.730981 1.731423
v 0.659056 0.878438 0.793992
v 0.669772 0.552443 2.032881
v 0.646155 0.812957 1.258482
v 0.639028 0.759490 1.539352
v 0.635337 0.721860 1.718199
v 0.632263 0.908062 -1.958013
v 0.580025 0.906588 -1.997909
v 0.710282 0.784558 -1.951997
v 0.704024 0.843604 -1.901466
v 0.734710 0.648750 -1.968116
v 0.299854 0.906588 -2.022003
v 0.760610 0.648750 -1.675810
v 0.782668 0.652371 -1.270316
v 0.788043 0.524855 -1.468530
v 0.786712 0.584036 -1.410995
v 0.782923 0.663622 -1.154406
v 0.785515 0.579439 -0.926145
v -0.003782 1.315787 -0.487811
v 0.273951 1.307058 -0.487811
v 0.346139 0.520608 -2.149362
v 0.604701 0.520608 -2.130837
v 0.731656 0.520608 -2.096311
v 0.767345 0.522885 -1.983736
v 0.735583 0.888688 0.676834
v 0.754493 0.830069 0.693853
v 0.809708 0.643214 0.080245
v 0.779336 0.631555 1.096243
v 0.766403 0.676040 1.221939
v 0.757541 0.658860 1.400876
v 0.754874 0.546696 1.571843
v 0.756866 0.354891 0.909495
v 0.746841 0.369929 -0.594296
v 0.716067 0.247800 0.841346
v 0.690877 0.243366 -0.571579
v 0.771964 0.459841 1.624588
v 0.624070 0.460611 2.116719
v 0.687129 0.460611 2.044962
v 0.724095 0.460611 1.905796
v 0.258584 1.297190 0.078997
v 0.302673 0.978970 -1.741359
v 0.654422 0.945173 -1.844578
v 0.289383 0.952266 -1.894227
v 0.521630 0.949075 -1.865515
v 0.785248 0.638601 -1.028952
v 0.775357 0.492238 -0.848547
v 0.747967 0.376492 -0.786133
v 0.701226 0.243366 -0.738519
v 0.589711 0.794763 -2.039721
v 0.676751 0.794763 -2.016798
v 0.670855 0.846849 -1.989435
v 0.586480 0.850094 -2.020808
v 0.301325 0.853339 -2.042748
v 0.554376 1.264192 -0.499151
v 0.696051 0.243366 -0.655049
v 0.768773 0.527455 -1.667581
v 0.627941 0.553794 2.038678
v -0.000860 1.319734 -0.865494
v 0.264491 1.312326 -0.858293
v 0.631126 0.662320 1.978471
v 0.700330 0.751107 1.529032
v 0.689872 0.716189 1.707634
v 0.747713 0.748178 1.229690
v 0.664085 0.591292 2.019221
v 0.736331 0.707303 1.481205
v 0.682010 0.615938 1.926661
v 0.719884 0.667343 1.661761
v 0.628598 0.586939 2.029126
v 0.761665 0.783247 0.759163
v 0.723043 0.842694 0.993257
v 0.365634 0.860456 1.094850
v 0.652606 0.845697 1.026237
v 0.754689 0.765712 0.994426
v 0.804236 0.644951 -0.528357
v 0.777072 0.785639 -0.520503
v 0.779759 0.780587 0.087924
v 0.757658 0.847056 -0.567647
v 0.747429 0.369046 -0.506032
v 0.751380 0.363121 0.086469
v 0.755789 0.356507 0.747933
v 0.713987 0.247434 0.724688
v 0.703369 0.245565 0.129118
v 0.692566 0.243664 -0.476817
v 0.522413 0.971396 -1.724285
v 0.382619 1.274586 -0.972116
v 0.385515 1.297914 -0.488756
v 0.383179 1.290264 0.071567
v 0.381922 1.302853 -0.855014
v 0.383701 1.293375 -0.923774
v 0.509432 1.284158 -0.923006
v 0.257970 1.302593 -0.924542
v 0.304549 0.959985 -1.789614
v 0.656786 0.947722 -1.760393
v 0.525828 0.952365 -1.772424
v 0.751222 0.799102 -1.138993
v 0.762743 0.789434 -0.935692
v 0.740079 0.799377 -1.302308
v 0.796390 0.647817 -0.739658
v 0.773509 0.787942 -0.686240
v 0.720828 0.806445 -1.627999
v 0.711513 0.827044 -1.779593
v 0.330587 0.535812 -2.079798
v 0.604701 0.535546 -2.060637
v 0.689028 0.535546 -2.043069
v 0.734706 0.535546 -1.976310
v 0.773609 0.648750 -1.457766
v 0.730482 0.802497 -1.470323
v 0.745846 0.373411 -0.691029
v 0.687147 0.911188 -1.644325
v 0.705992 0.865255 -1.610169
v 0.745112 0.848810 -0.897187
v 0.756964 0.846281 -0.659526
v 0.657131 1.054832 -0.596495
v 0.553903 1.266455 -0.553193
v 0.550502 1.262836 -0.903577
v 0.561159 1.235264 -0.969208
v 0.674500 0.942016 -1.667248
v 0.713694 0.862158 -1.475916
v 0.724316 0.857888 -1.290775
v 0.733261 0.854292 -1.134847
v 0.465310 1.268486 -0.971596
v 0.596566 0.968836 -1.717500
v 0.762836 0.508934 1.599232
v 0.622554 0.506549 2.107272
v 0.678999 0.506549 2.041477
v 0.718288 0.506549 1.905796
v 0.510699 0.888744 0.847767
v 0.506944 0.817440 1.273463
v 0.503251 0.726430 1.724825
v 0.494572 0.460877 2.124807
v 0.502095 0.664767 1.984340
v 0.504506 0.763041 1.553188
v 0.508821 0.853092 1.060615
v 0.496617 0.506673 2.117519
v 0.373599 0.667205 1.990184
v 0.339478 0.875997 1.098237
v 0.342155 0.837445 1.291768
v 0.344385 0.782118 1.570353
v 0.345556 0.746522 1.734809
v 0.336801 0.914548 0.904705
v 0.346640 0.709894 1.883418
v 0.255490 1.276923 0.170508
v 0.615730 1.072798 0.445722
v 0.510981 1.263022 0.150749
v 0.693663 0.882574 0.744046
v 0.383236 1.269972 0.160628
v 0.796692 0.641960 0.518224
v 0.754170 0.358935 0.505075
v 0.768308 0.782270 0.512716
v 0.710089 0.246748 0.506023
v 0.656689 1.052956 -0.479437
v 0.555013 1.261667 -0.448258
v 0.554054 1.247965 0.081191
v 0.567290 1.229056 0.154938
v 0.758358 0.844256 -0.510636
v 0.765116 0.836688 0.091591
v 0.666590 1.028225 0.462878
v 0.758393 0.832499 0.472731
v 0.784042 0.623733 -1.351397
v 0.734708 0.592148 -1.972213
v 0.764692 0.588103 -1.671695
v 0.781095 0.459408 -1.513312
v 0.330633 0.466901 -2.137771
v 0.595177 0.465289 -2.118478
v 0.716095 0.464885 -2.082757
v 0.756837 0.466271 -1.969987
v 0.772716 0.490350 -0.611259
v 0.767455 0.472366 0.762970
v 0.777293 0.491792 -0.721438
v 0.770508 0.475628 0.513736
v 0.779112 0.469792 0.959663
v 0.775980 0.481254 0.083844
v 0.772886 0.489172 -0.521295
v 0.790478 0.575226 -0.527293
v 0.788621 0.577121 -0.735177
v 0.784140 0.565699 0.517649
v 0.789504 0.576031 -0.615660
v 0.785089 0.561080 1.024330
v 0.778243 0.563395 0.770431
v 0.794393 0.569672 0.081879
v 0.324446 0.794763 -2.055381
vn -0.0689 0.9906 0.1185
vn -0.0687 0.9727 0.2215
vn -0.0545 0.9755 0.2134
vn -0.0530 0.9917 0.1171
vn -0.0000 0.9782 0.2077
vn -0.0000 0.9934 0.1143
vn -0.0746 0.9971 0.0133
vn -0.0533 0.9985 0.0147
vn -0.0311 0.9994 0.0149
vn -0.3686 0.9018 0.2257
vn -0.2967 0.9504 0.0929
vn -0.5252 0.8454 0.0978
vn -0.5212 0.8092 0.2712
vn -0.2629 0.9647 0.0164
vn -0.4764 0.8790 0.0190
vn -0.0748 0.9652 -0.2504
vn -0.0797 0.9949 -0.0610
vn -0.0543 0.9959 -0.0729
vn -0.0472 0.9638 -0.2626
vn -0.0276 0.9962 -0.0822
vn -0.0000 0.9633 -0.2686
vn -0.5121 0.7874 0.3431
vn -0.5140 0.7827 0.3510
vn -0.5149 0.7804 0.3547
vn -0.0372 0.9722 0.2313
vn -0.0374 0.9713 0.2350
vn -0.0415 0.9740 0.2227
vn -0.0415 0.9746 0.2199
vn -0.5196 0.8332 0.1892
vn -0.5195 0.8305 0.2009
vn -0.5196 0.8333 0.1890
vn -0.0473 0.9787 0.1999
vn -0.1010 0.9750 0.1978
vn -0.0995 0.9712 0.2167
vn -0.5195 0.8374 0.1698
vn -0.0000 0.1147 -0.9934
vn 0.1200 0.1139 -0.9862
vn -0.0301 0.9252 0.3784
vn -0.0000 0.9256 0.3785
vn -0.0000 0.9487 0.3162
vn -0.0332 0.9473 0.3185
vn -0.0596 0.9821 0.1789
vn -0.1006 0.9801 0.1712
vn -0.0899 0.9821 0.1658
vn -0.1017 0.9836 0.1491
vn -0.8679 0.1654 0.4685
vn -0.8792 0.0821 0.4693
vn -0.4407 0.1023 0.8918
vn -0.4460 0.1873 0.8752
vn -0.1351 0.9773 0.1633
vn -0.1548 0.9684 0.1957
vn -0.1564 0.9646 0.2123
vn -0.1600 0.9609 0.2258
vn -0.0934 0.9694 0.2271
vn -0.9617 0.1781 0.2085
vn -0.9750 0.0774 0.2083
vn -0.1067 0.9836 0.1451
vn -0.9280 0.3634 0.0828
vn -0.9696 0.2383 0.0559
vn -0.9665 0.2376 0.0973
vn -0.9246 0.3572 0.1323
vn -0.2344 0.6689 0.7055
vn -0.2417 0.5164 0.8215
vn -0.1387 0.4992 0.8553
vn -0.1419 0.6743 0.7247
vn -0.9625 0.1949 0.1889
vn -0.9770 0.1162 0.1787
vn -0.9771 0.1132 0.1802
vn -0.9709 0.1317 0.2000
vn -0.9457 0.2794 0.1661
vn -0.9157 0.3630 0.1723
vn -0.8658 0.4771 0.1511
vn -0.9751 0.1635 0.1498
vn -0.9499 0.2245 0.2175
vn -0.8737 0.4750 0.1046
vn -0.2099 0.3178 0.9246
vn -0.1193 0.3046 0.9450
vn -0.1773 0.3132 0.9330
vn -0.1039 0.2952 0.9498
vn -0.9556 0.1700 0.2407
vn -0.9528 0.2981 0.0574
vn -0.9218 0.3803 0.0750
vn -0.9438 0.3195 0.0850
vn -0.9666 0.2510 0.0509
vn -0.0904 0.9855 0.1435
vn -0.0994 0.9841 0.1472
vn -0.1086 0.9807 0.1629
vn -0.5195 0.8391 0.1612
vn -0.9868 0.1591 0.0305
vn -0.9982 0.0543 0.0247
vn -0.9731 0.2302 0.0101
vn -0.9668 0.2553 0.0095
vn -0.9553 0.2957 0.0061
vn -0.9697 0.2441 0.0018
vn -0.9999 0.0063 0.0094
vn -1.0000 -0.0017 -0.0096
vn -0.9696 0.2445 -0.0136
vn -0.9997 0.0045 -0.0250
vn -0.9499 0.3126 -0.0021
vn -0.8997 0.4364 0.0076
vn -0.9000 0.4360 0.0038
vn -0.8973 0.4415 0.0002
vn -0.8994 0.4370 0.0058
vn -0.9000 0.4359 0.0038
vn -0.9003 0.4353 -0.0016
vn -0.8996 0.4367 0.0104
vn -0.8961 0.4438 0.0056
vn -0.4301 0.9027 0.0098
vn -0.3992 0.9161 0.0376
vn -0.2636 0.9634 -0.0477
vn -0.4944 0.8619 -0.1128
vn -0.3134 0.9248 -0.2159
vn -0.6480 0.7420 -0.1720
vn -0.9951 -0.0991 0.0004
vn -0.9988 -0.0480 -0.0090
vn -0.9770 -0.2115 -0.0284
vn -0.9946 -0.0961 -0.0400
vn -0.9930 -0.1172 -0.0153
vn -0.9699 -0.2432 -0.0144
vn -0.9806 -0.1957 -0.0112
vn -0.9817 -0.1903 0.0062
vn -0.9522 -0.3053 -0.0101
vn -0.9790 -0.2039 -0.0077
vn -0.9797 -0.2006 0.0028
vn -0.9518 -0.3066 0.0019
vn -0.9659 -0.2589 -0.0056
vn -0.9886 -0.1505 0.0087
vn -0.9819 -0.1894 0.0003
vn -0.9574 -0.2887 -0.0080
vn -0.9995 0.0171 0.0269
vn -0.9867 -0.1610 0.0206
vn -0.9786 0.2041 0.0252
vn -0.9657 0.2529 0.0590
vn -0.9462 0.3090 0.0959
vn -0.0867 0.9859 0.1429
vn -0.9747 0.2223 0.0227
vn -0.9358 -0.3524 -0.0122
vn -0.9340 -0.3571 -0.0124
vn -0.9300 -0.3674 -0.0125
vn -0.9195 -0.3931 -0.0007
vn -0.9172 -0.3982 -0.0127
vn -0.9242 -0.3817 -0.0126
vn -0.5368 0.8273 -0.1655
vn -0.8167 0.5656 -0.1148
vn -0.0000 0.9742 -0.2255
vn -0.0000 1.0000 -0.0039
vn -0.0196 0.9998 0.0087
vn -0.0396 0.9753 -0.2171
vn -0.0221 0.9995 0.0237
vn -0.0489 0.9772 -0.2065
vn -0.0295 0.9995 0.0068
vn -0.0703 0.9291 -0.3632
vn -0.0694 0.9294 -0.3624
vn -0.0000 0.9321 -0.3623
vn -0.0436 0.9308 -0.3628
vn -0.0671 0.9295 -0.3626
vn -0.0489 0.9305 -0.3630
vn -0.0000 0.9318 -0.3629
vn -0.0631 0.9295 -0.3635
vn -0.9692 0.2435 -0.0378
vn -0.9520 0.3032 -0.0411
vn -0.9525 0.3007 -0.0480
vn -0.9643 0.2615 -0.0415
vn -0.9584 0.2805 -0.0534
vn -0.9617 0.2691 -0.0514
vn -0.9740 0.2236 -0.0356
vn -0.9669 0.2501 -0.0506
vn -0.9890 0.1451 -0.0284
vn -0.9700 0.2397 -0.0395
vn -0.9988 0.0345 -0.0358
vn -0.9513 0.3065 -0.0329
vn -0.9788 0.1960 -0.0601
vn -0.9629 0.2649 -0.0517
vn -0.9630 0.2648 -0.0503
vn -0.9118 0.3704 -0.1775
vn -0.9721 0.2320 -0.0345
vn -0.9489 0.3140 -0.0306
vn -0.6488 0.4753 -0.5942
vn -0.5994 0.4056 -0.6900
vn -0.9450 0.2661 -0.1900
vn -0.1771 0.3432 -0.9224
vn -0.2128 0.3960 -0.8933
vn -0.0498 0.2593 -0.9645
vn -0.0442 0.3109 -0.9494
vn -0.0000 0.3015 -0.9535
vn -0.0000 0.2249 -0.9744
vn -0.9654 0.0980 -0.2416
vn -0.9851 0.1559 -0.0725
vn -0.9637 0.2622 -0.0509
vn -0.9580 0.2836 -0.0431
vn -0.0000 0.3757 -0.9267
vn -0.0483 0.3746 -0.9259
vn -0.2499 0.4501 -0.8573
vn -0.6272 0.5694 -0.5313
vn -0.8315 0.5329 -0.1570
vn -0.0000 -0.2060 -0.9786
vn -0.0456 -0.2178 -0.9749
vn -0.0490 -0.2196 -0.9744
vn -0.9536 -0.2350 -0.1880
vn -0.9850 -0.1666 -0.0443
vn -0.9885 -0.1443 -0.0447
vn -0.9551 -0.2257 -0.1922
vn -0.0155 0.9725 -0.2325
vn -0.0323 0.9766 -0.2129
vn -0.0360 0.9762 -0.2136
vn -0.0156 0.9711 -0.2381
vn -0.0000 0.9652 -0.2615
vn -0.1448 0.9736 -0.1764
vn -0.1487 0.9733 -0.1746
vn -0.2910 0.9540 -0.0726
vn -0.2896 0.9542 -0.0746
vn -0.3330 0.9428 -0.0151
vn -0.9888 0.1330 -0.0681
vn -0.9939 0.0654 -0.0892
vn -0.9325 -0.3605 0.0218
vn -0.9552 -0.2955 0.0153
vn -0.9605 -0.2782 0.0100
vn -0.9416 -0.3350 0.0327
vn -0.9811 -0.1936 0.0016
vn -0.9856 -0.1688 -0.0125
vn -0.9822 0.1063 0.1551
vn -0.9693 0.2032 0.1387
vn -0.1130 0.9775 0.1783
vn -0.0901 0.9798 0.1787
vn -0.0788 0.1137 0.9904
vn -0.0798 0.1531 0.9850
vn -0.0601 0.9807 0.1862
vn -0.0474 0.9783 0.2017
vn -0.0000 0.9728 0.2316
vn -0.0388 0.9722 0.2308
vn -0.0000 0.9792 0.2030
vn -0.0405 0.9784 0.2026
vn -0.0000 0.9800 0.1988
vn -0.0428 0.9791 0.1989
vn -0.0000 0.9790 0.2041
vn -0.0000 0.9790 0.2040
vn -0.0566 0.9774 0.2037
vn -0.0513 0.9777 0.2038
vn -0.5195 0.8394 0.1600
vn -0.9833 0.1730 -0.0558
vn -0.9409 0.0344 -0.3370
vn -0.1744 -0.2553 -0.9510
vn -0.1727 -0.2545 -0.9515
vn -0.6645 -0.3133 -0.6784
vn -0.6512 -0.3132 -0.6912
vn -0.9953 -0.0934 -0.0256
vn -0.9915 -0.1293 -0.0156
vn -0.9852 -0.1710 -0.0103
vn 0.0689 0.9906 0.1185
vn 0.0530 0.9917 0.1171
vn 0.0545 0.9755 0.2134
vn 0.0687 0.9727 0.2215
vn 0.0746 0.9971 0.0133
vn 0.0533 0.9985 0.0147
vn 0.0311 0.9994 0.0149
vn 0.3686 0.9018 0.2257
vn 0.5212 0.8092 0.2712
vn 0.5252 0.8454 0.0978
vn 0.2967 0.9504 0.0929
vn 0.4764 0.8790 0.0190
vn 0.2629 0.9647 0.0164
vn 0.0748 0.9652 -0.2504
vn 0.0472 0.9638 -0.2626
vn 0.0543 0.9959 -0.0729
vn 0.0797 0.9949 -0.0610
vn 0.0276 0.9962 -0.0822
vn 0.5121 0.7874 0.3431
vn 0.5140 0.7827 0.3510
vn 0.5149 0.7804 0.3547
vn 0.0372 0.9722 0.2313
vn 0.0415 0.9746 0.2199
vn 0.0415 0.9740 0.2227
vn 0.0373 0.9713 0.2350
vn 0.5196 0.8332 0.1892
vn 0.5196 0.8333 0.1890
vn 0.5195 0.8305 0.2009
vn 0.0473 0.9787 0.1999
vn 0.0995 0.9712 0.2167
vn 0.1010 0.9750 0.1978
vn 0.5195 0.8374 0.1698
vn -0.1200 0.1139 -0.9862
vn 0.0301 0.9252 0.3784
vn 0.0332 0.9473 0.3185
vn 0.0596 0.9821 0.1789
vn 0.1006 0.9801 0.1712
vn 0.0899 0.9821 0.1658
vn 0.1017 0.9836 0.1491
vn 0.8679 0.1653 0.4685
vn 0.4460 0.1873 0.8752
vn 0.4407 0.1024 0.8918
vn 0.8792 0.0821 0.4693
vn 0.1548 0.9684 0.1957
vn 0.1351 0.9773 0.1633
vn 0.1564 0.9646 0.2123
vn 0.0934 0.9694 0.2271
vn 0.1600 0.9609 0.2258
vn 0.9617 0.1781 0.2085
vn 0.9750 0.0774 0.2083
vn 0.1067 0.9836 0.1451
vn 0.9280 0.3634 0.0828
vn 0.9246 0.3572 0.1323
vn 0.9665 0.2376 0.0973
vn 0.9696 0.2383 0.0559
vn 0.2344 0.6689 0.7055
vn 0.1419 0.6743 0.7247
vn 0.1387 0.4992 0.8553
vn 0.2417 0.5164 0.8215
vn 0.9625 0.1949 0.1889
vn 0.9709 0.1317 0.2000
vn 0.9771 0.1132 0.1802
vn 0.9770 0.1162 0.1787
vn 0.9457 0.2794 0.1661
vn 0.8658 0.4771 0.1511
vn 0.9157 0.3630 0.1723
vn 0.9751 0.1635 0.1498
vn 0.9499 0.2245 0.2175
vn 0.8737 0.4750 0.1046
vn 0.1193 0.3046 0.9450
vn 0.2099 0.3178 0.9246
vn 0.1773 0.3132 0.9330
vn 0.1039 0.2952 0.9498
vn 0.9556 0.1700 0.2407
vn 0.9528 0.2981 0.0574
vn 0.9666 0.2510 0.0509
vn 0.9438 0.3195 0.0850
vn 0.9218 0.3803 0.0750
vn 0.0905 0.9855 0.1435
vn 0.0996 0.9841 0.1473
vn 0.1086 0.9807 0.1629
vn 0.5195 0.8391 0.1612
vn 0.9868 0.1591 0.0305
vn 0.9982 0.0543 0.0247
vn 0.9731 0.2302 0.0101
vn 0.9697 0.2441 0.0018
vn 0.9553 0.2957 0.0061
vn 0.9668 0.2553 0.0095
vn 0.9999 0.0063 0.0094
vn 1.0000 -0.0017 -0.0096
vn 0.9696 0.2445 -0.0136
vn 0.9997 0.0045 -0.0250
vn 0.9499 0.3126 -0.0021
vn 0.8997 0.4364 0.0076
vn 0.8994 0.4370 0.0058
vn 0.8973 0.4415 0.0002
vn 0.9000 0.4360 0.0038
vn 0.9003 0.4353 -0.0016
vn 0.9000 0.4359 0.0038
vn 0.8996 0.4367 0.0104
vn 0.8961 0.4438 0.0056
vn 0.3992 0.9161 0.0376
vn 0.4301 0.9027 0.0098
vn 0.2636 0.9634 -0.0477
vn 0.4944 0.8619 -0.1128
vn 0.6480 0.7420 -0.1720
vn 0.3134 0.9248 -0.2159
vn 0.9988 -0.0480 -0.0090
vn 0.9951 -0.0991 0.0004
vn 0.9770 -0.2115 -0.0284
vn 0.9699 -0.2432 -0.0144
vn 0.9930 -0.1172 -0.0153
vn 0.9946 -0.0961 -0.0400
vn 0.9817 -0.1903 0.0062
vn 0.9806 -0.1957 -0.0112
vn 0.9522 -0.3053 -0.0101
vn 0.9518 -0.3066 0.0019
vn 0.9797 -0.2006 0.0028
vn 0.9790 -0.2039 -0.0077
vn 0.9659 -0.2589 -0.0056
vn 0.9574 -0.2887 -0.0080
vn 0.9819 -0.1894 0.0003
vn 0.9886 -0.1505 0.0087
vn 0.9995 0.0171 0.0269
vn 0.9867 -0.1610 0.0206
vn 0.9786 0.2041 0.0252
vn 0.9657 0.2529 0.0590
vn 0.9462 0.3090 0.0959
vn 0.0867 0.9859 0.1429
vn 0.0994 0.9841 0.1472
vn 0.9747 0.2223 0.0227
vn 0.9358 -0.3524 -0.0122
vn 0.9340 -0.3571 -0.0124
vn 0.9300 -0.3674 -0.0125
vn 0.9172 -0.3982 -0.0127
vn 0.9195 -0.3931 -0.0007
vn 0.9242 -0.3817 -0.0126
vn 0.8167 0.5656 -0.1148
vn 0.5368 0.8273 -0.1655
vn 0.0396 0.9753 -0.2171
vn 0.0196 0.9998 0.0087
vn 0.0489 0.9772 -0.2065
vn 0.0221 0.9995 0.0237
vn 0.0295 0.9995 0.0068
vn 0.0703 0.9291 -0.3632
vn 0.0694 0.9294 -0.3624
vn 0.0436 0.9308 -0.3628
vn 0.0671 0.9295 -0.3626
vn 0.0489 0.9305 -0.3630
vn 0.0631 0.9295 -0.3635
vn 0.9692 0.2435 -0.0378
vn 0.9643 0.2615 -0.0415
vn 0.9525 0.3007 -0.0480
vn 0.9520 0.3032 -0.0411
vn 0.9617 0.2691 -0.0514
vn 0.9584 0.2805 -0.0534
vn 0.9740 0.2236 -0.0356
vn 0.9669 0.2501 -0.0506
vn 0.9890 0.1451 -0.0284
vn 0.9700 0.2397 -0.0395
vn 0.9988 0.0345 -0.0358
vn 0.9513 0.3065 -0.0329
vn 0.9788 0.1960 -0.0601
vn 0.9629 0.2649 -0.0517
vn 0.9630 0.2648 -0.0503
vn 0.9489 0.3140 -0.0306
vn 0.9721 0.2320 -0.0345
vn 0.9118 0.3704 -0.1775
vn 0.9450 0.2661 -0.1900
vn 0.5994 0.4056 -0.6900
vn 0.6488 0.4753 -0.5942
vn 0.1771 0.3432 -0.9224
vn 0.2128 0.3960 -0.8933
vn 0.0498 0.2593 -0.9645
vn 0.0442 0.3109 -0.9494
vn 0.9637 0.2622 -0.0509
vn 0.9851 0.1559 -0.0725
vn 0.9654 0.0980 -0.2416
vn 0.9580 0.2836 -0.0431
vn 0.0483 0.3746 -0.9259
vn 0.2499 0.4501 -0.8573
vn 0.6272 0.5694 -0.5313
vn 0.8315 0.5329 -0.1570
vn 0.0490 -0.2196 -0.9744
vn 0.0456 -0.2178 -0.9749
vn 0.9534 -0.2348 -0.1895
vn 0.9564 -0.2194 -0.1931
vn 0.9904 -0.1298 -0.0465
vn 0.9850 -0.1659 -0.0469
vn 0.0155 0.9725 -0.2325
vn 0.0156 0.9711 -0.2381
vn 0.0360 0.9762 -0.2136
vn 0.0323 0.9766 -0.2129
vn 0.1448 0.9736 -0.1764
vn 0.1487 0.9733 -0.1746
vn 0.2910 0.9540 -0.0726
vn 0.2896 0.9542 -0.0746
vn 0.3330 0.9428 -0.0151
vn 0.9888 0.1330 -0.0681
vn 0.9939 0.0654 -0.0892
vn 0.9325 -0.3605 0.0218
vn 0.9416 -0.3350 0.0327
vn 0.9605 -0.2782 0.0100
vn 0.9552 -0.2955 0.0153
vn 0.9856 -0.1688 -0.0124
vn 0.9811 -0.1936 0.0016
vn 0.9822 0.1063 0.1551
vn 0.9693 0.2032 0.1387
vn 0.1130 0.9775 0.1783
vn 0.0901 0.9798 0.1787
vn 0.0798 0.1531 0.9850
vn 0.0788 0.1137 0.9904
vn 0.0601 0.9807 0.1862
vn 0.0474 0.9783 0.2017
vn 0.0388 0.9722 0.2308
vn 0.0405 0.9784 0.2026
vn 0.0428 0.9791 0.1989
vn 0.0513 0.9777 0.2038
vn 0.0566 0.9774 0.2037
vn 0.5195 0.8394 0.1600
vn 0.9833 0.1730 -0.0558
vn 0.9409 0.0344 -0.3370
vn 0.1744 -0.2553 -0.9510
vn 0.1727 -0.2545 -0.9515
vn 0.6645 -0.3133 -0.6784
vn 0.6512 -0.3132 -0.6912
vn 0.9953 -0.0934 -0.0256
vn 0.9915 -0.1293 -0.0156
vn 0.9852 -0.1710 -0.0103
vn -0.1953 0.9802 0.0333
vn -0.2544 0.9659 0.0488
vn -0.1314 0.9912 0.0166
vn -0.2141 0.9641 0.1568
vn -0.2502 0.9599 0.1266
vt 0.000000 0.000000
s 1
usemtl carPaint.002
f 880/2/955 949/2/956 944/2/957 829/2/958
f 829/2/958 944/2/957 945/2/959 836/2/960
f 879/2/961 880/2/955 829/2/958 807/2/962
f 807/2/962 829/2/958 836/2/960 806/2/963
f 947/2/964 765/2/965 956/2/966 957/2/967
f 765/2/965 766/2/968 955/2/969 956/2/966
f 882/2/970 881/2/971 852/2/972 885/2/973
f 881/2/971 879/2/961 807/2/962 852/2/972
f 885/2/973 852/2/972 851/2/974 884/2/975
f 852/2/972 807/2/962 806/2/963 851/2/974
f 946/2/976 947/2/964 957/2/967 960/2/977
f 948/2/978 946/2/976 960/2/977 814/2/978
f 926/2/979 931/2/980 783/2/981 924/2/982
f 783/2/983 931/2/984 942/2/984 935/2/985
f 927/2/986 788/2/987 789/2/988 924/2/982
f 781/2/989 783/2/983 935/2/985 934/2/989
f 785/2/990 782/2/991 936/2/991 937/2/990
f 931/2/992 930/2/993 943/2/994 942/2/995
f 923/2/996 787/2/997 788/2/987 927/2/986
f 928/2/998 865/2/999 787/2/997 923/2/996
f 920/2/1000 827/2/1001 826/2/1002 919/2/1003
f 788/2/987 787/2/997 775/2/1004 854/2/1005
f 789/2/988 788/2/987 854/2/1005 855/2/1006
f 855/2/1006 777/2/1007 853/2/1008 789/2/988
f 921/2/1009 828/2/1010 827/2/1001 920/2/1000
f 863/2/1011 775/2/1004 787/2/997 865/2/999
f 856/2/1012 818/2/1013 819/2/1014 858/2/1015
f 777/2/1016 776/2/1017 779/2/1018 853/2/1019
f 859/2/1020 778/2/1021 786/2/1022 857/2/1023
f 860/2/1024 855/2/1025 854/2/1026 858/2/1015
f 860/2/1024 820/2/1027 778/2/1021 859/2/1020
f 855/2/1025 860/2/1024 859/2/1020 777/2/1028
f 820/2/1027 860/2/1024 858/2/1015 819/2/1014
f 775/2/1029 856/2/1012 858/2/1015 854/2/1026
f 779/2/1018 776/2/1017 857/2/1030 861/2/1031
f 786/2/1032 850/2/1033 861/2/1031 857/2/1030
f 777/2/1028 859/2/1020 857/2/1023 776/2/1034
f 866/2/1035 863/2/1036 773/2/1037 862/2/1038
f 856/2/1012 775/2/1029 863/2/1036 866/2/1035
f 773/2/1039 863/2/1011 865/2/999 784/2/1040
f 922/2/1041 784/2/1040 865/2/999 928/2/998
f 780/2/1042 781/2/989 934/2/989 933/2/1042
f 817/2/1043 818/2/1013 856/2/1012 866/2/1035
f 862/2/1038 774/2/1044 817/2/1043 866/2/1035
f 869/2/1045 959/2/1046 958/2/1047 868/2/1048
f 816/2/1049 869/2/1045 868/2/1048 867/2/1050
f 770/2/1051 772/2/1052 867/2/1050 868/2/1048
f 958/2/1047 870/2/1053 770/2/1051 868/2/1048
f 771/2/1054 870/2/1055 958/2/1056 954/2/1057
f 771/2/1054 908/2/1058 907/2/1059 870/2/1055
f 847/2/1060 771/2/1054 954/2/1057 955/2/1061
f 847/2/1060 909/2/1060 908/2/1058 771/2/1054
f 766/2/968 909/2/1062 847/2/1063 955/2/969
f 767/2/1064 910/2/1065 909/2/1062 766/2/968
f 767/2/1064 883/2/1066 911/2/1067 910/2/1065
f 774/2/1044 983/2/1068 982/2/1069 817/2/1043
f 821/2/1070 975/2/1071 972/2/1072 873/2/1073
f 867/2/1050 978/2/1074 984/2/1075 816/2/1049
f 871/2/1076 977/2/1077 971/2/1078 822/2/1079
f 951/2/1080 974/2/1081 976/2/1082 872/2/1083
f 950/2/1084 816/2/1049 984/2/1075 980/2/1085
f 952/2/1086 869/2/1045 816/2/1049 950/2/1084
f 815/2/1087 862/2/1038 773/2/1037 814/2/1088
f 814/2/1089 773/2/1039 784/2/1040
f 961/2/1090 959/2/1046 869/2/1045 952/2/1086
f 823/2/1091 821/2/1070 873/2/1073 874/2/1092
f 951/2/1080 953/2/1093 874/2/1092 873/2/1073
f 822/2/1079 824/2/1094 876/2/1095 871/2/1076
f 871/2/1076 876/2/1095 875/2/1096 872/2/1083
f 883/2/1066 887/2/1097 912/2/1098 911/2/1067
f 888/2/1099 832/2/1100 833/2/1101 886/2/1102
f 886/2/1102 833/2/1101 834/2/1103 889/2/1104
f 831/2/1105 887/2/1097 889/2/1104 834/2/1103
f 767/2/1064 766/2/968 879/2/961 881/2/971
f 883/2/1066 767/2/1064 881/2/971 882/2/970
f 766/2/968 765/2/965 880/2/955 879/2/961
f 765/2/965 947/2/964 949/2/956 880/2/955
f 878/2/1106 916/2/1107 883/2/1066 882/2/970
f 768/2/1108 769/2/1109 885/2/973 884/2/975
f 916/2/1107 917/2/1110 887/2/1097 883/2/1066
f 830/2/1111 805/2/1112 888/2/1099 886/2/1102
f 877/2/1113 830/2/1111 886/2/1102 889/2/1104
f 917/2/1110 877/2/1113 889/2/1104 887/2/1097
f 769/2/1109 878/2/1106 882/2/970 885/2/973
f 891/2/1114 906/2/1115 915/2/1116 890/2/1117
f 890/2/1117 915/2/1116 914/2/1118 892/2/1119
f 803/2/1120 890/2/1117 892/2/1119 800/2/1121
f 835/2/1122 891/2/1114 890/2/1117 803/2/1120
f 894/2/1123 891/2/1114 835/2/1122 893/2/1124
f 770/2/1051 894/2/1123 893/2/1124 772/2/1052
f 770/2/1051 870/2/1053 907/2/1125 894/2/1123
f 901/2/1126 800/2/1121 892/2/1119 902/2/1127
f 906/2/1115 891/2/1114 894/2/1123 907/2/1125
f 902/2/1127 892/2/1119 914/2/1118 913/2/1128
f 912/2/1098 795/2/1129 896/2/1130 904/2/1131
f 795/2/1129 844/2/1132 843/2/1133 794/2/1134
f 842/2/1135 843/2/1133 844/2/1132 845/2/1136
f 985/2/1137 842/2/1135 845/2/1136 846/2/1138
f 841/2/1139 840/2/1140 985/2/1137 846/2/1138
f 794/2/1134 796/2/1141 799/2/1142 895/2/1143
f 794/2/1134 895/2/1143 896/2/1130 795/2/1129
f 904/2/1131 896/2/1130 895/2/1143 905/2/1144
f 797/2/1145 841/2/1139 846/2/1138 798/2/1146
f 798/2/1146 846/2/1138 845/2/1136 793/2/1147
f 793/2/1147 845/2/1136 844/2/1132 792/2/1148
f 792/2/1148 844/2/1132 795/2/1129 831/2/1149
f 795/2/1129 912/2/1098 887/2/1097 831/2/1149
f 967/2/1150 966/2/1151 810/2/1152 809/2/1150
f 970/2/1153 965/2/1154 801/2/1155 813/2/1156
f 810/2/1157 811/2/1158 898/2/1159 897/2/1160
f 809/2/1161 810/2/1157 897/2/1160 808/2/1161
f 812/2/1162 899/2/1163 898/2/1159 811/2/1158
f 813/2/1164 900/2/1165 899/2/1163 812/2/1162
f 801/2/1166 849/2/1166 900/2/1165 813/2/1164
f 895/2/1143 902/2/1127 913/2/1128 905/2/1144
f 799/2/1142 901/2/1126 902/2/1127 895/2/1143
f 802/2/1167 901/2/1126 799/2/1142 964/2/1168
f 848/2/1169 903/2/1170 838/2/1171 839/2/1172
f 903/2/1170 973/2/1173 837/2/1174 838/2/1171
f 822/2/1079 971/2/1078 973/2/1173 903/2/1170
f 824/2/1094 822/2/1079 903/2/1170 848/2/1169
f 825/2/1175 828/2/1010 921/2/1009 918/2/1176
f 782/2/1177 922/2/1041 928/2/998 864/2/1178
f 919/2/1003 826/2/1002 925/2/1179 929/2/1180
f 864/2/1178 928/2/998 923/2/996 780/2/1181
f 780/2/1181 923/2/996 927/2/986 781/2/1182
f 781/2/1182 927/2/986 924/2/982 783/2/981
f 853/2/1008 926/2/979 924/2/982 789/2/988
f 943/2/994 941/2/1183 935/2/1184 942/2/995
f 935/2/1184 941/2/1183 940/2/1185 934/2/1186
f 934/2/1186 940/2/1185 939/2/1187 933/2/1188
f 938/2/1189 937/2/1190 936/2/1191 932/2/1192
f 939/2/1187 938/2/1189 932/2/1192 933/2/1188
f 782/2/1193 864/2/1193 932/2/1193 936/2/1193
f 864/2/1193 780/2/1042 933/2/1042 932/2/1193
f 872/2/1083 875/2/1096 953/2/1093 951/2/1080
f 815/2/1087 961/2/1090 952/2/1086 862/2/1038
f 862/2/1038 952/2/1086 950/2/1084 774/2/1044
f 774/2/1044 950/2/1084 980/2/1085 983/2/1068
f 873/2/1073 972/2/1072 974/2/1081 951/2/1080
f 901/2/1126 802/2/1167 962/2/1194 800/2/1121
f 799/2/1142 796/2/1141 963/2/1195 964/2/1168
f 811/2/1196 810/2/1152 966/2/1151 968/2/1197
f 812/2/1198 811/2/1196 968/2/1197 969/2/1199
f 813/2/1156 812/2/1198 969/2/1199 970/2/1153
f 976/2/1082 977/2/1077 871/2/1076 872/2/1083
f 804/2/1200 979/2/1201 893/2/1124 835/2/1122
f 981/2/1202 978/2/1074 867/2/1050 772/2/1052
f 979/2/1201 981/2/1202 772/2/1052 893/2/1124
f 1089/2/1203 1042/2/1204 1144/2/1205 1148/2/1206
f 1042/2/1204 836/2/960 945/2/959 1144/2/1205
f 1088/2/1207 1022/2/1208 1042/2/1204 1089/2/1203
f 1022/2/1208 1021/2/1209 836/2/960 1042/2/1204
f 1146/2/1210 1156/2/1211 1155/2/1212 986/2/1213
f 986/2/1213 1155/2/1212 1154/2/1214 987/2/1215
f 1091/2/1216 1093/2/1217 1061/2/1218 1090/2/1219
f 1090/2/1219 1061/2/1218 1022/2/1208 1088/2/1207
f 1093/2/1217 884/2/975 1060/2/1220 1061/2/1218
f 1061/2/1218 1060/2/1220 1021/2/1209 1022/2/1208
f 1145/2/1221 1159/2/1222 1156/2/1211 1146/2/1210
f 1147/2/1223 1027/2/1223 1159/2/1222 1145/2/1221
f 1133/2/1224 1131/2/1225 1003/2/1226 1137/2/1227
f 1003/2/1228 1141/2/1229 1143/2/1230 1137/2/1230
f 1134/2/1231 1131/2/1225 1008/2/1232 1007/2/1233
f 1001/2/1234 1140/2/1234 1141/2/1229 1003/2/1228
f 785/2/990 937/2/990 1142/2/1235 1002/2/1235
f 1137/2/1236 1143/2/1237 943/2/994 930/2/993
f 1130/2/1238 1134/2/1231 1007/2/1233 1006/2/1239
f 1135/2/1240 1130/2/1238 1006/2/1239 1074/2/1241
f 1127/2/1242 1126/2/1243 1039/2/1244 1040/2/1245
f 1007/2/1233 1063/2/1246 995/2/1247 1006/2/1239
f 1008/2/1232 1064/2/1248 1063/2/1246 1007/2/1233
f 1064/2/1248 1008/2/1232 1062/2/1249 997/2/1250
f 1128/2/1251 1127/2/1242 1040/2/1245 1041/2/1252
f 1072/2/1253 1074/2/1241 1006/2/1239 995/2/1247
f 1065/2/1254 1067/2/1255 1032/2/1256 1031/2/1257
f 997/2/1258 1062/2/1259 999/2/1260 996/2/1261
f 1068/2/1262 1066/2/1263 1005/2/1264 998/2/1265
f 1069/2/1266 1067/2/1255 1063/2/1267 1064/2/1268
f 1069/2/1266 1068/2/1262 998/2/1265 1033/2/1269
f 1064/2/1268 997/2/1270 1068/2/1262 1069/2/1266
f 1033/2/1269 1032/2/1256 1067/2/1255 1069/2/1266
f 995/2/1271 1063/2/1267 1067/2/1255 1065/2/1254
f 999/2/1260 1070/2/1272 1066/2/1273 996/2/1261
f 1005/2/1274 1066/2/1273 1070/2/1272 1059/2/1275
f 997/2/1270 996/2/1276 1066/2/1263 1068/2/1262
f 1075/2/1277 1071/2/1278 993/2/1279 1072/2/1280
f 1065/2/1254 1075/2/1277 1072/2/1280 995/2/1271
f 993/2/1281 1004/2/1282 1074/2/1241 1072/2/1253
f 1129/2/1283 1135/2/1240 1074/2/1241 1004/2/1282
f 1000/2/1284 1139/2/1284 1140/2/1234 1001/2/1234
f 1030/2/1285 1075/2/1277 1065/2/1254 1031/2/1257
f 1071/2/1278 1075/2/1277 1030/2/1285 994/2/1286
f 1078/2/1287 1077/2/1288 1157/2/1289 1158/2/1290
f 1029/2/1291 1076/2/1292 1077/2/1288 1078/2/1287
f 990/2/1293 1077/2/1288 1076/2/1292 992/2/1294
f 1157/2/1289 1077/2/1288 990/2/1293 1079/2/1295
f 991/2/1296 1153/2/1297 1157/2/1298 1079/2/1299
f 991/2/1296 1079/2/1299 1114/2/1300 1115/2/1301
f 1056/2/1302 1154/2/1303 1153/2/1297 991/2/1296
f 1056/2/1302 991/2/1296 1115/2/1301 1116/2/1302
f 987/2/1215 1154/2/1214 1056/2/1304 1116/2/1305
f 988/2/1306 987/2/1215 1116/2/1305 1117/2/1307
f 988/2/1306 1117/2/1307 1118/2/1308 1092/2/1309
f 994/2/1286 1030/2/1285 1180/2/1310 1181/2/1311
f 1034/2/1312 1082/2/1313 1170/2/1314 1173/2/1315
f 1076/2/1292 1029/2/1291 1182/2/1316 1176/2/1317
f 1080/2/1318 1035/2/1319 1169/2/1320 1175/2/1321
f 1150/2/1322 1081/2/1323 1174/2/1324 1172/2/1325
f 1149/2/1326 1178/2/1327 1182/2/1316 1029/2/1291
f 1151/2/1328 1149/2/1326 1029/2/1291 1078/2/1287
f 1028/2/1329 1027/2/1330 993/2/1279 1071/2/1278
f 1027/2/1331 1004/2/1332 993/2/1281
f 1160/2/1333 1151/2/1328 1078/2/1287 1158/2/1290
f 1036/2/1334 1083/2/1335 1082/2/1313 1034/2/1312
f 1150/2/1322 1082/2/1313 1083/2/1335 1152/2/1336
f 1035/2/1319 1080/2/1318 1085/2/1337 1037/2/1338
f 1080/2/1318 1081/2/1323 1084/2/1339 1085/2/1337
f 1092/2/1309 1118/2/1308 1119/2/1340 1095/2/1341
f 888/2/1099 1094/2/1342 1045/2/1343 832/2/1100
f 1094/2/1342 1096/2/1344 1046/2/1345 1045/2/1343
f 1044/2/1346 1046/2/1345 1096/2/1344 1095/2/1341
f 988/2/1306 1090/2/1219 1088/2/1207 987/2/1215
f 1092/2/1309 1091/2/1216 1090/2/1219 988/2/1306
f 987/2/1215 1088/2/1207 1089/2/1203 986/2/1213
f 986/2/1213 1089/2/1203 1148/2/1206 1146/2/1210
f 1087/2/1347 1091/2/1216 1092/2/1309 1123/2/1348
f 768/2/1108 884/2/975 1093/2/1217 989/2/1349
f 1123/2/1348 1092/2/1309 1095/2/1341 1124/2/1350
f 1043/2/1351 1094/2/1342 888/2/1099 805/2/1112
f 1086/2/1352 1096/2/1344 1094/2/1342 1043/2/1351
f 1124/2/1350 1095/2/1341 1096/2/1344 1086/2/1352
f 989/2/1349 1093/2/1217 1091/2/1216 1087/2/1347
f 1098/2/1353 1097/2/1354 1122/2/1355 1113/2/1356
f 1097/2/1354 1099/2/1357 1121/2/1358 1122/2/1355
f 1019/2/1359 1016/2/1360 1099/2/1357 1097/2/1354
f 1047/2/1361 1019/2/1359 1097/2/1354 1098/2/1353
f 1101/2/1362 1100/2/1363 1047/2/1361 1098/2/1353
f 990/2/1293 992/2/1294 1100/2/1363 1101/2/1362
f 990/2/1293 1101/2/1362 1114/2/1364 1079/2/1295
f 1108/2/1365 1109/2/1366 1099/2/1357 1016/2/1360
f 1113/2/1356 1114/2/1364 1101/2/1362 1098/2/1353
f 1109/2/1366 1120/2/1367 1121/2/1358 1099/2/1357
f 1119/2/1340 1111/2/1368 1103/2/1369 1012/2/1370
f 1012/2/1370 1011/2/1371 1052/2/1372 1053/2/1373
f 1051/2/1374 1054/2/1375 1053/2/1373 1052/2/1372
f 1183/2/1376 1055/2/1377 1054/2/1375 1051/2/1374
f 841/2/1139 1055/2/1377 1183/2/1376 840/2/1140
f 1011/2/1371 1102/2/1378 1015/2/1379 1013/2/1380
f 1011/2/1371 1012/2/1370 1103/2/1369 1102/2/1378
f 1111/2/1368 1112/2/1381 1102/2/1378 1103/2/1369
f 797/2/1145 1014/2/1382 1055/2/1377 841/2/1139
f 1014/2/1382 1010/2/1383 1054/2/1375 1055/2/1377
f 1010/2/1383 1009/2/1384 1053/2/1373 1054/2/1375
f 1009/2/1384 1044/2/1385 1012/2/1370 1053/2/1373
f 1012/2/1370 1044/2/1385 1095/2/1341 1119/2/1340
f 967/2/1150 809/2/1150 1023/2/1386 1165/2/1387
f 1168/2/1388 1026/2/1389 1017/2/1390 1164/2/1391
f 1023/2/1392 1104/2/1393 1105/2/1394 1024/2/1395
f 809/2/1161 808/2/1161 1104/2/1393 1023/2/1392
f 1025/2/1396 1024/2/1395 1105/2/1394 1106/2/1397
f 1026/2/1398 1025/2/1396 1106/2/1397 1107/2/1399
f 1017/2/1400 1026/2/1398 1107/2/1399 1058/2/1400
f 1102/2/1378 1112/2/1381 1120/2/1367 1109/2/1366
f 1015/2/1379 1102/2/1378 1109/2/1366 1108/2/1365
f 1018/2/1401 1163/2/1402 1015/2/1379 1108/2/1365
f 1057/2/1403 1050/2/1404 1049/2/1405 1110/2/1406
f 1110/2/1406 1049/2/1405 1048/2/1407 1171/2/1408
f 1035/2/1319 1110/2/1406 1171/2/1408 1169/2/1320
f 1037/2/1338 1057/2/1403 1110/2/1406 1035/2/1319
f 1038/2/1409 1125/2/1410 1128/2/1251 1041/2/1252
f 1002/2/1411 1073/2/1412 1135/2/1240 1129/2/1283
f 1126/2/1243 1136/2/1413 1132/2/1414 1039/2/1244
f 1073/2/1412 1000/2/1415 1130/2/1238 1135/2/1240
f 1000/2/1415 1001/2/1416 1134/2/1231 1130/2/1238
f 1001/2/1416 1003/2/1226 1131/2/1225 1134/2/1231
f 1062/2/1249 1008/2/1232 1131/2/1225 1133/2/1224
f 943/2/994 1143/2/1237 1141/2/1417 941/2/1183
f 1141/2/1417 1140/2/1418 940/2/1185 941/2/1183
f 1140/2/1418 1139/2/1419 939/2/1187 940/2/1185
f 938/2/1189 1138/2/1420 1142/2/1421 937/2/1190
f 939/2/1187 1139/2/1419 1138/2/1420 938/2/1189
f 1002/2/1422 1142/2/1422 1138/2/1422 1073/2/1422
f 1073/2/1422 1138/2/1422 1139/2/1284 1000/2/1284
f 1081/2/1323 1150/2/1322 1152/2/1336 1084/2/1339
f 1028/2/1329 1071/2/1278 1151/2/1328 1160/2/1333
f 1071/2/1278 994/2/1286 1149/2/1326 1151/2/1328
f 994/2/1286 1181/2/1311 1178/2/1327 1149/2/1326
f 1082/2/1313 1150/2/1322 1172/2/1325 1170/2/1314
f 1108/2/1365 1016/2/1360 1161/2/1423 1018/2/1401
f 1015/2/1379 1163/2/1402 1162/2/1424 1013/2/1380
f 1024/2/1425 1166/2/1426 1165/2/1387 1023/2/1386
f 1025/2/1427 1167/2/1428 1166/2/1426 1024/2/1425
f 1026/2/1389 1168/2/1388 1167/2/1428 1025/2/1427
f 1174/2/1324 1081/2/1323 1080/2/1318 1175/2/1321
f 1020/2/1429 1047/2/1361 1100/2/1363 1177/2/1430
f 1179/2/1431 992/2/1294 1076/2/1292 1176/2/1317
f 1177/2/1430 1100/2/1363 992/2/1294 1179/2/1431
usemtl plastic.003
f 791/2/1432 778/2/1433 820/2/1434
f 778/2/1433 791/2/1432 790/2/1435 786/2/1436
