# Blender 5.2.2 LTS
# www.blender.org
mtllib beatall.mtl
o beetle.004
v 0.033290 0.724569 -1.330933
v -0.005415 0.784305 -1.277380
v -0.005415 0.729840 -1.335847
v 0.049466 0.514378 -1.460938
v -0.005415 0.494508 -1.491294
v 0.028621 0.771007 -1.284613
v -0.005415 0.763107 -1.303607
v -0.005415 0.727298 -1.359101
v -0.005415 0.545947 -1.478881
v 0.013222 0.725274 -1.357298
v 0.019495 0.553387 -1.467515
v 0.011587 0.758682 -1.305470
v -0.044120 0.724569 -1.330933
v -0.060297 0.514378 -1.460938
v -0.039452 0.771007 -1.284613
v -0.024053 0.725274 -1.357298
v -0.030325 0.553387 -1.467515
v -0.022417 0.758682 -1.305470
v -0.005415 0.784305 -1.277380
v -0.005415 0.784305 -1.277380
v -0.005415 0.784305 -1.277380
v -0.005415 0.729840 -1.335847
v -0.005415 0.729840 -1.335847
v -0.005415 0.729840 -1.335847
v -0.005415 0.494508 -1.491294
v -0.005415 0.494508 -1.491294
v -0.005415 0.494508 -1.491294
v 0.033290 0.724569 -1.330933
v 0.033290 0.724569 -1.330933
v 0.033290 0.724569 -1.330933
v 0.049466 0.514378 -1.460938
v 0.049466 0.514378 -1.460938
v 0.028621 0.771007 -1.284613
v 0.028621 0.771007 -1.284613
v -0.005415 0.763107 -1.303607
v -0.005415 0.727298 -1.359101
v -0.005415 0.727298 -1.359101
v -0.005415 0.727298 -1.359101
v -0.005415 0.545947 -1.478881
v -0.005415 0.545947 -1.478881
v -0.005415 0.545947 -1.478881
v 0.013222 0.725274 -1.357298
v 0.013222 0.725274 -1.357298
v 0.013222 0.725274 -1.357298
v 0.019495 0.553387 -1.467515
v 0.019495 0.553387 -1.467515
v 0.011587 0.758682 -1.305470
v -0.044120 0.724569 -1.330933
v -0.044120 0.724569 -1.330933
v -0.044120 0.724569 -1.330933
v -0.060297 0.514378 -1.460938
v -0.060297 0.514378 -1.460938
v -0.039452 0.771007 -1.284613
v -0.039452 0.771007 -1.284613
v -0.024053 0.725274 -1.357298
v -0.024053 0.725274 -1.357298
v -0.024053 0.725274 -1.357298
v -0.030325 0.553387 -1.467515
v -0.030325 0.553387 -1.467515
v -0.022417 0.758682 -1.305470
v 0.628888 0.163860 0.639104
v 0.623766 0.536866 0.915517
v 0.623766 0.553694 1.086817
v 0.623766 0.404724 0.767980
v 0.591432 0.216224 -0.548449
v 0.623766 0.459551 1.260375
v 0.586970 0.463708 -0.625679
v 0.379608 0.661588 1.073149
v 0.444591 0.631240 0.855161
v 0.482760 0.475516 0.675052
v 0.537169 0.213108 0.543802
v 0.327200 0.578353 1.265493
v 0.266514 0.469985 1.378422
v 0.521733 0.617421 1.084632
v 0.578406 0.441603 0.744518
v 0.549625 0.580577 0.897243
v 0.493002 0.381984 1.384402
v 0.605972 0.188729 0.573228
v 0.569190 0.600664 -0.732827
v 0.321933 0.440289 -1.418839
v 0.417817 0.575881 -1.237114
v 0.469304 0.669959 -1.084465
v 0.520162 0.683318 -0.909263
v 0.618549 0.336687 1.354137
v 0.653972 0.552334 -0.913843
v 0.653972 0.533277 -1.076226
v 0.653972 0.398834 -1.227640
v 0.620745 0.239938 -1.340102
v 0.649853 0.466797 -0.746214
v 0.650814 0.327782 -0.654512
v 0.646523 0.189481 -0.618309
v 0.488652 0.380314 -1.389873
v 0.571649 0.620108 -1.079968
v 0.541615 0.520676 -1.234826
v 0.615242 0.565195 -0.739521
v 0.596049 0.634865 -0.914146
v 0.626844 0.192727 -0.585491
v 0.624613 0.418971 -0.643185
v 0.466961 1.064340 0.076320
v 0.466892 1.033852 -0.613048
v 0.455156 0.958137 -0.773675
v 0.473528 1.082156 -0.244535
v 0.528816 0.472669 0.534033
v 0.502536 0.625268 0.533244
v 0.483799 0.733746 0.522209
v 0.520578 0.763950 -0.814021
v 0.454736 1.024491 0.287927
v 0.468953 0.776265 0.492459
v 0.480133 0.778871 0.439393
v 0.385253 1.062049 0.380121
v 0.380607 1.103359 0.280959
v 0.272649 1.104030 0.355247
v 0.276924 1.136247 0.265988
v -0.005415 1.118859 0.343439
v -0.005415 1.159572 0.243209
v 0.391158 1.159755 -0.249432
v 0.289290 1.207011 -0.242933
v -0.005415 1.221357 -0.242933
v 0.370828 1.003939 -0.940275
v 0.262126 1.054127 -0.903514
v -0.005415 1.078840 -0.913399
v 0.286840 1.168634 -0.649373
v -0.005415 1.193348 -0.654728
v 0.380968 1.133090 -0.640442
v 0.285006 1.192054 0.043392
v -0.005415 1.212970 0.027122
v 0.385687 1.138029 0.062493
v 0.419276 1.063621 0.288690
v 0.432110 1.126836 -0.248654
v 0.413851 0.987123 -0.879120
v 0.423567 1.093278 -0.629587
v 0.427211 1.105529 0.068320
v 0.555978 0.722100 -0.248774
v 0.536525 0.775621 -0.292648
v 0.527580 0.772574 -0.203721
v 0.318143 0.684253 -1.280560
v 0.401422 0.669117 -1.220689
v 0.223078 0.460060 -1.450473
v 0.151825 0.367404 -1.542638
v 0.210679 0.322604 -1.554917
v -0.005415 0.339783 -1.575988
v -0.005415 0.255952 -1.618425
v 0.421840 1.030636 0.369469
v 0.429284 0.783454 0.514311
v 0.434632 0.774646 0.556060
v 0.376608 0.735954 0.864547
v 0.440741 0.702171 0.860610
v 0.328626 0.693940 1.081036
v 0.266310 0.635588 1.267383
v 0.211368 0.546836 1.378477
v 0.145429 0.434963 1.456119
v 0.199197 0.380140 1.460611
v -0.005415 0.278793 1.511563
v -0.005415 0.192974 1.528909
v 0.066189 0.343037 1.501691
v 0.111422 0.270114 1.520272
v 0.261013 0.826209 0.519066
v 0.253231 0.816394 0.580895
v -0.005415 0.853733 0.522416
v -0.005415 0.839820 0.610318
v -0.005415 0.809272 0.889755
v -0.005415 0.759844 1.107237
v -0.005415 0.678288 1.282706
v -0.005415 0.592898 1.385381
v -0.005415 0.483789 1.463854
v 0.270378 0.213026 1.458538
v 0.436455 0.219613 1.447603
v 0.593459 0.261621 1.379337
v 0.207036 0.363877 1.454379
v 0.196853 0.192770 1.483117
v 0.129634 0.255820 1.504393
v 0.101773 0.190905 1.512075
v 0.624585 0.189988 0.719596
v 0.630763 0.523036 0.929233
v 0.630763 0.538245 1.085329
v 0.630763 0.395322 0.800810
v 0.630763 0.452548 1.243731
v 0.626020 0.340632 1.328973
v 0.453544 0.987296 0.355070
v 0.363417 1.035541 0.392230
v 0.265498 1.079717 0.373840
v -0.005415 1.100266 0.363462
v 0.383645 0.800771 0.515600
v 0.472734 1.080453 -0.288870
v 0.472532 1.079453 -0.197916
v 0.593130 0.467537 -0.248167
v 0.596713 0.215879 -0.256816
v 0.579378 0.610219 -0.248164
v 0.503645 0.918860 -0.199548
v 0.528402 0.794789 -0.249987
v 0.439125 0.185473 -1.550612
v 0.328298 0.272636 -1.538374
v -0.005415 0.181448 -1.664315
v -0.005415 0.221047 -1.655596
v 0.407271 0.826388 -1.067236
v 0.487960 0.846746 -0.823674
v 0.479635 0.827496 -0.917646
v 0.215149 0.865836 -1.171700
v 0.348978 0.833522 -1.118414
v -0.005415 0.891168 -1.189350
v 0.653800 0.529672 -0.918628
v 0.653800 0.511250 -1.076978
v 0.653800 0.380499 -1.224738
v 0.621409 0.225134 -1.334164
v 0.649784 0.446287 -0.755216
v 0.650721 0.311183 -0.665665
v 0.650114 0.200243 -0.636145
v 0.642508 0.161856 -0.580892
v 0.629979 0.157858 0.573059
v 0.641305 0.161856 -0.251920
v 0.625641 0.192727 -0.256518
v 0.628206 0.127770 -0.553242
v 0.618061 0.127636 0.570913
v 0.627003 0.128961 -0.250490
v 0.610004 0.127636 0.639417
v 0.605701 0.130616 0.679188
v 0.624972 0.131427 -0.593584
v 0.633330 0.158875 -0.626914
v 0.456905 0.189988 0.719596
v 0.463084 0.523036 0.929233
v 0.463084 0.538245 1.085329
v 0.463084 0.395322 0.800810
v 0.463084 0.452548 1.243731
v 0.458340 0.340632 1.328973
v 0.414727 0.255006 1.390067
v 0.486120 0.529672 -0.918628
v 0.486120 0.511250 -1.076978
v 0.486120 0.380499 -1.224738
v 0.453729 0.225134 -1.334164
v 0.482104 0.446286 -0.755216
v 0.483041 0.311183 -0.665665
v 0.482434 0.200243 -0.636145
v 0.438021 0.130616 0.679188
v 0.465650 0.158875 -0.626914
v 0.412683 0.530585 1.366251
v 0.462309 0.511597 1.374123
v 0.482865 0.465755 1.393131
v 0.462309 0.419914 1.412139
v 0.412683 0.400925 1.420013
v 0.363057 0.419914 1.412140
v 0.342502 0.465755 1.393132
v 0.363057 0.511597 1.374124
v 0.412683 0.574800 1.331089
v 0.493002 0.544068 1.343832
v 0.526272 0.469874 1.374596
v 0.493002 0.395680 1.405360
v 0.412683 0.364948 1.418103
v 0.332364 0.395680 1.405361
v 0.299095 0.469875 1.374597
v 0.332364 0.544068 1.343833
v 0.323857 0.378454 1.391667
v 0.500328 0.570020 1.300563
v 0.410159 0.600224 1.279654
v 0.554346 0.477901 1.330484
v 0.412683 0.351252 1.404296
v 0.589830 0.465486 -0.450388
v 0.535979 0.766158 -0.603434
v 0.593884 0.216064 -0.421645
v 0.573921 0.605100 -0.507783
v 0.544147 0.709052 -0.601954
v 0.627647 0.128323 -0.421645
v 0.641949 0.161856 -0.421645
v 0.626285 0.192727 -0.421645
v 0.504556 0.917497 -0.296429
v 0.504543 0.919735 -0.247616
v 0.018019 0.208447 1.527176
v 0.023724 0.314271 1.500117
v 0.048023 0.848213 0.521744
v 0.046463 0.835122 0.604417
v 0.036315 0.802910 0.886285
v 0.020882 0.754722 1.104757
v 0.012215 0.674859 1.279161
v 0.010464 0.591950 1.384331
v 0.010423 0.480253 1.460533
v 0.269603 0.264566 1.442469
v 0.198895 0.227089 1.477353
v 0.107361 0.203925 1.510534
v 0.518369 0.473315 0.566022
v 0.489391 0.626622 0.606268
v 0.421470 0.767408 0.622960
v -0.005415 0.828275 0.775262
v 0.242157 0.809122 0.634722
v 0.469415 0.726583 0.615898
v 0.069544 0.827246 0.713099
v 0.326652 0.685932 1.078412
v 0.374461 0.727744 0.862845
v 0.264881 0.628234 1.263049
v 0.210383 0.541054 1.372112
v 0.144532 0.430822 1.448572
v 0.065899 0.340364 1.493464
v 0.023585 0.311733 1.491843
v 0.240318 0.800777 0.633348
v 0.216205 0.769258 0.870748
v 0.184741 0.720125 1.089029
v 0.148333 0.644751 1.263531
v 0.077631 0.446439 1.449760
v 0.109594 0.562624 1.367606
v 0.034923 0.794541 0.884574
v 0.019400 0.746692 1.101886
v 0.010549 0.667709 1.274575
v 0.008561 0.586290 1.378066
v 0.009073 0.476351 1.452926
v 0.068160 0.818808 0.711757
v 0.419348 0.759133 0.621566
v 0.472148 0.520685 1.370355
v 0.412683 0.543437 1.360921
v 0.496779 0.465755 1.393131
v 0.472148 0.410825 1.415907
v 0.412683 0.388073 1.425342
v 0.353219 0.410826 1.415908
v 0.328588 0.465755 1.393132
v 0.353219 0.520685 1.370356
v 0.447330 0.503786 1.394394
v 0.412683 0.517042 1.388898
v 0.461681 0.471781 1.407665
v 0.447330 0.439777 1.420935
v 0.412683 0.426520 1.426432
v 0.378037 0.439777 1.420936
v 0.363686 0.471781 1.407665
v 0.378037 0.503786 1.394395
v 0.420547 0.483044 1.414296
v 0.412684 0.486052 1.413048
v 0.423805 0.475779 1.417308
v 0.420547 0.468515 1.420320
v 0.412684 0.465507 1.421567
v 0.404820 0.468515 1.420320
v 0.401562 0.475780 1.417308
v 0.404820 0.483044 1.414296
v 0.080733 1.152455 0.250159
v 0.079428 1.114334 0.347042
v 0.084506 1.216980 -0.242933
v 0.076217 1.071300 -0.910383
v 0.083758 1.185807 -0.653094
v 0.083199 1.206588 0.032086
v 0.060520 0.276289 -1.599048
v 0.042562 0.348211 -1.572214
v 0.077246 1.093996 0.366629
v 0.096408 0.236788 -1.619829
v 0.130224 0.182676 -1.629621
v 0.061884 0.883439 -1.183965
v 0.528150 0.620251 0.272775
v 0.553764 0.615235 0.012306
v 0.550254 0.470959 0.273300
v 0.571692 0.469248 0.012567
v 0.576865 0.214955 0.010057
v 0.557017 0.214032 0.276929
v 0.498093 0.777498 0.238950
v 0.516053 0.776125 0.038507
v 0.507859 0.729864 0.265215
v 0.531918 0.725982 0.008221
v 0.624022 0.128520 0.023311
v 0.621041 0.128078 0.297112
v 0.619085 0.191394 0.020064
v 0.612528 0.190062 0.296646
v 0.637530 0.160524 0.023073
v 0.633754 0.159191 0.298066
v 0.407269 0.922752 0.447216
v 0.445396 0.903450 0.430964
v 0.466838 0.883084 0.397231
v 0.373531 0.918156 0.453915
v 0.062635 0.971104 0.444186
v -0.005415 0.977000 0.442939
v 0.263255 0.952963 0.446453
v 0.455420 1.062387 0.075590
v 0.443202 1.022649 0.286862
v 0.444131 0.954664 -0.771691
v 0.455608 1.030841 -0.611983
v 0.524653 0.763193 -0.602748
v 0.509387 0.760670 -0.812781
v 0.504499 0.774264 0.037756
v 0.516018 0.770686 -0.204250
v 0.476825 0.843391 -0.822155
v 0.442019 0.985438 0.353943
v 0.455308 0.881230 0.396161
v 0.468599 0.777019 0.438351
v 0.492096 0.916879 -0.200033
v 0.460998 1.077375 -0.198354
v 0.461317 1.077799 -0.288487
v 0.525100 0.772977 -0.292514
v 0.493845 0.892375 -0.604762
v 0.493135 0.914848 -0.296164
v 0.486556 0.775660 0.237921
v 0.479960 0.918322 0.056665
v 0.464880 0.899153 0.262389
v 0.260582 1.048016 -0.898767
v 0.368549 0.998227 -0.935333
v 0.075305 1.064876 -0.905894
v 0.346698 0.827810 -1.113471
v 0.060972 0.877013 -1.179477
v -0.005415 0.884708 -1.184912
v 0.213647 0.859706 -1.166966
v -0.005415 1.072381 -0.908961
v 0.331388 0.748372 -1.210909
v -0.005415 0.807298 -1.275933
v 0.403085 0.713830 -1.177061
v 0.196574 0.782307 -1.255756
v 0.056216 0.799673 -1.269776
v 0.326092 0.739345 -1.201183
v 0.312980 0.676177 -1.269964
v 0.218283 0.453079 -1.438966
v 0.148490 0.360169 -1.530776
v 0.040406 0.341605 -1.559730
v -0.005415 0.333552 -1.563237
v 0.048926 0.722439 -1.328948
v 0.177519 0.705762 -1.313469
v -0.005415 0.797234 -1.266069
v -0.005415 0.729840 -1.335847
v 0.032951 0.489239 -1.482021
v 0.125033 0.477439 -1.460966
v -0.005415 0.494508 -1.491294
v 0.053855 0.789707 -1.259813
v 0.192569 0.772848 -1.245824
v 0.525947 0.696384 -0.905993
v 0.520008 0.690801 -0.904934
v 0.514377 0.696789 -0.904952
v 0.520316 0.702371 -0.906010
v 0.420134 0.666146 0.972255
v 0.414475 0.660690 0.969853
v 0.408815 0.666648 0.969654
v 0.414475 0.672103 0.972056
v 0.420134 0.666146 0.972255
v 0.414475 0.660690 0.969853
v 0.408815 0.666648 0.969654
v 0.414475 0.672103 0.972056
v 0.447171 0.688038 0.858803
v 0.441412 0.682505 0.856860
v 0.435762 0.688470 0.856618
v 0.441521 0.694003 0.858561
v 0.485763 0.712710 0.612720
v 0.479871 0.707096 0.611569
v 0.474253 0.713081 0.611138
v 0.480145 0.718695 0.612290
v 0.498737 0.714614 0.506397
v 0.492801 0.708984 0.505600
v 0.487184 0.714968 0.505167
v 0.493119 0.720598 0.505964
v 0.521265 0.724048 0.263650
v 0.515321 0.718416 0.262930
v 0.509691 0.724396 0.262628
v 0.515634 0.730029 0.263349
v 0.543717 0.731497 0.001985
v 0.537755 0.725859 0.001493
v 0.532125 0.731840 0.001188
v 0.538086 0.737477 0.001679
v 0.556731 0.731406 -0.245480
v 0.550751 0.725768 -0.245557
v 0.545115 0.731748 -0.245750
v 0.551096 0.737386 -0.245672
v 0.554373 0.724031 -0.600653
v 0.548401 0.718415 -0.600044
v 0.542768 0.724400 -0.600096
v 0.548739 0.730016 -0.600705
v 0.525947 0.696384 -0.905993
v 0.520008 0.690801 -0.904934
v 0.514377 0.696789 -0.904952
v 0.520316 0.702371 -0.906010
v 0.549124 0.302662 0.528824
v 0.549124 0.238113 0.528824
v 0.541081 0.302662 0.542755
v 0.541081 0.238113 0.542755
v 0.524995 0.302662 0.542755
v 0.524995 0.238113 0.542755
v 0.516951 0.302662 0.528824
v 0.516951 0.238113 0.528824
v 0.524995 0.302662 0.514892
v 0.524995 0.238113 0.514892
v 0.541081 0.302662 0.514892
v 0.541081 0.238113 0.514892
v 0.509254 0.728269 0.518951
v 0.509254 0.663719 0.518951
v 0.501211 0.728269 0.532883
v 0.501211 0.663719 0.532883
v 0.485124 0.728269 0.532883
v 0.485124 0.663719 0.532883
v 0.477081 0.728269 0.518951
v 0.477081 0.663719 0.518951
v 0.485124 0.728269 0.505020
v 0.485124 0.663719 0.505020
v 0.501211 0.728269 0.505020
v 0.501211 0.663719 0.505020
v 0.411132 0.447252 -1.413718
v 0.422435 0.502498 -1.398134
v 0.449724 0.525381 -1.391679
v 0.477013 0.502498 -1.398134
v 0.488317 0.447252 -1.413718
v 0.477013 0.392007 -1.429302
v 0.449724 0.369124 -1.435757
v 0.422435 0.392007 -1.429302
v 0.391427 0.448969 -1.298694
v 0.408502 0.522127 -1.252151
v 0.449724 0.552430 -1.232872
v 0.490946 0.522127 -1.252151
v 0.508021 0.448969 -1.298694
v 0.490946 0.375810 -1.345236
v 0.449724 0.345507 -1.364515
v 0.408502 0.375810 -1.345236
v 0.416447 0.447252 -1.416230
v 0.426194 0.494889 -1.402792
v 0.449724 0.514620 -1.397226
v 0.473255 0.494889 -1.402792
v 0.483002 0.447252 -1.416230
v 0.473255 0.399616 -1.429667
v 0.449724 0.379884 -1.435233
v 0.426194 0.399616 -1.429667
v 0.422791 0.448152 -1.434448
v 0.430899 0.489233 -1.431689
v 0.450474 0.506249 -1.430547
v 0.470048 0.489233 -1.431689
v 0.478156 0.448152 -1.434448
v 0.470048 0.407071 -1.437207
v 0.450474 0.390054 -1.438349
v 0.430899 0.407071 -1.437207
v 0.429509 0.446960 -1.446366
v 0.435649 0.478072 -1.444277
v 0.450474 0.490960 -1.443412
v 0.465298 0.478072 -1.444277
v 0.471439 0.446960 -1.446366
v 0.465298 0.415847 -1.448456
v 0.450474 0.402960 -1.449321
v 0.435649 0.415847 -1.448456
v 0.103443 0.551612 -1.420695
v 0.103443 0.579213 -1.420695
v -0.005791 0.551612 -1.420695
v -0.005791 0.613437 -1.420695
v 0.050013 0.606484 -1.420695
v 0.050013 0.551612 -1.420695
v 0.050013 0.606484 -1.464748
v 0.103443 0.579213 -1.439650
v 0.103443 0.551612 -1.439650
v 0.050013 0.572453 -1.482298
v -0.005791 0.572453 -1.496514
v -0.005791 0.613437 -1.478963
v 0.547985 0.122737 -0.015305
v -0.639719 0.163860 0.639104
v -0.634596 0.536866 0.915517
v -0.634596 0.553694 1.086817
v -0.634596 0.404724 0.767980
v -0.602262 0.216224 -0.548449
v -0.634596 0.459551 1.260375
v -0.597800 0.463708 -0.625679
v -0.390439 0.661588 1.073149
v -0.455421 0.631240 0.855161
v -0.493590 0.475516 0.675052
v -0.547999 0.213108 0.543802
v -0.338030 0.578353 1.265493
v -0.277344 0.469985 1.378422
v -0.532564 0.617421 1.084632
v -0.589236 0.441603 0.744518
v -0.560455 0.580577 0.897243
v -0.503833 0.381984 1.384402
v -0.616802 0.188729 0.573228
v -0.580020 0.600664 -0.732827
v -0.332764 0.440289 -1.418839
v -0.428648 0.575881 -1.237114
v -0.480135 0.669959 -1.084465
v -0.530993 0.683318 -0.909263
v -0.629379 0.336687 1.354137
v -0.664802 0.552334 -0.913843
v -0.664802 0.533277 -1.076226
v -0.664802 0.398834 -1.227640
v -0.631576 0.239938 -1.340102
v -0.660683 0.466797 -0.746214
v -0.661644 0.327782 -0.654512
v -0.657354 0.189481 -0.618309
v -0.499483 0.380315 -1.389873
v -0.582480 0.620108 -1.079968
v -0.552446 0.520676 -1.234826
v -0.626073 0.565195 -0.739521
v -0.606879 0.634865 -0.914146
v -0.637674 0.192727 -0.585491
v -0.635443 0.418971 -0.643185
v -0.477791 1.064340 0.076320
v -0.477723 1.033852 -0.613048
v -0.465987 0.958137 -0.773675
v -0.484359 1.082156 -0.244535
v -0.539646 0.472669 0.534033
v -0.513366 0.625268 0.533244
v -0.494629 0.733746 0.522209
v -0.531409 0.763950 -0.814021
v -0.465566 1.024491 0.287927
v -0.479783 0.776265 0.492460
v -0.490963 0.778871 0.439393
v -0.396084 1.062049 0.380121
v -0.391438 1.103359 0.280959
v -0.283479 1.104030 0.355247
v -0.287754 1.136247 0.265988
v -0.401989 1.159755 -0.249432
v -0.300121 1.207011 -0.242933
v -0.381659 1.003939 -0.940275
v -0.272956 1.054127 -0.903514
v -0.297670 1.168634 -0.649373
v -0.391798 1.133090 -0.640442
v -0.295836 1.192054 0.043392
v -0.396518 1.138029 0.062493
v -0.430107 1.063621 0.288690
v -0.442940 1.126836 -0.248654
v -0.424681 0.987123 -0.879120
v -0.434397 1.093278 -0.629587
v -0.438041 1.105529 0.068320
v -0.566809 0.722100 -0.248774
v -0.547355 0.775621 -0.292648
v -0.538411 0.772574 -0.203721
v -0.328974 0.684253 -1.280560
v -0.412252 0.669117 -1.220689
v -0.233908 0.460060 -1.450473
v -0.162656 0.367404 -1.542638
v -0.221509 0.322604 -1.554917
v -0.432670 1.030636 0.369469
v -0.440115 0.783454 0.514311
v -0.445462 0.774646 0.556060
v -0.387438 0.735954 0.864547
v -0.451571 0.702171 0.860610
v -0.339457 0.693940 1.081036
v -0.277140 0.635588 1.267383
v -0.222198 0.546836 1.378477
v -0.156259 0.434963 1.456119
v -0.210027 0.380140 1.460611
v -0.077019 0.343037 1.501691
v -0.122252 0.270114 1.520272
v -0.271843 0.826209 0.519066
v -0.264061 0.816394 0.580895
v -0.281209 0.213026 1.458538
v -0.447285 0.219613 1.447603
v -0.604290 0.261622 1.379337
v -0.217866 0.363877 1.454379
v -0.207683 0.192770 1.483117
v -0.140465 0.255820 1.504393
v -0.112603 0.190905 1.512075
v -0.635415 0.189988 0.719596
v -0.641594 0.523036 0.929233
v -0.641594 0.538245 1.085329
v -0.641594 0.395322 0.800810
v -0.641594 0.452548 1.243731
v -0.636850 0.340632 1.328973
v -0.464374 0.987296 0.355070
v -0.374247 1.035541 0.392230
v -0.276328 1.079717 0.373840
v -0.394476 0.800771 0.515600
v -0.483565 1.080453 -0.288870
v -0.483362 1.079453 -0.197916
v -0.603960 0.467537 -0.248167
v -0.607544 0.215879 -0.256816
v -0.590209 0.610219 -0.248164
v -0.514476 0.918860 -0.199548
v -0.539233 0.794789 -0.249987
v -0.449955 0.185473 -1.550612
v -0.339129 0.272636 -1.538374
v -0.418101 0.826388 -1.067236
v -0.498791 0.846746 -0.823674
v -0.490466 0.827496 -0.917646
v -0.225979 0.865836 -1.171700
v -0.359808 0.833522 -1.118414
v -0.664630 0.529672 -0.918628
v -0.664630 0.511250 -1.076978
v -0.664630 0.380499 -1.224738
v -0.632240 0.225134 -1.334164
v -0.660615 0.446287 -0.755216
v -0.661552 0.311183 -0.665665
v -0.660944 0.200243 -0.636145
v -0.653338 0.161856 -0.580892
v -0.640809 0.157858 0.573059
v -0.652135 0.161856 -0.251920
v -0.636471 0.192727 -0.256518
v -0.639036 0.127770 -0.553242
v -0.628891 0.127636 0.570913
v -0.637833 0.128961 -0.250490
v -0.620835 0.127636 0.639417
v -0.616531 0.130616 0.679188
v -0.635802 0.131427 -0.593584
v -0.644160 0.158875 -0.626914
v -0.467735 0.189988 0.719596
v -0.473914 0.523036 0.929233
v -0.473914 0.538245 1.085329
v -0.473914 0.395322 0.800810
v -0.473914 0.452548 1.243731
v -0.469171 0.340632 1.328973
v -0.425557 0.255006 1.390067
v -0.496950 0.529672 -0.918628
v -0.496950 0.511250 -1.076978
v -0.496950 0.380499 -1.224738
v -0.464560 0.225134 -1.334164
v -0.492935 0.446287 -0.755216
v -0.493872 0.311183 -0.665665
v -0.493265 0.200243 -0.636145
v -0.448852 0.130616 0.679188
v -0.476481 0.158875 -0.626914
v -0.423514 0.530585 1.366251
v -0.473140 0.511597 1.374123
v -0.493696 0.465755 1.393131
v -0.473140 0.419914 1.412139
v -0.423514 0.400926 1.420013
v -0.373888 0.419914 1.412140
v -0.353332 0.465755 1.393132
v -0.373888 0.511597 1.374124
v -0.423514 0.574800 1.331089
v -0.503833 0.544068 1.343832
v -0.537102 0.469874 1.374596
v -0.503833 0.395680 1.405360
v -0.423514 0.364948 1.418103
v -0.343195 0.395681 1.405361
v -0.309926 0.469875 1.374597
v -0.343195 0.544068 1.343833
v -0.334687 0.378454 1.391667
v -0.511159 0.570020 1.300563
v -0.420990 0.600224 1.279654
v -0.565176 0.477901 1.330484
v -0.423514 0.351252 1.404296
v -0.600661 0.465486 -0.450388
v -0.546810 0.766158 -0.603434
v -0.604715 0.216064 -0.421644
v -0.584751 0.605100 -0.507783
v -0.554978 0.709052 -0.601954
v -0.638478 0.128323 -0.421644
v -0.652780 0.161856 -0.421644
v -0.637116 0.192727 -0.421644
v -0.515387 0.917497 -0.296428
v -0.515374 0.919735 -0.247616
v -0.028850 0.208447 1.527176
v -0.034554 0.314271 1.500117
v -0.058854 0.848213 0.521744
v -0.057293 0.835122 0.604417
v -0.047145 0.802910 0.886285
v -0.031713 0.754722 1.104757
v -0.023046 0.674859 1.279161
v -0.021295 0.591950 1.384331
v -0.021253 0.480253 1.460533
v -0.280433 0.264566 1.442469
v -0.209725 0.227089 1.477353
v -0.118191 0.203925 1.510534
v -0.529199 0.473315 0.566022
v -0.500222 0.626622 0.606268
v -0.432300 0.767408 0.622960
v -0.252988 0.809122 0.634722
v -0.480246 0.726583 0.615898
v -0.080375 0.827246 0.713099
v -0.337483 0.685932 1.078412
v -0.385292 0.727744 0.862845
v -0.275712 0.628234 1.263049
v -0.221213 0.541054 1.372112
v -0.155363 0.430822 1.448572
v -0.076729 0.340364 1.493464
v -0.034415 0.311733 1.491843
v -0.251148 0.800777 0.633348
v -0.227036 0.769258 0.870748
v -0.195571 0.720125 1.089029
v -0.159164 0.644751 1.263531
v -0.088461 0.446439 1.449760
v -0.120425 0.562624 1.367606
v -0.045753 0.794541 0.884574
v -0.030231 0.746692 1.101886
v -0.021380 0.667709 1.274575
v -0.019391 0.586290 1.378066
v -0.019904 0.476351 1.452926
v -0.078990 0.818808 0.711757
v -0.430179 0.759133 0.621566
v -0.482978 0.520685 1.370355
v -0.423514 0.543437 1.360921
v -0.507609 0.465755 1.393131
v -0.482978 0.410826 1.415907
v -0.423514 0.388073 1.425342
v -0.364049 0.410826 1.415908
v -0.339419 0.465755 1.393132
v -0.364049 0.520685 1.370356
v -0.458160 0.503786 1.394394
v -0.423514 0.517042 1.388898
v -0.472512 0.471781 1.407665
v -0.458160 0.439777 1.420935
v -0.423514 0.426520 1.426432
v -0.388867 0.439777 1.420936
v -0.374516 0.471781 1.407665
v -0.388867 0.503786 1.394395
v -0.431378 0.483044 1.414296
v -0.423514 0.486053 1.413048
v -0.434635 0.475780 1.417308
v -0.431378 0.468515 1.420320
v -0.423514 0.465507 1.421567
v -0.415650 0.468515 1.420320
v -0.412393 0.475780 1.417308
v -0.415650 0.483044 1.414296
v -0.091563 1.152455 0.250159
v -0.090259 1.114334 0.347042
v -0.095336 1.216980 -0.242933
v -0.087048 1.071300 -0.910383
v -0.094589 1.185807 -0.653094
v -0.094029 1.206588 0.032086
v -0.071350 0.276289 -1.599048
v -0.053393 0.348211 -1.572214
v -0.088077 1.093996 0.366629
v -0.107239 0.236788 -1.619829
v -0.141054 0.182676 -1.629621
v -0.072714 0.883439 -1.183965
v -0.538980 0.620251 0.272775
v -0.564595 0.615235 0.012306
v -0.561084 0.470959 0.273300
v -0.582522 0.469248 0.012567
v -0.587696 0.214955 0.010057
v -0.567847 0.214032 0.276929
v -0.508924 0.777498 0.238950
v -0.526884 0.776125 0.038507
v -0.518689 0.729864 0.265215
v -0.542749 0.725982 0.008221
v -0.634853 0.128520 0.023311
v -0.631872 0.128078 0.297112
v -0.629915 0.191394 0.020064
v -0.623359 0.190062 0.296646
v -0.648360 0.160524 0.023073
v -0.644585 0.159191 0.298066
v -0.418099 0.922752 0.447216
v -0.456227 0.903450 0.430964
v -0.477669 0.883084 0.397231
v -0.384362 0.918156 0.453915
v -0.073465 0.971104 0.444186
v -0.274086 0.952963 0.446453
v -0.466250 1.062387 0.075590
v -0.454033 1.022649 0.286862
v -0.454962 0.954664 -0.771691
v -0.466438 1.030841 -0.611983
v -0.535483 0.763193 -0.602748
v -0.520217 0.760670 -0.812781
v -0.515329 0.774264 0.037756
v -0.526848 0.770686 -0.204250
v -0.487656 0.843391 -0.822155
v -0.452849 0.985438 0.353943
v -0.466138 0.881230 0.396161
v -0.479430 0.777019 0.438351
v -0.502927 0.916879 -0.200033
v -0.471828 1.077375 -0.198354
v -0.472147 1.077799 -0.288487
v -0.535930 0.772977 -0.292514
v -0.504675 0.892375 -0.604762
v -0.503965 0.914848 -0.296164
v -0.497387 0.775660 0.237921
v -0.490791 0.918322 0.056665
v -0.475710 0.899153 0.262389
v -0.271412 1.048016 -0.898767
v -0.379379 0.998227 -0.935333
v -0.086136 1.064876 -0.905894
v -0.357528 0.827810 -1.113471
v -0.071802 0.877013 -1.179477
v -0.224478 0.859706 -1.166966
v -0.342219 0.748372 -1.210909
v -0.413915 0.713830 -1.177061
v -0.207404 0.782307 -1.255756
v -0.067047 0.799673 -1.269776
v -0.336922 0.739345 -1.201183
v -0.323811 0.676177 -1.269964
v -0.229113 0.453079 -1.438966
v -0.159320 0.360169 -1.530776
v -0.051237 0.341605 -1.559730
v -0.059757 0.722439 -1.328948
v -0.188350 0.705762 -1.313469
v -0.043782 0.489239 -1.482021
v -0.135864 0.477439 -1.460966
v -0.064686 0.789707 -1.259813
v -0.203400 0.772848 -1.245824
v -0.536778 0.696384 -0.905993
v -0.530839 0.690801 -0.904934
v -0.525208 0.696789 -0.904952
v -0.531147 0.702371 -0.906010
v -0.430964 0.666146 0.972255
v -0.425305 0.660690 0.969853
v -0.419646 0.666648 0.969654
v -0.425305 0.672103 0.972056
v -0.430964 0.666146 0.972255
v -0.425305 0.660690 0.969853
v -0.419646 0.666648 0.969654
v -0.425305 0.672103 0.972056
v -0.458001 0.688038 0.858803
v -0.452242 0.682505 0.856860
v -0.446592 0.688470 0.856618
v -0.452351 0.694003 0.858561
v -0.496593 0.712710 0.612720
v -0.490701 0.707096 0.611569
v -0.485083 0.713081 0.611138
v -0.490975 0.718695 0.612290
v -0.509568 0.714614 0.506397
v -0.503632 0.708984 0.505600
v -0.498014 0.714968 0.505167
v -0.503950 0.720598 0.505964
v -0.532095 0.724048 0.263650
v -0.526152 0.718416 0.262930
v -0.520521 0.724396 0.262628
v -0.526464 0.730029 0.263349
v -0.554547 0.731497 0.001985
v -0.548586 0.725859 0.001493
v -0.542955 0.731840 0.001188
v -0.548917 0.737477 0.001679
v -0.567562 0.731406 -0.245480
v -0.561582 0.725768 -0.245557
v -0.555946 0.731748 -0.245750
v -0.561926 0.737386 -0.245672
v -0.565203 0.724031 -0.600653
v -0.559232 0.718415 -0.600044
v -0.553598 0.724400 -0.600096
v -0.559569 0.730016 -0.600705
v -0.536778 0.696384 -0.905993
v -0.530839 0.690801 -0.904934
v -0.525208 0.696789 -0.904952
v -0.531147 0.702371 -0.906010
v -0.559955 0.302662 0.528824
v -0.559955 0.238113 0.528824
v -0.551912 0.302662 0.542755
v -0.551912 0.238113 0.542755
v -0.535825 0.302662 0.542755
v -0.535825 0.238113 0.542755
v -0.527782 0.302662 0.528824
v -0.527782 0.238113 0.528824
v -0.535825 0.302662 0.514892
v -0.535825 0.238113 0.514892
v -0.551912 0.302662 0.514892
v -0.551912 0.238113 0.514892
v -0.520084 0.728269 0.518951
v -0.520084 0.663719 0.518951
v -0.512041 0.728269 0.532883
v -0.512041 0.663719 0.532883
v -0.495954 0.728269 0.532883
v -0.495954 0.663719 0.532883
v -0.487911 0.728269 0.518951
v -0.487911 0.663719 0.518951
v -0.495954 0.728269 0.505020
v -0.495954 0.663719 0.505020
v -0.512041 0.728269 0.505020
v -0.512041 0.663719 0.505020
v -0.421962 0.447253 -1.413718
v -0.433266 0.502498 -1.398134
v -0.460555 0.525381 -1.391679
v -0.487844 0.502498 -1.398134
v -0.499148 0.447252 -1.413718
v -0.487844 0.392007 -1.429302
v -0.460555 0.369124 -1.435757
v -0.433266 0.392007 -1.429302
v -0.402258 0.448969 -1.298694
v -0.419333 0.522127 -1.252151
v -0.460555 0.552430 -1.232872
v -0.501777 0.522127 -1.252151
v -0.518852 0.448969 -1.298694
v -0.501777 0.375810 -1.345236
v -0.460555 0.345507 -1.364515
v -0.419333 0.375810 -1.345236
v -0.427278 0.447253 -1.416230
v -0.437024 0.494889 -1.402792
v -0.460555 0.514620 -1.397226
v -0.484086 0.494889 -1.402792
v -0.493832 0.447252 -1.416230
v -0.484086 0.399616 -1.429667
v -0.460555 0.379884 -1.435233
v -0.437024 0.399616 -1.429667
v -0.433622 0.448152 -1.434448
v -0.441730 0.489233 -1.431689
v -0.461304 0.506249 -1.430547
v -0.480878 0.489233 -1.431689
v -0.488986 0.448152 -1.434448
v -0.480879 0.407071 -1.437207
v -0.461304 0.390054 -1.438349
v -0.441730 0.407071 -1.437207
v -0.440339 0.446960 -1.446366
v -0.446480 0.478072 -1.444277
v -0.461304 0.490960 -1.443412
v -0.476129 0.478072 -1.444277
v -0.482269 0.446960 -1.446366
v -0.476129 0.415847 -1.448456
v -0.461304 0.402960 -1.449321
v -0.446480 0.415847 -1.448456
v -0.114273 0.551612 -1.420695
v -0.114273 0.579213 -1.420695
v -0.005040 0.551612 -1.420695
v -0.005040 0.613437 -1.420695
v -0.060843 0.606484 -1.420695
v -0.060843 0.551612 -1.420695
v -0.060843 0.606484 -1.464748
v -0.114273 0.579213 -1.439650
v -0.114273 0.551612 -1.439650
v -0.060843 0.572453 -1.482298
v -0.005040 0.572453 -1.496514
v -0.005040 0.613437 -1.478963
v -0.558815 0.122737 -0.015305
v 0.623766 0.459551 1.260375
v 0.623766 0.459551 1.260375
v 0.623766 0.553694 1.086817
v 0.623766 0.553694 1.086817
v 0.379608 0.661588 1.073149
v 0.379608 0.661588 1.073149
v 0.379608 0.661588 1.073149
v 0.444591 0.631240 0.855161
v 0.444591 0.631240 0.855161
v 0.482760 0.475516 0.675052
v 0.537169 0.213108 0.543802
v 0.537169 0.213108 0.543802
v 0.327200 0.578353 1.265493
v 0.266514 0.469985 1.378422
v 0.266514 0.469985 1.378422
v 0.591432 0.216224 -0.548449
v 0.591432 0.216224 -0.548449
v 0.554346 0.477901 1.330484
v 0.554346 0.477901 1.330484
v 0.586970 0.463708 -0.625679
v 0.605972 0.188729 0.573228
v 0.569190 0.600664 -0.732827
v 0.520162 0.683318 -0.909263
v 0.417817 0.575881 -1.237114
v 0.469304 0.669959 -1.084465
v 0.653972 0.533277 -1.076226
v 0.653972 0.398834 -1.227640
v 0.620745 0.239938 -1.340102
v 0.623766 0.536866 0.915517
v 0.623766 0.404724 0.767980
v 0.628888 0.163860 0.639104
v 0.618549 0.336687 1.354137
v 0.466961 1.064340 0.076320
v 0.454736 1.024491 0.287927
v 0.455156 0.958137 -0.773675
v 0.455156 0.958137 -0.773675
v 0.466892 1.033852 -0.613048
v 0.385253 1.062049 0.380121
v 0.385253 1.062049 0.380121
v 0.262126 1.054127 -0.903514
v 0.370828 1.003939 -0.940275
v 0.370828 1.003939 -0.940275
v 0.076217 1.071300 -0.910383
v 0.557017 0.214032 0.276929
v 0.535979 0.766158 -0.603434
v 0.520578 0.763950 -0.814021
v 0.520578 0.763950 -0.814021
v 0.516053 0.776125 0.038507
v 0.527580 0.772574 -0.203721
v 0.527580 0.772574 -0.203721
v 0.331388 0.748372 -1.210909
v 0.331388 0.748372 -1.210909
v 0.318143 0.684253 -1.280560
v 0.223078 0.460060 -1.450473
v 0.151825 0.367404 -1.542638
v 0.151825 0.367404 -1.542638
v 0.042562 0.348211 -1.572214
v -0.005415 0.339783 -1.575988
v 0.487960 0.846746 -0.823674
v 0.487960 0.846746 -0.823674
v 0.328626 0.693940 1.081036
v 0.376608 0.735954 0.864547
v 0.266310 0.635588 1.267383
v 0.211368 0.546836 1.378477
v 0.145429 0.434963 1.456119
v 0.066189 0.343037 1.501691
v 0.023724 0.314271 1.500117
v 0.023724 0.314271 1.500117
v 0.111422 0.270114 1.520272
v 0.383645 0.800771 0.515600
v 0.048023 0.848213 0.521744
v 0.261013 0.826209 0.519066
v 0.068160 0.818808 0.711757
v 0.068160 0.818808 0.711757
v 0.069544 0.827246 0.713099
v 0.069544 0.827246 0.713099
v 0.421470 0.767408 0.622960
v 0.421470 0.767408 0.622960
v 0.419348 0.759133 0.621566
v 0.419348 0.759133 0.621566
v 0.023585 0.311733 1.491843
v 0.023585 0.311733 1.491843
v -0.005415 0.278793 1.511563
v -0.005415 0.483789 1.463854
v -0.005415 0.483789 1.463854
v -0.005415 0.592898 1.385381
v 0.593459 0.261621 1.379337
v 0.593459 0.261621 1.379337
v 0.469415 0.726583 0.615898
v 0.440741 0.702171 0.860610
v 0.630763 0.452548 1.243731
v 0.630763 0.538245 1.085329
v 0.630763 0.538245 1.085329
v 0.630763 0.523036 0.929233
v 0.630763 0.523036 0.929233
v 0.630763 0.395322 0.800810
v 0.624585 0.189988 0.719596
v 0.626020 0.340632 1.328973
v 0.453544 0.987296 0.355070
v 0.453544 0.987296 0.355070
v 0.466838 0.883084 0.397231
v 0.480133 0.778871 0.439393
v 0.480133 0.778871 0.439393
v 0.503645 0.918860 -0.199548
v 0.472532 1.079453 -0.197916
v 0.472532 1.079453 -0.197916
v 0.472532 1.079453 -0.197916
v 0.593884 0.216064 -0.421645
v 0.596713 0.215879 -0.256816
v 0.473528 1.082156 -0.244535
v 0.472734 1.080453 -0.288870
v 0.472734 1.080453 -0.288870
v 0.472734 1.080453 -0.288870
v 0.348978 0.833522 -1.118414
v 0.348978 0.833522 -1.118414
v 0.061884 0.883439 -1.183965
v -0.005415 0.891168 -1.189350
v 0.215149 0.865836 -1.171700
v 0.653800 0.529672 -0.918628
v 0.653800 0.529672 -0.918628
v 0.653800 0.511250 -1.076978
v 0.653800 0.511250 -1.076978
v 0.653800 0.380499 -1.224738
v 0.621409 0.225134 -1.334164
v 0.649784 0.446287 -0.755216
v 0.650721 0.311183 -0.665665
v 0.650114 0.200243 -0.636145
v 0.627647 0.128323 -0.421645
v 0.627003 0.128961 -0.250490
v 0.621041 0.128078 0.297112
v 0.618061 0.127636 0.570913
v 0.612528 0.190062 0.296646
v 0.641949 0.161856 -0.421645
v 0.641305 0.161856 -0.251920
v 0.633754 0.159191 0.298066
v 0.629979 0.157858 0.573059
v 0.642508 0.161856 -0.580892
v 0.610004 0.127636 0.639417
v 0.605701 0.130616 0.679188
v 0.605701 0.130616 0.679188
v 0.633330 0.158875 -0.626914
v 0.633330 0.158875 -0.626914
v 0.633330 0.158875 -0.626914
v 0.624972 0.131427 -0.593584
v 0.624972 0.131427 -0.593584
v 0.628206 0.127770 -0.553242
v 0.486120 0.529672 -0.918628
v 0.486120 0.511250 -1.076978
v 0.438021 0.130616 0.679188
v 0.463084 0.538245 1.085329
v 0.463084 0.523036 0.929233
v 0.465650 0.158875 -0.626914
v 0.472148 0.410825 1.415907
v 0.412683 0.388073 1.425342
v 0.412683 0.388073 1.425342
v 0.353219 0.410826 1.415908
v 0.493002 0.395680 1.405360
v 0.493002 0.395680 1.405360
v 0.526272 0.469874 1.374596
v 0.412683 0.364948 1.418103
v 0.412683 0.364948 1.418103
v 0.323857 0.378454 1.391667
v 0.323857 0.378454 1.391667
v 0.493002 0.381984 1.384402
v 0.493002 0.381984 1.384402
v 0.412683 0.351252 1.404296
v 0.412683 0.351252 1.404296
v 0.536525 0.775621 -0.292648
v 0.536525 0.775621 -0.292648
v 0.442019 0.985438 0.353943
v 0.442019 0.985438 0.353943
v 0.504556 0.917497 -0.296429
v 0.444131 0.954664 -0.771691
v 0.444131 0.954664 -0.771691
v -0.005415 0.853733 0.522416
v 0.010423 0.480253 1.460533
v 0.010464 0.591950 1.384331
v 0.012215 0.674859 1.279161
v 0.020882 0.754722 1.104757
v 0.036315 0.802910 0.886285
v 0.242157 0.809122 0.634722
v 0.326652 0.685932 1.078412
v 0.374461 0.727744 0.862845
v 0.264881 0.628234 1.263049
v 0.210383 0.541054 1.372112
v 0.144532 0.430822 1.448572
v 0.065899 0.340364 1.493464
v 0.009073 0.476351 1.452926
v 0.008561 0.586290 1.378066
v 0.010549 0.667709 1.274575
v 0.019400 0.746692 1.101886
v 0.034923 0.794541 0.884574
v 0.240318 0.800777 0.633348
v 0.462309 0.511597 1.374123
v 0.412683 0.530585 1.366251
v 0.482865 0.465755 1.393131
v 0.462309 0.419914 1.412139
v 0.412683 0.400925 1.420013
v 0.363057 0.419914 1.412140
v 0.342502 0.465755 1.393132
v 0.363057 0.511597 1.374124
v -0.005415 1.078840 -0.913399
v 0.148490 0.360169 -1.530776
v 0.148490 0.360169 -1.530776
v 0.326092 0.739345 -1.201183
v 0.326092 0.739345 -1.201183
v 0.576865 0.214955 0.010057
v 0.498093 0.777498 0.238950
v 0.624022 0.128520 0.023311
v 0.637530 0.160524 0.023073
v 0.476825 0.843391 -0.822155
v 0.476825 0.843391 -0.822155
v 0.516018 0.770686 -0.204250
v 0.516018 0.770686 -0.204250
v 0.460998 1.077375 -0.198354
v 0.460998 1.077375 -0.198354
v 0.461317 1.077799 -0.288487
v 0.461317 1.077799 -0.288487
v 0.455420 1.062387 0.075590
v 0.443202 1.022649 0.286862
v 0.455608 1.030841 -0.611983
v 0.524653 0.763193 -0.602748
v 0.509387 0.760670 -0.812781
v 0.509387 0.760670 -0.812781
v 0.504499 0.774264 0.037756
v 0.455308 0.881230 0.396161
v 0.468599 0.777019 0.438351
v 0.468599 0.777019 0.438351
v 0.492096 0.916879 -0.200033
v 0.525100 0.772977 -0.292514
v 0.525100 0.772977 -0.292514
v 0.493135 0.914848 -0.296164
v 0.486556 0.775660 0.237921
v 0.260582 1.048016 -0.898767
v 0.368549 0.998227 -0.935333
v 0.368549 0.998227 -0.935333
v 0.075305 1.064876 -0.905894
v 0.346698 0.827810 -1.113471
v 0.346698 0.827810 -1.113471
v 0.060972 0.877013 -1.179477
v -0.005415 0.884708 -1.184912
v 0.213647 0.859706 -1.166966
v -0.005415 1.072381 -0.908961
v 0.196574 0.782307 -1.255756
v 0.056216 0.799673 -1.269776
v -0.005415 0.807298 -1.275933
v 0.312980 0.676177 -1.269964
v 0.218283 0.453079 -1.438966
v 0.040406 0.341605 -1.559730
v -0.005415 0.333552 -1.563237
v 0.192569 0.772848 -1.245824
v 0.053855 0.789707 -1.259813
v -0.005415 0.797234 -1.266069
v 0.420134 0.666146 0.972255
v 0.447171 0.688038 0.858803
v 0.414475 0.672103 0.972056
v 0.441521 0.694003 0.858561
v 0.414475 0.660690 0.969853
v 0.441412 0.682505 0.856860
v 0.408815 0.666648 0.969654
v 0.435762 0.688470 0.856618
v 0.485763 0.712710 0.612720
v 0.480145 0.718695 0.612290
v 0.479871 0.707096 0.611569
v 0.474253 0.713081 0.611138
v 0.498737 0.714614 0.506397
v 0.493119 0.720598 0.505964
v 0.492801 0.708984 0.505600
v 0.487184 0.714968 0.505167
v 0.521265 0.724048 0.263650
v 0.515634 0.730029 0.263349
v 0.515321 0.718416 0.262930
v 0.509691 0.724396 0.262628
v 0.543717 0.731497 0.001985
v 0.538086 0.737477 0.001679
v 0.537755 0.725859 0.001493
v 0.532125 0.731840 0.001188
v 0.556731 0.731406 -0.245480
v 0.551096 0.737386 -0.245672
v 0.550751 0.725768 -0.245557
v 0.545115 0.731748 -0.245750
v 0.554373 0.724031 -0.600653
v 0.548739 0.730016 -0.600705
v 0.548401 0.718415 -0.600044
v 0.542768 0.724400 -0.600096
v 0.525947 0.696384 -0.905993
v 0.520316 0.702371 -0.906010
v 0.520008 0.690801 -0.904934
v 0.514377 0.696789 -0.904952
v 0.549124 0.302662 0.528824
v 0.549124 0.302662 0.528824
v 0.541081 0.302662 0.542755
v 0.541081 0.302662 0.542755
v 0.541081 0.238113 0.542755
v 0.541081 0.238113 0.542755
v 0.549124 0.238113 0.528824
v 0.549124 0.238113 0.528824
v 0.524995 0.302662 0.542755
v 0.524995 0.302662 0.542755
v 0.524995 0.238113 0.542755
v 0.524995 0.238113 0.542755
v 0.516951 0.302662 0.528824
v 0.516951 0.302662 0.528824
v 0.516951 0.238113 0.528824
v 0.516951 0.238113 0.528824
v 0.524995 0.302662 0.514892
v 0.524995 0.302662 0.514892
v 0.524995 0.238113 0.514892
v 0.524995 0.238113 0.514892
v 0.541081 0.302662 0.514892
v 0.541081 0.302662 0.514892
v 0.541081 0.238113 0.514892
v 0.541081 0.238113 0.514892
v 0.509254 0.728269 0.518951
v 0.509254 0.728269 0.518951
v 0.501211 0.728269 0.532883
v 0.501211 0.728269 0.532883
v 0.501211 0.663719 0.532883
v 0.501211 0.663719 0.532883
v 0.509254 0.663719 0.518951
v 0.509254 0.663719 0.518951
v 0.485124 0.728269 0.532883
v 0.485124 0.728269 0.532883
v 0.485124 0.663719 0.532883
v 0.485124 0.663719 0.532883
v 0.477081 0.728269 0.518951
v 0.477081 0.728269 0.518951
v 0.477081 0.663719 0.518951
v 0.477081 0.663719 0.518951
v 0.485124 0.728269 0.505020
v 0.485124 0.728269 0.505020
v 0.485124 0.663719 0.505020
v 0.485124 0.663719 0.505020
v 0.501211 0.728269 0.505020
v 0.501211 0.728269 0.505020
v 0.501211 0.663719 0.505020
v 0.501211 0.663719 0.505020
v 0.422435 0.502498 -1.398134
v 0.422435 0.502498 -1.398134
v 0.411132 0.447252 -1.413718
v 0.449724 0.525381 -1.391679
v 0.449724 0.525381 -1.391679
v 0.477013 0.502498 -1.398134
v 0.477013 0.502498 -1.398134
v 0.488317 0.447252 -1.413718
v 0.477013 0.392007 -1.429302
v 0.477013 0.392007 -1.429302
v 0.449724 0.369124 -1.435757
v 0.449724 0.369124 -1.435757
v 0.422435 0.392007 -1.429302
v 0.422435 0.392007 -1.429302
v 0.449724 0.552430 -1.232872
v 0.490946 0.522127 -1.252151
v 0.408502 0.522127 -1.252151
v 0.408502 0.375810 -1.345236
v 0.490946 0.375810 -1.345236
v 0.449724 0.345507 -1.364515
v 0.426194 0.494889 -1.402792
v 0.426194 0.494889 -1.402792
v 0.416447 0.447252 -1.416230
v 0.449724 0.514620 -1.397226
v 0.449724 0.514620 -1.397226
v 0.473255 0.494889 -1.402792
v 0.473255 0.494889 -1.402792
v 0.483002 0.447252 -1.416230
v 0.473255 0.399616 -1.429667
v 0.473255 0.399616 -1.429667
v 0.449724 0.379884 -1.435233
v 0.426194 0.399616 -1.429667
v 0.450474 0.506249 -1.430547
v 0.450474 0.506249 -1.430547
v 0.450474 0.506249 -1.430547
v 0.430899 0.489233 -1.431689
v 0.430899 0.489233 -1.431689
v 0.470048 0.489233 -1.431689
v 0.470048 0.489233 -1.431689
v 0.430899 0.407071 -1.437207
v 0.450474 0.390054 -1.438349
v 0.470048 0.407071 -1.437207
v 0.435649 0.478072 -1.444277
v 0.435649 0.478072 -1.444277
v 0.429509 0.446960 -1.446366
v 0.450474 0.490960 -1.443412
v 0.450474 0.490960 -1.443412
v 0.465298 0.478072 -1.444277
v 0.465298 0.478072 -1.444277
v 0.471439 0.446960 -1.446366
v 0.465298 0.415847 -1.448456
v 0.465298 0.415847 -1.448456
v 0.450474 0.402960 -1.449321
v 0.450474 0.402960 -1.449321
v 0.435649 0.415847 -1.448456
v 0.435649 0.415847 -1.448456
v 0.050013 0.606484 -1.420695
v 0.103443 0.579213 -1.420695
v 0.103443 0.579213 -1.420695
v 0.103443 0.551612 -1.420695
v 0.103443 0.551612 -1.420695
v 0.050013 0.551612 -1.420695
v -0.005791 0.551612 -1.420695
v -0.005791 0.613437 -1.420695
v 0.050013 0.606484 -1.464748
v 0.103443 0.579213 -1.439650
v 0.103443 0.579213 -1.439650
v 0.103443 0.551612 -1.439650
v 0.103443 0.551612 -1.439650
v 0.050013 0.572453 -1.482298
v -0.005791 0.572453 -1.496514
v -0.005791 0.613437 -1.478963
v 0.547985 0.122737 -0.015305
v 0.547985 0.122737 -0.015305
v -0.634596 0.459551 1.260375
v -0.634596 0.459551 1.260375
v -0.634596 0.553694 1.086817
v -0.634596 0.553694 1.086817
v -0.390439 0.661588 1.073149
v -0.390439 0.661588 1.073149
v -0.390439 0.661588 1.073149
v -0.455421 0.631240 0.855161
v -0.455421 0.631240 0.855161
v -0.493590 0.475516 0.675052
v -0.547999 0.213108 0.543802
v -0.547999 0.213108 0.543802
v -0.338030 0.578353 1.265493
v -0.277344 0.469985 1.378422
v -0.277344 0.469985 1.378422
v -0.602262 0.216224 -0.548449
v -0.602262 0.216224 -0.548449
v -0.565176 0.477901 1.330484
v -0.565176 0.477901 1.330484
v -0.597800 0.463708 -0.625679
v -0.616802 0.188729 0.573228
v -0.580020 0.600664 -0.732827
v -0.530993 0.683318 -0.909263
v -0.428648 0.575881 -1.237114
v -0.480135 0.669959 -1.084465
v -0.664802 0.533277 -1.076226
v -0.664802 0.398834 -1.227640
v -0.631576 0.239938 -1.340102
v -0.634596 0.536866 0.915517
v -0.634596 0.404724 0.767980
v -0.639719 0.163860 0.639104
v -0.629379 0.336687 1.354137
v -0.477791 1.064340 0.076320
v -0.465566 1.024491 0.287927
v -0.465987 0.958137 -0.773675
v -0.465987 0.958137 -0.773675
v -0.477723 1.033852 -0.613048
v -0.396084 1.062049 0.380121
v -0.396084 1.062049 0.380121
v -0.272956 1.054127 -0.903514
v -0.381659 1.003939 -0.940275
v -0.381659 1.003939 -0.940275
v -0.087048 1.071300 -0.910383
v -0.567847 0.214032 0.276929
v -0.546810 0.766158 -0.603434
v -0.531409 0.763950 -0.814021
v -0.531409 0.763950 -0.814021
v -0.526884 0.776125 0.038507
v -0.538411 0.772574 -0.203721
v -0.538411 0.772574 -0.203721
v -0.342219 0.748372 -1.210909
v -0.342219 0.748372 -1.210909
v -0.328974 0.684253 -1.280560
v -0.233908 0.460060 -1.450473
v -0.162656 0.367404 -1.542638
v -0.162656 0.367404 -1.542638
v -0.053393 0.348211 -1.572214
v -0.498791 0.846746 -0.823674
v -0.498791 0.846746 -0.823674
v -0.339457 0.693940 1.081036
v -0.387438 0.735954 0.864547
v -0.277140 0.635588 1.267383
v -0.222198 0.546836 1.378477
v -0.156259 0.434963 1.456119
v -0.077019 0.343037 1.501691
v -0.034554 0.314271 1.500117
v -0.034554 0.314271 1.500117
v -0.122252 0.270114 1.520272
v -0.394476 0.800771 0.515600
v -0.058854 0.848213 0.521744
v -0.271843 0.826209 0.519066
v -0.078990 0.818808 0.711757
v -0.078990 0.818808 0.711757
v -0.080375 0.827246 0.713099
v -0.080375 0.827246 0.713099
v -0.432300 0.767408 0.622960
v -0.432300 0.767408 0.622960
v -0.430179 0.759133 0.621566
v -0.430179 0.759133 0.621566
v -0.034415 0.311733 1.491843
v -0.034415 0.311733 1.491843
v -0.604290 0.261622 1.379337
v -0.604290 0.261622 1.379337
v -0.480246 0.726583 0.615898
v -0.451571 0.702171 0.860610
v -0.641594 0.452548 1.243731
v -0.641594 0.538245 1.085329
v -0.641594 0.538245 1.085329
v -0.641594 0.523036 0.929233
v -0.641594 0.523036 0.929233
v -0.641594 0.395322 0.800810
v -0.635415 0.189988 0.719596
v -0.636850 0.340632 1.328973
v -0.464374 0.987296 0.355070
v -0.464374 0.987296 0.355070
v -0.477669 0.883084 0.397231
v -0.490963 0.778871 0.439393
v -0.490963 0.778871 0.439393
v -0.514476 0.918860 -0.199548
v -0.483362 1.079453 -0.197916
v -0.483362 1.079453 -0.197916
v -0.483362 1.079453 -0.197916
v -0.604715 0.216064 -0.421644
v -0.607544 0.215879 -0.256816
v -0.484359 1.082156 -0.244535
v -0.483565 1.080453 -0.288870
v -0.483565 1.080453 -0.288870
v -0.483565 1.080453 -0.288870
v -0.359808 0.833522 -1.118414
v -0.359808 0.833522 -1.118414
v -0.072714 0.883439 -1.183965
v -0.225979 0.865836 -1.171700
v -0.664630 0.529672 -0.918628
v -0.664630 0.529672 -0.918628
v -0.664630 0.511250 -1.076978
v -0.664630 0.511250 -1.076978
v -0.664630 0.380499 -1.224738
v -0.632240 0.225134 -1.334164
v -0.660615 0.446287 -0.755216
v -0.661552 0.311183 -0.665665
v -0.660944 0.200243 -0.636145
v -0.638478 0.128323 -0.421644
v -0.637833 0.128961 -0.250490
v -0.631872 0.128078 0.297112
v -0.628891 0.127636 0.570913
v -0.623359 0.190062 0.296646
v -0.652780 0.161856 -0.421644
v -0.652135 0.161856 -0.251920
v -0.644585 0.159191 0.298066
v -0.640809 0.157858 0.573059
v -0.653338 0.161856 -0.580892
v -0.620835 0.127636 0.639417
v -0.616531 0.130616 0.679188
v -0.616531 0.130616 0.679188
v -0.644160 0.158875 -0.626914
v -0.644160 0.158875 -0.626914
v -0.644160 0.158875 -0.626914
v -0.635802 0.131427 -0.593584
v -0.635802 0.131427 -0.593584
v -0.639036 0.127770 -0.553242
v -0.496950 0.529672 -0.918628
v -0.496950 0.511250 -1.076978
v -0.448852 0.130616 0.679188
v -0.473914 0.538245 1.085329
v -0.473914 0.523036 0.929233
v -0.476481 0.158875 -0.626914
v -0.482978 0.410826 1.415907
v -0.423514 0.388073 1.425342
v -0.423514 0.388073 1.425342
v -0.364049 0.410826 1.415908
v -0.503833 0.395680 1.405360
v -0.503833 0.395680 1.405360
v -0.537102 0.469874 1.374596
v -0.423514 0.364948 1.418103
v -0.423514 0.364948 1.418103
v -0.334687 0.378454 1.391667
v -0.334687 0.378454 1.391667
v -0.503833 0.381984 1.384402
v -0.503833 0.381984 1.384402
v -0.423514 0.351252 1.404296
v -0.423514 0.351252 1.404296
v -0.547355 0.775621 -0.292648
v -0.547355 0.775621 -0.292648
v -0.452849 0.985438 0.353943
v -0.452849 0.985438 0.353943
v -0.515387 0.917497 -0.296428
v -0.454962 0.954664 -0.771691
v -0.454962 0.954664 -0.771691
v -0.021253 0.480253 1.460533
v -0.021295 0.591950 1.384331
v -0.023046 0.674859 1.279161
v -0.031713 0.754722 1.104757
v -0.047145 0.802910 0.886285
v -0.252988 0.809122 0.634722
v -0.337483 0.685932 1.078412
v -0.385292 0.727744 0.862845
v -0.275712 0.628234 1.263049
v -0.221213 0.541054 1.372112
v -0.155363 0.430822 1.448572
v -0.076729 0.340364 1.493464
v -0.019904 0.476351 1.452926
v -0.019391 0.586290 1.378066
v -0.021380 0.667709 1.274575
v -0.030231 0.746692 1.101886
v -0.045753 0.794541 0.884574
v -0.251148 0.800777 0.633348
v -0.473140 0.511597 1.374123
v -0.423514 0.530585 1.366251
v -0.493696 0.465755 1.393131
v -0.473140 0.419914 1.412139
v -0.423514 0.400926 1.420013
v -0.373888 0.419914 1.412140
v -0.353332 0.465755 1.393132
v -0.373888 0.511597 1.374124
v -0.159320 0.360169 -1.530776
v -0.159320 0.360169 -1.530776
v -0.336922 0.739345 -1.201183
v -0.336922 0.739345 -1.201183
v -0.587696 0.214955 0.010057
v -0.508924 0.777498 0.238950
v -0.634853 0.128520 0.023311
v -0.648360 0.160524 0.023073
v -0.487656 0.843391 -0.822155
v -0.487656 0.843391 -0.822155
v -0.526848 0.770686 -0.204250
v -0.526848 0.770686 -0.204250
v -0.471828 1.077375 -0.198354
v -0.471828 1.077375 -0.198354
v -0.472147 1.077799 -0.288487
v -0.472147 1.077799 -0.288487
v -0.466250 1.062387 0.075590
v -0.454033 1.022649 0.286862
v -0.466438 1.030841 -0.611983
v -0.535483 0.763193 -0.602748
v -0.520217 0.760670 -0.812781
v -0.520217 0.760670 -0.812781
v -0.515329 0.774264 0.037756
v -0.466138 0.881230 0.396161
v -0.479430 0.777019 0.438351
v -0.479430 0.777019 0.438351
v -0.502927 0.916879 -0.200033
v -0.535930 0.772977 -0.292514
v -0.535930 0.772977 -0.292514
v -0.503965 0.914848 -0.296164
v -0.497387 0.775660 0.237921
v -0.271412 1.048016 -0.898767
v -0.379379 0.998227 -0.935333
v -0.379379 0.998227 -0.935333
v -0.086136 1.064876 -0.905894
v -0.357528 0.827810 -1.113471
v -0.357528 0.827810 -1.113471
v -0.071802 0.877013 -1.179477
v -0.224478 0.859706 -1.166966
v -0.207404 0.782307 -1.255756
v -0.067047 0.799673 -1.269776
v -0.323811 0.676177 -1.269964
v -0.229113 0.453079 -1.438966
v -0.051237 0.341605 -1.559730
v -0.203400 0.772848 -1.245824
v -0.064686 0.789707 -1.259813
v -0.430964 0.666146 0.972255
v -0.458001 0.688038 0.858803
v -0.425305 0.672103 0.972056
v -0.452351 0.694003 0.858561
v -0.425305 0.660690 0.969853
v -0.452242 0.682505 0.856860
v -0.419646 0.666648 0.969654
v -0.446592 0.688470 0.856618
v -0.496593 0.712710 0.612720
v -0.490975 0.718695 0.612290
v -0.490701 0.707096 0.611569
v -0.485083 0.713081 0.611138
v -0.509568 0.714614 0.506397
v -0.503950 0.720598 0.505964
v -0.503632 0.708984 0.505600
v -0.498014 0.714968 0.505167
v -0.532095 0.724048 0.263650
v -0.526464 0.730029 0.263349
v -0.526152 0.718416 0.262930
v -0.520521 0.724396 0.262628
v -0.554547 0.731497 0.001985
v -0.548917 0.737477 0.001679
v -0.548586 0.725859 0.001493
v -0.542955 0.731840 0.001188
v -0.567562 0.731406 -0.245480
v -0.561926 0.737386 -0.245672
v -0.561582 0.725768 -0.245557
v -0.555946 0.731748 -0.245750
v -0.565203 0.724031 -0.600653
v -0.559569 0.730016 -0.600705
v -0.559232 0.718415 -0.600044
v -0.553598 0.724400 -0.600096
v -0.536778 0.696384 -0.905993
v -0.531147 0.702371 -0.906010
v -0.530839 0.690801 -0.904934
v -0.525208 0.696789 -0.904952
v -0.559955 0.302662 0.528824
v -0.559955 0.302662 0.528824
v -0.551912 0.302662 0.542755
v -0.551912 0.302662 0.542755
v -0.551912 0.238113 0.542755
v -0.551912 0.238113 0.542755
v -0.559955 0.238113 0.528824
v -0.559955 0.238113 0.528824
v -0.535825 0.302662 0.542755
v -0.535825 0.302662 0.542755
v -0.535825 0.238113 0.542755
v -0.535825 0.238113 0.542755
v -0.527782 0.302662 0.528824
v -0.527782 0.302662 0.528824
v -0.527782 0.238113 0.528824
v -0.527782 0.238113 0.528824
v -0.535825 0.302662 0.514892
v -0.535825 0.302662 0.514892
v -0.535825 0.238113 0.514892
v -0.535825 0.238113 0.514892
v -0.551912 0.302662 0.514892
v -0.551912 0.302662 0.514892
v -0.551912 0.238113 0.514892
v -0.551912 0.238113 0.514892
v -0.520084 0.728269 0.518951
v -0.520084 0.728269 0.518951
v -0.512041 0.728269 0.532883
v -0.512041 0.728269 0.532883
v -0.512041 0.663719 0.532883
v -0.512041 0.663719 0.532883
v -0.520084 0.663719 0.518951
v -0.520084 0.663719 0.518951
v -0.495954 0.728269 0.532883
v -0.495954 0.728269 0.532883
v -0.495954 0.663719 0.532883
v -0.495954 0.663719 0.532883
v -0.487911 0.728269 0.518951
v -0.487911 0.728269 0.518951
v -0.487911 0.663719 0.518951
v -0.487911 0.663719 0.518951
v -0.495954 0.728269 0.505020
v -0.495954 0.728269 0.505020
v -0.495954 0.663719 0.505020
v -0.495954 0.663719 0.505020
v -0.512041 0.728269 0.505020
v -0.512041 0.728269 0.505020
v -0.512041 0.663719 0.505020
v -0.512041 0.663719 0.505020
v -0.433266 0.502498 -1.398134
v -0.433266 0.502498 -1.398134
v -0.421962 0.447253 -1.413718
v -0.460555 0.525381 -1.391679
v -0.460555 0.525381 -1.391679
v -0.487844 0.502498 -1.398134
v -0.487844 0.502498 -1.398134
v -0.499148 0.447252 -1.413718
v -0.487844 0.392007 -1.429302
v -0.487844 0.392007 -1.429302
v -0.460555 0.369124 -1.435757
v -0.460555 0.369124 -1.435757
v -0.433266 0.392007 -1.429302
v -0.433266 0.392007 -1.429302
v -0.460555 0.552430 -1.232872
v -0.501777 0.522127 -1.252151
v -0.419333 0.522127 -1.252151
v -0.419333 0.375810 -1.345236
v -0.501777 0.375810 -1.345236
v -0.460555 0.345507 -1.364515
v -0.437024 0.494889 -1.402792
v -0.437024 0.494889 -1.402792
v -0.427278 0.447253 -1.416230
v -0.460555 0.514620 -1.397226
v -0.460555 0.514620 -1.397226
v -0.484086 0.494889 -1.402792
v -0.484086 0.494889 -1.402792
v -0.493832 0.447252 -1.416230
v -0.484086 0.399616 -1.429667
v -0.484086 0.399616 -1.429667
v -0.460555 0.379884 -1.435233
v -0.437024 0.399616 -1.429667
v -0.461304 0.506249 -1.430547
v -0.461304 0.506249 -1.430547
v -0.461304 0.506249 -1.430547
v -0.441730 0.489233 -1.431689
v -0.441730 0.489233 -1.431689
v -0.480878 0.489233 -1.431689
v -0.480878 0.489233 -1.431689
v -0.441730 0.407071 -1.437207
v -0.461304 0.390054 -1.438349
v -0.480879 0.407071 -1.437207
v -0.446480 0.478072 -1.444277
v -0.446480 0.478072 -1.444277
v -0.440339 0.446960 -1.446366
v -0.461304 0.490960 -1.443412
v -0.461304 0.490960 -1.443412
v -0.476129 0.478072 -1.444277
v -0.476129 0.478072 -1.444277
v -0.482269 0.446960 -1.446366
v -0.476129 0.415847 -1.448456
v -0.476129 0.415847 -1.448456
v -0.461304 0.402960 -1.449321
v -0.461304 0.402960 -1.449321
v -0.446480 0.415847 -1.448456
v -0.446480 0.415847 -1.448456
v -0.060843 0.606484 -1.420695
v -0.114273 0.579213 -1.420695
v -0.114273 0.579213 -1.420695
v -0.114273 0.551612 -1.420695
v -0.114273 0.551612 -1.420695
v -0.060843 0.551612 -1.420695
v -0.005040 0.551612 -1.420695
v -0.005040 0.613437 -1.420695
v -0.060843 0.606484 -1.464748
v -0.114273 0.579213 -1.439650
v -0.114273 0.579213 -1.439650
v -0.114273 0.551612 -1.439650
v -0.114273 0.551612 -1.439650
v -0.060843 0.572453 -1.482298
v -0.005040 0.572453 -1.496514
v -0.005040 0.613437 -1.478963
v -0.558815 0.122737 -0.015305
v -0.558815 0.122737 -0.015305
v 0.435194 0.359902 1.349658
v 0.435194 0.312522 -1.362943
v -0.428077 0.359902 1.349658
v -0.428077 0.312522 -1.362943
v 0.435194 0.177580 -0.921133
v -0.428077 0.177580 -0.921133
v -0.428077 0.177580 0.910958
v 0.435194 0.177580 0.910958
v 0.435194 0.624133 -0.921133
v -0.428077 0.624133 -0.921133
v -0.428077 0.624133 0.910958
v 0.435194 0.624133 0.910958
v 0.541537 0.849992 0.444887
v 0.541537 0.846819 0.444887
v 0.544285 0.845232 0.444887
v 0.547033 0.846819 0.444887
v 0.547033 0.849992 0.444887
v 0.544285 0.851579 0.444887
v 0.541536 0.849963 0.453670
v 0.541537 0.846850 0.453051
v 0.544286 0.845293 0.452750
v 0.547034 0.846848 0.453068
v 0.547033 0.849961 0.453687
v 0.544284 0.851518 0.453988
v 0.541481 0.846385 0.462080
v 0.541496 0.844140 0.459836
v 0.544251 0.843006 0.458744
v 0.546992 0.844116 0.459896
v 0.546978 0.846360 0.462139
v 0.544222 0.847494 0.463231
v 0.541342 0.838628 0.465313
v 0.541594 0.837883 0.462238
v 0.544371 0.836888 0.461069
v 0.546897 0.836638 0.462974
v 0.546645 0.837382 0.466049
v 0.543867 0.838377 0.467218
v 0.487689 0.766786 0.466719
v 0.488092 0.766673 0.463573
v 0.490958 0.766045 0.462362
v 0.493420 0.765530 0.464297
v 0.493017 0.765644 0.467443
v 0.490151 0.766272 0.468654
v 0.488910 0.727867 0.466722
v 0.489324 0.727892 0.463576
v 0.492250 0.728067 0.462362
v 0.494763 0.728218 0.464294
v 0.494349 0.728193 0.467440
v 0.491423 0.728017 0.468654
v 0.488497 0.755378 0.466721
v 0.490993 0.755304 0.468654
v 0.488908 0.755356 0.463575
v 0.491814 0.755260 0.462362
v 0.494310 0.755186 0.464295
v 0.493899 0.755208 0.467441
v 0.484827 0.755322 0.468216
v 0.485238 0.727811 0.468215
v 0.490848 0.728009 0.472576
v 0.490415 0.755295 0.472575
v 0.485738 0.755307 0.461197
v 0.486156 0.727843 0.461194
v 0.492275 0.755268 0.458425
v 0.492716 0.728075 0.458426
v 0.497965 0.755247 0.462764
v 0.498418 0.728278 0.462762
v 0.497022 0.755259 0.469882
v 0.497476 0.728245 0.469876
v 0.496243 0.848406 0.398062
v 0.510314 0.882377 0.398062
v 0.544285 0.896448 0.398062
v 0.578256 0.882377 0.398062
v 0.592327 0.848406 0.398062
v 0.578256 0.814435 0.398062
v 0.544285 0.800363 0.398062
v 0.510314 0.814435 0.398062
v 0.489373 0.848406 0.419878
v 0.505457 0.887234 0.419878
v 0.544285 0.903317 0.419878
v 0.583114 0.887234 0.419878
v 0.599197 0.848406 0.419878
v 0.583114 0.809577 0.419878
v 0.544285 0.793494 0.419878
v 0.505457 0.809577 0.419878
v 0.529193 0.848406 0.432016
v 0.533613 0.859078 0.432016
v 0.544285 0.863498 0.432016
v 0.554957 0.859078 0.432016
v 0.559377 0.848406 0.432016
v 0.554957 0.837734 0.432016
v 0.544285 0.833313 0.432016
v 0.533613 0.837734 0.432016
v 0.499621 0.893070 0.398062
v 0.481120 0.848406 0.398062
v 0.544285 0.911571 0.398062
v 0.588950 0.893070 0.398062
v 0.607450 0.848406 0.398062
v 0.588950 0.803741 0.398062
v 0.544285 0.785241 0.398062
v 0.499621 0.803741 0.398062
v 0.526820 0.865870 0.432016
v 0.519586 0.848406 0.432016
v 0.544285 0.873105 0.432016
v 0.561750 0.865870 0.432016
v 0.568984 0.848406 0.432016
v 0.561750 0.830941 0.432016
v 0.544285 0.823707 0.432016
v 0.526820 0.830941 0.432016
v 0.533613 0.859078 0.438758
v 0.529193 0.848406 0.438758
v 0.544285 0.863498 0.438758
v 0.554957 0.859078 0.438758
v 0.559377 0.848406 0.438758
v 0.554957 0.837734 0.438758
v 0.544285 0.833313 0.438758
v 0.533613 0.837734 0.438758
v 0.538059 0.854631 0.444977
v 0.535481 0.848406 0.444977
v 0.544285 0.857210 0.444977
v 0.550511 0.854631 0.444977
v 0.553090 0.848406 0.444977
v 0.550511 0.842180 0.444977
v 0.544285 0.839601 0.444977
v 0.538059 0.842180 0.444977
v -0.552367 0.849992 0.444887
v -0.552367 0.846819 0.444887
v -0.555115 0.845232 0.444887
v -0.557864 0.846819 0.444887
v -0.557864 0.849992 0.444887
v -0.555115 0.851579 0.444887
v -0.552367 0.849963 0.453670
v -0.552368 0.846850 0.453051
v -0.555116 0.845293 0.452750
v -0.557864 0.846849 0.453068
v -0.557863 0.849961 0.453687
v -0.555115 0.851518 0.453988
v -0.552312 0.846385 0.462080
v -0.552326 0.844141 0.459836
v -0.555081 0.843006 0.458744
v -0.557822 0.844116 0.459896
v -0.557808 0.846360 0.462139
v -0.555053 0.847495 0.463231
v -0.552172 0.838628 0.465313
v -0.552424 0.837883 0.462238
v -0.555202 0.836888 0.461069
v -0.557727 0.836638 0.462974
v -0.557475 0.837382 0.466049
v -0.554698 0.838377 0.467218
v -0.498519 0.766787 0.466719
v -0.498923 0.766673 0.463573
v -0.501788 0.766045 0.462362
v -0.504250 0.765530 0.464298
v -0.503847 0.765644 0.467443
v -0.500981 0.766272 0.468654
v -0.499740 0.727867 0.466722
v -0.500154 0.727892 0.463576
v -0.503081 0.728067 0.462362
v -0.505594 0.728218 0.464294
v -0.505180 0.728193 0.467440
v -0.502253 0.728017 0.468654
v -0.499328 0.755378 0.466721
v -0.501824 0.755304 0.468654
v -0.499738 0.755356 0.463575
v -0.502644 0.755260 0.462362
v -0.505140 0.755186 0.464295
v -0.504730 0.755208 0.467441
v -0.495658 0.755322 0.468216
v -0.496069 0.727811 0.468215
v -0.501678 0.728009 0.472576
v -0.501245 0.755296 0.472575
v -0.496568 0.755307 0.461197
v -0.496986 0.727844 0.461194
v -0.503105 0.755268 0.458425
v -0.503546 0.728076 0.458426
v -0.508795 0.755247 0.462764
v -0.509249 0.728278 0.462762
v -0.507852 0.755260 0.469882
v -0.508306 0.728245 0.469876
v -0.507073 0.848406 0.398062
v -0.521144 0.882377 0.398062
v -0.555115 0.896448 0.398062
v -0.589086 0.882377 0.398062
v -0.603157 0.848406 0.398062
v -0.589086 0.814435 0.398062
v -0.555115 0.800363 0.398062
v -0.521144 0.814435 0.398062
v -0.500204 0.848406 0.419878
v -0.516287 0.887234 0.419878
v -0.555115 0.903318 0.419878
v -0.593944 0.887234 0.419878
v -0.610027 0.848406 0.419878
v -0.593944 0.809577 0.419878
v -0.555115 0.793494 0.419878
v -0.516287 0.809577 0.419878
v -0.540023 0.848406 0.432016
v -0.544443 0.859078 0.432016
v -0.555115 0.863498 0.432016
v -0.565787 0.859078 0.432016
v -0.570208 0.848406 0.432016
v -0.565787 0.837734 0.432016
v -0.555115 0.833313 0.432016
v -0.544443 0.837734 0.432016
v -0.510451 0.893070 0.398062
v -0.491950 0.848406 0.398062
v -0.555115 0.911571 0.398062
v -0.599780 0.893070 0.398062
v -0.618280 0.848406 0.398062
v -0.599780 0.803741 0.398062
v -0.555115 0.785241 0.398062
v -0.510451 0.803741 0.398062
v -0.537651 0.865871 0.432016
v -0.530416 0.848406 0.432016
v -0.555115 0.873105 0.432016
v -0.572580 0.865871 0.432016
v -0.579814 0.848406 0.432016
v -0.572580 0.830941 0.432016
v -0.555115 0.823707 0.432016
v -0.537651 0.830941 0.432016
v -0.544443 0.859078 0.438758
v -0.540023 0.848406 0.438758
v -0.555115 0.863498 0.438758
v -0.565787 0.859078 0.438758
v -0.570208 0.848406 0.438758
v -0.565787 0.837734 0.438758
v -0.555115 0.833313 0.438758
v -0.544443 0.837734 0.438758
v -0.548890 0.854631 0.444977
v -0.546311 0.848406 0.444977
v -0.555115 0.857210 0.444977
v -0.561341 0.854631 0.444977
v -0.563920 0.848406 0.444977
v -0.561341 0.842180 0.444977
v -0.555115 0.839601 0.444977
v -0.548890 0.842180 0.444977
v -0.005415 0.418961 1.473264
v -0.005415 0.536926 1.421474
v 0.004178 0.419856 1.463005
v 0.004178 0.536926 1.411423
v -0.005415 0.453570 1.498796
v -0.005415 0.533383 1.464356
v 0.004178 0.454244 1.488588
v 0.004178 0.533634 1.454246
v -0.005415 0.492835 1.495681
v 0.004178 0.493298 1.485522
v -0.015008 0.419856 1.463005
v -0.015008 0.536926 1.411423
v -0.015008 0.454244 1.488588
v -0.015008 0.533634 1.454246
v -0.015008 0.493298 1.485522
v -0.005415 0.425188 1.464858
v -0.005415 0.526497 1.420642
v -0.003836 0.424286 1.457024
v 0.003304 0.526528 1.410594
v -0.005415 0.456155 1.488659
v -0.005415 0.525098 1.457968
v -0.004357 0.456468 1.482016
v 0.000925 0.523991 1.451495
v -0.005415 0.489532 1.485755
v -0.003994 0.490202 1.478914
v -0.006995 0.424286 1.457024
v -0.014135 0.526528 1.410594
v -0.006473 0.456468 1.482016
v -0.011756 0.523991 1.451495
v -0.006836 0.490202 1.478914
v -0.061661 0.828661 0.721978
v -0.033380 0.823660 0.770706
v 0.023182 0.823660 0.770706
v 0.051464 0.828661 0.721978
v 0.023182 0.833662 0.673249
v -0.033380 0.833662 0.673249
v -0.058127 0.839958 0.721978
v -0.031613 0.835269 0.767662
v 0.021415 0.835269 0.767662
v 0.047929 0.839958 0.721978
v 0.021415 0.844646 0.676294
v -0.031613 0.844646 0.676294
v -0.048700 0.833804 0.721978
v -0.026900 0.829949 0.759540
v 0.016702 0.829949 0.759540
v 0.038502 0.833804 0.721978
v 0.016702 0.837659 0.684416
v -0.026900 0.837659 0.684416
v -0.005415 0.804564 0.889755
v -0.005415 0.755136 1.107237
v -0.005415 0.673580 1.282706
v -0.005415 0.588191 1.385381
v -0.005415 0.823567 0.783425
v 0.001353 0.809272 0.889755
v 0.001353 0.759844 1.107237
v 0.001353 0.678288 1.282706
v 0.001353 0.592898 1.385381
v 0.001353 0.828275 0.783425
v -0.005415 0.546635 1.416841
v 0.001353 0.551343 1.416841
v -0.005415 0.812550 0.891415
v -0.005415 0.763122 1.108896
v -0.005415 0.681566 1.284365
v -0.005415 0.596177 1.387040
v -0.005415 0.554621 1.418500
v -0.005415 0.831553 0.785084
v -0.002713 0.812550 0.891415
v -0.002713 0.763122 1.108896
v -0.002713 0.681566 1.284365
v -0.002713 0.596177 1.387040
v -0.002713 0.554621 1.418500
v -0.002713 0.831553 0.785084
v -0.012184 0.809272 0.889755
v -0.012184 0.759844 1.107237
v -0.012184 0.678288 1.282706
v -0.012184 0.592898 1.385381
v -0.012184 0.828275 0.783425
v -0.012184 0.551343 1.416841
v -0.008117 0.812550 0.891415
v -0.008117 0.763122 1.108896
v -0.008117 0.681566 1.284365
v -0.008117 0.596177 1.387040
v -0.008117 0.554621 1.418500
v -0.008117 0.831553 0.785084
v -0.031613 0.835269 0.767662
v -0.058127 0.839958 0.721978
v 0.021415 0.835269 0.767662
v 0.047929 0.839958 0.721978
v 0.021415 0.844646 0.676294
v -0.031613 0.844646 0.676294
v 0.511148 0.595610 1.155986
v 0.487331 0.596480 1.066248
v 0.425067 0.596460 1.166196
v 0.450665 0.596480 1.066248
v 0.490316 0.596480 1.191772
v 0.447187 0.596477 1.190472
v 0.492250 0.663414 1.154561
v 0.487331 0.661485 1.117004
v 0.450665 0.661485 1.117004
v 0.447676 0.664156 1.159013
v 0.455210 0.654489 1.184082
v 0.483637 0.652877 1.185538
v 0.448233 0.617383 1.067827
v 0.513265 0.616671 1.160218
v 0.493265 0.614644 1.198850
v 0.422820 0.617154 1.168544
v 0.489875 0.617383 1.067827
v 0.444885 0.615057 1.197166
v -0.521979 0.595609 1.155986
v -0.498162 0.596480 1.066248
v -0.435897 0.596460 1.166196
v -0.461496 0.596480 1.066248
v -0.501146 0.596480 1.191772
v -0.458017 0.596477 1.190471
v -0.503080 0.663414 1.154561
v -0.498162 0.661485 1.117004
v -0.461496 0.661485 1.117004
v -0.458506 0.664156 1.159013
v -0.466041 0.654489 1.184082
v -0.494468 0.652877 1.185538
v -0.459063 0.617383 1.067826
v -0.524096 0.616671 1.160218
v -0.504095 0.614643 1.198850
v -0.433650 0.617154 1.168544
v -0.500705 0.617383 1.067826
v -0.455715 0.615057 1.197166
v -0.004610 0.895890 -1.192641
v -0.005415 0.894490 -1.184581
v -0.006221 0.886445 -1.186060
v -0.005415 0.887845 -1.194119
v 0.062689 0.888161 -1.187255
v 0.061884 0.886761 -1.179196
v 0.061078 0.878716 -1.180674
v 0.061884 0.880116 -1.188733
v 0.216695 0.870452 -1.174876
v 0.214655 0.869231 -1.167008
v 0.213602 0.861221 -1.168524
v 0.215642 0.862442 -1.176392
v 0.350359 0.838124 -1.121685
v 0.344757 0.836600 -1.115866
v 0.347597 0.828921 -1.115143
v 0.353198 0.830444 -1.120961
v 0.372159 1.008274 -0.943912
v 0.365855 1.003054 -0.943150
v 0.369498 0.999605 -0.936639
v 0.375802 1.004824 -0.937401
v 0.262903 1.058812 -0.906864
v 0.260658 1.051018 -0.908201
v 0.261349 1.049441 -0.900164
v 0.263593 1.057234 -0.898827
v 0.076777 1.076023 -0.913723
v 0.076084 1.067956 -0.915135
v 0.075658 1.066576 -0.907043
v 0.076351 1.074643 -0.905631
v -0.004856 1.083564 -0.916739
v -0.005415 1.075496 -0.918151
v -0.005975 1.074116 -0.910060
v -0.005415 1.082184 -0.908647
v 0.459347 0.987531 0.354861
v 0.453544 0.991154 0.359417
v 0.447740 0.987061 0.355279
v 0.453544 0.983438 0.350723
v 0.472608 0.883652 0.396816
v 0.467009 0.885281 0.402609
v 0.461069 0.882516 0.397647
v 0.466667 0.880886 0.391854
v 0.485747 0.780340 0.439069
v 0.481203 0.775850 0.444241
v 0.474519 0.777402 0.439717
v 0.479062 0.781893 0.434544
v 0.503567 0.779394 0.239427
v 0.499978 0.772004 0.239156
v 0.492620 0.775602 0.238472
v 0.496208 0.782992 0.238743
v 0.521536 0.778020 0.038862
v 0.517940 0.770631 0.038695
v 0.510570 0.774230 0.038151
v 0.514167 0.781620 0.038318
v 0.533069 0.774209 -0.202728
v 0.529432 0.768791 -0.207726
v 0.522092 0.770940 -0.204714
v 0.525729 0.776358 -0.199716
v 0.509235 0.919834 -0.198288
v 0.504868 0.919188 -0.205221
v 0.498056 0.917886 -0.200809
v 0.502423 0.918532 -0.193876
v 0.478260 1.079726 -0.196971
v 0.472964 1.083765 -0.201789
v 0.466803 1.079179 -0.198860
v 0.472099 1.075140 -0.194043
v 0.472768 1.064386 0.076551
v 0.466888 1.070109 0.077016
v 0.461154 1.064294 0.076088
v 0.467034 1.058570 0.075624
v 0.460538 1.024520 0.288268
v 0.454644 1.030203 0.288997
v 0.448934 1.024462 0.287586
v 0.454827 1.018779 0.286857
v 0.460545 1.024586 0.288083
v 0.454576 1.029574 0.290740
v 0.448926 1.024395 0.287771
v 0.454895 1.019407 0.285114
v 0.460936 0.958568 -0.773247
v 0.455156 0.962234 -0.777798
v 0.449376 0.957706 -0.774103
v 0.455156 0.954041 -0.769552
v 0.472698 1.033870 -0.613310
v 0.466800 1.039419 -0.614714
v 0.461086 1.033834 -0.612786
v 0.466984 1.028285 -0.611382
v 0.478440 1.080650 -0.289959
v 0.473302 1.084841 -0.285101
v 0.467028 1.080256 -0.287780
v 0.472166 1.076065 -0.292639
v 0.510042 0.918666 -0.297951
v 0.506058 0.917757 -0.290820
v 0.499071 0.916329 -0.294906
v 0.503055 0.917237 -0.302037
v 0.541791 0.777823 -0.293744
v 0.538817 0.772170 -0.288570
v 0.531259 0.773418 -0.291552
v 0.534233 0.779071 -0.296725
v 0.541186 0.768728 -0.603682
v 0.538552 0.760946 -0.603424
v 0.530772 0.763588 -0.603187
v 0.533406 0.771370 -0.603445
v 0.525829 0.766441 -0.814037
v 0.522404 0.760075 -0.817950
v 0.515327 0.761458 -0.814005
v 0.518752 0.767824 -0.810092
v 0.493460 0.848610 -0.823451
v 0.487890 0.847636 -0.829417
v 0.482460 0.844881 -0.823896
v 0.488030 0.845855 -0.817931
v 0.466361 1.039177 0.211683
v 0.460609 1.039345 0.217552
v 0.454857 1.037538 0.211965
v 0.460609 1.037370 0.206096
v 0.504711 0.777687 0.256750
v 0.498958 0.777855 0.262619
v 0.493206 0.776049 0.257033
v 0.498958 0.775881 0.251164
v -0.004814 0.859472 0.523115
v -0.005415 0.853031 0.528186
v -0.006017 0.847995 0.521718
v -0.005415 0.854436 0.516647
v 0.048625 0.853951 0.522443
v 0.048023 0.847511 0.527514
v 0.047422 0.842474 0.521046
v 0.048023 0.848915 0.515975
v 0.261910 0.831910 0.519760
v 0.261021 0.825506 0.524835
v 0.260115 0.820509 0.518372
v 0.261004 0.826913 0.513297
v 0.385278 0.806308 0.516276
v 0.383607 0.800078 0.521371
v 0.382013 0.795234 0.514925
v 0.383684 0.801464 0.509830
v 0.426902 0.788458 0.516060
v 0.432320 0.783169 0.519259
v 0.431667 0.778450 0.512561
v 0.426248 0.783739 0.509363
v 0.403282 0.924059 0.451238
v 0.411418 0.925031 0.450588
v 0.411256 0.921444 0.443194
v 0.403120 0.920472 0.443844
v 0.382019 1.061745 0.384941
v 0.388553 1.066146 0.382593
v 0.388487 1.062353 0.375301
v 0.381954 1.057952 0.377649
v 0.271620 1.102458 0.360747
v 0.273556 1.109503 0.356981
v 0.273677 1.105603 0.349747
v 0.271741 1.098558 0.353513
v 0.079103 1.112671 0.352602
v 0.079654 1.119895 0.348719
v 0.079753 1.115997 0.341483
v 0.079203 1.108773 0.345366
v -0.005740 1.117195 0.348999
v -0.005190 1.124419 0.345116
v -0.005090 1.120522 0.337880
v -0.005641 1.113298 0.341763
v -0.006221 0.895890 -1.192641
v -0.004610 0.886445 -1.186060
v -0.073520 0.888161 -1.187255
v -0.072714 0.886761 -1.179196
v -0.071908 0.878716 -1.180674
v -0.072714 0.880116 -1.188733
v -0.227526 0.870452 -1.174876
v -0.225485 0.869231 -1.167008
v -0.224433 0.861221 -1.168524
v -0.226473 0.862442 -1.176392
v -0.361189 0.838124 -1.121685
v -0.355587 0.836600 -1.115866
v -0.358427 0.828921 -1.115143
v -0.364029 0.830444 -1.120961
v -0.382989 1.008274 -0.943912
v -0.376686 1.003054 -0.943150
v -0.380329 0.999605 -0.936639
v -0.386632 1.004824 -0.937401
v -0.273733 1.058812 -0.906864
v -0.271488 1.051018 -0.908201
v -0.272179 1.049441 -0.900164
v -0.274424 1.057234 -0.898827
v -0.087608 1.076023 -0.913723
v -0.086915 1.067956 -0.915135
v -0.086488 1.066576 -0.907043
v -0.087181 1.074643 -0.905631
v -0.005975 1.083564 -0.916739
v -0.004856 1.074116 -0.910060
v -0.470178 0.987531 0.354861
v -0.464374 0.991154 0.359417
v -0.458571 0.987061 0.355279
v -0.464374 0.983438 0.350723
v -0.483438 0.883652 0.396816
v -0.477840 0.885281 0.402609
v -0.471899 0.882516 0.397647
v -0.477498 0.880886 0.391854
v -0.496577 0.780340 0.439069
v -0.492034 0.775850 0.444241
v -0.485349 0.777402 0.439717
v -0.489893 0.781893 0.434545
v -0.514397 0.779394 0.239427
v -0.510809 0.772004 0.239156
v -0.503450 0.775602 0.238472
v -0.507039 0.782992 0.238743
v -0.532367 0.778020 0.038863
v -0.528770 0.770631 0.038695
v -0.521401 0.774230 0.038151
v -0.524997 0.781620 0.038318
v -0.543899 0.774209 -0.202728
v -0.540262 0.768791 -0.207726
v -0.532923 0.770940 -0.204714
v -0.536559 0.776358 -0.199716
v -0.520065 0.919834 -0.198288
v -0.515698 0.919188 -0.205221
v -0.508886 0.917886 -0.200809
v -0.513253 0.918532 -0.193876
v -0.489091 1.079726 -0.196971
v -0.483795 1.083765 -0.201789
v -0.477634 1.079179 -0.198860
v -0.482930 1.075140 -0.194043
v -0.483599 1.064386 0.076551
v -0.477718 1.070109 0.077016
v -0.471984 1.064294 0.076088
v -0.477865 1.058570 0.075624
v -0.471368 1.024520 0.288268
v -0.465475 1.030203 0.288997
v -0.459764 1.024462 0.287586
v -0.465658 1.018779 0.286857
v -0.471375 1.024586 0.288083
v -0.465407 1.029574 0.290740
v -0.459757 1.024395 0.287771
v -0.465725 1.019407 0.285114
v -0.471767 0.958568 -0.773247
v -0.465987 0.962234 -0.777798
v -0.460206 0.957706 -0.774103
v -0.465987 0.954041 -0.769552
v -0.483529 1.033870 -0.613310
v -0.477631 1.039419 -0.614714
v -0.471917 1.033834 -0.612786
v -0.477815 1.028285 -0.611382
v -0.489270 1.080650 -0.289959
v -0.484133 1.084841 -0.285101
v -0.477859 1.080256 -0.287780
v -0.482996 1.076065 -0.292639
v -0.520873 0.918666 -0.297951
v -0.516889 0.917757 -0.290820
v -0.509901 0.916329 -0.294906
v -0.513885 0.917237 -0.302037
v -0.552621 0.777823 -0.293744
v -0.549647 0.772170 -0.288570
v -0.542090 0.773418 -0.291552
v -0.545064 0.779071 -0.296725
v -0.552017 0.768728 -0.603682
v -0.549382 0.760946 -0.603424
v -0.541602 0.763588 -0.603187
v -0.544237 0.771370 -0.603445
v -0.536660 0.766441 -0.814037
v -0.533235 0.760075 -0.817950
v -0.526158 0.761458 -0.814005
v -0.529583 0.767824 -0.810092
v -0.504291 0.848610 -0.823451
v -0.498721 0.847636 -0.829417
v -0.493290 0.844881 -0.823896
v -0.498860 0.845855 -0.817931
v -0.477192 1.039177 0.211683
v -0.471439 1.039345 0.217552
v -0.465687 1.037538 0.211965
v -0.471439 1.037370 0.206096
v -0.515541 0.777687 0.256750
v -0.509789 0.777855 0.262619
v -0.504037 0.776049 0.257033
v -0.509789 0.775881 0.251164
v -0.006017 0.859472 0.523115
v -0.004814 0.847995 0.521718
v -0.059456 0.853951 0.522443
v -0.058854 0.847511 0.527514
v -0.058252 0.842474 0.521046
v -0.058854 0.848915 0.515975
v -0.272740 0.831910 0.519760
v -0.271851 0.825506 0.524835
v -0.270946 0.820509 0.518372
v -0.271835 0.826913 0.513297
v -0.396109 0.806308 0.516276
v -0.394437 0.800078 0.521371
v -0.392843 0.795234 0.514925
v -0.394515 0.801464 0.509830
v -0.437732 0.788458 0.516060
v -0.443151 0.783169 0.519259
v -0.442497 0.778450 0.512561
v -0.437079 0.783739 0.509363
v -0.414112 0.924059 0.451238
v -0.422248 0.925031 0.450588
v -0.422086 0.921444 0.443194
v -0.413950 0.920472 0.443844
v -0.392850 1.061745 0.384941
v -0.399383 1.066146 0.382593
v -0.399317 1.062353 0.375301
v -0.392784 1.057952 0.377649
v -0.282451 1.102458 0.360747
v -0.284387 1.109503 0.356981
v -0.284507 1.105603 0.349747
v -0.282572 1.098558 0.353513
v -0.089934 1.112671 0.352602
v -0.090484 1.119895 0.348719
v -0.090583 1.115997 0.341483
v -0.090033 1.108773 0.345366
v -0.005090 1.117195 0.348999
v -0.005641 1.124419 0.345116
v -0.005740 1.120522 0.337880
v -0.005190 1.113298 0.341763
v 0.590474 0.234731 1.478640
v 0.590474 0.315572 1.478640
v -0.008064 0.226700 1.625002
v -0.008064 0.323603 1.625002
v 0.500959 0.318983 1.549560
v 0.500959 0.231321 1.549560
v 0.345550 0.226937 1.606516
v 0.345550 0.323367 1.606516
v 0.145820 0.226709 1.622838
v 0.145820 0.323594 1.622838
v 0.590629 0.275152 1.473655
v 0.500176 0.275152 1.570031
v 0.345714 0.275152 1.628034
v 0.145928 0.275152 1.644441
v 0.573428 0.238082 1.460547
v 0.573428 0.312222 1.460547
v -0.008377 0.238082 1.602652
v -0.008377 0.312222 1.602652
v 0.487445 0.312221 1.529540
v 0.487445 0.238082 1.529540
v 0.340449 0.238082 1.584631
v 0.340449 0.312222 1.584631
v 0.144749 0.238082 1.600507
v 0.144749 0.312222 1.600507
v 0.573428 0.275152 1.455398
v 0.487445 0.275152 1.548418
v 0.340449 0.275152 1.603510
v 0.144749 0.275152 1.619385
v -0.605168 0.234731 1.478640
v -0.605168 0.315572 1.478640
v -0.515653 0.318983 1.549560
v -0.515653 0.231321 1.549560
v -0.360244 0.226936 1.606516
v -0.360244 0.323367 1.606516
v -0.160513 0.226709 1.622838
v -0.160513 0.323594 1.622838
v -0.605322 0.275152 1.473655
v -0.006668 0.275152 1.646611
v -0.514870 0.275152 1.570031
v -0.360408 0.275152 1.628034
v -0.160621 0.275152 1.644441
v -0.588122 0.238082 1.460547
v -0.588122 0.312222 1.460547
v -0.502139 0.312222 1.529540
v -0.502139 0.238082 1.529540
v -0.355143 0.238082 1.584631
v -0.355143 0.312222 1.584631
v -0.159442 0.238082 1.600507
v -0.159442 0.312222 1.600507
v -0.588122 0.275152 1.455398
v -0.006317 0.275152 1.621530
v -0.502139 0.275152 1.548418
v -0.355143 0.275152 1.603510
v -0.159442 0.275152 1.619385
v -0.302336 0.446493 1.608959
v -0.302638 0.200247 1.609972
v -0.307863 0.446493 1.607309
v -0.327143 0.425442 1.601556
v -0.321496 0.440600 1.603241
v -0.327446 0.220368 1.602570
v -0.308166 0.200247 1.608323
v -0.321799 0.206140 1.604255
v -0.302336 0.425442 1.608959
v -0.302638 0.220475 1.609973
v -0.314651 0.400579 1.650228
v -0.314651 0.421630 1.650228
v -0.311626 0.204479 1.640090
v -0.320178 0.421630 1.648579
v -0.317153 0.204479 1.638441
v -0.330786 0.210372 1.634372
v -0.340820 0.226715 1.647388
v -0.339458 0.400579 1.642826
v -0.333811 0.415737 1.644511
v -0.316012 0.226823 1.654791
v -0.327446 0.266924 1.602570
v -0.327446 0.314093 1.602570
v -0.327446 0.361261 1.602570
v -0.302638 0.267005 1.609972
v -0.302638 0.314147 1.609972
v -0.302638 0.361289 1.609973
v -0.342332 0.268511 1.652457
v -0.341122 0.315680 1.648401
v -0.336131 0.361261 1.631674
v -0.317525 0.268592 1.659860
v -0.316315 0.315734 1.655804
v -0.311323 0.361289 1.639076
v -0.296808 0.446493 1.610608
v -0.277528 0.425442 1.616361
v -0.283175 0.440600 1.614676
v -0.277831 0.220368 1.617375
v -0.297111 0.200247 1.611622
v -0.283478 0.206140 1.615690
v -0.309124 0.421630 1.651878
v -0.306098 0.204479 1.641740
v -0.292465 0.210372 1.645808
v -0.291205 0.226715 1.662193
v -0.289843 0.400579 1.657631
v -0.295491 0.415737 1.655946
v -0.277831 0.266924 1.617375
v -0.277831 0.314093 1.617375
v -0.277831 0.361261 1.617375
v -0.292718 0.268511 1.667262
v -0.291507 0.315680 1.663207
v -0.286516 0.361261 1.646479
v -0.332544 0.220368 1.619656
v -0.326898 0.206140 1.621341
v -0.332393 0.418036 1.619149
v -0.326746 0.433194 1.620834
v -0.313113 0.439087 1.624903
v -0.307737 0.200247 1.627059
v -0.307586 0.439087 1.626552
v -0.313264 0.200247 1.625410
v -0.332544 0.266924 1.619656
v -0.332544 0.314093 1.619656
v -0.332544 0.361261 1.619656
v -0.282930 0.220368 1.634462
v -0.288576 0.206140 1.632777
v -0.282778 0.418036 1.633955
v -0.288425 0.433194 1.632270
v -0.302058 0.439087 1.628202
v -0.302210 0.200247 1.628708
v -0.282930 0.266924 1.634462
v -0.282930 0.314093 1.634462
v -0.282930 0.361261 1.634462
v 0.287642 0.446493 1.608959
v 0.287944 0.200247 1.609972
v 0.293169 0.446493 1.607309
v 0.312449 0.425442 1.601556
v 0.306802 0.440600 1.603241
v 0.312752 0.220368 1.602570
v 0.293472 0.200247 1.608323
v 0.307105 0.206140 1.604255
v 0.287642 0.425442 1.608959
v 0.287944 0.220475 1.609972
v 0.299957 0.400579 1.650228
v 0.299957 0.421630 1.650228
v 0.296932 0.204479 1.640090
v 0.305485 0.421630 1.648579
v 0.302459 0.204479 1.638441
v 0.316092 0.210372 1.634372
v 0.326126 0.226715 1.647388
v 0.324765 0.400579 1.642826
v 0.319118 0.415737 1.644511
v 0.301318 0.226823 1.654791
v 0.312752 0.266924 1.602570
v 0.312752 0.314093 1.602570
v 0.312752 0.361261 1.602570
v 0.287944 0.267005 1.609972
v 0.287944 0.314147 1.609972
v 0.287944 0.361289 1.609972
v 0.327639 0.268511 1.652457
v 0.326428 0.315680 1.648401
v 0.321437 0.361261 1.631674
v 0.302831 0.268592 1.659860
v 0.301621 0.315734 1.655804
v 0.296629 0.361289 1.639076
v 0.282114 0.446493 1.610608
v 0.262834 0.425442 1.616361
v 0.268481 0.440600 1.614676
v 0.263137 0.220368 1.617375
v 0.282417 0.200247 1.611622
v 0.268784 0.206140 1.615690
v 0.294430 0.421630 1.651878
v 0.291404 0.204479 1.641740
v 0.277771 0.210372 1.645808
v 0.276511 0.226715 1.662193
v 0.275150 0.400579 1.657631
v 0.280797 0.415737 1.655946
v 0.263137 0.266924 1.617375
v 0.263137 0.314093 1.617375
v 0.263137 0.361261 1.617375
v 0.278024 0.268511 1.667262
v 0.276814 0.315680 1.663207
v 0.271822 0.361261 1.646479
v 0.317851 0.220368 1.619656
v 0.312204 0.206140 1.621341
v 0.317699 0.418036 1.619149
v 0.312052 0.433194 1.620834
v 0.298419 0.439087 1.624903
v 0.293043 0.200247 1.627059
v 0.292892 0.439087 1.626552
v 0.298571 0.200247 1.625410
v 0.317851 0.266924 1.619656
v 0.317851 0.314093 1.619656
v 0.317851 0.361261 1.619656
v 0.268236 0.220368 1.634462
v 0.273883 0.206140 1.632777
v 0.268084 0.418036 1.633955
v 0.273731 0.433194 1.632270
v 0.287364 0.439087 1.628202
v 0.287516 0.200247 1.628708
v 0.268236 0.266924 1.634462
v 0.268236 0.314093 1.634462
v 0.268236 0.361261 1.634462
v -0.203851 0.313188 1.434311
v -0.276467 0.306051 1.432030
v -0.310942 0.306051 1.619242
v -0.264795 0.306051 1.434179
v -0.299269 0.306051 1.621391
v -0.264795 0.264046 1.434179
v -0.276467 0.264046 1.432030
v -0.310942 0.264046 1.619242
v -0.299269 0.264046 1.621391
v 0.189157 0.313188 1.434311
v 0.261774 0.306051 1.432030
v 0.296248 0.306051 1.619242
v 0.250101 0.306051 1.434179
v 0.284575 0.306051 1.621391
v 0.250101 0.264046 1.434179
v 0.261774 0.264046 1.432030
v 0.296248 0.264046 1.619242
v 0.284575 0.264046 1.621391
v 0.602030 0.313188 -1.453232
v -0.003192 0.313188 -1.765392
v 0.300604 0.313188 -1.709615
v 0.485757 0.313188 -1.614439
v 0.153050 0.313188 -1.748561
v 0.574466 0.313188 -1.452884
v -0.003192 0.313188 -1.720428
v 0.273425 0.313188 -1.694065
v 0.458400 0.313188 -1.607224
v 0.130967 0.313188 -1.716599
v -0.608414 0.313188 -1.453232
v -0.306988 0.313188 -1.709615
v -0.492141 0.313188 -1.614439
v -0.159434 0.313188 -1.748561
v -0.580850 0.313188 -1.452884
v -0.279809 0.313188 -1.694065
v -0.464784 0.313188 -1.607224
v -0.137351 0.313188 -1.716599
v 0.485757 0.238974 -1.614439
v 0.602030 0.238974 -1.453232
v 0.153050 0.238974 -1.748561
v 0.300604 0.238974 -1.709615
v -0.003192 0.238974 -1.765392
v 0.458400 0.238974 -1.607224
v 0.574466 0.238974 -1.452884
v 0.130967 0.238974 -1.716599
v 0.273425 0.238974 -1.694065
v -0.003192 0.238974 -1.720428
v -0.492141 0.238974 -1.614439
v -0.608414 0.238974 -1.453232
v -0.159434 0.238974 -1.748561
v -0.306988 0.238974 -1.709615
v -0.464784 0.238974 -1.607224
v -0.580850 0.238974 -1.452884
v -0.137351 0.238974 -1.716599
v -0.279809 0.238974 -1.694065
v 0.340675 0.306051 -1.666572
v 0.295907 0.306051 -1.481551
v 0.329138 0.306051 -1.669363
v 0.284371 0.306051 -1.484342
v 0.329138 0.264046 -1.669363
v 0.340675 0.264046 -1.666572
v 0.295907 0.264046 -1.481551
v 0.284371 0.264046 -1.484342
v 0.369104 0.226042 -1.685417
v 0.329958 0.226042 -1.694888
v 0.371965 0.435196 -1.697242
v 0.332819 0.435196 -1.706714
v 0.372836 0.342786 -1.700841
v 0.333690 0.342786 -1.710313
v 0.336676 0.396397 -1.722653
v 0.375822 0.396397 -1.713181
v 0.375822 0.289175 -1.713181
v 0.336676 0.289175 -1.722653
v 0.357808 0.288951 -1.638732
v 0.359052 0.225818 -1.643874
v 0.319906 0.225818 -1.653346
v 0.324509 0.397231 -1.672370
v 0.324011 0.449784 -1.670313
v 0.363158 0.449784 -1.660841
v 0.363655 0.397231 -1.662898
v 0.363158 0.342562 -1.660841
v 0.318662 0.288951 -1.648204
v 0.324011 0.342562 -1.670313
v 0.376071 0.247557 -1.714209
v 0.336924 0.247557 -1.723681
v 0.358430 0.252095 -1.641303
v 0.319284 0.252095 -1.650775
v 0.328540 0.450954 -1.689028
v 0.331774 0.396285 -1.702396
v 0.367686 0.450954 -1.679556
v 0.366815 0.289063 -1.675957
v 0.367997 0.342674 -1.680841
v 0.364078 0.225930 -1.664645
v 0.328851 0.342674 -1.690313
v 0.370920 0.396285 -1.692924
v 0.327669 0.289063 -1.685429
v 0.324932 0.225930 -1.674117
v 0.327482 0.251413 -1.684657
v 0.366629 0.251413 -1.675186
v -0.347059 0.306051 -1.666572
v -0.302291 0.306051 -1.481551
v -0.335523 0.306051 -1.669363
v -0.290755 0.306051 -1.484342
v -0.335523 0.264046 -1.669363
v -0.347059 0.264046 -1.666572
v -0.302291 0.264046 -1.481551
v -0.290755 0.264046 -1.484342
v -0.375488 0.226042 -1.685417
v -0.336342 0.226042 -1.694888
v -0.378349 0.435196 -1.697242
v -0.339203 0.435196 -1.706714
v -0.379220 0.342786 -1.700841
v -0.340074 0.342786 -1.710313
v -0.343060 0.396397 -1.722653
v -0.382206 0.396397 -1.713181
v -0.382206 0.289175 -1.713181
v -0.343060 0.289175 -1.722653
v -0.364192 0.288951 -1.638732
v -0.365436 0.225818 -1.643874
v -0.326290 0.225818 -1.653346
v -0.330893 0.397231 -1.672370
v -0.330396 0.449784 -1.670313
v -0.369542 0.449784 -1.660841
v -0.370039 0.397231 -1.662898
v -0.369542 0.342562 -1.660841
v -0.325046 0.288951 -1.648204
v -0.330396 0.342562 -1.670313
v -0.382455 0.247557 -1.714209
v -0.343309 0.247557 -1.723681
v -0.364814 0.252095 -1.641303
v -0.325668 0.252095 -1.650775
v -0.334924 0.450954 -1.689028
v -0.338158 0.396285 -1.702396
v -0.374070 0.450954 -1.679556
v -0.373199 0.289063 -1.675957
v -0.374381 0.342674 -1.680841
v -0.370462 0.225930 -1.664645
v -0.335235 0.342674 -1.690313
v -0.377305 0.396285 -1.692924
v -0.334053 0.289063 -1.685429
v -0.331316 0.225930 -1.674117
v -0.333866 0.251413 -1.684657
v -0.373013 0.251413 -1.675186
v 0.393180 0.267188 -1.662027
v 0.386340 0.271634 -1.665567
v 0.386340 0.280528 -1.665567
v 0.393180 0.284975 -1.662027
v 0.400021 0.280528 -1.658487
v 0.400021 0.271634 -1.658487
v 0.393256 0.274008 -1.669986
v 0.396445 0.271935 -1.668335
v 0.393256 0.278154 -1.669986
v 0.396445 0.280227 -1.668335
v 0.399634 0.278154 -1.666685
v 0.399634 0.274008 -1.666685
v 0.309599 0.267188 -1.706462
v 0.302759 0.271634 -1.710003
v 0.302759 0.280528 -1.710003
v 0.309599 0.284975 -1.706462
v 0.316439 0.280528 -1.702922
v 0.316439 0.271634 -1.702922
v 0.309675 0.274008 -1.714421
v 0.312864 0.271935 -1.712770
v 0.309675 0.278154 -1.714421
v 0.312864 0.280227 -1.712770
v 0.316053 0.278154 -1.711120
v 0.316053 0.274008 -1.711120
v -0.399565 0.267188 -1.662027
v -0.392724 0.271634 -1.665567
v -0.392724 0.280528 -1.665567
v -0.399565 0.284975 -1.662027
v -0.406405 0.280528 -1.658487
v -0.406405 0.271634 -1.658487
v -0.399641 0.274008 -1.669986
v -0.402830 0.271935 -1.668335
v -0.399641 0.278154 -1.669986
v -0.402830 0.280227 -1.668335
v -0.406018 0.278154 -1.666685
v -0.406018 0.274008 -1.666685
v -0.315983 0.267188 -1.706463
v -0.309143 0.271634 -1.710003
v -0.309143 0.280528 -1.710003
v -0.315983 0.284975 -1.706463
v -0.322824 0.280528 -1.702922
v -0.322824 0.271634 -1.702922
v -0.316059 0.274008 -1.714421
v -0.319248 0.271935 -1.712770
v -0.316059 0.278154 -1.714421
v -0.319248 0.280227 -1.712770
v -0.322437 0.278154 -1.711120
v -0.322437 0.274008 -1.711120
v 0.127727 0.193056 -1.782728
v 0.135278 0.206134 -1.782728
v 0.150379 0.206134 -1.782728
v 0.157930 0.193056 -1.782728
v 0.150379 0.179977 -1.782728
v 0.135278 0.179977 -1.782728
v 0.139140 0.199445 -1.782728
v 0.135450 0.193056 -1.782728
v 0.146518 0.199445 -1.782728
v 0.150207 0.193056 -1.782728
v 0.146518 0.186666 -1.782728
v 0.139140 0.186666 -1.782728
v 0.127727 0.193056 -1.562189
v 0.135278 0.206134 -1.562189
v 0.150379 0.206134 -1.562189
v 0.157930 0.193056 -1.562189
v 0.150379 0.179977 -1.562189
v 0.135278 0.179977 -1.562189
v -0.138558 0.193056 -1.782728
v -0.146108 0.206134 -1.782728
v -0.161210 0.206134 -1.782728
v -0.168761 0.193056 -1.782728
v -0.161210 0.179977 -1.782728
v -0.146108 0.179977 -1.782728
v -0.149970 0.199445 -1.782728
v -0.146281 0.193056 -1.782728
v -0.157348 0.199445 -1.782728
v -0.161037 0.193056 -1.782728
v -0.157348 0.186666 -1.782728
v -0.149970 0.186666 -1.782728
v -0.138558 0.193056 -1.562189
v -0.146108 0.206134 -1.562189
v -0.161210 0.206134 -1.562189
v -0.168761 0.193056 -1.562189
v -0.161210 0.179977 -1.562189
v -0.146108 0.179977 -1.562189
v 0.549480 0.290517 -1.515535
v 0.549480 0.290517 -1.530066
v 0.536896 0.290517 -1.537331
v 0.524313 0.290517 -1.530066
v 0.524313 0.290517 -1.515535
v 0.536896 0.290517 -1.508271
v 0.549412 0.343428 -1.515627
v 0.549471 0.341901 -1.530077
v 0.536955 0.340163 -1.537250
v 0.524380 0.339953 -1.529974
v 0.524321 0.341480 -1.515524
v 0.536837 0.343218 -1.508351
v 0.545254 0.368290 -1.521275
v 0.546183 0.362440 -1.534543
v 0.534657 0.355784 -1.540372
v 0.522201 0.354979 -1.532933
v 0.521272 0.360829 -1.519665
v 0.532798 0.367485 -1.513836
v 0.533708 0.387762 -1.536955
v 0.537177 0.377629 -1.546774
v 0.528540 0.366101 -1.548680
v 0.516434 0.364706 -1.540766
v 0.512965 0.374840 -1.530947
v 0.521602 0.386368 -1.529042
v 0.518967 0.394776 -1.556976
v 0.524999 0.383175 -1.563314
v 0.519278 0.369978 -1.561259
v 0.507524 0.368381 -1.552866
v 0.501493 0.379982 -1.546528
v 0.507214 0.393179 -1.548583
v 0.475681 0.394980 -1.615139
v 0.481326 0.383417 -1.621887
v 0.477724 0.370015 -1.617581
v 0.468476 0.368177 -1.606525
v 0.462831 0.379740 -1.599776
v 0.466433 0.393142 -1.604083
v 0.288850 0.394980 -1.707146
v 0.291725 0.383417 -1.715462
v 0.289890 0.370015 -1.710156
v 0.285179 0.368177 -1.696534
v 0.282303 0.379740 -1.688218
v 0.284139 0.393142 -1.693525
v 0.180511 0.394820 -1.730268
v 0.183801 0.383285 -1.738469
v 0.184320 0.370043 -1.732508
v 0.181547 0.368337 -1.718347
v 0.178257 0.379872 -1.710147
v 0.177738 0.393113 -1.716108
v 0.156173 0.387801 -1.735428
v 0.163669 0.377725 -1.742736
v 0.169015 0.366159 -1.735752
v 0.166864 0.364668 -1.721460
v 0.159368 0.374744 -1.714151
v 0.154023 0.386310 -1.721135
v 0.137108 0.368312 -1.739470
v 0.148770 0.362495 -1.745895
v 0.158898 0.355817 -1.737897
v 0.157364 0.354957 -1.723474
v 0.145702 0.360774 -1.717048
v 0.135574 0.367452 -1.725046
v 0.130242 0.343434 -1.740925
v 0.143331 0.341915 -1.747048
v 0.155098 0.340172 -1.738703
v 0.153775 0.339947 -1.724234
v 0.140685 0.341466 -1.718112
v 0.128919 0.343209 -1.726457
v 0.130130 0.290062 -1.740949
v 0.143317 0.290062 -1.747051
v 0.155195 0.290062 -1.738682
v 0.153886 0.290062 -1.724211
v 0.140700 0.290062 -1.718109
v 0.128821 0.290062 -1.726478
v 0.459495 0.381578 -1.618097
v 0.459495 0.381578 -1.603567
v 0.472078 0.381578 -1.596302
v 0.484662 0.381578 -1.603567
v 0.484662 0.381578 -1.618097
v 0.472078 0.381578 -1.625362
v -0.555864 0.290517 -1.515535
v -0.555864 0.290517 -1.530066
v -0.543280 0.290517 -1.537331
v -0.530697 0.290517 -1.530066
v -0.530697 0.290517 -1.515535
v -0.543280 0.290517 -1.508271
v -0.555796 0.343428 -1.515627
v -0.555856 0.341901 -1.530077
v -0.543340 0.340163 -1.537250
v -0.530764 0.339953 -1.529974
v -0.530705 0.341480 -1.515524
v -0.543221 0.343218 -1.508351
v -0.551638 0.368290 -1.521275
v -0.552567 0.362440 -1.534543
v -0.541041 0.355784 -1.540372
v -0.528585 0.354979 -1.532933
v -0.527656 0.360829 -1.519665
v -0.539182 0.367485 -1.513836
v -0.540092 0.387762 -1.536955
v -0.543561 0.377629 -1.546774
v -0.534924 0.366101 -1.548680
v -0.522818 0.364706 -1.540766
v -0.519349 0.374840 -1.530947
v -0.527986 0.386368 -1.529042
v -0.525351 0.394776 -1.556976
v -0.531383 0.383175 -1.563314
v -0.525662 0.369978 -1.561259
v -0.513909 0.368381 -1.552866
v -0.507877 0.379982 -1.546528
v -0.513598 0.393179 -1.548583
v -0.482065 0.394980 -1.615139
v -0.487710 0.383417 -1.621887
v -0.484108 0.370015 -1.617581
v -0.474860 0.368177 -1.606525
v -0.469215 0.379740 -1.599776
v -0.472817 0.393142 -1.604083
v -0.295234 0.394980 -1.707146
v -0.298110 0.383417 -1.715462
v -0.296274 0.370015 -1.710156
v -0.291563 0.368177 -1.696534
v -0.288687 0.379740 -1.688218
v -0.290523 0.393142 -1.693525
v -0.186895 0.394820 -1.730268
v -0.190185 0.383285 -1.738469
v -0.190704 0.370043 -1.732508
v -0.187931 0.368337 -1.718347
v -0.184641 0.379872 -1.710147
v -0.184122 0.393113 -1.716108
v -0.162557 0.387801 -1.735428
v -0.170053 0.377725 -1.742736
v -0.175399 0.366159 -1.735752
v -0.173248 0.364668 -1.721460
v -0.165752 0.374744 -1.714151
v -0.160407 0.386310 -1.721135
v -0.143492 0.368312 -1.739470
v -0.155154 0.362495 -1.745895
v -0.165282 0.355817 -1.737897
v -0.163748 0.354957 -1.723474
v -0.152086 0.360774 -1.717048
v -0.141958 0.367452 -1.725046
v -0.136626 0.343434 -1.740925
v -0.149715 0.341915 -1.747048
v -0.161482 0.340172 -1.738703
v -0.160159 0.339947 -1.724234
v -0.147069 0.341466 -1.718112
v -0.135303 0.343209 -1.726457
v -0.136514 0.290062 -1.740949
v -0.149701 0.290062 -1.747051
v -0.161579 0.290062 -1.738682
v -0.160270 0.290062 -1.724211
v -0.147084 0.290062 -1.718109
v -0.135206 0.290062 -1.726478
v -0.465879 0.381578 -1.618097
v -0.465879 0.381578 -1.603567
v -0.478462 0.381578 -1.596302
v -0.491046 0.381578 -1.603567
v -0.491046 0.381578 -1.618097
v -0.478462 0.381578 -1.625362
v 0.124842 0.429399 -1.546767
v 0.124842 0.545472 -1.477463
v -0.129870 0.429399 -1.546767
v -0.129870 0.545472 -1.477463
v 0.159175 0.395519 -1.514049
v 0.159175 0.542883 -1.426061
v -0.164203 0.395519 -1.514049
v -0.164203 0.542883 -1.426061
v -0.140099 0.424738 -1.549550
v 0.135071 0.424738 -1.549550
v 0.135071 0.550133 -1.474679
v -0.140099 0.550133 -1.474679
v -0.129870 0.429399 -1.546767
v 0.124842 0.429399 -1.546767
v 0.124842 0.545472 -1.477463
v -0.129870 0.545472 -1.477463
v -0.129870 0.432657 -1.552223
v 0.124842 0.432657 -1.552223
v 0.124842 0.548730 -1.482919
v -0.129870 0.548730 -1.482919
v 0.060375 0.870871 -1.199608
v 0.325940 0.825261 -1.141846
v 0.214640 0.852619 -1.186724
v 0.314550 0.769011 -1.204091
v 0.195384 0.798595 -1.243271
v 0.055516 0.815464 -1.256802
v 0.298115 0.832101 -1.153065
v 0.270290 0.838940 -1.164285
v 0.242465 0.845780 -1.175505
v 0.284759 0.776407 -1.213886
v 0.254967 0.783803 -1.223681
v 0.225175 0.791199 -1.233476
v 0.183787 0.856270 -1.189301
v 0.152934 0.859920 -1.191878
v 0.122081 0.863570 -1.194455
v 0.091228 0.867221 -1.197031
v 0.167410 0.801969 -1.245977
v 0.139437 0.805343 -1.248683
v 0.111463 0.808716 -1.251390
v 0.083490 0.812090 -1.254096
v 0.038103 0.873487 -1.201447
v 0.009418 0.876856 -1.203815
v 0.034863 0.817965 -1.258812
v 0.009505 0.821036 -1.261280
v -0.073259 0.870871 -1.199608
v -0.338824 0.825261 -1.141846
v -0.227524 0.852619 -1.186724
v -0.327434 0.769011 -1.204091
v -0.208268 0.798595 -1.243271
v -0.068400 0.815464 -1.256802
v -0.310999 0.832101 -1.153065
v -0.283174 0.838940 -1.164285
v -0.255349 0.845780 -1.175505
v -0.297643 0.776407 -1.213886
v -0.267851 0.783803 -1.223681
v -0.238060 0.791199 -1.233476
v -0.196671 0.856270 -1.189301
v -0.165818 0.859920 -1.191878
v -0.134965 0.863570 -1.194455
v -0.104112 0.867221 -1.197031
v -0.180294 0.801969 -1.245977
v -0.152321 0.805343 -1.248683
v -0.124347 0.808716 -1.251390
v -0.096374 0.812090 -1.254096
v -0.050987 0.873487 -1.201447
v -0.022302 0.876856 -1.203815
v -0.047748 0.817965 -1.258812
v -0.022389 0.821036 -1.261280
v -0.597397 0.667882 -0.171523
v -0.597397 0.667882 -0.238457
v -0.597397 0.693133 -0.171523
v -0.597397 0.693133 -0.238457
v -0.560941 0.673367 -0.056067
v -0.560941 0.689842 -0.056067
v -0.595333 0.667882 -0.114483
v -0.595333 0.693133 -0.114483
v -0.587577 0.693133 -0.173388
v -0.587577 0.667882 -0.173388
v -0.587577 0.667882 -0.240322
v -0.587577 0.693133 -0.240322
v -0.551121 0.689842 -0.057932
v -0.551121 0.673367 -0.057932
v -0.585513 0.667882 -0.116348
v -0.585513 0.693133 -0.116348
v -0.597397 0.667882 -0.193223
v -0.597397 0.693133 -0.193223
v -0.587577 0.667882 -0.195089
v -0.587577 0.693133 -0.195089
v -0.603244 0.667882 -0.193223
v -0.603244 0.667882 -0.238457
v -0.603244 0.693133 -0.238457
v -0.603244 0.693133 -0.193223
v -0.564004 0.667882 -0.195089
v -0.564004 0.667882 -0.240322
v -0.564004 0.693133 -0.240322
v -0.564004 0.693133 -0.195089
v 0.586567 0.667882 -0.171523
v 0.586567 0.667882 -0.238457
v 0.586566 0.693133 -0.171523
v 0.586566 0.693133 -0.238457
v 0.550111 0.673367 -0.056067
v 0.550111 0.689842 -0.056067
v 0.584503 0.667882 -0.114483
v 0.584503 0.693133 -0.114483
v 0.576746 0.693133 -0.173388
v 0.576746 0.667882 -0.173388
v 0.576746 0.667882 -0.240322
v 0.576746 0.693133 -0.240322
v 0.540291 0.689842 -0.057932
v 0.540291 0.673367 -0.057932
v 0.574683 0.667882 -0.116348
v 0.574683 0.693133 -0.116348
v 0.586567 0.667882 -0.193224
v 0.586566 0.693133 -0.193224
v 0.576746 0.667882 -0.195089
v 0.576746 0.693133 -0.195089
v 0.592413 0.667882 -0.193224
v 0.592413 0.667882 -0.238457
v 0.592413 0.693133 -0.238457
v 0.592413 0.693133 -0.193224
v 0.553174 0.667882 -0.195089
v 0.553174 0.667882 -0.240322
v 0.553174 0.693133 -0.240322
v 0.553174 0.693133 -0.195089
v 0.440184 0.774052 0.567989
v 0.434929 0.774052 0.558885
v 0.424417 0.774052 0.558885
v 0.419161 0.774052 0.567989
v 0.424417 0.774052 0.577092
v 0.434929 0.774052 0.577092
v 0.440184 0.811934 0.567989
v 0.434929 0.811934 0.558885
v 0.424417 0.811934 0.558885
v 0.419161 0.811934 0.567989
v 0.424417 0.811934 0.577092
v 0.434929 0.811934 0.577092
v 0.435883 0.811934 0.567989
v 0.432778 0.811934 0.562610
v 0.426568 0.811934 0.562610
v 0.423463 0.811934 0.567989
v 0.426568 0.811934 0.573367
v 0.432778 0.811934 0.573367
v 0.435883 0.811934 0.567989
v 0.432778 0.811934 0.562610
v 0.426568 0.811934 0.562610
v 0.423463 0.811934 0.567989
v 0.426568 0.811934 0.573367
v 0.432778 0.811934 0.573367
v 0.435883 0.824501 0.567989
v 0.432778 0.824501 0.562610
v 0.426568 0.824501 0.562610
v 0.423463 0.824501 0.567989
v 0.426568 0.824501 0.573367
v 0.432778 0.824501 0.573367
v 0.432715 0.824501 0.567989
v 0.431194 0.824501 0.565354
v 0.428152 0.824501 0.565354
v 0.426631 0.824501 0.567989
v 0.428152 0.824501 0.570623
v 0.431194 0.824501 0.570623
v 0.432715 1.149336 0.567989
v 0.431194 1.149336 0.565354
v 0.428152 1.149336 0.565354
v 0.426631 1.149336 0.567989
v 0.428152 1.149336 0.570623
v 0.431194 1.149336 0.570623
v -0.008220 0.383088 1.621091
v -0.008220 0.383088 1.606562
v -0.008014 0.370504 1.599298
v -0.008220 0.357920 1.606562
v -0.008220 0.357920 1.621091
v -0.008427 0.370504 1.628355
v -0.160328 0.383083 1.618929
v -0.159635 0.383083 1.604416
v -0.159285 0.370499 1.597159
v -0.159628 0.357916 1.604416
v -0.160321 0.357916 1.618930
v -0.160671 0.370499 1.626186
v -0.359355 0.382964 1.602655
v -0.356212 0.382974 1.588469
v -0.354551 0.370395 1.581387
v -0.356032 0.357807 1.588492
v -0.359175 0.357798 1.602678
v -0.360837 0.370376 1.609760
v -0.512651 0.380748 1.545829
v -0.505508 0.380804 1.533175
v -0.501753 0.368250 1.526896
v -0.505141 0.355640 1.533271
v -0.512283 0.355583 1.545924
v -0.516038 0.368137 1.552203
v -0.521193 0.380402 1.539305
v -0.512164 0.380641 1.527923
v -0.506091 0.368312 1.523206
v -0.509048 0.355744 1.529870
v -0.518077 0.355504 1.541252
v -0.524149 0.367833 1.545969
v -0.543568 0.371978 1.521467
v -0.534607 0.372186 1.510030
v -0.524985 0.361463 1.508143
v -0.524323 0.350532 1.517693
v -0.533283 0.350324 1.529129
v -0.542906 0.361047 1.531016
v -0.560844 0.349545 1.507693
v -0.551952 0.349665 1.496202
v -0.538834 0.343481 1.497102
v -0.534608 0.337177 1.509493
v -0.543501 0.337057 1.520984
v -0.556619 0.343241 1.520084
v -0.567090 0.320805 1.502714
v -0.558221 0.320836 1.491204
v -0.543902 0.319216 1.493062
v -0.538451 0.317565 1.506430
v -0.547320 0.317533 1.517939
v -0.561639 0.319153 1.516081
v -0.567173 0.268618 1.502648
v -0.558306 0.268618 1.491137
v -0.543903 0.268618 1.493061
v -0.538368 0.268618 1.506495
v -0.547235 0.268618 1.518006
v -0.561638 0.268618 1.516083
v -0.008427 0.370504 1.599298
v -0.008014 0.370504 1.628355
v 0.143887 0.383083 1.618929
v 0.143194 0.383083 1.604416
v 0.142844 0.370499 1.597159
v 0.143187 0.357916 1.604416
v 0.143880 0.357916 1.618930
v 0.144230 0.370499 1.626186
v 0.342914 0.382964 1.602655
v 0.339771 0.382974 1.588469
v 0.338110 0.370395 1.581387
v 0.339591 0.357807 1.588492
v 0.342734 0.357798 1.602678
v 0.344396 0.370376 1.609760
v 0.496210 0.380748 1.545829
v 0.489067 0.380804 1.533175
v 0.485312 0.368250 1.526896
v 0.488700 0.355640 1.533271
v 0.495842 0.355583 1.545924
v 0.499597 0.368137 1.552203
v 0.504752 0.380402 1.539305
v 0.495723 0.380641 1.527923
v 0.489650 0.368312 1.523206
v 0.492607 0.355744 1.529870
v 0.501636 0.355504 1.541252
v 0.507708 0.367833 1.545969
v 0.527126 0.371978 1.521467
v 0.518166 0.372186 1.510030
v 0.508544 0.361463 1.508143
v 0.507882 0.350532 1.517693
v 0.516842 0.350324 1.529129
v 0.526464 0.361047 1.531016
v 0.544403 0.349545 1.507693
v 0.535511 0.349665 1.496202
v 0.522393 0.343481 1.497102
v 0.518167 0.337177 1.509493
v 0.527059 0.337057 1.520984
v 0.540177 0.343241 1.520084
v 0.550649 0.320805 1.502714
v 0.541780 0.320836 1.491204
v 0.527461 0.319216 1.493062
v 0.522010 0.317565 1.506430
v 0.530879 0.317533 1.517939
v 0.545198 0.319153 1.516081
v 0.550732 0.268618 1.502648
v 0.541864 0.268618 1.491137
v 0.527462 0.268618 1.493061
v 0.521927 0.268618 1.506495
v 0.530794 0.268618 1.518006
v 0.545197 0.268618 1.516083
v 0.174783 0.216883 1.601043
v 0.160175 0.231491 1.601043
v 0.170504 0.227213 1.601043
v 0.160175 0.138840 1.601043
v 0.174783 0.153448 1.601043
v 0.170504 0.143118 1.601043
v -0.190912 0.216883 1.601043
v -0.176304 0.231491 1.601043
v -0.186633 0.227213 1.601043
v -0.190912 0.153448 1.601043
v -0.176304 0.138840 1.601043
v -0.186633 0.143118 1.601043
v 0.163856 0.214710 1.614146
v 0.158001 0.220564 1.614146
v 0.162141 0.218849 1.614146
v 0.158001 0.149767 1.614146
v 0.163856 0.155621 1.614146
v 0.162141 0.151482 1.614146
v -0.179984 0.214710 1.614146
v -0.174130 0.220564 1.614146
v -0.178270 0.218849 1.614146
v -0.179984 0.155621 1.614146
v -0.174130 0.149767 1.614146
v -0.178270 0.151482 1.614146
v -0.176304 0.231491 1.614146
v 0.160175 0.231491 1.614146
v 0.170504 0.227213 1.614146
v 0.174783 0.216883 1.614146
v 0.174783 0.153448 1.614146
v 0.170504 0.143118 1.614146
v 0.160175 0.138840 1.614146
v -0.176304 0.138840 1.614146
v -0.186633 0.143118 1.614146
v -0.190912 0.153448 1.614146
v -0.190912 0.216883 1.614146
v -0.186633 0.227213 1.614146
v 0.163856 0.214710 1.624216
v 0.158001 0.220564 1.624216
v 0.162141 0.218849 1.624216
v 0.158001 0.149767 1.624216
v 0.163856 0.155621 1.624216
v 0.162141 0.151482 1.624216
v -0.179984 0.214710 1.624216
v -0.174130 0.220564 1.624216
v -0.178270 0.218849 1.624216
v -0.179984 0.155621 1.624216
v -0.174130 0.149767 1.624216
v -0.178270 0.151482 1.624216
v -0.138738 0.184607 1.624233
v -0.145015 0.173734 1.624233
v -0.157570 0.173734 1.624233
v -0.163847 0.184607 1.624233
v -0.157570 0.195480 1.624233
v -0.145015 0.195480 1.624233
v -0.148644 0.180019 1.633807
v -0.145995 0.184607 1.633807
v -0.153941 0.180019 1.633807
v -0.156590 0.184607 1.633807
v -0.153941 0.189194 1.633807
v -0.148644 0.189194 1.633807
v 0.122609 0.184607 1.624233
v 0.128886 0.173734 1.624233
v 0.141441 0.173734 1.624233
v 0.147719 0.184607 1.624233
v 0.141441 0.195480 1.624233
v 0.128886 0.195480 1.624233
v 0.132515 0.180019 1.633807
v 0.129866 0.184607 1.633807
v 0.137812 0.180019 1.633807
v 0.140461 0.184607 1.633807
v 0.137812 0.189194 1.633807
v 0.132515 0.189194 1.633807
vn -0.2249 -0.5314 0.8167
vn 0.1607 0.7145 -0.6809
vn 0.1817 0.5388 -0.8226
vn 0.1555 0.8037 -0.5743
vn 0.1497 0.8320 -0.5343
vn 0.1561 0.8005 -0.5786
vn 0.7051 0.4066 -0.5809
vn -0.4026 -0.1912 0.8952
vn 0.1606 0.7757 -0.6104
vn 0.4675 0.7002 -0.5396
vn 0.2249 -0.5314 0.8167
vn -0.1607 0.7145 -0.6809
vn -0.1817 0.5388 -0.8226
vn -0.1555 0.8037 -0.5743
vn -0.1561 0.8005 -0.5786
vn -0.1497 0.8320 -0.5343
vn -0.7051 0.4066 -0.5809
vn 0.4026 -0.1912 0.8952
vn -0.1606 0.7757 -0.6104
vn -0.4675 0.7002 -0.5396
vn 0.5744 0.7407 -0.3484
vn 0.4218 0.8140 -0.3994
vn 0.5239 0.8517 -0.0092
vn 0.6837 0.7293 0.0255
vn 0.4744 0.5218 -0.7090
vn 0.3960 0.5346 -0.7466
vn 0.3470 0.6967 -0.6279
vn 0.4981 0.6165 -0.6098
vn 0.7605 0.5388 0.3624
vn 0.6085 0.7012 0.3716
vn 0.6647 0.4058 0.6272
vn 0.7967 0.2753 0.5380
vn 0.7011 0.2045 0.6831
vn 0.8278 0.4104 0.3826
vn 0.6396 0.5523 -0.5347
vn 0.5677 0.5839 -0.5803
vn 0.5548 0.6751 -0.4862
vn 0.5235 0.8029 -0.2851
vn 0.7943 0.5265 -0.3032
vn 0.5707 0.4814 -0.6653
vn 0.3703 0.9264 -0.0687
vn 0.3237 0.9427 0.0809
vn 0.4422 0.8893 0.1164
vn 0.5785 0.7562 -0.3057
vn 0.5260 0.8462 -0.0857
vn 0.8514 0.3988 -0.3407
vn 0.7543 0.4575 -0.4709
vn 0.4743 0.7738 0.4198
vn 0.6461 0.6940 0.3177
vn 0.9480 0.0957 0.3034
vn 0.9757 -0.0999 0.1950
vn 0.9462 0.3228 0.0237
vn 0.9671 0.1876 0.1717
vn 0.6260 0.4793 -0.6151
vn 0.7108 0.6115 -0.3476
vn 0.5757 0.4374 -0.6908
vn 0.9838 0.1765 -0.0321
vn 0.9659 0.2529 -0.0562
vn 0.9310 0.2813 -0.2326
vn 0.9726 0.2255 -0.0565
vn 0.9724 0.2158 0.0883
vn 0.8901 0.4152 0.1879
vn 0.9757 0.1673 0.1412
vn 0.9820 0.1668 0.0889
vn 0.9981 0.0588 -0.0189
vn 0.9971 0.0741 -0.0195
vn 0.9590 0.0304 0.2817
vn 0.9743 0.0774 0.2114
vn 0.9735 0.0788 0.2147
vn 0.9680 0.0522 0.2456
vn 0.9899 0.0342 0.1373
vn 0.9806 0.0945 0.1720
vn 0.9617 0.0766 0.2631
vn 0.9928 0.0868 0.0827
vn 0.9743 0.1242 0.1882
vn 0.9837 0.1716 -0.0540
vn 0.9651 0.2617 0.0028
vn 0.9628 0.2671 0.0415
vn 0.8618 0.3180 -0.3951
vn 0.7030 0.3979 -0.5894
vn 0.7337 0.4573 -0.5026
vn 0.7594 0.4497 -0.4702
vn 0.8838 0.3594 -0.2995
vn 0.9444 0.2769 0.1772
vn 0.7617 0.5107 0.3988
vn 0.7478 0.6383 -0.1825
vn 0.8156 0.5531 -0.1701
vn 0.8683 0.4380 -0.2330
vn 0.7818 0.5306 -0.3277
vn 0.9653 0.2465 0.0858
vn 0.4770 0.8433 0.2475
vn 0.1806 0.9408 0.2868
vn 0.0978 0.8023 0.5889
vn 0.5051 0.8063 0.3079
vn 0.0497 0.9517 0.3031
vn -0.0000 0.9531 0.3027
vn -0.0000 0.8413 0.5405
vn 0.0284 0.8270 0.5615
vn 0.0590 0.9882 0.1417
vn 0.0631 0.9978 -0.0192
vn -0.0000 0.9998 -0.0186
vn -0.0000 0.9910 0.1341
vn 0.5168 0.8473 0.1221
vn 0.5321 0.8467 -0.0091
vn 0.2440 0.9697 -0.0133
vn 0.2350 0.9623 0.1367
vn 0.0803 0.9657 -0.2470
vn 0.0913 0.9082 -0.4084
vn -0.0000 0.9135 -0.4068
vn -0.0000 0.9701 -0.2426
vn 0.5191 0.8251 -0.2230
vn 0.6001 0.6602 -0.4516
vn 0.2104 0.8887 -0.4075
vn 0.2191 0.9432 -0.2499
vn 0.6771 0.7281 0.1067
vn 0.6923 0.7216 -0.0068
vn 0.6996 0.6820 0.2133
vn 0.9966 0.0274 0.0779
vn 0.7477 0.6257 0.2221
vn 0.7178 0.6866 0.1156
vn 0.7239 0.6877 0.0552
vn 0.7602 0.6455 -0.0729
vn 0.5545 0.5680 -0.6083
vn 0.3772 0.5147 -0.7699
vn 0.5008 0.4866 -0.7158
vn 0.2540 0.4722 -0.8441
vn 0.2278 0.4723 -0.8515
vn 0.1333 0.4804 -0.8668
vn -0.0000 0.5647 -0.8253
vn -0.0000 0.4141 -0.9102
vn 0.1171 0.4085 -0.9052
vn -0.8596 0.5107 -0.0176
vn -0.8219 0.5666 0.0587
vn -0.8600 0.5100 -0.0186
vn -0.2293 0.8724 0.4317
vn -0.0000 0.8978 0.4403
vn -0.2254 0.8733 0.4318
vn -0.0000 -0.7026 -0.7116
vn -0.0160 -0.7077 -0.7064
vn -0.0160 -0.7076 -0.7064
vn 0.6988 0.5431 0.4656
vn 0.3287 0.4604 0.8246
vn 0.4701 0.7109 0.5231
vn 0.7205 0.3883 0.5745
vn 0.9153 0.3493 -0.2005
vn 0.4913 0.8426 0.2205
vn 0.4850 0.8564 0.1768
vn 0.5265 0.8166 0.2367
vn 0.5324 0.8158 0.2258
vn 0.6247 0.7600 0.1794
vn 0.5518 0.7468 0.3713
vn 0.5410 0.7635 0.3527
vn 0.5768 0.5864 0.5687
vn 0.5750 0.5757 0.5813
vn 0.5009 0.4321 0.7499
vn 0.4605 0.3659 0.8087
vn 0.3235 0.3538 0.8776
vn 0.5036 0.1940 0.8419
vn 0.0265 0.2289 0.9731
vn -0.0000 0.2269 0.9739
vn -0.0000 0.1199 0.9928
vn 0.0869 0.0754 0.9934
vn 0.0613 0.2806 0.9579
vn 0.0195 0.2673 0.9634
vn 0.2570 0.9417 0.2170
vn 0.1015 0.9880 0.1162
vn 0.1052 0.9816 0.1594
vn -0.0000 0.9875 0.1573
vn -0.0000 0.9942 0.1078
vn 0.3848 -0.2190 0.8966
vn 0.2094 -0.1981 0.9575
vn 0.2078 -0.1979 0.9579
vn 0.9807 -0.1793 -0.0774
vn 0.9808 -0.1795 -0.0766
vn 0.9830 -0.1835 -0.0026
vn 0.9830 -0.1835 -0.0030
vn -0.9516 0.2729 -0.1414
vn -0.9492 0.2774 -0.1483
vn 0.1750 0.9710 0.1626
vn 0.1646 0.9797 0.1141
vn 0.0252 -0.1701 0.9851
vn 0.9807 -0.1386 -0.1382
vn 0.9806 -0.1392 -0.1379
vn -0.9261 0.3162 -0.2059
vn -0.9260 0.3164 -0.2058
vn -0.9100 0.3715 -0.1842
vn -0.9105 0.3699 -0.1846
vn 0.9901 -0.0277 -0.1379
vn 0.9904 -0.0224 -0.1365
vn -0.6783 0.7012 -0.2194
vn -0.6671 0.7113 -0.2215
vn -0.5378 0.8078 -0.2411
vn 0.9917 0.0560 -0.1156
vn -0.9380 0.2928 -0.1856
vn -0.9381 0.2927 -0.1854
vn -0.8465 0.4997 -0.1838
vn -0.8448 0.5024 -0.1842
vn 0.3463 0.3031 0.8878
vn 0.1330 0.3095 0.9415
vn 0.3228 0.2308 0.9179
vn 0.4225 0.2996 0.8554
vn 0.9756 0.1517 0.1586
vn 0.3413 0.2555 0.9046
vn 0.3573 0.1559 0.9209
vn 0.2980 0.1538 0.9421
vn 0.1930 0.2804 0.9403
vn 0.2788 -0.0130 0.9603
vn 0.2169 0.0002 0.9762
vn 0.4123 -0.1177 0.9034
vn 0.4208 -0.0243 0.9068
vn 0.5709 0.0929 0.8158
vn 0.9416 -0.2331 0.2430
vn 0.9510 0.0874 0.2967
vn 0.9568 -0.1181 0.2658
vn 0.9244 0.2631 0.2761
vn 0.9149 0.3179 0.2487
vn 0.9095 0.4055 0.0921
vn 0.9101 0.4072 0.0765
vn 0.9497 0.2822 -0.1358
vn 0.9384 0.3299 -0.1033
vn 0.9850 0.1222 -0.1219
vn 0.9931 0.0799 -0.0856
vn 0.9950 -0.0971 0.0216
vn 0.9326 -0.3468 0.1003
vn 0.8114 0.4339 0.3917
vn 0.8797 0.3039 0.3657
vn 0.0174 0.6062 0.7951
vn 0.0307 0.5444 0.8383
vn 0.0517 0.4774 0.8772
vn 0.0362 0.4856 0.8734
vn 0.1030 0.4695 0.8769
vn 0.1406 0.4682 0.8724
vn 0.9817 0.1887 0.0269
vn 0.9819 0.1893 0.0054
vn 0.9817 0.1884 0.0268
vn 0.9827 0.1802 0.0433
vn 0.1731 0.9640 0.2017
vn 0.9802 0.1978 0.0124
vn 0.9816 0.1901 -0.0163
vn 0.9660 0.2493 0.0688
vn 0.7329 0.6803 0.0102
vn 0.9444 0.3147 0.0954
vn 0.9998 0.0140 -0.0172
vn 0.9977 0.0599 0.0327
vn 0.9994 0.0151 0.0297
vn 0.8189 0.2362 -0.5231
vn 0.3372 0.4630 -0.8197
vn 0.4562 0.4385 -0.7743
vn 0.2119 0.4094 -0.8874
vn -0.0000 0.4441 -0.8960
vn 0.2441 0.3458 -0.9060
vn -0.0000 0.2847 -0.9586
vn 0.9718 0.1936 -0.1346
vn 0.5052 0.5839 -0.6355
vn 0.0115 -0.7254 -0.6882
vn 0.0397 -0.7372 -0.6745
vn 0.0112 -0.7253 -0.6884
vn -0.9037 0.4082 -0.1290
vn -0.9036 0.4084 -0.1289
vn 1.0000 -0.0079 0.0029
vn 1.0000 -0.0080 0.0048
vn 0.9872 -0.0344 -0.1558
vn 0.9983 -0.0182 -0.0551
vn 0.9972 0.0078 0.0746
vn 1.0000 -0.0043 0.0022
vn 0.9736 -0.0453 -0.2238
vn 0.9999 -0.0097 0.0097
vn 0.9934 -0.0892 0.0719
vn 0.7601 0.6498 -0.0001
vn 0.8917 0.4527 0.0033
vn 0.8714 0.4652 0.1559
vn 0.6949 0.7187 0.0236
vn 0.8570 0.5150 0.0185
vn 0.8824 0.4704 0.0117
vn 0.7507 0.6605 0.0122
vn 0.3863 0.9221 0.0226
vn 0.3995 0.9164 0.0232
vn 0.3551 0.9346 0.0211
vn 0.5856 0.8106 -0.0034
vn 0.5750 0.8180 0.0134
vn 0.9213 -0.3887 0.0101
vn 0.9213 -0.3886 0.0101
vn 0.9189 -0.3945 0.0072
vn 0.9188 -0.3946 0.0070
vn 0.9201 -0.3918 0.0042
vn 0.9137 -0.4039 -0.0449
vn 0.8953 -0.4276 -0.1253
vn 0.7982 0.6023 -0.0115
vn 0.8982 -0.4218 0.1239
vn 0.9168 -0.3968 0.0443
vn 0.9158 -0.3989 0.0474
vn 0.8914 -0.4217 0.1659
vn 0.8916 -0.4277 -0.1484
vn 0.9230 -0.3789 -0.0674
vn -0.0066 -0.5844 -0.8115
vn -0.0085 -0.5781 -0.8160
vn -0.0000 -0.7582 -0.6520
vn -0.0000 -0.7612 -0.6485
vn -0.0151 -0.5557 -0.8312
vn -0.0000 -0.9933 0.1156
vn -0.0000 -0.7489 0.6627
vn -0.0000 -0.6624 0.7491
vn -0.0000 -0.6718 0.7407
vn -0.0000 -0.4584 0.8887
vn -0.0000 -0.4763 0.8793
vn -0.0000 -0.5626 0.8267
vn -0.0000 -0.5758 0.8176
vn -0.0000 -0.8795 -0.4758
vn -0.0000 -0.9953 0.0970
vn -0.0000 -0.7470 -0.6649
vn -0.0000 -0.7452 -0.6669
vn -0.0000 -0.8907 -0.4545
vn -0.0000 -0.7091 0.7051
vn -0.0000 -0.5485 0.8362
vn -0.0000 -0.5516 0.8341
vn -0.0000 -0.4102 -0.9120
vn -0.0000 -0.4103 -0.9120
vn -0.0000 -0.2178 -0.9760
vn -0.0000 -0.2354 -0.9719
vn -0.0000 -0.2402 -0.9707
vn 0.9550 -0.2640 0.1354
vn -0.2633 -0.5392 -0.8000
vn -0.2432 -0.5449 -0.8025
vn -0.0228 -0.5791 -0.8149
vn -0.0228 -0.5794 -0.8147
vn -0.3048 0.3329 0.8924
vn -0.1858 0.5207 0.8333
vn -0.3534 0.7085 0.6108
vn -0.4262 0.4041 0.8094
vn -0.2568 -0.2887 0.9223
vn -0.3791 -0.1173 0.9179
vn -0.3633 -0.1591 0.9180
vn -0.2928 -0.4639 0.8361
vn 0.3048 0.3329 0.8924
vn 0.3791 -0.1173 0.9179
vn 0.4270 -0.0411 0.9033
vn 0.5524 0.4369 0.7099
vn -0.0000 0.5818 0.8133
vn 0.1858 0.5207 0.8333
vn 0.4287 0.6665 0.6099
vn -0.0187 0.8196 0.5727
vn 0.2568 -0.2887 0.9223
vn -0.3203 0.8591 0.3992
vn -0.0122 0.9327 0.3604
vn -0.2916 0.9043 0.3119
vn 0.4733 0.7961 0.3771
vn 0.5176 0.3649 0.7739
vn 0.6930 0.6103 0.3838
vn -0.2732 0.1045 0.9562
vn -0.4754 0.6820 0.5557
vn 0.8708 -0.2849 0.4006
vn -0.3120 -0.5820 0.7510
vn 0.3921 -0.7226 0.5693
vn 0.0617 0.3378 0.9392
vn 0.1601 0.3156 0.9353
vn -0.4216 0.6969 0.5801
vn -0.5962 0.3075 0.7416
vn -0.4739 0.3373 0.8134
vn -0.3351 0.6468 0.6851
vn 0.5671 0.8237 -0.0032
vn 0.9998 0.0134 -0.0177
vn 0.9868 0.1589 0.0310
vn -0.1739 0.9784 0.1118
vn -0.1743 0.9834 0.0505
vn -0.1739 0.9784 0.1116
vn -0.1418 0.3558 0.9238
vn -0.1435 0.3555 0.9236
vn -0.1452 0.3553 0.9234
vn -0.0790 -0.1445 -0.9864
vn -1.0000 -0.0000 -0.0000
vn 0.1719 0.3890 0.9051
vn 0.1752 0.4165 0.8921
vn -0.0000 0.6816 0.7317
vn 0.1893 0.6699 0.7180
vn -0.0000 0.8444 0.5357
vn 0.2093 0.8321 0.5137
vn -0.0000 0.9450 0.3272
vn 0.2046 0.9273 0.3136
vn -0.0000 0.9805 0.1966
vn 0.1663 0.9676 0.1898
vn -0.0000 0.9905 0.1377
vn 0.1052 0.9906 0.0877
vn 0.1599 0.9749 0.1549
vn 0.1608 0.9670 0.1976
vn 0.2052 0.9587 0.1972
vn 0.2125 0.9642 0.1588
vn 0.1712 0.9278 0.3316
vn 0.1951 0.9274 0.3193
vn 0.1924 0.8260 0.5298
vn 0.1723 0.8326 0.5264
vn 0.2281 0.9253 0.3031
vn 0.2480 0.9486 0.1967
vn 0.1651 0.8497 0.5007
vn 0.1678 0.6537 0.7379
vn 0.1138 0.6680 0.7354
vn 0.2196 0.6540 0.7239
vn 0.1097 0.4312 0.8956
vn 0.1035 0.4781 0.8722
vn 0.1561 0.4506 0.8790
vn 0.0167 0.2920 0.9563
vn 0.0343 0.3081 0.9507
vn 0.2451 0.9560 0.1610
vn 0.9781 -0.1853 0.0951
vn 0.9781 -0.1853 0.0949
vn 0.9689 -0.1891 0.1596
vn -0.0000 0.3830 0.9237
vn 0.4739 0.3373 0.8134
vn 0.3351 0.6468 0.6851
vn 0.1178 0.4865 0.8657
vn 0.1666 0.3777 0.9108
vn -0.4216 -0.0820 0.9031
vn -0.0000 -0.2433 0.9700
vn -0.0000 -0.1005 0.9949
vn -0.3351 0.0277 0.9418
vn 0.4216 -0.0820 0.9031
vn 0.5962 0.3075 0.7416
vn 0.3351 0.0277 0.9418
vn 0.4216 0.6969 0.5801
vn -0.0000 0.8583 0.5132
vn -0.0000 0.7750 0.6319
vn -0.0000 0.5316 0.8470
vn -0.1178 0.4865 0.8657
vn -0.1666 0.3777 0.9108
vn -0.1178 0.2688 0.9560
vn -0.0000 0.2237 0.9746
vn 0.1178 0.2688 0.9560
vn -0.0000 -0.5695 -0.8220
vn -0.0007 -0.5804 -0.8143
vn -0.0007 -0.5808 -0.8141
vn -0.0000 0.6335 0.7737
vn -0.2658 0.8626 0.4305
vn -0.9160 0.3667 -0.1628
vn 0.0344 0.5248 0.8505
vn -0.0000 0.5365 0.8439
vn -0.0000 0.5359 0.8443
vn 0.0484 0.5240 0.8503
vn 0.0630 0.4980 0.8649
vn 0.0822 0.4963 0.8643
vn 0.9256 -0.3785 0.0102
vn 0.9256 -0.3783 0.0102
vn 0.4945 0.8687 0.0276
vn 0.8235 0.5671 0.0182
vn 0.8242 0.5661 0.0182
vn 0.9941 0.0705 0.0829
vn 0.9968 0.0195 0.0780
vn 0.9548 0.2868 0.0778
vn 0.9617 0.2622 0.0799
vn 0.9833 0.1589 0.0891
vn -0.1832 0.8612 0.4741
vn -0.1804 0.9276 0.3272
vn -0.1804 0.9273 0.3279
vn -0.2790 0.9238 -0.2622
vn -0.3057 0.8687 -0.3897
vn -0.2801 0.9222 -0.2667
vn -0.2474 0.3371 -0.9084
vn -0.1589 0.9871 -0.0221
vn -0.1577 0.9872 -0.0215
vn 0.0369 0.0175 -0.9992
vn 0.0374 0.0262 -0.9990
vn 0.0374 0.0261 -0.9990
vn 0.5523 0.4370 0.7099
vn -0.0243 0.0058 -0.9997
vn -0.0240 0.0049 -0.9997
vn -0.0374 0.0394 -0.9985
vn 0.9629 0.2577 -0.0808
vn 0.9739 0.2259 -0.0225
vn 0.9742 0.2254 -0.0113
vn 0.9657 0.2529 -0.0586
vn 0.9494 0.2860 -0.1295
vn 0.9542 0.2797 -0.1058
vn 0.9400 0.2963 -0.1694
vn 0.9622 0.2567 -0.0907
vn 0.9735 0.2263 -0.0326
vn 0.9846 0.1629 0.0638
vn 0.9835 0.1570 0.0895
vn 0.9837 0.1568 0.0877
vn 0.9852 0.1587 0.0640
vn 0.9832 0.1581 0.0913
vn 0.9834 0.1579 0.0888
vn 0.9859 0.1610 0.0451
vn 0.9848 0.1689 0.0413
vn 0.9834 0.1570 0.0908
vn 0.9827 0.1584 0.0961
vn 0.9841 0.1665 0.0622
vn 0.9835 0.1771 0.0374
vn 0.0380 0.0349 -0.9987
vn -0.2536 0.9672 -0.0103
vn -0.2533 0.9673 -0.0108
vn -0.2403 0.9703 -0.0297
vn -0.0108 -0.0286 -0.9995
vn -0.1564 0.9875 -0.0208
vn -0.1561 0.9875 -0.0207
vn -0.2480 0.9594 -0.1342
vn -0.2666 0.9638 0.0086
vn 0.1162 0.8141 -0.5690
vn 0.1958 0.7744 -0.6016
vn 0.1902 0.7771 -0.6000
vn 0.1162 0.8143 -0.5687
vn 0.2893 0.7239 -0.6264
vn -0.0000 0.8242 -0.5663
vn 0.0654 -0.6227 -0.7797
vn 0.0729 -0.6260 -0.7764
vn 0.1407 -0.6530 -0.7442
vn -0.4686 -0.4644 -0.7515
vn -0.0000 -0.5685 -0.8227
vn 0.2897 0.6590 -0.6941
vn 0.2611 0.6673 -0.6975
vn 0.1460 0.7008 -0.6983
vn 0.1460 0.7005 -0.6985
vn -0.0000 0.7145 -0.6996
vn 0.3618 0.5653 -0.7413
vn 0.3359 0.4886 -0.8053
vn 0.2599 0.5009 -0.8255
vn 0.2711 0.5799 -0.7683
vn 0.1903 0.6140 -0.7660
vn 0.1838 0.4943 -0.8497
vn -0.0000 0.4923 -0.8704
vn -0.0000 0.6353 -0.7723
vn 0.1537 0.4621 -0.8734
vn -0.0000 0.4387 -0.8986
vn 0.2334 0.5064 -0.8301
vn 0.1682 0.6978 -0.6963
vn -0.0000 0.7149 -0.6992
vn 0.3712 0.6322 -0.6802
vn 0.2804 0.6626 -0.6945
vn -0.0923 -0.0898 -0.9917
vn -0.2279 -0.1845 0.9560
vn 0.6885 0.6638 0.2922
vn 0.6884 -0.7249 0.0242
vn 0.6873 -0.7258 0.0295
vn 0.6884 0.6638 0.2923
vn 0.7106 0.6802 0.1796
vn 0.6861 -0.7267 0.0347
vn 0.7218 0.6848 0.1003
vn 0.7221 0.6849 0.0970
vn 0.6812 -0.7287 0.0701
vn 0.7231 0.6852 0.0876
vn 0.6852 -0.7275 0.0353
vn 0.6851 -0.7276 0.0367
vn 0.7236 0.6854 0.0816
vn 0.6851 -0.7275 0.0372
vn 0.7266 0.6860 0.0380
vn 0.6852 -0.7275 0.0363
vn 0.7280 0.6853 -0.0191
vn 0.6857 -0.7278 0.0106
vn 0.6855 -0.7281 0.0064
vn 0.7280 0.6853 -0.0190
vn 0.7226 0.6792 -0.1288
vn 0.6852 -0.7284 0.0022
vn 0.8660 -0.0000 0.5000
vn -0.0000 -0.0000 1.0000
vn 0.8660 -0.0000 -0.5000
vn -0.8660 -0.0000 -0.5000
vn -0.0000 -1.0000 -0.0000
vn -0.0000 1.0000 -0.0000
vn -0.8660 -0.0000 0.5000
vn -0.0000 -0.0000 -1.0000
vn 0.5706 0.8075 -0.1497
vn -0.9490 0.2800 -0.1452
vn -0.9759 -0.1313 -0.1744
vn 0.6501 -0.7199 -0.2429
vn 0.9490 0.2800 -0.1452
vn -0.5706 0.8075 -0.1497
vn -0.6501 -0.7199 -0.2429
vn 0.9759 -0.1313 -0.1744
vn 0.1714 0.4514 -0.8757
vn -0.4042 0.3240 -0.8554
vn -0.4214 0.1653 -0.8917
vn 0.1919 0.0477 -0.9803
vn 0.4042 0.3240 -0.8554
vn -0.1714 0.4514 -0.8757
vn -0.1919 0.0477 -0.9803
vn 0.4214 0.1653 -0.8917
vn -0.9410 0.2340 -0.2443
vn -0.9012 -0.1046 -0.4205
vn 0.4696 -0.4079 -0.7830
vn 0.9561 0.2264 -0.1863
vn -0.6117 0.7585 -0.2247
vn -0.4371 -0.3624 -0.8232
vn 0.9342 -0.1272 -0.3333
vn 0.6183 0.7611 -0.1960
vn -0.5192 -0.5536 -0.6511
vn 0.8685 -0.1395 -0.4756
vn 0.4579 0.5724 -0.6802
vn -0.8449 0.2001 -0.4962
vn -0.8685 -0.1395 -0.4756
vn 0.5192 -0.5536 -0.6511
vn 0.8449 0.2001 -0.4962
vn -0.4579 0.5724 -0.6802
vn -0.0000 0.0670 -0.9978
vn 0.5912 0.2209 -0.7757
vn 0.2490 0.4105 -0.8772
vn 1.0000 -0.0000 -0.0000
vn 0.1236 0.9923 -0.0000
vn 0.0369 -0.9563 -0.2901
vn -0.0885 -0.9643 -0.2495
vn 0.4546 0.8907 -0.0000
vn 0.0762 -0.9971 -0.0008
vn 0.0370 -0.9993 0.0039
vn 0.0674 -0.9977 0.0003
vn -0.3148 -0.9475 -0.0558
vn 0.0930 -0.9957 0.0046
vn -0.2927 -0.9556 0.0349
vn -0.0376 -0.9992 0.0145
vn -0.3337 -0.9409 -0.0586
vn 0.0891 -0.9960 0.0036
vn -0.0000 -0.9999 0.0113
vn -0.0000 0.9983 0.0590
vn -0.9814 0.1428 -0.1285
vn -0.5744 0.7407 -0.3484
vn -0.6837 0.7293 0.0255
vn -0.5239 0.8517 -0.0092
vn -0.4218 0.8140 -0.3994
vn -0.4744 0.5218 -0.7090
vn -0.4981 0.6165 -0.6098
vn -0.3470 0.6967 -0.6279
vn -0.3960 0.5346 -0.7466
vn -0.7605 0.5388 0.3624
vn -0.7967 0.2753 0.5380
vn -0.6647 0.4058 0.6272
vn -0.6085 0.7012 0.3716
vn -0.8278 0.4104 0.3826
vn -0.7011 0.2045 0.6831
vn -0.6396 0.5523 -0.5347
vn -0.5235 0.8029 -0.2851
vn -0.5548 0.6751 -0.4862
vn -0.5677 0.5839 -0.5803
vn -0.7943 0.5265 -0.3032
vn -0.5707 0.4814 -0.6653
vn -0.4422 0.8893 0.1164
vn -0.3237 0.9427 0.0809
vn -0.3703 0.9264 -0.0687
vn -0.5785 0.7562 -0.3057
vn -0.5260 0.8462 -0.0857
vn -0.8514 0.3988 -0.3407
vn -0.7543 0.4575 -0.4709
vn -0.4743 0.7738 0.4198
vn -0.6461 0.6940 0.3177
vn -0.9480 0.0957 0.3034
vn -0.9757 -0.0999 0.1950
vn -0.9462 0.3228 0.0237
vn -0.9671 0.1876 0.1717
vn -0.6260 0.4793 -0.6151
vn -0.7108 0.6115 -0.3476
vn -0.5757 0.4374 -0.6908
vn -0.9838 0.1765 -0.0321
vn -0.9726 0.2255 -0.0565
vn -0.9310 0.2813 -0.2326
vn -0.9659 0.2529 -0.0562
vn -0.9724 0.2158 0.0883
vn -0.9820 0.1668 0.0889
vn -0.9757 0.1673 0.1412
vn -0.8901 0.4152 0.1879
vn -0.9981 0.0588 -0.0189
vn -0.9971 0.0741 -0.0195
vn -0.9590 0.0304 0.2817
vn -0.9735 0.0788 0.2147
vn -0.9743 0.0774 0.2114
vn -0.9680 0.0522 0.2456
vn -0.9617 0.0766 0.2631
vn -0.9806 0.0945 0.1720
vn -0.9899 0.0342 0.1373
vn -0.9928 0.0868 0.0827
vn -0.9743 0.1242 0.1882
vn -0.9628 0.2671 0.0415
vn -0.9651 0.2617 0.0028
vn -0.9837 0.1716 -0.0540
vn -0.8838 0.3594 -0.2995
vn -0.7594 0.4497 -0.4702
vn -0.7337 0.4573 -0.5026
vn -0.7030 0.3979 -0.5894
vn -0.8618 0.3180 -0.3951
vn -0.7617 0.5107 0.3988
vn -0.9444 0.2769 0.1772
vn -0.7478 0.6383 -0.1825
vn -0.7818 0.5306 -0.3277
vn -0.8683 0.4380 -0.2330
vn -0.8156 0.5531 -0.1701
vn -0.9653 0.2465 0.0858
vn -0.4770 0.8433 0.2475
vn -0.5051 0.8063 0.3079
vn -0.0978 0.8023 0.5889
vn -0.1806 0.9408 0.2868
vn -0.0497 0.9517 0.3031
vn -0.0284 0.8270 0.5615
vn -0.0590 0.9882 0.1417
vn -0.0631 0.9978 -0.0192
vn -0.5168 0.8473 0.1221
vn -0.2350 0.9623 0.1367
vn -0.2440 0.9697 -0.0133
vn -0.5321 0.8467 -0.0091
vn -0.0803 0.9657 -0.2470
vn -0.0913 0.9082 -0.4084
vn -0.5191 0.8251 -0.2230
vn -0.2191 0.9432 -0.2499
vn -0.2104 0.8887 -0.4075
vn -0.6001 0.6602 -0.4516
vn -0.6923 0.7216 -0.0068
vn -0.6771 0.7281 0.1067
vn -0.6996 0.6820 0.2133
vn -0.9966 0.0274 0.0779
vn -0.7178 0.6866 0.1156
vn -0.7477 0.6257 0.2221
vn -0.7239 0.6877 0.0552
vn -0.7602 0.6455 -0.0729
vn -0.5545 0.5680 -0.6083
vn -0.5008 0.4866 -0.7158
vn -0.3772 0.5147 -0.7699
vn -0.2278 0.4723 -0.8515
vn -0.2540 0.4722 -0.8441
vn -0.1333 0.4804 -0.8668
vn -0.1171 0.4085 -0.9052
vn 0.8596 0.5107 -0.0176
vn 0.8600 0.5100 -0.0186
vn 0.8219 0.5666 0.0587
vn 0.2293 0.8724 0.4317
vn 0.2254 0.8733 0.4318
vn 0.0160 -0.7076 -0.7064
vn 0.0160 -0.7077 -0.7064
vn -0.6988 0.5431 0.4656
vn -0.3287 0.4604 0.8246
vn -0.7205 0.3883 0.5745
vn -0.4701 0.7109 0.5231
vn -0.9153 0.3493 -0.2005
vn -0.4913 0.8426 0.2205
vn -0.4850 0.8564 0.1768
vn -0.6247 0.7600 0.1794
vn -0.5324 0.8158 0.2258
vn -0.5265 0.8166 0.2367
vn -0.5410 0.7635 0.3527
vn -0.5518 0.7468 0.3713
vn -0.5750 0.5757 0.5813
vn -0.5768 0.5864 0.5687
vn -0.4605 0.3659 0.8087
vn -0.5009 0.4321 0.7499
vn -0.5036 0.1940 0.8419
vn -0.3235 0.3538 0.8776
vn -0.0265 0.2289 0.9731
vn -0.0869 0.0754 0.9934
vn -0.0195 0.2673 0.9634
vn -0.0613 0.2806 0.9579
vn -0.2570 0.9417 0.2170
vn -0.1015 0.9880 0.1162
vn -0.1052 0.9816 0.1594
vn -0.3848 -0.2190 0.8966
vn -0.2078 -0.1979 0.9579
vn -0.2094 -0.1981 0.9575
vn -0.9807 -0.1793 -0.0774
vn -0.9830 -0.1835 -0.0030
vn -0.9830 -0.1835 -0.0026
vn -0.9808 -0.1795 -0.0766
vn 0.9516 0.2729 -0.1414
vn 0.9492 0.2774 -0.1483
vn -0.1646 0.9797 0.1141
vn -0.1750 0.9710 0.1626
vn -0.0252 -0.1701 0.9851
vn -0.9807 -0.1386 -0.1382
vn -0.9806 -0.1392 -0.1379
vn 0.9261 0.3162 -0.2059
vn 0.9105 0.3699 -0.1846
vn 0.9100 0.3715 -0.1842
vn 0.9260 0.3164 -0.2058
vn -0.9901 -0.0277 -0.1379
vn -0.9904 -0.0224 -0.1365
vn 0.6783 0.7012 -0.2194
vn 0.5378 0.8078 -0.2411
vn 0.6671 0.7113 -0.2215
vn -0.9917 0.0560 -0.1156
vn 0.9380 0.2928 -0.1857
vn 0.9381 0.2927 -0.1854
vn 0.8465 0.4997 -0.1838
vn 0.8448 0.5024 -0.1842
vn -0.3463 0.3031 0.8878
vn -0.4225 0.2996 0.8554
vn -0.3228 0.2308 0.9179
vn -0.1330 0.3095 0.9415
vn -0.9756 0.1517 0.1586
vn -0.3413 0.2555 0.9046
vn -0.1930 0.2804 0.9403
vn -0.2980 0.1538 0.9421
vn -0.3573 0.1559 0.9209
vn -0.2169 0.0002 0.9762
vn -0.2788 -0.0130 0.9603
vn -0.5709 0.0929 0.8158
vn -0.4208 -0.0243 0.9068
vn -0.4123 -0.1177 0.9034
vn -0.9416 -0.2331 0.2430
vn -0.9568 -0.1181 0.2658
vn -0.9510 0.0874 0.2967
vn -0.9244 0.2631 0.2761
vn -0.9101 0.4072 0.0765
vn -0.9095 0.4055 0.0921
vn -0.9149 0.3179 0.2487
vn -0.9497 0.2822 -0.1358
vn -0.9931 0.0799 -0.0856
vn -0.9850 0.1222 -0.1219
vn -0.9384 0.3299 -0.1033
vn -0.9326 -0.3468 0.1003
vn -0.9950 -0.0971 0.0216
vn -0.8114 0.4339 0.3917
vn -0.8797 0.3039 0.3657
vn -0.0307 0.5444 0.8383
vn -0.0174 0.6062 0.7951
vn -0.0362 0.4856 0.8734
vn -0.0517 0.4774 0.8772
vn -0.1406 0.4682 0.8724
vn -0.1030 0.4695 0.8769
vn -0.9817 0.1887 0.0269
vn -0.9827 0.1802 0.0433
vn -0.9817 0.1884 0.0268
vn -0.9819 0.1893 0.0054
vn -0.1731 0.9640 0.2017
vn -0.9802 0.1978 0.0124
vn -0.9816 0.1901 -0.0163
vn -0.9660 0.2493 0.0688
vn -0.7329 0.6803 0.0102
vn -0.9444 0.3147 0.0954
vn -0.9998 0.0140 -0.0172
vn -0.9994 0.0151 0.0297
vn -0.9977 0.0599 0.0327
vn -0.8189 0.2362 -0.5231
vn -0.3372 0.4630 -0.8197
vn -0.4562 0.4385 -0.7743
vn -0.2119 0.4094 -0.8874
vn -0.2441 0.3458 -0.9060
vn -0.9718 0.1936 -0.1346
vn -0.5052 0.5839 -0.6355
vn -0.0115 -0.7254 -0.6882
vn -0.0112 -0.7253 -0.6884
vn -0.0397 -0.7372 -0.6745
vn 0.9037 0.4082 -0.1290
vn 0.9036 0.4084 -0.1289
vn -1.0000 -0.0079 0.0029
vn -0.9983 -0.0182 -0.0551
vn -0.9872 -0.0344 -0.1558
vn -1.0000 -0.0080 0.0048
vn -1.0000 -0.0043 0.0022
vn -0.9972 0.0078 0.0746
vn -0.9736 -0.0453 -0.2238
vn -0.9999 -0.0097 0.0097
vn -0.9934 -0.0892 0.0719
vn -0.7601 0.6498 -0.0001
vn -0.8714 0.4652 0.1559
vn -0.8917 0.4527 0.0033
vn -0.6949 0.7187 0.0236
vn -0.7507 0.6605 0.0122
vn -0.8824 0.4704 0.0117
vn -0.8570 0.5150 0.0185
vn -0.3863 0.9221 0.0226
vn -0.3551 0.9346 0.0211
vn -0.3995 0.9164 0.0232
vn -0.5750 0.8180 0.0134
vn -0.5856 0.8106 -0.0034
vn -0.9213 -0.3887 0.0101
vn -0.9188 -0.3946 0.0070
vn -0.9189 -0.3945 0.0072
vn -0.9213 -0.3886 0.0101
vn -0.9201 -0.3918 0.0042
vn -0.8953 -0.4276 -0.1253
vn -0.9137 -0.4039 -0.0449
vn -0.7982 0.6023 -0.0115
vn -0.9158 -0.3989 0.0474
vn -0.9168 -0.3968 0.0443
vn -0.8982 -0.4218 0.1239
vn -0.8914 -0.4217 0.1659
vn -0.8916 -0.4277 -0.1484
vn -0.9230 -0.3789 -0.0674
vn 0.0066 -0.5844 -0.8115
vn 0.0085 -0.5781 -0.8160
vn 0.0151 -0.5557 -0.8312
vn 0.9550 0.2640 -0.1354
vn 0.2633 -0.5392 -0.8000
vn 0.0228 -0.5794 -0.8147
vn 0.0228 -0.5791 -0.8149
vn 0.2432 -0.5449 -0.8025
vn 0.4262 0.4041 0.8094
vn 0.3534 0.7085 0.6108
vn 0.2928 -0.4639 0.8361
vn 0.3633 -0.1591 0.9180
vn -0.5524 0.4369 0.7099
vn -0.4270 -0.0411 0.9033
vn 0.0187 0.8196 0.5727
vn -0.4287 0.6665 0.6099
vn 0.3203 0.8591 0.3992
vn 0.2916 0.9043 0.3119
vn 0.0122 0.9327 0.3604
vn -0.4733 0.7961 0.3771
vn -0.5176 0.3649 0.7739
vn -0.6930 0.6103 0.3838
vn 0.2732 0.1045 0.9562
vn 0.4754 0.6820 0.5557
vn -0.8708 -0.2849 0.4006
vn 0.3120 -0.5820 0.7510
vn -0.3921 -0.7226 0.5693
vn -0.1601 0.3156 0.9353
vn -0.0617 0.3378 0.9392
vn -0.5671 0.8237 -0.0032
vn -0.9998 0.0134 -0.0177
vn -0.9868 0.1589 0.0310
vn 0.1739 0.9784 0.1118
vn 0.1739 0.9784 0.1116
vn 0.1743 0.9834 0.0505
vn 0.1418 0.3558 0.9238
vn 0.1435 0.3555 0.9236
vn 0.1452 0.3553 0.9234
vn 0.0790 -0.1445 -0.9864
vn -0.1752 0.4165 0.8921
vn -0.1719 0.3890 0.9051
vn -0.1893 0.6699 0.7180
vn -0.2093 0.8321 0.5137
vn -0.2046 0.9273 0.3136
vn -0.1663 0.9676 0.1898
vn -0.1052 0.9906 0.0877
vn -0.1599 0.9749 0.1549
vn -0.2125 0.9642 0.1588
vn -0.2052 0.9587 0.1972
vn -0.1608 0.9670 0.1976
vn -0.1951 0.9274 0.3193
vn -0.1712 0.9278 0.3316
vn -0.1723 0.8326 0.5264
vn -0.1924 0.8260 0.5298
vn -0.2281 0.9253 0.3031
vn -0.2480 0.9486 0.1967
vn -0.1651 0.8497 0.5007
vn -0.1138 0.6680 0.7354
vn -0.1678 0.6537 0.7379
vn -0.2196 0.6540 0.7239
vn -0.1035 0.4781 0.8722
vn -0.1097 0.4312 0.8956
vn -0.1561 0.4506 0.8790
vn -0.0167 0.2920 0.9563
vn -0.0343 0.3081 0.9507
vn -0.2451 0.9560 0.1610
vn -0.9781 -0.1853 0.0949
vn -0.9781 -0.1853 0.0951
vn -0.9689 -0.1891 0.1596
vn 0.0007 -0.5808 -0.8141
vn 0.0007 -0.5804 -0.8143
vn 0.2658 0.8626 0.4304
vn 0.9160 0.3667 -0.1628
vn -0.0344 0.5248 0.8505
vn -0.0484 0.5240 0.8503
vn -0.0630 0.4980 0.8649
vn -0.0822 0.4963 0.8643
vn -0.9256 -0.3783 0.0102
vn -0.9256 -0.3785 0.0102
vn -0.4945 0.8687 0.0276
vn -0.8242 0.5661 0.0182
vn -0.8235 0.5671 0.0182
vn -0.9968 0.0195 0.0780
vn -0.9941 0.0705 0.0829
vn -0.9617 0.2622 0.0799
vn -0.9548 0.2868 0.0778
vn -0.9833 0.1589 0.0891
vn 0.1832 0.8612 0.4741
vn 0.1804 0.9273 0.3279
vn 0.1804 0.9276 0.3272
vn 0.2790 0.9238 -0.2622
vn 0.2801 0.9222 -0.2667
vn 0.3057 0.8687 -0.3897
vn 0.2474 0.3371 -0.9084
vn 0.1589 0.9871 -0.0221
vn 0.1577 0.9872 -0.0215
vn -0.0369 0.0175 -0.9992
vn -0.0374 0.0261 -0.9990
vn -0.0374 0.0262 -0.9990
vn -0.5523 0.4370 0.7099
vn 0.0243 0.0058 -0.9997
vn 0.0374 0.0394 -0.9985
vn 0.0240 0.0049 -0.9997
vn -0.9629 0.2577 -0.0808
vn -0.9657 0.2529 -0.0586
vn -0.9742 0.2254 -0.0113
vn -0.9739 0.2259 -0.0225
vn -0.9494 0.2860 -0.1295
vn -0.9542 0.2797 -0.1058
vn -0.9400 0.2963 -0.1694
vn -0.9622 0.2567 -0.0907
vn -0.9735 0.2263 -0.0326
vn -0.9846 0.1629 0.0638
vn -0.9852 0.1587 0.0640
vn -0.9837 0.1568 0.0877
vn -0.9835 0.1570 0.0895
vn -0.9834 0.1579 0.0888
vn -0.9832 0.1581 0.0913
vn -0.9848 0.1689 0.0413
vn -0.9859 0.1610 0.0451
vn -0.9834 0.1570 0.0908
vn -0.9827 0.1584 0.0961
vn -0.9841 0.1665 0.0622
vn -0.9835 0.1771 0.0374
vn -0.0380 0.0349 -0.9987
vn 0.2536 0.9672 -0.0103
vn 0.2403 0.9703 -0.0297
vn 0.2533 0.9673 -0.0108
vn 0.0108 -0.0286 -0.9995
vn 0.1564 0.9875 -0.0208
vn 0.1561 0.9875 -0.0207
vn 0.2480 0.9594 -0.1342
vn 0.2666 0.9638 0.0086
vn -0.1162 0.8141 -0.5690
vn -0.1162 0.8143 -0.5687
vn -0.1902 0.7771 -0.6000
vn -0.1958 0.7744 -0.6016
vn -0.2893 0.7239 -0.6264
vn -0.0729 -0.6260 -0.7764
vn -0.0654 -0.6227 -0.7797
vn -0.1407 -0.6530 -0.7442
vn 0.4686 -0.4644 -0.7515
vn -0.2897 0.6590 -0.6941
vn -0.1460 0.7005 -0.6985
vn -0.1460 0.7008 -0.6983
vn -0.2611 0.6673 -0.6975
vn -0.3618 0.5653 -0.7413
vn -0.2711 0.5799 -0.7683
vn -0.2599 0.5009 -0.8255
vn -0.3359 0.4886 -0.8053
vn -0.1903 0.6140 -0.7660
vn -0.1838 0.4943 -0.8497
vn -0.1537 0.4621 -0.8734
vn -0.2334 0.5064 -0.8301
vn -0.1682 0.6978 -0.6963
vn -0.3712 0.6322 -0.6802
vn -0.2804 0.6626 -0.6945
vn 0.0923 -0.0898 -0.9917
vn 0.2279 -0.1845 0.9560
vn -0.6885 0.6638 0.2922
vn -0.6884 -0.7249 0.0242
vn -0.6873 -0.7258 0.0295
vn -0.6884 0.6638 0.2923
vn -0.7106 0.6802 0.1797
vn -0.6861 -0.7267 0.0347
vn -0.7106 0.6802 0.1796
vn -0.7218 0.6848 0.1003
vn -0.7221 0.6849 0.0970
vn -0.6812 -0.7287 0.0701
vn -0.7231 0.6852 0.0876
vn -0.6852 -0.7275 0.0353
vn -0.6851 -0.7276 0.0367
vn -0.7236 0.6854 0.0816
vn -0.6851 -0.7275 0.0372
vn -0.7266 0.6860 0.0380
vn -0.6852 -0.7275 0.0363
vn -0.7280 0.6853 -0.0191
vn -0.6857 -0.7278 0.0106
vn -0.6855 -0.7281 0.0064
vn -0.7280 0.6853 -0.0190
vn -0.7226 0.6792 -0.1288
vn -0.6852 -0.7284 0.0022
vn 0.9410 0.2340 -0.2443
vn 0.9012 -0.1046 -0.4205
vn -0.4696 -0.4079 -0.7830
vn -0.9561 0.2264 -0.1863
vn 0.6117 0.7585 -0.2247
vn 0.4371 -0.3624 -0.8232
vn -0.9342 -0.1272 -0.3333
vn -0.6183 0.7611 -0.1960
vn -0.5912 0.2209 -0.7757
vn -0.2490 0.4105 -0.8772
vn -0.1236 0.9923 -0.0000
vn -0.0369 -0.9563 -0.2901
vn 0.0885 -0.9643 -0.2495
vn -0.4546 0.8907 -0.0000
vn -0.0762 -0.9971 -0.0008
vn -0.0674 -0.9977 0.0003
vn -0.0370 -0.9993 0.0039
vn 0.3148 -0.9475 -0.0558
vn -0.0930 -0.9957 0.0046
vn 0.2927 -0.9556 0.0349
vn 0.0376 -0.9992 0.0145
vn 0.3337 -0.9409 -0.0586
vn -0.0891 -0.9960 0.0036
vn -0.0000 -0.9983 -0.0590
vn 0.9814 0.1428 -0.1285
vn -0.0000 -0.9564 -0.2921
vn -0.0000 -0.9234 0.3838
vn -0.0000 0.8172 -0.5764
vn -0.0000 0.8566 0.5159
vn -0.4965 0.8680 0.0044
vn -1.0000 -0.0001 -0.0000
vn -1.0000 0.0002 -0.0031
vn -0.4962 -0.8682 0.0050
vn 0.4961 -0.8683 0.0049
vn 1.0000 0.0001 -0.0000
vn 1.0000 -0.0002 0.0031
vn 0.4966 0.8679 0.0045
vn -0.4830 0.8054 0.3436
vn -1.0000 0.0005 -0.0062
vn -0.4804 -0.8158 -0.3219
vn 0.4816 -0.8171 -0.3170
vn 1.0000 -0.0005 0.0062
vn 0.4815 0.8037 0.3495
vn -0.5123 0.3504 0.7840
vn -0.9990 -0.0140 -0.0421
vn -0.4620 -0.3236 -0.8257
vn 0.5144 -0.3159 -0.7973
vn 0.9986 -0.0038 0.0521
vn 0.4648 0.3392 0.8178
vn -0.5191 0.4021 0.7542
vn -0.7910 0.5893 -0.1646
vn -0.3227 0.2259 -0.9192
vn 0.5183 -0.4042 -0.7536
vn 0.7907 -0.5897 0.1646
vn 0.3235 -0.2234 0.9195
vn 0.0334 -0.9994 0.0125
vn 0.0095 0.9999 -0.0106
vn 0.0324 -0.9994 0.0136
vn 0.0393 -0.9992 -0.0089
vn 0.0156 -0.9999 -0.0036
vn 0.0099 0.9999 -0.0106
vn 0.3903 0.0314 0.9201
vn 0.9884 0.0843 0.1260
vn 0.6181 0.0512 -0.7844
vn -0.3901 -0.0296 -0.9203
vn -0.9894 -0.0707 -0.1264
vn -0.6179 -0.0455 0.7850
vn -0.6143 -0.0095 0.7890
vn -0.9915 -0.0150 -0.1291
vn -0.3895 -0.0061 -0.9210
vn 0.6057 0.0100 -0.7956
vn 0.9912 0.0166 0.1314
vn 0.3773 0.0061 0.9261
vn -0.0145 0.9999 -0.0055
vn -0.0159 0.9999 -0.0055
vn 0.0020 0.9999 0.0134
vn 0.0386 -0.9992 -0.0102
vn 0.0013 0.9999 0.0136
vn 0.0171 -0.9998 -0.0035
vn 0.3613 0.8721 0.3299
vn -0.8721 0.3613 0.3299
vn -0.8721 -0.3613 0.3299
vn 0.3613 -0.8721 0.3299
vn 0.8721 0.3613 0.3299
vn -0.3613 0.8721 0.3299
vn -0.3613 -0.8721 0.3299
vn 0.8721 -0.3613 0.3299
vn 0.1526 -0.3684 0.9171
vn 0.3684 0.1526 0.9171
vn -0.1526 0.3684 0.9171
vn -0.1526 -0.3684 0.9171
vn 0.3684 -0.1526 0.9171
vn 0.1526 0.3684 0.9171
vn -0.3684 0.1526 0.9171
vn -0.3684 -0.1526 0.9171
vn -0.3827 0.9239 -0.0000
vn -0.6752 -0.2797 0.6826
vn -0.3827 -0.9239 -0.0000
vn 0.9239 -0.3827 -0.0000
vn 0.3827 0.9239 -0.0000
vn -0.9239 0.3827 -0.0000
vn -0.9239 -0.3827 -0.0000
vn 0.3827 -0.9239 -0.0000
vn 0.9239 0.3827 -0.0000
vn 0.2797 -0.6752 0.6826
vn 0.6752 0.2797 0.6826
vn -0.2797 0.6752 0.6826
vn -0.2797 -0.6752 0.6826
vn 0.6752 -0.2797 0.6826
vn 0.2797 0.6752 0.6826
vn -0.6752 0.2797 0.6826
vn 0.4965 0.8680 0.0044
vn 1.0000 -0.0001 -0.0000
vn 1.0000 0.0002 -0.0031
vn 0.4962 -0.8682 0.0050
vn -0.4961 -0.8682 0.0049
vn -1.0000 0.0001 -0.0000
vn -1.0000 -0.0002 0.0031
vn -0.4966 0.8679 0.0045
vn 0.4830 0.8054 0.3436
vn 1.0000 0.0005 -0.0062
vn 0.4804 -0.8158 -0.3219
vn -0.4816 -0.8171 -0.3170
vn -1.0000 -0.0005 0.0062
vn -0.4815 0.8037 0.3495
vn 0.5123 0.3504 0.7841
vn 0.9990 -0.0140 -0.0422
vn 0.4620 -0.3236 -0.8257
vn -0.5143 -0.3159 -0.7973
vn -0.9986 -0.0038 0.0521
vn -0.4648 0.3392 0.8179
vn 0.5191 0.4021 0.7542
vn 0.7909 0.5893 -0.1647
vn 0.3227 0.2259 -0.9192
vn -0.5183 -0.4042 -0.7537
vn -0.7907 -0.5897 0.1647
vn -0.3235 -0.2234 0.9195
vn -0.0334 -0.9994 0.0125
vn -0.0095 0.9999 -0.0106
vn -0.0324 -0.9994 0.0136
vn -0.0393 -0.9992 -0.0089
vn -0.0157 -0.9999 -0.0036
vn -0.0099 0.9999 -0.0106
vn -0.3903 0.0314 0.9202
vn -0.9884 0.0843 0.1260
vn -0.6181 0.0512 -0.7844
vn 0.3901 -0.0296 -0.9203
vn 0.9894 -0.0707 -0.1265
vn 0.6179 -0.0455 0.7850
vn 0.6143 -0.0095 0.7890
vn 0.9915 -0.0150 -0.1291
vn 0.3895 -0.0061 -0.9210
vn -0.6057 0.0100 -0.7956
vn -0.9912 0.0166 0.1314
vn -0.3773 0.0061 0.9261
vn 0.0145 0.9999 -0.0055
vn 0.0159 0.9999 -0.0055
vn -0.0020 0.9999 0.0134
vn -0.0386 -0.9992 -0.0102
vn -0.0013 0.9999 0.0136
vn -0.0171 -0.9998 -0.0035
vn 0.6714 -0.4412 0.5955
vn 0.0703 0.9944 0.0793
vn 0.7253 0.0542 0.6863
vn 0.6307 0.4750 0.6137
vn -0.6714 -0.4412 0.5955
vn -0.0703 0.9944 0.0793
vn -0.7253 0.0542 0.6863
vn -0.6307 0.4750 0.6137
vn -0.9741 0.1333 -0.1829
vn -0.1297 -0.9901 -0.0538
vn -0.9833 -0.0109 -0.1816
vn -0.8242 -0.3158 -0.4701
vn 0.9741 0.1333 -0.1829
vn 0.1297 -0.9901 -0.0538
vn 0.9833 -0.0109 -0.1816
vn 0.8242 -0.3158 -0.4701
vn 0.9789 -0.2040 0.0136
vn -0.7366 0.0844 -0.6710
vn -0.5069 -0.8033 -0.3127
vn 0.6461 0.4649 -0.6053
vn 0.8050 -0.4002 -0.4379
vn 0.6201 -0.0693 -0.7814
vn -0.9789 -0.2040 0.0136
vn 0.7366 0.0844 -0.6710
vn 0.5069 -0.8033 -0.3127
vn -0.6461 0.4649 -0.6053
vn -0.8050 -0.4002 -0.4379
vn -0.6201 -0.0693 -0.7814
vn 0.8456 0.2645 -0.4636
vn -0.0000 0.2537 0.9673
vn -0.0000 0.2671 -0.9637
vn 0.8239 0.2578 0.5047
vn -0.8239 0.2578 0.5047
vn -0.8456 0.2645 -0.4636
vn -0.0000 -0.0000 -0.0000
vn -0.0000 0.9948 0.1021
vn -0.0000 0.6908 0.7231
vn -0.0000 0.7689 0.6394
vn 0.4208 -0.6050 -0.6759
vn 0.4716 -0.6780 -0.5639
vn 0.4437 -0.6379 -0.6294
vn 0.5613 -0.8070 -0.1834
vn 0.5650 -0.8122 -0.1452
vn 0.5335 -0.7670 -0.3565
vn 0.3871 -0.5565 -0.7351
vn -0.0000 0.9751 0.2216
vn -0.0000 0.9844 0.1759
vn -0.0000 0.9068 0.4215
vn -0.0000 0.6036 0.7973
vn 0.1196 -0.2406 0.9632
vn 0.6543 0.7444 0.1330
vn 0.6609 0.5770 0.4799
vn 0.6504 0.5330 0.5411
vn 0.6461 0.5174 0.5611
vn 0.6591 0.7333 0.1667
vn 0.6303 0.4686 0.6190
vn -0.1196 0.2406 -0.9632
vn 0.6702 0.6731 0.3128
vn -0.4208 -0.6050 -0.6759
vn -0.4437 -0.6379 -0.6294
vn -0.4716 -0.6780 -0.5639
vn -0.5613 -0.8070 -0.1834
vn -0.5650 -0.8122 -0.1452
vn -0.5335 -0.7670 -0.3565
vn -0.3871 -0.5565 -0.7351
vn -0.1196 -0.2406 0.9632
vn -0.6543 0.7444 0.1330
vn -0.6609 0.5770 0.4799
vn -0.6461 0.5174 0.5611
vn -0.6504 0.5330 0.5411
vn -0.6591 0.7333 0.1667
vn -0.6303 0.4686 0.6190
vn 0.1196 0.2406 -0.9632
vn -0.6702 0.6731 0.3128
vn 0.5326 0.8158 -0.2254
vn -0.0000 0.8365 -0.5480
vn -0.5326 0.8158 -0.2254
vn -0.5070 0.7766 0.3739
vn -0.0000 0.7580 0.6522
vn 0.5070 0.7766 0.3739
vn 0.0059 0.9983 -0.0579
vn -0.0302 0.3219 0.9463
vn -0.0000 0.0753 -0.9972
vn -0.9153 0.3561 -0.1882
vn 0.9196 0.3360 -0.2035
vn -0.7446 0.4355 0.5059
vn 0.8253 0.3890 0.4094
vn -0.0069 -1.0000 0.0002
vn -0.0000 0.7445 -0.6676
vn -0.9656 -0.0855 -0.2456
vn 0.9653 -0.0725 -0.2508
vn -0.7514 -0.2295 0.6186
vn 0.8519 -0.2437 0.4636
vn -0.0321 -0.3503 0.9361
vn 0.0442 0.9395 0.3395
vn -0.0059 0.9983 -0.0579
vn 0.0302 0.3219 0.9463
vn 0.9153 0.3561 -0.1882
vn -0.9196 0.3360 -0.2035
vn 0.7446 0.4355 0.5059
vn -0.8253 0.3890 0.4094
vn 0.0069 -1.0000 0.0002
vn 0.9656 -0.0855 -0.2456
vn -0.9653 -0.0725 -0.2508
vn 0.7514 -0.2295 0.6186
vn -0.8519 -0.2437 0.4636
vn 0.0321 -0.3503 0.9361
vn -0.0442 0.9395 0.3395
vn 0.0980 0.1703 -0.9805
vn 0.0982 0.1709 -0.9804
vn 0.0980 0.9788 0.1798
vn 0.0981 0.9789 0.1793
vn -0.0980 -0.1703 0.9805
vn -0.0979 -0.1709 0.9804
vn -0.0980 -0.9788 -0.1798
vn -0.0981 -0.9789 -0.1793
vn 0.0984 0.1715 -0.9803
vn 0.0982 0.9790 0.1787
vn -0.0978 -0.1715 0.9803
vn -0.0981 -0.9790 -0.1787
vn 0.3887 0.0906 -0.9169
vn 0.1307 0.9555 0.2646
vn -0.3856 -0.0904 0.9182
vn -0.1224 -0.9577 -0.2604
vn 0.8868 0.2752 -0.3714
vn -0.6194 0.6027 -0.5030
vn -0.8866 -0.2746 0.3721
vn 0.6193 -0.6050 0.5005
vn 0.4613 0.8720 0.1639
vn -0.2310 0.1939 -0.9534
vn -0.4563 -0.8742 -0.1661
vn 0.2336 -0.1956 0.9525
vn 0.0844 0.9803 0.1784
vn 0.0843 0.9809 0.1754
vn 0.0515 0.1613 -0.9856
vn 0.0517 0.1648 -0.9850
vn -0.0836 -0.9804 -0.1784
vn -0.0840 -0.9809 -0.1754
vn -0.0511 -0.1614 0.9856
vn -0.0515 -0.1648 0.9850
vn 0.0842 0.9814 0.1725
vn 0.0520 0.1683 -0.9844
vn -0.0844 -0.9814 -0.1725
vn -0.0519 -0.1683 0.9844
vn 0.6708 -0.2015 -0.7137
vn 0.7131 0.3398 0.6132
vn -0.6714 0.2042 0.7124
vn -0.7131 -0.3386 -0.6138
vn 0.5974 -0.2452 -0.7636
vn 0.6397 0.3517 0.6834
vn -0.5992 0.2228 0.7689
vn -0.6347 -0.3635 -0.6819
vn 0.3344 0.9420 0.0299
vn 0.8379 -0.5396 0.0821
vn -0.3385 -0.9408 -0.0176
vn -0.8371 0.5419 -0.0753
vn 0.4366 0.8990 0.0330
vn 0.8953 -0.4377 0.0832
vn -0.4366 -0.8990 -0.0330
vn -0.8953 0.4377 -0.0832
vn 0.3639 0.9314 -0.0001
vn 0.8616 -0.5054 0.0465
vn -0.3650 -0.9310 -0.0074
vn -0.8608 0.5065 -0.0503
vn 0.4662 0.0448 0.8836
vn 0.7869 0.1427 -0.6004
vn -0.4665 -0.0572 -0.8827
vn -0.7846 -0.1488 0.6019
vn -0.7846 -0.1520 0.6011
vn 0.4608 0.0860 0.8833
vn 0.7846 0.1608 -0.5988
vn -0.4649 -0.0755 -0.8822
vn -0.7846 -0.1553 0.6003
vn 0.6549 -0.7550 -0.0316
vn 0.6450 0.7623 0.0535
vn -0.6557 0.7546 0.0250
vn -0.6442 -0.7628 -0.0567
vn 0.7167 -0.6917 -0.0889
vn 0.6944 0.6988 0.1717
vn -0.7167 0.6917 0.0888
vn -0.6944 -0.6988 -0.1717
vn -0.7185 0.6628 0.2111
vn 0.6854 0.6761 0.2705
vn 0.7092 -0.6230 -0.3300
vn 0.6847 0.6318 0.3633
vn -0.7095 0.6207 0.3337
vn -0.6845 -0.6330 -0.3616
vn 0.7062 -0.6595 0.2576
vn 0.6838 0.6395 -0.3514
vn -0.7064 0.6582 -0.2602
vn -0.6838 -0.6395 0.3514
vn 0.6399 -0.7618 0.1013
vn 0.6357 0.7626 -0.1196
vn -0.6405 0.7621 -0.0947
vn -0.6349 -0.7628 0.1226
vn 0.4041 0.1278 -0.9057
vn 0.8060 0.1336 0.5766
vn -0.4094 -0.1153 0.9050
vn -0.8059 -0.1275 -0.5782
vn 0.4353 0.0676 -0.8977
vn 0.8059 0.1941 0.5593
vn -0.4348 -0.0805 0.8969
vn -0.8040 -0.1985 -0.5605
vn 0.2502 0.9678 -0.0269
vn 0.2516 0.9674 -0.0293
vn 0.9243 -0.3814 0.0111
vn -0.2512 -0.9674 0.0328
vn -0.2529 -0.9670 0.0293
vn -0.9241 0.3822 -0.0089
vn 0.2530 0.9669 -0.0317
vn 0.9233 -0.3785 -0.0656
vn -0.2546 -0.9667 0.0257
vn -0.9231 0.3795 0.0614
vn 0.5540 0.3018 0.7759
vn 0.6619 0.1710 -0.7298
vn -0.5509 -0.3137 -0.7734
vn -0.6578 -0.1787 0.7317
vn 0.6771 -0.1247 0.7252
vn 0.6595 0.4609 -0.5938
vn -0.6777 0.1268 -0.7243
vn -0.6596 -0.4607 0.5939
vn 0.6998 -0.0204 -0.7140
vn 0.6998 0.2198 0.6797
vn -0.6998 0.0204 0.7140
vn -0.6998 -0.2198 -0.6797
vn 0.0732 0.7836 -0.6170
vn 0.0732 0.7837 -0.6168
vn 0.0732 0.6127 0.7869
vn 0.0732 0.6129 0.7868
vn -0.0732 -0.7836 0.6170
vn -0.0732 -0.7837 0.6168
vn -0.0732 -0.6127 -0.7869
vn -0.0732 -0.6129 -0.7868
vn 0.0732 0.7838 -0.6167
vn 0.0732 0.6130 0.7867
vn -0.0732 -0.7838 0.6167
vn -0.0732 -0.6130 -0.7867
vn 0.1431 0.7735 -0.6174
vn 0.1471 0.6020 0.7848
vn -0.1430 -0.7736 0.6174
vn -0.1470 -0.6020 -0.7848
vn 0.3092 0.7431 -0.5935
vn 0.2570 0.6183 0.7427
vn -0.2353 -0.7663 0.5978
vn -0.2542 -0.6182 -0.7438
vn -0.9863 -0.1107 0.1224
vn -0.0331 0.4290 0.9027
vn 0.9898 0.0901 -0.1104
vn 0.0327 -0.4300 -0.9022
vn -0.9904 -0.1170 0.0742
vn 0.0238 0.4369 0.8992
vn 0.9894 0.1229 -0.0771
vn -0.0238 -0.4369 -0.8992
vn -0.3937 -0.8130 0.4291
vn -0.0150 0.4797 0.8773
vn -0.0135 0.4769 0.8789
vn 0.4006 0.8103 -0.4276
vn 0.0150 -0.4797 -0.8773
vn 0.0135 -0.4769 -0.8789
vn -0.0666 -0.8788 0.4725
vn -0.0668 -0.8788 0.4725
vn -0.0121 0.4741 0.8804
vn 0.0672 0.8788 -0.4725
vn 0.0671 0.8788 -0.4725
vn 0.0121 -0.4741 -0.8804
vn -0.0669 -0.8788 0.4724
vn -0.0121 0.4742 0.8804
vn 0.0669 0.8788 -0.4724
vn 0.0121 -0.4742 -0.8804
vn -0.0980 0.1703 -0.9805
vn -0.0982 0.1709 -0.9804
vn -0.0980 0.9788 0.1798
vn -0.0981 0.9789 0.1793
vn 0.0980 -0.1703 0.9805
vn 0.0979 -0.1709 0.9804
vn 0.0980 -0.9788 -0.1798
vn 0.0981 -0.9789 -0.1793
vn -0.0984 0.1715 -0.9803
vn -0.0982 0.9790 0.1787
vn 0.0978 -0.1715 0.9803
vn 0.0981 -0.9790 -0.1787
vn -0.3887 0.0906 -0.9169
vn -0.1307 0.9555 0.2646
vn 0.3856 -0.0904 0.9182
vn 0.1224 -0.9577 -0.2604
vn -0.8868 0.2752 -0.3714
vn 0.6194 0.6027 -0.5030
vn 0.8866 -0.2746 0.3721
vn -0.6193 -0.6050 0.5005
vn -0.4613 0.8720 0.1639
vn 0.2310 0.1939 -0.9534
vn 0.4563 -0.8742 -0.1661
vn -0.2336 -0.1956 0.9525
vn -0.0844 0.9803 0.1784
vn -0.0843 0.9809 0.1754
vn -0.0515 0.1613 -0.9856
vn -0.0517 0.1648 -0.9850
vn 0.0836 -0.9804 -0.1784
vn 0.0840 -0.9809 -0.1754
vn 0.0511 -0.1614 0.9856
vn 0.0515 -0.1648 0.9850
vn -0.0842 0.9814 0.1725
vn -0.0520 0.1683 -0.9844
vn 0.0844 -0.9814 -0.1725
vn 0.0519 -0.1683 0.9844
vn -0.6708 -0.2015 -0.7137
vn -0.7131 0.3398 0.6132
vn 0.6714 0.2042 0.7124
vn 0.7131 -0.3386 -0.6138
vn -0.5974 -0.2452 -0.7636
vn -0.6397 0.3517 0.6834
vn 0.5992 0.2228 0.7689
vn 0.6347 -0.3635 -0.6819
vn -0.3344 0.9420 0.0299
vn -0.8379 -0.5396 0.0821
vn 0.3385 -0.9408 -0.0176
vn 0.8371 0.5419 -0.0753
vn -0.4366 0.8990 0.0330
vn -0.8953 -0.4377 0.0832
vn 0.4366 -0.8990 -0.0330
vn 0.8953 0.4377 -0.0832
vn -0.3639 0.9314 -0.0001
vn -0.8616 -0.5054 0.0465
vn 0.3650 -0.9310 -0.0074
vn 0.8608 0.5065 -0.0503
vn -0.4662 0.0448 0.8836
vn -0.7869 0.1427 -0.6004
vn 0.4665 -0.0572 -0.8827
vn 0.7846 -0.1488 0.6019
vn 0.7846 -0.1520 0.6011
vn -0.4608 0.0860 0.8833
vn -0.7846 0.1608 -0.5988
vn 0.4649 -0.0755 -0.8822
vn 0.7846 -0.1553 0.6003
vn -0.6549 -0.7550 -0.0316
vn -0.6450 0.7623 0.0535
vn 0.6557 0.7546 0.0250
vn 0.6442 -0.7628 -0.0567
vn -0.7167 -0.6917 -0.0889
vn -0.6944 0.6988 0.1717
vn 0.7167 0.6917 0.0888
vn 0.6944 -0.6988 -0.1717
vn 0.7185 0.6628 0.2111
vn -0.6854 0.6761 0.2706
vn -0.6854 0.6761 0.2705
vn -0.7092 -0.6230 -0.3300
vn -0.6847 0.6318 0.3633
vn 0.7095 0.6207 0.3337
vn 0.6845 -0.6330 -0.3616
vn -0.7062 -0.6595 0.2576
vn -0.6838 0.6395 -0.3514
vn 0.7064 0.6582 -0.2602
vn 0.6838 -0.6395 0.3514
vn -0.6399 -0.7618 0.1013
vn -0.6357 0.7626 -0.1196
vn 0.6405 0.7621 -0.0947
vn 0.6349 -0.7628 0.1226
vn -0.4041 0.1278 -0.9057
vn -0.8060 0.1336 0.5766
vn 0.4094 -0.1153 0.9050
vn 0.8059 -0.1275 -0.5782
vn -0.4353 0.0676 -0.8977
vn -0.8059 0.1941 0.5593
vn 0.4348 -0.0805 0.8969
vn 0.8040 -0.1985 -0.5605
vn -0.2502 0.9678 -0.0269
vn -0.2516 0.9674 -0.0293
vn -0.9243 -0.3814 0.0111
vn 0.2512 -0.9674 0.0328
vn 0.2529 -0.9670 0.0293
vn 0.9241 0.3822 -0.0089
vn -0.2530 0.9669 -0.0317
vn -0.9233 -0.3785 -0.0656
vn 0.2546 -0.9667 0.0257
vn 0.9231 0.3795 0.0614
vn -0.5540 0.3018 0.7759
vn -0.6619 0.1710 -0.7298
vn 0.5509 -0.3137 -0.7734
vn 0.6578 -0.1787 0.7317
vn -0.6771 -0.1247 0.7252
vn -0.6595 0.4609 -0.5938
vn 0.6777 0.1268 -0.7243
vn 0.6596 -0.4607 0.5939
vn -0.6998 -0.0204 -0.7140
vn -0.6998 0.2198 0.6797
vn 0.6998 0.0204 0.7140
vn 0.6998 -0.2198 -0.6797
vn -0.0732 0.7836 -0.6170
vn -0.0732 0.7837 -0.6168
vn -0.0732 0.6127 0.7869
vn -0.0732 0.6129 0.7868
vn 0.0732 -0.7836 0.6170
vn 0.0732 -0.7837 0.6168
vn 0.0732 -0.6127 -0.7869
vn 0.0732 -0.6129 -0.7868
vn -0.0732 0.7838 -0.6167
vn -0.0732 0.6130 0.7867
vn 0.0732 -0.7838 0.6167
vn 0.0732 -0.6130 -0.7867
vn -0.1431 0.7735 -0.6174
vn -0.1471 0.6020 0.7848
vn 0.1430 -0.7736 0.6174
vn 0.1470 -0.6020 -0.7848
vn -0.3092 0.7431 -0.5935
vn -0.2570 0.6183 0.7427
vn 0.2353 -0.7663 0.5978
vn 0.2542 -0.6182 -0.7438
vn 0.9863 -0.1107 0.1224
vn 0.0331 0.4290 0.9027
vn -0.9898 0.0901 -0.1104
vn -0.0327 -0.4300 -0.9022
vn 0.9904 -0.1170 0.0742
vn -0.0238 0.4369 0.8992
vn -0.9894 0.1229 -0.0771
vn 0.0238 -0.4369 -0.8992
vn 0.3937 -0.8130 0.4291
vn 0.0150 0.4797 0.8773
vn 0.0135 0.4769 0.8789
vn -0.4006 0.8103 -0.4276
vn -0.0150 -0.4797 -0.8773
vn -0.0135 -0.4769 -0.8789
vn 0.0666 -0.8788 0.4725
vn 0.0668 -0.8788 0.4725
vn 0.0121 0.4741 0.8804
vn -0.0672 0.8788 -0.4725
vn -0.0671 0.8788 -0.4725
vn -0.0121 -0.4741 -0.8804
vn 0.0669 -0.8788 0.4724
vn 0.0121 0.4742 0.8804
vn -0.0669 0.8788 -0.4724
vn -0.0121 -0.4742 -0.8804
vn 0.6765 0.1282 0.7252
vn 0.3250 0.3907 0.8612
vn 0.0748 0.4065 0.9106
vn 0.0129 0.4074 0.9131
vn 0.0129 -0.4074 0.9131
vn 0.0748 -0.4065 0.9106
vn 0.3250 -0.3907 0.8612
vn 0.6765 -0.1282 0.7252
vn -0.6796 -0.1336 -0.7213
vn -0.3168 -0.4304 -0.8452
vn -0.0721 -0.4526 -0.8888
vn -0.0126 -0.4541 -0.8909
vn -0.0126 0.4541 -0.8909
vn -0.0721 0.4526 -0.8888
vn -0.3168 0.4304 -0.8452
vn -0.6796 0.1336 -0.7213
vn -0.0063 0.8912 -0.4536
vn -0.1147 0.9791 -0.1678
vn -0.0063 -0.8912 -0.4536
vn 0.9993 -0.0366 -0.0080
vn 0.7206 -0.0913 -0.6873
vn -0.1150 0.9309 -0.3467
vn -0.1147 -0.9791 -0.1678
vn -0.1150 -0.9309 -0.3467
vn -0.0361 0.8925 -0.4495
vn -0.0361 -0.8925 -0.4495
vn 0.9993 0.0366 -0.0080
vn -0.6765 0.1282 0.7252
vn -0.3250 0.3907 0.8612
vn -0.0748 0.4065 0.9106
vn -0.0129 0.4071 0.9133
vn -0.0129 -0.4071 0.9133
vn -0.0748 -0.4065 0.9106
vn -0.3250 -0.3907 0.8612
vn -0.6765 -0.1282 0.7252
vn 0.6796 -0.1336 -0.7213
vn 0.3168 -0.4304 -0.8452
vn 0.0721 -0.4526 -0.8888
vn 0.0126 -0.4535 -0.8912
vn 0.0126 0.4535 -0.8912
vn 0.0721 0.4526 -0.8888
vn 0.3168 0.4304 -0.8452
vn 0.6796 0.1336 -0.7213
vn 0.0064 0.8911 -0.4537
vn 0.1147 0.9791 -0.1678
vn 0.0064 -0.8911 -0.4537
vn -0.7206 -0.0913 -0.6873
vn 0.1150 0.9309 -0.3467
vn 0.1147 -0.9791 -0.1678
vn 0.1150 -0.9309 -0.3467
vn 0.0361 0.8925 -0.4495
vn 0.0361 -0.8925 -0.4495
vn 0.7206 0.0913 -0.6873
vn -0.7206 0.0913 -0.6873
vn 0.2859 -0.0000 -0.9582
vn -0.2860 -0.0000 0.9582
vn 0.2860 -0.0000 -0.9582
vn -0.2832 -0.1256 0.9508
vn -0.2837 -0.1256 0.9507
vn -0.2990 -0.6123 0.7319
vn -0.9011 -0.4011 -0.1648
vn -0.9582 -0.0000 -0.2859
vn -0.9361 0.3510 -0.0205
vn -0.4634 0.7736 0.4321
vn -0.1650 0.8167 0.5529
vn -0.0850 -0.9548 0.2847
vn -0.4314 -0.8879 0.1596
vn -0.2740 -0.2839 0.9189
vn -0.2742 -0.2839 0.9188
vn -0.2676 0.3577 0.8947
vn -0.2670 0.3577 0.8948
vn -0.2850 0.0894 0.9543
vn -0.2848 0.0894 0.9544
vn 0.2859 -0.0165 -0.9581
vn -0.2841 -0.1256 0.9505
vn -0.1510 -0.6123 0.7761
vn 0.8440 -0.4011 0.3560
vn 0.9582 -0.0000 0.2859
vn 0.9582 -0.0000 0.2860
vn 0.7943 0.3510 0.4958
vn 0.1508 0.7736 0.6154
vn 0.2734 -0.8879 0.3699
vn -0.2743 -0.2839 0.9188
vn -0.2665 0.3577 0.8950
vn -0.2846 0.0894 0.9545
vn 0.3667 -0.9239 0.1094
vn -0.1070 0.9274 0.3585
vn 0.2438 0.8657 0.4372
vn 0.8424 0.3585 0.4023
vn 0.8853 -0.3827 0.2642
vn -0.9582 -0.0000 -0.2860
vn -0.3667 -0.9239 -0.1094
vn -0.4435 0.8657 0.2321
vn -0.9251 0.3585 -0.1251
vn -0.8853 -0.3827 -0.2642
vn -0.2859 -0.0000 -0.9582
vn 0.2860 -0.0000 0.9582
vn 0.2859 -0.0000 0.9582
vn -0.2860 -0.0000 -0.9582
vn 0.2832 -0.1256 0.9508
vn 0.2837 -0.1256 0.9507
vn 0.2990 -0.6123 0.7319
vn 0.9011 -0.4011 -0.1648
vn 0.9582 -0.0000 -0.2859
vn 0.9361 0.3510 -0.0205
vn 0.4634 0.7736 0.4321
vn 0.1650 0.8167 0.5529
vn 0.0850 -0.9548 0.2847
vn 0.4314 -0.8879 0.1596
vn 0.9582 -0.0000 -0.2860
vn 0.2740 -0.2839 0.9189
vn 0.2742 -0.2839 0.9188
vn 0.2676 0.3577 0.8947
vn 0.2670 0.3577 0.8948
vn 0.2850 0.0894 0.9543
vn 0.2848 0.0894 0.9544
vn -0.2859 -0.0165 -0.9581
vn 0.2841 -0.1256 0.9505
vn 0.1510 -0.6123 0.7761
vn -0.8440 -0.4011 0.3560
vn -0.9582 -0.0000 0.2859
vn -0.7943 0.3510 0.4958
vn -0.1508 0.7736 0.6154
vn -0.2734 -0.8879 0.3699
vn -0.9582 -0.0000 0.2860
vn 0.2743 -0.2839 0.9188
vn 0.2665 0.3577 0.8950
vn 0.2846 0.0894 0.9545
vn -0.3667 -0.9239 0.1094
vn 0.1070 0.9274 0.3585
vn -0.2438 0.8657 0.4372
vn -0.8424 0.3585 0.4023
vn -0.8853 -0.3827 0.2642
vn 0.3667 -0.9239 -0.1094
vn 0.4435 0.8657 0.2321
vn 0.9251 0.3585 -0.1251
vn 0.8853 -0.3827 -0.2642
vn 0.9835 -0.0000 0.1811
vn -0.9835 -0.0000 -0.1811
vn -0.1811 -0.0000 0.9835
vn 0.1811 -0.0000 -0.9835
vn -0.9835 -0.0000 0.1811
vn 0.9835 -0.0000 -0.1811
vn 0.1811 -0.0000 0.9835
vn -0.1811 -0.0000 -0.9835
vn -0.1562 -0.0000 0.9877
vn -0.8110 -0.0000 -0.5850
vn -0.4250 -0.0000 0.9052
vn -0.2552 -0.0000 -0.9669
vn -0.0285 -0.0000 0.9996
vn 0.8110 -0.0000 -0.5850
vn -0.4572 -0.0000 -0.8894
vn -0.0126 -0.0000 0.9999
vn 0.2552 -0.0000 -0.9669
vn 0.7992 -0.0000 0.6010
vn -0.1071 -0.0000 -0.9942
vn 0.4572 -0.0000 -0.8894
vn 0.1562 -0.0000 0.9877
vn 0.1071 -0.0000 -0.9942
vn 0.4250 -0.0000 0.9052
vn -0.7992 -0.0000 0.6010
vn 0.0285 -0.0000 0.9996
vn 0.0126 -0.0000 0.9999
vn -0.9720 -0.0000 -0.2352
vn 0.9720 -0.0000 0.2352
vn -0.2352 -0.0000 0.9720
vn 0.2352 -0.0000 -0.9720
vn 0.2166 0.3893 -0.8953
vn 0.2288 0.2304 -0.9458
vn 0.2288 -0.2304 -0.9458
vn 0.2351 0.0254 -0.9716
vn -0.2350 -0.0402 0.9712
vn -0.2165 0.3906 0.8947
vn -0.2350 0.0387 0.9712
vn -0.2346 -0.0716 0.9695
vn -0.0143 0.9982 0.0589
vn 0.0012 -1.0000 -0.0051
vn -0.2340 -0.1001 0.9671
vn 0.1382 -0.8091 -0.5712
vn 0.1540 0.7559 -0.6363
vn 0.9720 -0.0000 -0.2352
vn -0.9720 -0.0000 0.2352
vn 0.2352 -0.0000 0.9720
vn -0.2352 -0.0000 -0.9720
vn -0.2166 0.3893 -0.8953
vn -0.2288 0.2304 -0.9458
vn -0.2288 -0.2304 -0.9458
vn -0.2351 0.0254 -0.9716
vn 0.2350 -0.0402 0.9712
vn 0.2165 0.3906 0.8947
vn 0.2350 0.0387 0.9712
vn 0.2346 -0.0716 0.9695
vn 0.0143 0.9982 0.0589
vn -0.0012 -1.0000 -0.0051
vn 0.2340 -0.1001 0.9671
vn -0.1382 -0.8091 -0.5712
vn -0.1540 0.7559 -0.6363
vn -0.4596 -0.0000 0.8881
vn 0.4597 -0.0000 -0.8881
vn -0.1540 -0.7495 -0.6438
vn 0.6146 -0.7495 -0.2460
vn 0.6146 0.7495 -0.2460
vn -0.5384 -0.0000 -0.8427
vn 0.9989 -0.0000 -0.0471
vn -0.1540 0.7495 -0.6438
vn -0.4597 -0.0000 0.8881
vn -0.5383 -0.0000 -0.8427
vn 0.4597 -0.0000 0.8881
vn -0.4597 -0.0000 -0.8881
vn 0.1540 -0.7495 -0.6438
vn -0.6146 -0.7495 -0.2460
vn -0.6146 0.7495 -0.2460
vn 0.5384 -0.0000 -0.8427
vn -0.9989 -0.0000 -0.0471
vn 0.1540 0.7495 -0.6438
vn 0.1541 -0.7495 -0.6438
vn -0.8660 -0.5000 -0.0000
vn 0.8660 -0.5000 -0.0000
vn 0.8660 0.5000 -0.0000
vn -0.8660 0.5000 -0.0000
vn 0.5004 0.0020 0.8658
vn 1.0000 0.0007 0.0020
vn 0.4986 0.0003 -0.8668
vn -0.5004 0.0021 -0.8658
vn -1.0000 0.0008 -0.0021
vn -0.4986 0.0003 0.8668
vn 0.4799 0.2693 0.8350
vn 0.9871 0.1602 -0.0074
vn 0.5008 -0.1030 -0.8594
vn -0.4851 -0.2378 -0.8415
vn -0.9888 -0.1494 0.0045
vn -0.5018 0.1079 0.8582
vn 0.3306 0.7030 0.6296
vn 0.8946 0.4287 -0.1263
vn 0.5605 -0.2918 -0.7751
vn -0.3306 -0.7030 -0.6296
vn -0.8946 -0.4287 0.1263
vn -0.5605 0.2918 0.7751
vn 0.0722 0.9569 0.2812
vn 0.7386 0.5793 -0.3449
vn 0.6740 -0.3952 -0.6241
vn -0.0538 -0.9652 -0.2558
vn -0.7319 -0.5826 0.3533
vn -0.6712 0.3936 0.6282
vn -0.0956 0.9928 0.0721
vn 0.6453 0.5956 -0.4784
vn 0.7390 -0.3904 -0.5491
vn 0.0976 -0.9928 -0.0700
vn -0.6489 -0.5950 0.4742
vn -0.7439 0.3905 0.5424
vn -0.0568 0.9917 0.1156
vn 0.3542 0.5986 -0.7185
vn 0.4091 -0.3805 -0.8294
vn 0.0569 -0.9917 -0.1156
vn -0.3528 -0.5985 0.7193
vn -0.4071 0.3804 0.8304
vn -0.0263 0.9925 0.1195
vn 0.1657 0.6025 -0.7807
vn 0.1915 -0.3903 -0.9005
vn 0.0244 -0.9925 -0.1200
vn -0.1653 -0.6025 0.7808
vn -0.1903 0.3903 0.9008
vn -0.2873 0.9561 0.0577
vn 0.0064 0.5851 -0.8109
vn 0.2890 -0.3883 -0.8750
vn 0.2565 -0.9644 -0.0640
vn -0.0171 -0.5886 0.8083
vn -0.2936 0.3868 0.8742
vn -0.7109 0.7025 -0.0337
vn -0.2596 0.4330 -0.8632
vn 0.4701 -0.2868 -0.8347
vn 0.7109 -0.7025 0.0337
vn 0.2596 -0.4330 0.8632
vn -0.4701 0.2868 0.8347
vn -0.9594 0.2690 -0.0848
vn -0.4076 0.1619 -0.8987
vn 0.5698 -0.1012 -0.8155
vn 0.9675 -0.2376 0.0868
vn 0.4111 -0.1509 0.8990
vn -0.5683 0.1059 0.8160
vn -0.9959 0.0020 -0.0905
vn -0.4218 0.0007 -0.9067
vn 0.5773 0.0003 -0.8166
vn 0.9959 0.0021 0.0906
vn 0.4219 0.0008 0.9067
vn -0.5772 0.0003 0.8166
vn -0.5004 0.0020 0.8658
vn -1.0000 0.0007 0.0020
vn -0.4986 0.0003 -0.8668
vn 0.5004 0.0021 -0.8658
vn 1.0000 0.0008 -0.0021
vn 0.4986 0.0003 0.8668
vn -0.4799 0.2693 0.8350
vn -0.9870 0.1602 -0.0074
vn -0.5008 -0.1030 -0.8594
vn 0.4851 -0.2378 -0.8415
vn 0.9888 -0.1494 0.0045
vn 0.5018 0.1079 0.8582
vn -0.3306 0.7030 0.6296
vn -0.8946 0.4287 -0.1263
vn -0.5605 -0.2918 -0.7751
vn 0.3306 -0.7030 -0.6296
vn 0.8946 -0.4287 0.1263
vn 0.5605 0.2918 0.7751
vn -0.0722 0.9569 0.2812
vn -0.7386 0.5793 -0.3448
vn -0.6740 -0.3952 -0.6241
vn 0.0538 -0.9652 -0.2558
vn 0.7319 -0.5826 0.3533
vn 0.6712 0.3936 0.6282
vn 0.0956 0.9928 0.0721
vn -0.6453 0.5956 -0.4784
vn -0.7390 -0.3904 -0.5491
vn -0.0976 -0.9928 -0.0700
vn 0.6489 -0.5950 0.4742
vn 0.7439 0.3905 0.5424
vn 0.0568 0.9917 0.1156
vn -0.3542 0.5986 -0.7185
vn -0.4091 -0.3805 -0.8294
vn -0.0569 -0.9917 -0.1156
vn 0.3528 -0.5985 0.7193
vn 0.4071 0.3804 0.8304
vn 0.0263 0.9925 0.1195
vn -0.1657 0.6025 -0.7807
vn -0.1915 -0.3903 -0.9005
vn -0.0244 -0.9925 -0.1200
vn 0.1653 -0.6025 0.7808
vn 0.1903 0.3904 0.9008
vn 0.2873 0.9561 0.0577
vn -0.0064 0.5851 -0.8109
vn -0.2890 -0.3883 -0.8750
vn -0.2565 -0.9644 -0.0640
vn 0.0171 -0.5886 0.8083
vn 0.2936 0.3868 0.8742
vn 0.7109 0.7025 -0.0337
vn 0.2596 0.4330 -0.8632
vn -0.4701 -0.2868 -0.8347
vn -0.7109 -0.7025 0.0337
vn -0.2596 -0.4330 0.8632
vn 0.4701 0.2868 0.8347
vn 0.9594 0.2690 -0.0848
vn 0.4076 0.1619 -0.8987
vn -0.5698 -0.1012 -0.8155
vn -0.9675 -0.2376 0.0868
vn -0.4111 -0.1509 0.8990
vn 0.5683 0.1059 0.8160
vn 0.9959 0.0020 -0.0905
vn 0.4218 0.0007 -0.9067
vn -0.5773 0.0003 -0.8166
vn -0.9959 0.0021 0.0906
vn -0.4219 0.0008 0.9067
vn 0.5772 0.0003 0.8166
vn -0.0000 -0.5126 0.8586
vn -0.8835 0.2401 -0.4022
vn 0.8835 0.2401 -0.4022
vn -0.0000 0.9891 0.1475
vn -0.0000 -0.7721 -0.6355
vn -0.0000 0.5127 -0.8586
vn -0.0000 0.5126 -0.8586
vn -0.0000 0.8586 0.5126
vn -0.0000 -0.8586 -0.5126
vn 0.1464 0.7028 -0.6961
vn 0.3981 0.6373 -0.6598
vn 0.4001 0.6114 -0.6827
vn 0.1461 0.6914 -0.7075
vn 0.1463 0.6972 -0.7018
vn 0.1462 0.7082 -0.6907
vn -0.1464 0.7028 -0.6961
vn -0.3981 0.6373 -0.6598
vn -0.4001 0.6114 -0.6827
vn -0.1461 0.6914 -0.7075
vn -0.1463 0.6972 -0.7018
vn -0.1462 0.7082 -0.6907
vn -0.8617 -0.0000 0.5073
vn -0.9993 -0.0000 0.0362
vn 0.8617 -0.0000 -0.5073
vn 0.9993 -0.0000 -0.0362
vn 0.0096 0.9987 0.0506
vn 0.1866 -0.0000 0.9824
vn -0.1866 -0.0000 -0.9824
vn 0.0160 -0.9963 0.0841
vn 0.8617 -0.0000 0.5073
vn 0.9993 -0.0000 0.0362
vn -0.8617 -0.0000 -0.5073
vn -0.9993 -0.0000 -0.0362
vn -0.0096 0.9987 0.0506
vn -0.1866 -0.0000 0.9824
vn 0.1866 -0.0000 -0.9824
vn -0.0160 -0.9963 0.0841
vn -0.0123 0.4999 0.8660
vn -0.0003 1.0000 0.0001
vn 0.0122 0.4999 -0.8660
vn 0.0123 -0.4999 -0.8660
vn 0.0003 -1.0000 -0.0001
vn -0.0123 -0.4999 0.8660
vn -0.0711 0.4982 0.8641
vn -0.0070 1.0000 -0.0012
vn 0.0697 0.4981 -0.8643
vn 0.0702 -0.4982 -0.8642
vn 0.0070 -1.0000 0.0012
vn -0.0705 -0.4981 0.8642
vn -0.3085 0.4944 0.8127
vn -0.0135 0.9999 -0.0027
vn 0.2949 0.4973 -0.8159
vn 0.3081 -0.4943 -0.8128
vn 0.0135 -0.9999 0.0027
vn -0.2953 -0.4973 0.8158
vn -0.5421 0.4901 0.6826
vn -0.0283 0.9996 -0.0067
vn 0.5403 0.5094 -0.6698
vn 0.5637 -0.4874 -0.6669
vn 0.0049 -0.9999 -0.0090
vn -0.5226 -0.5087 0.6842
vn -0.6494 0.4738 0.5948
vn -0.2310 0.9591 -0.1633
vn 0.4181 0.5016 -0.7574
vn 0.6448 -0.4757 -0.5982
vn 0.2115 -0.9661 0.1478
vn -0.4230 -0.5038 0.7532
vn -0.8180 0.3495 0.4568
vn -0.5671 0.7016 -0.4315
vn 0.2360 0.3699 -0.8986
vn 0.8180 -0.3495 -0.4568
vn 0.5671 -0.7016 0.4315
vn -0.2360 -0.3699 0.8986
vn -0.9143 0.1298 0.3836
vn -0.7634 0.2678 -0.5877
vn 0.1377 0.1376 -0.9809
vn 0.9157 -0.1240 -0.3823
vn 0.7686 -0.2428 0.5919
vn -0.1360 -0.1311 0.9820
vn -0.9253 0.0005 0.3793
vn -0.7922 0.0020 -0.6103
vn 0.1306 0.0005 -0.9914
vn 0.9253 0.0005 -0.3792
vn 0.7922 0.0022 0.6103
vn -0.1305 0.0006 0.9914
vn 0.0123 0.4999 0.8660
vn 0.0003 1.0000 0.0001
vn -0.0122 0.4999 -0.8660
vn -0.0123 -0.4999 -0.8660
vn -0.0003 -1.0000 -0.0001
vn 0.0123 -0.4999 0.8660
vn 0.0711 0.4982 0.8641
vn 0.0070 1.0000 -0.0012
vn -0.0697 0.4981 -0.8643
vn -0.0702 -0.4982 -0.8642
vn -0.0070 -1.0000 0.0012
vn 0.0705 -0.4981 0.8642
vn 0.3085 0.4944 0.8127
vn 0.0135 0.9999 -0.0027
vn -0.2949 0.4973 -0.8159
vn -0.3081 -0.4943 -0.8128
vn -0.0135 -0.9999 0.0027
vn 0.2953 -0.4973 0.8158
vn 0.5421 0.4901 0.6826
vn 0.0283 0.9996 -0.0067
vn -0.5403 0.5094 -0.6698
vn -0.5637 -0.4874 -0.6669
vn -0.0049 -0.9999 -0.0090
vn 0.5226 -0.5087 0.6842
vn 0.6494 0.4738 0.5948
vn 0.2310 0.9591 -0.1633
vn -0.4181 0.5016 -0.7574
vn -0.6448 -0.4757 -0.5982
vn -0.2115 -0.9661 0.1478
vn 0.4230 -0.5038 0.7532
vn 0.8180 0.3495 0.4568
vn 0.5671 0.7016 -0.4315
vn -0.2360 0.3699 -0.8986
vn -0.8180 -0.3495 -0.4568
vn -0.5671 -0.7016 0.4315
vn 0.2360 -0.3699 0.8986
vn 0.9143 0.1298 0.3836
vn 0.7634 0.2678 -0.5877
vn -0.1377 0.1376 -0.9809
vn -0.9157 -0.1240 -0.3823
vn -0.7686 -0.2428 0.5919
vn 0.1360 -0.1311 0.9820
vn 0.9253 0.0005 0.3793
vn 0.7922 0.0020 -0.6103
vn -0.1306 0.0005 -0.9914
vn -0.9253 0.0005 -0.3792
vn -0.7922 0.0022 0.6103
vn 0.1305 0.0006 0.9914
vn -0.7240 0.4180 0.5488
vn -0.0000 -0.8360 0.5488
vn -0.0000 0.8360 0.5488
vn -0.7240 -0.4180 0.5488
vn 0.7240 -0.4180 0.5488
vn 0.7240 0.4180 0.5488
vt 0.255635 0.555992
vt 0.882066 0.880872
vt 0.377835 0.634084
vt 0.377835 0.634084
vt 0.377835 0.634084
vt 0.377835 0.634084
vt 0.377835 0.634084
vt 0.007488 0.117319
vt 0.380296 0.629162
vt 0.380296 0.629162
vt 0.380296 0.629162
vt 0.380296 0.629162
vt 0.380296 0.629162
vt 0.380296 0.629162
vt 1.000000 0.000000
vt 0.333333 0.000000
vt 0.666667 0.000000
vt 0.000000 0.000000
vt 0.129537 0.826631
vt 0.760228 0.902953
vt 0.141956 0.547985
vt 0.890188 0.882806
vt 0.004152 0.866657
vt 0.379066 0.629162
vt 0.379066 0.629162
vt 0.379066 0.629162
vt 0.379066 0.629162
vt 0.379066 0.629162
vt 0.379066 0.629162
vt 0.379066 0.629162
vt 0.379066 0.629162
vt 0.379066 0.629162
vt 0.379066 0.629162
vt 0.633997 0.918910
s 1
usemtl baseGradient.007
f 28/1/1 23/1/1 25/1/1 31/1/1
f 33/1/2 29/1/2 22/1/2 19/1/2
f 42/1/3 45/1/3 39/1/3 37/1/3
f 47/1/4 43/1/5 36/1/5 35/1/6
f 30/1/7 32/1/7 46/1/7 44/1/7
f 4/1/8 11/1/8 40/1/8 26/1/8
f 20/1/9 34/1/9 47/1/4 35/1/6
f 6/1/10 1/1/10 10/1/10 12/1/10
f 48/1/11 51/1/11 27/1/11 24/1/11
f 53/1/12 21/1/12 3/1/12 49/1/12
f 55/1/13 38/1/13 41/1/13 58/1/13
f 60/1/14 7/1/15 8/1/16 56/1/16
f 50/1/17 57/1/17 59/1/17 52/1/17
f 14/1/18 5/1/18 9/1/18 17/1/18
f 2/1/19 7/1/15 60/1/14 54/1/19
f 15/1/20 18/1/20 16/1/20 13/1/20
f 93/1/21 1001/1/22 999/1/23 96/1/24
f 92/1/25 80/1/26 1000/1/27 94/1/28
f 95/1/29 998/1/30 996/1/31 98/1/32
f 94/1/28 1000/1/27 1001/1/22 93/1/21
f 96/1/24 999/1/23 998/1/30 95/1/29
f 98/1/32 996/1/31 992/1/33 97/1/34
f 75/1/35 986/1/36 985/1/37 76/1/38
f 997/1/39 987/1/40 986/1/36 75/1/35
f 76/1/38 984/1/41 981/1/42 74/1/43
f 1005/1/44 76/1/38 74/1/43 980/1/45
f 1007/1/46 997/1/39 75/1/35 1006/1/47
f 979/1/48 74/1/43 977/1/49
f 1006/1/47 75/1/35 76/1/38 1005/1/44
f 90/1/50 98/1/32 97/1/34 91/1/51
f 85/1/52 96/1/24 95/1/29 89/1/53
f 1003/1/54 94/1/28 93/1/21 1002/1/55
f 89/1/53 95/1/29 98/1/32 90/1/50
f 1004/1/56 92/1/25 94/1/28 1003/1/54
f 1002/1/55 93/1/21 96/1/24 85/1/52
f 259/1/57 79/1/58 83/1/59 260/1/60
f 349/1/61 105/1/62 104/1/63 341/1/64
f 256/1/65 67/1/66 79/1/58 259/1/57
f 983/1/67 69/1/68 147/1/69
f 70/1/70 988/1/71 103/1/72 278/1/73
f 341/1/64 104/1/63 103/1/72 343/1/74
f 279/1/75 278/1/73 103/1/72 104/1/63
f 260/1/60 1021/1/76 1144/1/77 133/1/78
f 83/1/59 82/1/79 137/1/80 395/1/81 195/1/82 197/1/83
f 105/1/62 1078/1/84 108/1/85
f 131/1/86 1013/1/87 1011/1/88 130/1/89
f 349/1/61 1184/1/90 1078/1/84 105/1/62
f 111/1/91 113/1/92 112/1/93 1014/1/94
f 329/1/95 115/1/96 114/1/97 330/1/98
f 334/1/99 331/1/100 118/1/101 126/1/102
f 127/1/103 116/1/104 117/1/105 125/1/106
f 333/1/107 332/1/108 1178/1/109 123/1/110
f 124/1/111 1017/1/112 1016/1/113 122/1/114
f 116/1/104 124/1/111 122/1/114 117/1/105
f 331/1/100 333/1/107 123/1/110 118/1/101
f 111/1/91 127/1/103 125/1/106 113/1/92
f 329/1/95 334/1/99 126/1/102 115/1/96
f 127/1/103 132/1/115 129/1/116 116/1/104
f 111/1/91 128/1/117 132/1/115 127/1/103
f 116/1/104 129/1/116 131/1/86 124/1/111
f 124/1/111 131/1/86 130/1/89 1017/1/112
f 343/1/74 103/1/72 988/1/71 1020/1/118
f 128/1/117 1010/1/119 1009/1/120 132/1/115
f 132/1/115 1009/1/120 1082/1/121 129/1/116
f 129/1/116 1088/1/122 1013/1/87 131/1/86
f 130/1/89 195/1/82 1090/1/123 1017/1/112
f 137/1/80 80/1/26 1030/1/124 1029/1/125
f 80/1/26 140/1/126 1031/1/127 1030/1/124
f 335/1/128 142/1/129 1034/1/130 1033/1/131
f 138/1/132 139/1/133 1179/1/133 1224/1/134
f 336/1/135 141/1/136 1226/1/136 1225/1/137
f 1222/1/138 1221/1/139 1228/1/140 1229/1/138
f 111/1/91 1014/1/94 143/1/141 128/1/117
f 357/1/142 144/1/143 108/1/85 358/1/144
f 1011/1/88 1035/1/145 197/1/83 130/1/89
f 144/1/143 145/1/146 105/1/62 108/1/85
f 1053/1/147 1038/1/148 1066/1/149 283/1/150
f 1038/1/148 1037/1/151 982/1/152 1066/1/149
f 1037/1/151 1039/1/153 989/1/154 982/1/152
f 1039/1/153 1040/1/155 990/1/156 989/1/154
f 1040/1/155 1041/1/157 152/1/158 990/1/156
f 1044/1/159 1059/1/160 154/1/161 266/1/162
f 1041/1/157 1042/1/163 1045/1/164 152/1/158
f 144/1/143 1046/1/165 145/1/146
f 269/1/166 1047/1/167 1151/1/168 160/1/169
f 1051/1/170 1049/1/170 1169/1/171 1157/1/172
f 272/1/173 1166/1/174 1167/1/175 271/1/176
f 1054/1/177 1055/1/177 1159/1/178 146/1/178
f 1053/1/147 145/1/146 158/1/179 282/1/180
f 1157/1/172 1169/1/171 1056/1/181 280/1/181
f 273/1/182 1165/1/183 1166/1/174 272/1/173
f 149/1/184 1160/1/185 1161/1/186 150/1/187
f 274/1/188 1164/1/189 1165/1/183 273/1/182
f 155/1/190 1163/1/191 1057/1/192 1043/1/192
f 267/1/193 1058/1/193 1164/1/189 274/1/188
f 148/1/194 1158/1/195 1160/1/185 149/1/184
f 151/1/196 1162/1/197 1163/1/191 155/1/190
f 1140/1/198 167/1/199 1063/1/200 84/1/201
f 279/1/75 104/1/63 105/1/62 1065/1/202
f 275/1/203 276/1/204 170/1/205 166/1/206
f 276/1/204 277/1/207 172/1/208 170/1/205
f 152/1/158 156/1/209 171/1/210 169/1/211
f 990/1/156 152/1/158 169/1/211
f 266/1/162 154/1/161 172/1/208 277/1/207
f 1064/1/212 1074/1/213 1008/1/214
f 66/1/215 1067/1/216 1068/1/217 63/1/218
f 1008/1/214 1074/1/213 1067/1/216 66/1/215
f 62/1/219 1070/1/220 1072/1/221 64/1/222
f 64/1/222 1072/1/221 1073/1/223 61/1/224
f 63/1/218 1068/1/217 1070/1/220 62/1/219
f 128/1/117 143/1/141 1075/1/225 1010/1/119
f 358/1/144 108/1/85 1078/1/84 1077/1/226
f 265/1/233 102/1/234 1081/1/235 1080/1/236
f 1046/1/165 1048/1/237 158/1/179 145/1/146
f 1148/1/238 1087/1/239 102/1/234 265/1/233
f 1144/1/77 190/1/240 133/1/78
f 1088/1/122 129/1/116 1086/1/241
f 1082/1/121 1086/1/241 129/1/116
f 133/1/78 190/1/240 1025/1/242
f 1084/1/243 256/1/65 186/1/244 1085/1/245
f 80/1/26 137/1/80 82/1/79 81/1/246
f 92/1/25 192/1/247 140/1/126 80/1/26
f 1004/1/56 191/1/248 192/1/247 92/1/25
f 338/1/249 194/1/250 142/1/129 335/1/128
f 339/1/251 193/1/252 194/1/250 338/1/249
f 1035/1/145 1022/1/253 83/1/59 197/1/83
f 195/1/82 130/1/89 197/1/83
f 395/1/81 137/1/80 1029/1/125 1027/1/254
f 396/1/255 1028/1/256 1181/1/256 1227/1/257
f 136/1/258 138/1/132 1224/1/134 1223/1/259
f 86/1/260 1097/1/261 1099/1/262 87/1/263
f 90/1/50 1102/1/264 1101/1/265 89/1/53
f 87/1/263 1099/1/262 1100/1/266 88/1/266
f 85/1/52 1095/1/267 1097/1/261 86/1/260
f 91/1/51 1103/1/268 1102/1/264 90/1/50
f 89/1/53 1101/1/265 1095/1/267 85/1/52
f 263/3/269 262/4/270 1113/3/271 97/3/34
f 353/5/272 1186/5/273 210/3/274 211/3/275
f 1108/5/276 346/5/277 71/3/278 78/3/278
f 263/3/269 258/6/279 187/3/280 211/3/275
f 355/5/281 1185/7/282 1105/3/283 1110/3/284
f 1109/4/285 1104/3/285 1122/3/286 208/3/287
f 997/1/39 1007/1/46 209/1/288
f 97/1/34 1113/1/271 91/1/51
f 61/1/224 1114/1/289 1107/1/290 1112/1/291
f 1073/1/223 1115/1/292 1114/1/289 61/1/224
f 208/1/287 1122/1/286 1120/1/293 91/1/51
f 91/1/51 1120/1/293 1117/1/294 1103/1/268
f 178/1/295 224/1/296 223/1/297 177/1/298
f 168/1/299 225/1/299 224/1/296 178/1/295
f 1096/1/300 1123/1/300 1124/1/300 1098/1/300
f 202/1/301 227/1/301 228/1/302 203/1/303
f 173/1/304 219/1/305 1125/1/306 1116/1/306
f 203/1/303 228/1/302 229/1/307 204/1/307
f 177/1/298 223/1/297 1126/1/308 1069/1/308
f 175/1/309 221/1/309 1127/1/309 1071/1/309
f 205/1/310 230/1/311 226/1/312 201/1/312
f 174/1/313 220/1/313 222/1/314 176/1/315
f 206/1/316 231/1/317 230/1/311 205/1/310
f 1118/1/318 1128/1/318 232/1/319 207/1/320
f 207/1/320 232/1/319 231/1/317 206/1/316
f 176/1/315 222/1/314 219/1/305 173/1/304
f 199/1/321 1018/1/321 1212/1/321 1214/1/321
f 120/1/322 385/1/323 1213/1/324 1019/1/325
f 311/1/326 312/1/327 250/1/328 249/1/329
f 1131/1/330 1132/1/331 248/1/332 1137/1/333
f 307/1/334 1129/1/335 1133/1/336 1135/1/337
f 306/1/338 305/1/339 244/1/340 243/1/341
f 312/1/327 306/1/338 243/1/341 250/1/328
f 1132/1/331 311/1/326 249/1/329 248/1/332
f 1129/1/335 1130/1/342 1136/1/342 1133/1/336
f 305/1/339 307/1/334 1135/1/337 244/1/340
f 72/1/343 253/1/344 68/1/345
f 253/1/344 252/1/346 74/1/43 981/1/42
f 994/1/347 1140/1/198 84/1/201 978/1/347
f 252/1/346 995/1/348 977/1/49 74/1/43
f 248/1/332 249/1/329 991/1/349 1138/1/349
f 244/1/340 1135/1/337 995/1/348 252/1/346
f 249/1/329 250/1/328 72/1/343 73/1/350
f 245/1/351 1134/1/351 1141/1/351 254/1/351
f 243/1/341 244/1/340 252/1/346 253/1/344
f 250/1/328 243/1/341 253/1/344 72/1/343
f 1137/1/333 248/1/332 1139/1/352 1142/1/352
f 246/1/353 247/1/353 1143/1/353 77/1/353
f 167/1/199 255/1/354 251/1/355 166/1/206
f 1140/1/198 255/1/354 167/1/199
f 166/1/206 251/1/355 990/1/156 275/1/203
f 1110/3/284 1105/3/283 1104/3/285 1109/4/285
f 97/3/34 993/3/360 258/6/279 263/3/269
f 211/3/275 210/3/274 262/4/270 263/3/269
f 65/1/361 67/1/66 256/1/65 1084/1/243
f 83/1/59 1022/1/253 1021/1/76 260/1/60
f 186/1/244 256/1/65 259/1/57 188/1/362
f 188/1/362 259/1/57 260/1/60 133/1/78
f 99/1/363 1083/1/364 1191/1/364 364/1/365
f 1079/1/366 359/1/367 1202/1/367 1203/1/366
f 359/1/367 1076/1/368 1146/1/368 1202/1/367
f 1036/1/369 1023/1/369 1200/1/369 1187/1/369
f 1144/1/77 1148/1/238 265/1/233 190/1/240
f 190/1/240 265/1/233 1080/1/236 1025/1/242
f 165/1/370 164/1/370 153/1/370
f 156/1/209 266/1/162 277/1/207 171/1/210
f 169/1/211 171/1/210 277/1/207 276/1/204
f 990/1/156 169/1/211 276/1/204 275/1/203
f 1059/1/160 1044/1/159 1152/1/371 1060/1/372
f 1062/1/373 1060/1/372 1152/1/371 1153/1/374
f 163/1/375 1062/1/373 1153/1/374 1154/1/376
f 162/1/377 163/1/375 1154/1/376 1155/1/378
f 161/1/379 162/1/377 1155/1/378 1156/1/380
f 281/1/381 161/1/379 1156/1/380 1052/1/382
f 158/1/179 1048/1/237 1047/1/167 269/1/166
f 1042/1/163 1044/1/159 266/1/162 1045/1/164
f 160/1/169 281/1/381 1052/1/382 269/1/166
f 69/1/68 279/1/75 1065/1/202 147/1/69
f 146/1/178 1159/1/178 1158/1/195 148/1/194
f 269/1/166 1052/1/382 282/1/180 158/1/179
f 145/1/146 1053/1/147 283/1/150 105/1/62
f 69/1/68 70/1/70 278/1/73 279/1/75
f 1050/1/383 298/1/384 293/1/385 292/1/386
f 298/1/384 299/1/387 294/1/388 293/1/385
f 299/1/387 300/1/389 295/1/390 294/1/388
f 285/1/391 286/1/392 293/1/385 294/1/388
f 287/1/393 285/1/391 294/1/388 295/1/390
f 295/1/390 297/1/394 288/1/395 287/1/393
f 300/1/389 301/1/396 297/1/394 295/1/390
f 297/1/394 296/1/397 289/1/398 288/1/395
f 301/1/396 302/1/399 296/1/397 297/1/394
f 291/1/400 290/1/401 296/1/397 302/1/399
f 289/1/398 296/1/397 290/1/401
f 286/1/392 304/1/402 292/1/386 293/1/385
f 271/1/176 1167/1/175 1168/1/403 270/1/404
f 150/1/187 1161/1/186 1162/1/197 151/1/196
f 270/1/404 1168/1/403 303/1/405 284/1/405
f 236/8/406 1172/8/406 307/8/334 305/8/339
f 1172/8/406 1173/8/406 308/8/406 307/8/334
f 1173/8/406 1174/8/406 309/8/406 308/8/406
f 1174/8/406 1175/8/406 310/8/406 309/8/406
f 1175/8/406 1176/8/406 311/8/326 310/8/406
f 1176/8/406 242/8/406 312/8/327 311/8/326
f 242/8/406 235/8/406 306/8/338 312/8/327
f 235/8/406 236/8/406 305/8/339 306/8/338
f 1093/1/427 1092/1/428 1216/1/429 1217/1/427
f 1221/1/139 396/1/255 1227/1/257 1228/1/140
f 191/1/248 339/1/251 338/1/249 192/1/247
f 192/1/247 338/1/249 335/1/128 140/1/126
f 1032/1/431 336/1/135 1225/1/137 401/1/431
f 393/1/432 136/1/258 1223/1/259 1182/1/432
f 140/1/126 335/1/128 1033/1/131 1031/1/127
f 113/1/92 125/1/106 334/1/99 329/1/95
f 117/1/105 122/1/114 333/1/107 331/1/100
f 122/1/114 1016/1/113 332/1/108 333/1/107
f 125/1/106 117/1/105 331/1/100 334/1/99
f 113/1/92 329/1/95 330/1/98 112/1/93
f 1112/3/291 1107/3/290 1106/5/439 1111/5/440
f 1111/5/440 1106/5/439 1185/7/282 355/5/281
f 211/3/275 187/3/280 1183/7/441 353/5/272
f 353/5/272 1183/7/441 346/5/277 1108/5/276
f 997/3/39 209/3/288 356/5/442 354/5/443
f 354/5/443 356/5/442 1186/5/273 353/5/272
f 186/1/244 344/1/444 345/1/445 1085/1/245
f 344/1/444 343/1/74 1020/1/118 345/1/445
f 133/1/78 1025/1/242 1024/1/446 350/1/447
f 350/1/447 1024/1/446 1184/1/90 349/1/61
f 188/1/362 342/1/448 344/1/444 186/1/244
f 342/1/448 341/1/64 343/1/74 344/1/444
f 133/1/78 350/1/447 342/1/448 188/1/362
f 350/1/447 349/1/61 341/1/64 342/1/448
f 179/1/449 107/1/450 1196/1/451 1147/1/449
f 100/1/452 1012/1/453 1149/1/453 1197/1/454
f 101/1/455 196/1/455 1188/1/455 1150/1/455
f 1026/1/456 1189/1/456 1201/1/457 348/1/457
f 185/1/458 189/1/459 1205/1/460 1192/1/458
f 143/1/141 358/1/144 1077/1/226 1075/1/225
f 110/1/461 357/1/142 358/1/144 143/1/141
f 264/1/462 1208/1/463 1193/1/464 1089/1/464
f 107/1/450 99/1/363 364/1/365 1196/1/451
f 189/1/459 135/1/486 371/1/486 1205/1/460
f 257/1/487 368/1/488 1207/1/489 1145/1/489
f 134/1/490 379/1/490 1208/1/463 264/1/462
f 347/1/491 382/1/491 375/1/492 109/1/492
f 184/1/493 100/1/452 1197/1/454 378/1/493
f 348/1/457 1201/1/457 382/1/491 347/1/491
f 106/1/494 369/1/494 368/1/488 257/1/487
f 1092/1/428 198/1/501 391/1/502 1216/1/429
f 198/1/501 1091/1/503 388/1/503 391/1/502
f 119/1/504 386/1/504 385/1/323 120/1/322
f 1019/1/325 1213/1/324 1219/1/505 121/1/505
f 1094/1/506 1220/1/507 397/1/508 340/1/509
f 1090/1/123 1027/1/254 1220/1/507 1094/1/506
f 340/1/509 397/1/508 394/1/510 200/1/510
f 195/1/82 395/1/81 1027/1/254 1090/1/123
f 399/1/511 400/1/512 409/1/513 405/1/514
f 404/1/515 408/1/516 410/1/517 407/1/518
f 402/1/519 403/1/520 410/1/517 408/1/516
f 400/1/512 1180/1/521 409/1/513
f 411/1/522 404/1/515 407/1/518 406/1/523
f 398/1/524 399/1/511 405/1/514 412/1/525
f 412/1/525 405/1/514 404/1/515 411/1/522
f 1180/1/521 402/1/519 408/1/516 409/1/513
f 405/1/514 409/1/513 408/1/516 404/1/515
f 416/15/526 414/16/526 415/17/526
f 416/15/526 413/18/526 414/16/526
f 418/16/527 420/15/527 419/17/527
f 417/18/527 420/15/527 418/16/527
f 1230/19/528 1231/19/528 1233/19/528 1232/19/528
f 1234/19/529 1235/19/530 425/19/530 421/19/529
f 1236/19/531 422/19/531 426/19/531 1237/19/531
f 424/19/529 423/19/529 427/19/530 428/19/530
f 1231/19/532 1238/19/532 1239/19/532 1233/19/532
f 1235/19/530 1240/19/533 429/19/533 425/19/530
f 1237/19/532 426/19/532 430/19/532 1241/19/532
f 428/19/530 427/19/530 431/19/533 432/19/533
f 1238/19/534 1242/19/535 1243/19/535 1239/19/534
f 1240/19/536 1244/19/536 433/19/536 429/19/536
f 1241/19/534 430/19/534 434/19/535 1245/19/535
f 432/19/536 431/19/536 435/19/536 436/19/536
f 1242/19/535 1246/19/537 1247/19/537 1243/19/535
f 1244/19/538 1248/19/539 437/19/539 433/19/538
f 1245/19/535 434/19/535 438/19/537 1249/19/537
f 436/19/538 435/19/538 439/19/539 440/19/539
f 1246/19/537 1250/19/540 1251/19/540 1247/19/537
f 1248/19/539 1252/19/541 441/19/541 437/19/539
f 1249/19/537 438/19/537 442/19/540 1253/19/540
f 440/19/539 439/19/539 443/19/541 444/19/541
f 1250/19/542 1254/19/542 1255/19/542 1251/19/542
f 1252/19/541 1256/19/543 445/19/543 441/19/541
f 1253/19/542 442/19/542 446/19/542 1257/19/542
f 444/19/541 443/19/541 447/19/543 448/19/543
f 1254/19/544 1258/19/544 1259/19/544 1255/19/544
f 1256/19/545 1260/19/546 449/19/546 445/19/545
f 1257/19/547 446/19/547 450/19/547 1261/19/547
f 448/19/545 447/19/545 451/19/546 452/19/546
f 1258/19/548 1262/19/548 1263/19/548 1259/19/548
f 1260/19/546 1264/19/549 453/19/549 449/19/546
f 1261/19/548 450/19/548 454/19/548 1265/19/548
f 452/19/546 451/19/546 455/19/549 456/19/549
f 1266/1/550 1268/1/550 1270/1/550 1272/1/550
f 1269/1/551 1274/1/551 1276/1/551 1271/1/551
f 1275/1/552 1277/1/552 1280/1/552 1278/1/552
f 1279/1/553 1282/1/553 1284/1/553 1281/1/553
f 460/1/554 462/1/554 464/1/554 1285/1/554 1288/1/554 1273/1/554
f 1283/1/551 466/1/551 1289/1/551 1286/1/551
f 1287/1/552 1267/1/552 458/1/552 468/1/552
f 457/1/555 467/1/555 465/1/555 463/1/555 461/1/555 459/1/555
f 1290/1/550 1292/1/550 1294/1/550 1296/1/550
f 1293/1/551 1298/1/551 1300/1/551 1295/1/551
f 1299/1/556 1302/1/556 1304/1/556 1301/1/556
f 1303/1/553 1306/1/553 1308/1/553 1305/1/553
f 472/1/554 474/1/554 476/1/554 1309/1/554 1312/1/554 1297/1/554
f 1307/1/557 1310/1/557 1313/1/557 478/1/557
f 1311/1/552 1291/1/552 470/1/552 480/1/552
f 469/1/555 479/1/555 477/1/555 475/1/555 473/1/555 471/1/555
f 1318/1/558 491/1/558 1329/1/558 1319/1/558
f 1316/1/559 489/1/559 1330/1/559 1314/1/559
f 1327/1/560 496/1/560 489/1/560 1316/1/560
f 1323/1/561 494/1/561 1333/1/561 1324/1/561
f 1320/1/562 492/1/562 493/1/562 1321/1/562
f 1315/1/563 490/1/563 1328/1/563 1317/1/563
f 1325/1/564 495/1/564 1331/1/564 1326/1/564
f 1321/1/565 493/1/565 1332/1/565 1322/1/565
f 484/1/566 1339/1/566 1337/1/566 483/1/566
f 482/1/567 1334/1/567 1336/1/567 481/1/567
f 481/1/568 1336/1/568 1345/1/568 488/1/568
f 487/1/569 1344/1/569 1342/1/569 486/1/569
f 485/1/570 1341/1/570 1339/1/570 484/1/570
f 483/1/571 1337/1/571 1334/1/571 482/1/571
f 488/1/572 1345/1/572 1344/1/572 487/1/572
f 486/1/573 1342/1/573 1341/1/573 485/1/573
f 1375/1/557 1370/1/557 1371/1/557 1373/1/557
f 1376/1/557 1377/1/557 1370/1/557 1375/1/557
f 1383/1/591 1378/1/591 1379/1/591 1381/1/591
f 1384/1/592 1385/1/592 1378/1/592 1383/1/592
f 1372/1/593 1374/1/593 1382/1/593 1380/1/593
f 524/1/594 525/1/594 527/1/594 532/1/594
f 526/1/595 523/1/595 531/1/595 530/1/595
f 521/1/596 526/1/596 530/1/596 529/1/596
f 525/1/597 522/1/597 528/1/597 527/1/597
f 352/19/598 213/19/599 1386/19/600
f 212/19/601 261/19/602 1386/19/600
f 215/19/603 216/19/604 1386/19/600
f 1121/19/605 212/19/601 1386/19/600
f 261/19/602 214/19/606 1386/19/600
f 213/19/599 215/19/603 1386/19/600
f 214/19/606 351/19/598 1386/19/600
f 216/19/604 233/19/607 1386/19/600
f 234/19/608 1387/19/608 1119/19/608
f 351/19/598 352/19/598 1386/19/600
f 218/1/609 217/1/609 533/1/609
f 566/1/610 569/1/611 1410/1/612 1412/1/613
f 565/1/614 567/1/615 1411/1/616 553/1/617
f 568/1/618 571/1/619 1407/1/620 1409/1/621
f 567/1/615 566/1/610 1412/1/613 1411/1/616
f 569/1/611 568/1/618 1409/1/621 1410/1/612
f 571/1/619 570/1/622 1403/1/623 1407/1/620
f 548/1/624 549/1/625 1396/1/626 1397/1/627
f 1408/1/628 548/1/624 1397/1/627 1398/1/629
f 549/1/625 547/1/630 1392/1/631 1395/1/632
f 1416/1/633 1391/1/634 547/1/630 549/1/625
f 1418/1/635 1417/1/636 548/1/624 1408/1/628
f 1390/1/637 1388/1/638 547/1/630
f 1417/1/636 1416/1/633 549/1/625 548/1/624
f 563/1/639 564/1/640 570/1/622 571/1/619
f 558/1/641 562/1/642 568/1/618 569/1/611
f 1414/1/643 1413/1/644 566/1/610 567/1/615
f 562/1/642 563/1/639 571/1/619 568/1/618
f 1415/1/645 1414/1/643 567/1/615 565/1/614
f 1413/1/644 558/1/641 569/1/611 566/1/610
f 711/1/646 712/1/647 556/1/648 552/1/649
f 800/1/650 792/1/651 577/1/652 578/1/653
f 708/1/654 711/1/646 552/1/649 540/1/655
f 1394/1/656 612/1/657 542/1/658
f 543/1/659 730/1/660 576/1/661 1399/1/662
f 792/1/651 794/1/663 576/1/661 577/1/652
f 731/1/664 577/1/652 576/1/661 730/1/660
f 712/1/647 600/1/665 1549/1/666 1432/1/667
f 556/1/648 650/1/668 648/1/669 842/1/670 604/1/671 555/1/672
f 578/1/653 581/1/673 1484/1/674
f 598/1/675 597/1/676 1422/1/677 1424/1/678
f 800/1/650 578/1/653 1484/1/674 1587/1/679
f 584/1/680 1425/1/681 585/1/682 586/1/683
f 780/1/684 781/1/685 114/1/97 115/1/96
f 785/1/686 126/1/102 118/1/101 782/1/687
f 594/1/688 593/1/689 588/1/690 587/1/691
f 784/1/692 123/1/110 1178/1/109 783/1/693
f 592/1/694 591/1/695 1427/1/696 1428/1/697
f 587/1/691 588/1/690 591/1/695 592/1/694
f 782/1/687 118/1/101 123/1/110 784/1/692
f 584/1/680 586/1/683 593/1/689 594/1/688
f 780/1/684 115/1/96 126/1/102 785/1/686
f 594/1/688 587/1/691 596/1/698 599/1/699
f 584/1/680 594/1/688 599/1/699 595/1/700
f 587/1/691 592/1/694 598/1/675 596/1/698
f 592/1/694 1428/1/697 597/1/676 598/1/675
f 794/1/663 1431/1/701 1399/1/662 576/1/661
f 595/1/700 599/1/699 1420/1/702 1421/1/703
f 599/1/699 596/1/698 1488/1/704 1420/1/702
f 596/1/698 598/1/675 1424/1/678 1494/1/705
f 597/1/676 1428/1/697 1496/1/706 648/1/669
f 604/1/671 1440/1/707 1441/1/708 553/1/617
f 553/1/617 1441/1/708 1442/1/709 607/1/710
f 786/1/711 1444/1/712 1034/1/130 142/1/129
f 605/1/713 1624/1/714 1582/1/715 606/1/715
f 787/1/716 1625/1/717 1226/1/136 141/1/136
f 1222/1/138 1229/1/138 1627/1/718 1622/1/719
f 584/1/680 595/1/700 608/1/720 1425/1/681
f 808/1/721 809/1/722 581/1/673 609/1/723
f 1422/1/677 597/1/676 650/1/668 1445/1/724
f 609/1/723 581/1/673 578/1/653 610/1/725
f 1463/1/726 734/1/727 1472/1/728 1448/1/729
f 1448/1/729 1472/1/728 1393/1/730 1447/1/731
f 1447/1/731 1393/1/730 1400/1/732 1449/1/733
f 1449/1/733 1400/1/732 1401/1/734 1450/1/735
f 1450/1/735 1401/1/734 617/1/736 1451/1/737
f 1454/1/738 718/1/739 154/1/161 1059/1/160
f 1451/1/737 617/1/736 1455/1/740 1452/1/741
f 609/1/723 610/1/725 1456/1/742
f 721/1/743 160/1/169 1151/1/168 1457/1/744
f 1461/1/745 1561/1/746 1573/1/747 1459/1/745
f 724/1/748 723/1/749 1571/1/750 1570/1/751
f 1464/1/752 611/1/753 1563/1/753 1465/1/752
f 1463/1/726 733/1/754 621/1/755 610/1/725
f 1561/1/746 732/1/756 1466/1/756 1573/1/747
f 725/1/757 724/1/748 1570/1/751 1569/1/758
f 614/1/759 615/1/760 1565/1/761 1564/1/762
f 726/1/763 725/1/757 1569/1/758 1568/1/764
f 618/1/765 1453/1/766 1467/1/766 1567/1/767
f 719/1/768 726/1/763 1568/1/764 1468/1/768
f 613/1/769 614/1/759 1564/1/762 1562/1/770
f 616/1/771 618/1/765 1567/1/767 1566/1/772
f 1545/1/773 557/1/774 1469/1/775 623/1/776
f 731/1/664 1471/1/777 578/1/653 577/1/652
f 727/1/778 622/1/779 626/1/780 728/1/781
f 728/1/781 626/1/780 628/1/782 729/1/783
f 617/1/736 625/1/784 627/1/785 619/1/786
f 1401/1/734 625/1/784 617/1/736
f 718/1/739 729/1/783 628/1/782 154/1/161
f 1470/1/787 1419/1/788 1480/1/789
f 539/1/790 536/1/791 1474/1/792 1473/1/793
f 1419/1/788 539/1/790 1473/1/793 1480/1/789
f 535/1/794 537/1/795 1478/1/796 1476/1/797
f 537/1/795 534/1/798 1479/1/799 1478/1/796
f 536/1/791 535/1/794 1476/1/797 1474/1/792
f 595/1/700 1421/1/703 1481/1/800 608/1/720
f 809/1/722 1483/1/801 1484/1/674 581/1/673
f 717/1/808 1486/1/809 1487/1/810 575/1/811
f 1456/1/742 610/1/725 621/1/755 1458/1/812
f 1553/1/813 717/1/808 575/1/811 1493/1/814
f 1549/1/666 600/1/665 645/1/815
f 1494/1/705 1492/1/816 596/1/698
f 1488/1/704 596/1/698 1492/1/816
f 600/1/665 1436/1/817 645/1/815
f 1490/1/818 1491/1/819 641/1/820 708/1/654
f 553/1/617 554/1/821 555/1/672 604/1/671
f 565/1/614 553/1/617 607/1/710 647/1/822
f 1415/1/645 565/1/614 647/1/822 646/1/823
f 789/1/824 786/1/711 142/1/129 194/1/250
f 790/1/825 789/1/824 194/1/250 193/1/252
f 1445/1/724 650/1/668 556/1/648 1433/1/826
f 648/1/669 650/1/668 597/1/676
f 842/1/670 1438/1/827 1440/1/707 604/1/671
f 843/1/828 1626/1/829 1584/1/830 1439/1/830
f 603/1/831 1623/1/832 1624/1/714 605/1/713
f 559/1/833 560/1/834 1504/1/835 1502/1/836
f 563/1/639 562/1/642 1506/1/837 1507/1/838
f 560/1/834 561/1/839 1505/1/839 1504/1/835
f 558/1/641 559/1/833 1502/1/836 1500/1/840
f 564/1/640 563/1/639 1507/1/838 1508/1/841
f 562/1/642 558/1/641 1500/1/840 1506/1/837
f 715/3/842 570/3/622 1518/3/843 714/4/844
f 804/5/845 663/3/846 662/3/847 1589/5/848
f 1513/5/849 551/3/850 544/3/850 797/5/851
f 715/3/842 663/3/846 642/3/852 710/6/853
f 806/5/854 1515/3/855 1510/3/856 1588/7/857
f 1514/4/858 660/3/859 1527/3/860 1509/3/858
f 1408/1/628 661/1/861 1418/1/635
f 570/1/622 564/1/640 1518/1/843
f 534/1/798 1517/1/862 1512/1/863 1519/1/864
f 1479/1/799 534/1/798 1519/1/864 1520/1/865
f 660/1/859 564/1/640 1525/1/866 1527/1/860
f 564/1/640 1508/1/841 1522/1/867 1525/1/866
f 634/1/868 633/1/298 675/1/297 676/1/869
f 624/1/870 634/1/868 676/1/869 677/1/870
f 1501/1/300 1503/1/300 1529/1/300 1528/1/300
f 654/1/301 655/1/303 680/1/302 679/1/301
f 629/1/304 1521/1/306 1530/1/306 671/1/305
f 655/1/303 656/1/307 681/1/307 680/1/302
f 633/1/298 1475/1/308 1531/1/308 675/1/297
f 631/1/309 1477/1/309 1532/1/309 673/1/309
f 657/1/310 653/1/312 678/1/312 682/1/311
f 630/1/313 632/1/315 674/1/314 672/1/313
f 658/1/316 657/1/310 682/1/311 683/1/317
f 1523/1/318 659/1/320 684/1/319 1533/1/318
f 659/1/320 658/1/316 683/1/317 684/1/319
f 632/1/315 629/1/304 671/1/305 674/1/314
f 652/1/871 1429/1/871 1615/1/871 1617/1/871
f 590/1/872 1430/1/873 1616/1/874 835/1/875
f 762/1/334 701/1/876 702/1/877 763/1/339
f 1536/1/342 1542/1/878 700/1/879 1537/1/335
f 758/1/326 1540/1/880 1538/1/881 1534/1/331
f 757/1/338 695/1/882 696/1/883 756/1/327
f 763/1/339 702/1/877 695/1/882 757/1/338
f 1537/1/335 700/1/879 701/1/876 762/1/334
f 1534/1/331 1538/1/881 1541/1/330 1535/1/330
f 756/1/327 696/1/883 1540/1/880 758/1/326
f 545/1/884 541/1/885 705/1/886
f 705/1/886 1392/1/631 547/1/630 704/1/887
f 1405/1/888 1389/1/888 557/1/774 1545/1/773
f 704/1/887 547/1/630 1388/1/638 1406/1/889
f 700/1/879 1543/1/890 1402/1/890 701/1/876
f 696/1/883 704/1/887 1406/1/889 1540/1/880
f 701/1/876 546/1/891 545/1/884 702/1/877
f 697/1/892 706/1/892 1546/1/892 1539/1/892
f 695/1/882 705/1/886 704/1/887 696/1/883
f 702/1/877 545/1/884 705/1/886 695/1/882
f 1542/1/878 1547/1/893 1544/1/893 700/1/879
f 698/1/894 550/1/894 1548/1/894 699/1/894
f 623/1/776 622/1/779 703/1/895 707/1/896
f 1545/1/773 623/1/776 707/1/896
f 622/1/779 727/1/778 1401/1/734 703/1/895
f 1515/3/855 1514/4/858 1509/3/858 1510/3/856
f 570/3/622 715/3/842 710/6/853 1404/3/897
f 663/3/846 715/3/842 714/4/844 662/3/847
f 538/1/898 1490/1/818 708/1/654 540/1/655
f 556/1/648 712/1/647 1432/1/667 1433/1/826
f 641/1/820 643/1/899 711/1/646 708/1/654
f 643/1/899 600/1/665 712/1/647 711/1/646
f 572/1/900 814/1/901 1594/1/902 1489/1/902
f 1485/1/903 1606/1/903 1605/1/904 810/1/904
f 810/1/904 1605/1/904 1551/1/905 1482/1/905
f 1446/1/906 1590/1/906 1603/1/906 1434/1/906
f 1549/1/666 645/1/815 717/1/808 1553/1/813
f 645/1/815 1436/1/817 1486/1/809 717/1/808
f 619/1/786 627/1/785 729/1/783 718/1/739
f 625/1/784 728/1/781 729/1/783 627/1/785
f 1401/1/734 727/1/778 728/1/781 625/1/784
f 1059/1/160 1061/1/907 1556/1/908 1454/1/738
f 1062/1/373 1557/1/909 1556/1/908 1061/1/907
f 163/1/375 1558/1/910 1557/1/909 1062/1/373
f 162/1/377 1559/1/911 1558/1/910 163/1/375
f 161/1/379 1560/1/912 1559/1/911 162/1/377
f 281/1/381 1462/1/913 1560/1/912 161/1/379
f 621/1/755 721/1/743 1457/1/744 1458/1/812
f 1452/1/741 1455/1/740 718/1/739 1454/1/738
f 160/1/169 721/1/743 1462/1/913 281/1/381
f 542/1/658 612/1/657 1471/1/777 731/1/664
f 611/1/753 613/1/769 1562/1/770 1563/1/753
f 721/1/743 621/1/755 733/1/754 1462/1/913
f 610/1/725 578/1/653 734/1/727 1463/1/726
f 542/1/658 731/1/664 730/1/660 543/1/659
f 1460/1/914 743/1/915 744/1/916 749/1/917
f 749/1/917 744/1/916 745/1/918 750/1/919
f 750/1/919 745/1/918 746/1/920 751/1/921
f 736/1/922 745/1/918 744/1/916 737/1/923
f 738/1/924 746/1/920 745/1/918 736/1/922
f 746/1/920 738/1/924 739/1/925 748/1/926
f 751/1/921 746/1/920 748/1/926 752/1/927
f 748/1/926 739/1/925 740/1/928 747/1/929
f 752/1/927 748/1/926 747/1/929 753/1/930
f 742/1/931 753/1/930 747/1/929 741/1/932
f 740/1/928 741/1/932 747/1/929
f 737/1/923 744/1/916 743/1/915 755/1/933
f 723/1/749 722/1/934 1572/1/935 1571/1/750
f 615/1/760 616/1/771 1566/1/772 1565/1/761
f 722/1/934 735/1/936 754/1/936 1572/1/935
f 688/8/406 756/8/327 758/8/326 1576/8/406
f 1576/8/406 758/8/326 759/8/406 1577/8/406
f 1577/8/406 759/8/406 760/8/406 1578/8/406
f 1578/8/406 760/8/406 761/8/406 1579/8/406
f 1579/8/406 761/8/406 762/8/334 1580/8/406
f 1580/8/406 762/8/334 763/8/339 694/8/406
f 694/8/406 763/8/339 757/8/338 687/8/406
f 687/8/406 757/8/338 756/8/327 688/8/406
f 1093/1/427 1217/1/427 1619/1/937 1498/1/938
f 1622/1/719 1627/1/718 1626/1/829 843/1/828
f 646/1/823 647/1/822 789/1/824 790/1/825
f 647/1/822 607/1/710 786/1/711 789/1/824
f 1443/1/939 848/1/939 1625/1/717 787/1/716
f 841/1/940 1585/1/940 1623/1/832 603/1/831
f 607/1/710 1442/1/709 1444/1/712 786/1/711
f 586/1/683 780/1/684 785/1/686 593/1/689
f 588/1/690 782/1/687 784/1/692 591/1/695
f 591/1/695 784/1/692 783/1/693 1427/1/696
f 593/1/689 785/1/686 782/1/687 588/1/690
f 586/1/683 585/1/682 781/1/685 780/1/684
f 1517/3/862 1516/5/945 1511/5/946 1512/3/863
f 1516/5/945 806/5/854 1588/7/857 1511/5/946
f 663/3/846 804/5/845 1586/7/947 642/3/852
f 804/5/845 1513/5/849 797/5/851 1586/7/947
f 1408/3/628 805/5/948 807/5/949 661/3/861
f 805/5/948 804/5/845 1589/5/848 807/5/949
f 641/1/820 1491/1/819 796/1/950 795/1/951
f 795/1/951 796/1/950 1431/1/701 794/1/663
f 600/1/665 801/1/952 1435/1/953 1436/1/817
f 801/1/952 800/1/650 1587/1/679 1435/1/953
f 643/1/899 641/1/820 795/1/951 793/1/954
f 793/1/954 795/1/951 794/1/663 792/1/651
f 600/1/665 643/1/899 793/1/954 801/1/952
f 801/1/952 793/1/954 792/1/651 800/1/650
f 635/1/955 1552/1/955 1599/1/956 580/1/957
f 573/1/958 1600/1/959 1554/1/960 1423/1/960
f 574/1/961 1555/1/961 1591/1/961 649/1/961
f 1437/1/962 799/1/963 1604/1/963 1592/1/962
f 640/1/964 1595/1/964 1608/1/965 644/1/966
f 608/1/720 1481/1/800 1483/1/801 809/1/722
f 583/1/967 608/1/720 809/1/722 808/1/721
f 716/1/968 1495/1/969 1596/1/969 1611/1/970
f 580/1/957 1599/1/956 814/1/901 572/1/900
f 644/1/966 1608/1/965 821/1/992 602/1/992
f 709/1/993 1550/1/994 1610/1/994 818/1/995
f 601/1/996 716/1/968 1611/1/970 829/1/996
f 798/1/997 582/1/998 825/1/998 832/1/997
f 639/1/999 828/1/999 1600/1/959 573/1/958
f 799/1/963 798/1/997 832/1/997 1604/1/963
f 579/1/1000 709/1/993 818/1/995 819/1/1000
f 1498/1/938 1619/1/937 840/1/1006 651/1/1007
f 651/1/1007 840/1/1006 838/1/1008 1497/1/1008
f 589/1/1009 590/1/872 835/1/875 836/1/1009
f 1430/1/873 121/1/505 1219/1/505 1616/1/874
f 1499/1/1010 791/1/1011 844/1/1012 1621/1/1013
f 1496/1/706 1499/1/1010 1621/1/1013 1438/1/827
f 791/1/1011 200/1/510 394/1/510 844/1/1012
f 648/1/669 1496/1/706 1438/1/827 842/1/670
f 846/1/1014 851/1/1015 853/1/1016 847/1/1017
f 850/1/1018 407/1/518 410/1/517 852/1/1019
f 849/1/1020 852/1/1019 410/1/517 403/1/520
f 847/1/1017 853/1/1016 1583/1/1021
f 854/1/1022 406/1/523 407/1/518 850/1/1018
f 845/1/1023 855/1/1024 851/1/1015 846/1/1014
f 855/1/1024 854/1/1022 850/1/1018 851/1/1015
f 1583/1/1021 853/1/1016 852/1/1019 849/1/1020
f 851/1/1015 850/1/1018 852/1/1019 853/1/1016
f 859/15/1025 858/17/1025 857/16/1025
f 859/15/1025 857/16/1025 856/18/1025
f 861/16/1026 862/17/1026 863/15/1026
f 860/18/1026 861/16/1026 863/15/1026
f 1628/19/1027 1630/19/1027 1631/19/1027 1629/19/1027
f 1632/19/1028 864/19/1028 868/19/1029 1633/19/1029
f 1634/19/1030 1635/19/1030 869/19/1030 865/19/1030
f 867/19/1028 871/19/1029 870/19/1029 866/19/1028
f 1629/19/1031 1631/19/1031 1637/19/1031 1636/19/1031
f 1633/19/1029 868/19/1029 872/19/1032 1638/19/1032
f 1635/19/1033 1639/19/1033 873/19/1033 869/19/1033
f 871/19/1029 875/19/1032 874/19/1032 870/19/1029
f 1636/19/1034 1637/19/1034 1641/19/1035 1640/19/1035
f 1638/19/1036 872/19/1036 876/19/1036 1642/19/1036
f 1639/19/1034 1643/19/1035 877/19/1035 873/19/1034
f 875/19/1036 879/19/1036 878/19/1036 874/19/1036
f 1640/19/1035 1641/19/1035 1645/19/1037 1644/19/1037
f 1642/19/1038 876/19/1038 880/19/1039 1646/19/1039
f 1643/19/1035 1647/19/1037 881/19/1037 877/19/1035
f 879/19/1038 883/19/1039 882/19/1039 878/19/1038
f 1644/19/1037 1645/19/1037 1649/19/1040 1648/19/1040
f 1646/19/1039 880/19/1039 884/19/1041 1650/19/1041
f 1647/19/1037 1651/19/1040 885/19/1040 881/19/1037
f 883/19/1039 887/19/1041 886/19/1041 882/19/1039
f 1648/19/1042 1649/19/1042 1653/19/1042 1652/19/1042
f 1650/19/1041 884/19/1041 888/19/1043 1654/19/1043
f 1651/19/1042 1655/19/1042 889/19/1042 885/19/1042
f 887/19/1041 891/19/1043 890/19/1043 886/19/1041
f 1652/19/1044 1653/19/1044 1657/19/1044 1656/19/1044
f 1654/19/1045 888/19/1045 892/19/1046 1658/19/1046
f 1655/19/1047 1659/19/1047 893/19/1047 889/19/1047
f 891/19/1045 895/19/1046 894/19/1046 890/19/1045
f 1656/19/1048 1657/19/1048 1661/19/1048 1660/19/1048
f 1658/19/1046 892/19/1046 896/19/1049 1662/19/1049
f 1659/19/1048 1663/19/1048 897/19/1048 893/19/1048
f 895/19/1046 899/19/1049 898/19/1049 894/19/1046
f 1664/1/556 1670/1/556 1668/1/556 1666/1/556
f 1667/1/551 1669/1/551 1674/1/551 1672/1/551
f 1673/1/550 1675/1/550 1678/1/550 1676/1/550
f 1677/1/552 1679/1/552 1682/1/552 1680/1/552
f 903/1/554 1671/1/554 1686/1/554 1683/1/554 907/1/554 905/1/554
f 1681/1/551 1684/1/551 1687/1/551 909/1/551
f 1685/1/553 911/1/553 901/1/553 1665/1/553
f 900/1/555 902/1/555 904/1/555 906/1/555 908/1/555 910/1/555
f 1688/1/556 1694/1/556 1692/1/556 1690/1/556
f 1691/1/551 1693/1/551 1698/1/551 1696/1/551
f 1697/1/550 1699/1/550 1702/1/550 1700/1/550
f 1701/1/552 1703/1/552 1706/1/552 1704/1/552
f 915/1/554 1695/1/554 1710/1/554 1707/1/554 919/1/554 917/1/554
f 1705/1/551 1708/1/551 1711/1/551 921/1/551
f 1709/1/553 923/1/553 913/1/553 1689/1/553
f 912/1/555 914/1/555 916/1/555 918/1/555 920/1/555 922/1/555
f 1716/1/563 1717/1/563 1727/1/563 934/1/563
f 1714/1/562 1712/1/562 1728/1/562 932/1/562
f 1725/1/565 1714/1/565 932/1/565 939/1/565
f 1721/1/564 1722/1/564 1731/1/564 937/1/564
f 1718/1/559 1719/1/559 936/1/559 935/1/559
f 1713/1/558 1715/1/558 1726/1/558 933/1/558
f 1723/1/561 1724/1/561 1729/1/561 938/1/561
f 1719/1/560 1720/1/560 1730/1/560 936/1/560
f 927/1/571 926/1/571 1735/1/571 1737/1/571
f 925/1/570 924/1/570 1734/1/570 1732/1/570
f 924/1/573 931/1/573 1743/1/573 1734/1/573
f 930/1/572 929/1/572 1740/1/572 1742/1/572
f 928/1/567 927/1/567 1737/1/567 1739/1/567
f 926/1/566 925/1/566 1732/1/566 1735/1/566
f 931/1/569 930/1/569 1742/1/569 1743/1/569
f 929/1/568 928/1/568 1739/1/568 1740/1/568
f 1773/1/557 1771/1/557 1769/1/557 1768/1/557
f 1774/1/557 1773/1/557 1768/1/557 1775/1/557
f 1781/1/1058 1779/1/1058 1777/1/1058 1776/1/1058
f 1782/1/1059 1781/1/1059 1776/1/1059 1783/1/1059
f 1770/1/370 1778/1/370 1780/1/370 1772/1/370
f 967/1/1060 975/1/1060 970/1/1060 968/1/1060
f 969/1/1061 973/1/1061 974/1/1061 966/1/1061
f 964/1/1062 972/1/1062 973/1/1062 969/1/1062
f 968/1/1063 970/1/1063 971/1/1063 965/1/1063
f 803/19/1064 1784/19/1065 665/19/1066
f 664/19/1067 1784/19/1065 713/19/1068
f 667/1/1069 1784/1/1065 668/1/1070
f 1526/19/1071 1784/19/1065 664/19/1067
f 713/19/1068 1784/19/1065 666/19/1072
f 665/19/1066 1784/19/1065 667/19/1069
f 666/19/1072 1784/19/1065 802/19/1064
f 668/19/1070 1784/19/1065 685/19/607
f 686/19/1073 1785/19/1073 1524/19/1073
f 802/19/1064 1784/19/1065 803/19/1064
f 670/1/1074 976/1/1074 669/1/1074
f 1790/2/1075 1791/2/1075 1789/2/1075 1787/2/1075
f 1793/2/554 1792/2/554 1791/2/554 1790/2/554
f 1786/2/1076 1788/2/1076 1792/2/1076 1793/2/1076
f 1792/2/370 1796/2/370 1795/2/370 1791/2/370
f 1790/2/593 1794/2/593 1797/2/593 1793/2/593
f 1789/2/1077 1795/2/1077 1794/2/1077 1787/2/1077
f 1786/2/1078 1797/2/1078 1796/2/1078 1788/2/1078
f 1798/19/1079 1804/19/1079 1809/19/1079 1803/19/1079
f 1799/19/1080 1805/19/1081 1804/19/1081 1798/19/1080
f 1800/19/1082 1806/19/1082 1805/19/1082 1799/19/1082
f 1801/19/1083 1807/19/1083 1806/19/1083 1800/19/1083
f 1802/19/1084 1808/19/1085 1807/19/1085 1801/19/1084
f 1803/19/1086 1809/19/1086 1808/19/1086 1802/19/1086
f 1804/19/1087 1810/19/1087 1815/19/1087 1809/19/1087
f 1805/19/1081 1811/19/1088 1810/19/1088 1804/19/1081
f 1806/19/1089 1812/19/1089 1811/19/1089 1805/19/1089
f 1807/19/1090 1813/19/1090 1812/19/1090 1806/19/1090
f 1808/19/1085 1814/19/1091 1813/19/1091 1807/19/1085
f 1809/19/1092 1815/19/1092 1814/19/1092 1808/19/1092
f 1810/19/1093 1816/19/1093 1821/19/1093 1815/19/1093
f 1811/19/1094 1817/19/1094 1816/19/1094 1810/19/1094
f 1812/19/1095 1818/19/1095 1817/19/1095 1811/19/1095
f 1813/19/1096 1819/19/1096 1818/19/1096 1812/19/1096
f 1814/19/1097 1820/19/1097 1819/19/1097 1813/19/1097
f 1815/19/1098 1821/19/1098 1820/19/1098 1814/19/1098
f 1816/19/1099 1822/19/1099 1827/19/1099 1821/19/1099
f 1817/19/1100 1823/19/1100 1822/19/1100 1816/19/1100
f 1818/19/1101 1824/19/1101 1823/19/1101 1817/19/1101
f 1819/19/1102 1825/19/1102 1824/19/1102 1818/19/1102
f 1820/19/1103 1826/19/1103 1825/19/1103 1819/19/1103
f 1821/19/1104 1827/19/1104 1826/19/1104 1820/19/1104
f 1831/19/1105 1830/19/1105 1847/19/1105 1849/19/1105
f 1839/19/1106 1835/19/1106 1843/19/1106 1850/19/1106
f 1828/19/1107 1833/19/1107 1842/19/1107 1841/19/1107
f 1833/19/1108 1832/19/1108 1851/19/1108 1842/19/1108
f 1829/19/1109 1828/19/1109 1841/19/1109 1845/19/1109
f 1836/19/1110 1837/19/1110 1846/19/1110 1844/19/1110
f 1827/19/1111 1835/19/1111 1839/19/1111 1826/19/1111
f 1826/19/1112 1839/19/1112 1838/19/1112 1825/19/1112
f 1825/19/1113 1838/19/1113 1837/19/1113 1824/19/1113
f 1824/19/1114 1837/19/1114 1836/19/1114 1823/19/1114
f 1823/19/1115 1836/19/1115 1834/19/1115 1822/19/1115
f 1822/19/1116 1834/19/1116 1835/19/1116 1827/19/1116
f 1840/19/1117 1841/19/1117 1842/19/1117 1843/19/1117
f 1844/19/1118 1845/19/1118 1841/19/1118 1840/19/1118
f 1846/19/1119 1847/19/1119 1845/19/1119 1844/19/1119
f 1848/19/1120 1849/19/1120 1847/19/1120 1846/19/1120
f 1850/19/1121 1851/19/1121 1849/19/1121 1848/19/1121
f 1843/19/1122 1842/19/1122 1851/19/1122 1850/19/1122
f 1834/19/1123 1836/19/1123 1844/19/1123 1840/19/1123
f 1838/19/1124 1839/19/1124 1850/19/1124 1848/19/1124
f 1835/19/1125 1834/19/1125 1840/19/1125 1843/19/1125
f 1830/19/1126 1829/19/1126 1845/19/1126 1847/19/1126
f 1837/19/1127 1838/19/1127 1848/19/1127 1846/19/1127
f 1832/19/1128 1831/19/1128 1849/19/1128 1851/19/1128
f 1878/19/1129 1862/19/1129 1863/19/1129 1879/19/1129
f 1877/19/1130 1860/19/1130 1861/19/1130 1876/19/1130
f 1883/19/1131 1867/19/1131 1860/19/1131 1877/19/1131
f 1881/19/1132 1865/19/1132 1866/19/1132 1882/19/1132
f 1879/19/1133 1863/19/1133 1864/19/1133 1880/19/1133
f 1876/19/1134 1861/19/1134 1862/19/1134 1878/19/1134
f 1882/19/1135 1866/19/1135 1867/19/1135 1883/19/1135
f 1880/19/1136 1864/19/1136 1865/19/1136 1881/19/1136
f 1865/19/1137 1889/19/1137 1890/19/1137 1866/19/1137
f 1863/19/1138 1887/19/1138 1888/19/1138 1864/19/1138
f 1861/19/1139 1884/19/1139 1886/19/1139 1862/19/1139
f 1866/19/1140 1890/19/1140 1891/19/1140 1867/19/1140
f 1864/19/1141 1888/19/1141 1889/19/1141 1865/19/1141
f 1862/19/1142 1886/19/1142 1887/19/1142 1863/19/1142
f 1860/19/1143 1885/19/1143 1884/19/1143 1861/19/1143
f 1867/19/1144 1891/19/1144 1885/19/1144 1860/19/1144
f 1869/19/1145 1892/19/1145 1894/19/1145 1870/19/1145
f 1853/20/557 1854/20/557 1855/20/557 1856/20/557 1857/20/557 1858/20/557 1859/20/557 1852/20/557
f 1852/19/557 1877/19/557 1876/19/557 1853/19/557
f 1853/19/557 1876/19/557 1878/19/557 1854/19/557
f 1854/19/557 1878/19/557 1879/19/557 1855/19/557
f 1855/19/557 1879/19/557 1880/19/557 1856/19/557
f 1856/19/557 1880/19/557 1881/19/557 1857/19/557
f 1857/19/557 1881/19/557 1882/19/557 1858/19/557
f 1858/19/557 1882/19/557 1883/19/557 1859/19/557
f 1859/19/557 1883/19/557 1877/19/557 1852/19/557
f 1869/19/551 1884/19/551 1885/19/551 1868/19/551
f 1870/19/551 1886/19/551 1884/19/551 1869/19/551
f 1871/19/551 1887/19/551 1886/19/551 1870/19/551
f 1872/19/551 1888/19/551 1887/19/551 1871/19/551
f 1873/19/551 1889/19/551 1888/19/551 1872/19/551
f 1874/19/551 1890/19/551 1889/19/551 1873/19/551
f 1875/19/551 1891/19/551 1890/19/551 1874/19/551
f 1868/19/551 1885/19/551 1891/19/551 1875/19/551
f 1899/19/1146 1907/19/1146 1901/19/1146 1893/19/1146
f 1874/19/1147 1898/19/1147 1899/19/1147 1875/19/1147
f 1872/19/1148 1896/19/1148 1897/19/1148 1873/19/1148
f 1870/19/1149 1894/19/1149 1895/19/1149 1871/19/1149
f 1868/19/1150 1893/19/1150 1892/19/1150 1869/19/1150
f 1875/19/1151 1899/19/1151 1893/19/1151 1868/19/1151
f 1873/19/1152 1897/19/1152 1898/19/1152 1874/19/1152
f 1871/19/1153 1895/19/1153 1896/19/1153 1872/19/1153
f 1900/19/551 1901/19/551 1907/19/551 1906/19/551 1905/19/551 1904/19/551 1903/19/551 1902/19/551
f 1897/19/1154 1905/19/1154 1906/19/1154 1898/19/1154
f 1895/19/1155 1903/19/1155 1904/19/1155 1896/19/1155
f 1892/19/1156 1900/19/1156 1902/19/1156 1894/19/1156
f 1898/19/1157 1906/19/1157 1907/19/1157 1899/19/1157
f 1896/19/1158 1904/19/1158 1905/19/1158 1897/19/1158
f 1894/19/1159 1902/19/1159 1903/19/1159 1895/19/1159
f 1893/19/1160 1901/19/1160 1900/19/1160 1892/19/1160
f 1908/19/1161 1913/19/1161 1919/19/1161 1914/19/1161
f 1909/19/1162 1908/19/1162 1914/19/1163 1915/19/1163
f 1910/19/1164 1909/19/1164 1915/19/1164 1916/19/1164
f 1911/19/1165 1910/19/1165 1916/19/1165 1917/19/1165
f 1912/19/1166 1911/19/1166 1917/19/1167 1918/19/1167
f 1913/19/1168 1912/19/1168 1918/19/1168 1919/19/1168
f 1914/19/1169 1919/19/1169 1925/19/1169 1920/19/1169
f 1915/19/1163 1914/19/1163 1920/19/1170 1921/19/1170
f 1916/19/1171 1915/19/1171 1921/19/1171 1922/19/1171
f 1917/19/1172 1916/19/1172 1922/19/1172 1923/19/1172
f 1918/19/1167 1917/19/1167 1923/19/1173 1924/19/1173
f 1919/19/1174 1918/19/1174 1924/19/1174 1925/19/1174
f 1920/19/1175 1925/19/1175 1931/19/1175 1926/19/1175
f 1921/19/1176 1920/19/1176 1926/19/1176 1927/19/1176
f 1922/19/1177 1921/19/1177 1927/19/1177 1928/19/1177
f 1923/19/1178 1922/19/1178 1928/19/1178 1929/19/1178
f 1924/19/1179 1923/19/1179 1929/19/1179 1930/19/1179
f 1925/19/1180 1924/19/1180 1930/19/1180 1931/19/1180
f 1926/19/1181 1931/19/1181 1937/19/1181 1932/19/1181
f 1927/19/1182 1926/19/1182 1932/19/1182 1933/19/1182
f 1928/19/1183 1927/19/1183 1933/19/1183 1934/19/1183
f 1929/19/1184 1928/19/1184 1934/19/1184 1935/19/1184
f 1930/19/1185 1929/19/1185 1935/19/1185 1936/19/1185
f 1931/19/1186 1930/19/1186 1936/19/1186 1937/19/1186
f 1941/19/1187 1959/19/1187 1957/19/1187 1940/19/1187
f 1949/19/1188 1960/19/1188 1953/19/1188 1945/19/1188
f 1938/19/1189 1951/19/1189 1952/19/1189 1943/19/1189
f 1943/19/1190 1952/19/1190 1961/19/1190 1942/19/1190
f 1939/19/1191 1955/19/1191 1951/19/1191 1938/19/1191
f 1946/19/1192 1954/19/1192 1956/19/1192 1947/19/1192
f 1937/19/1193 1936/19/1193 1949/19/1193 1945/19/1193
f 1936/19/1194 1935/19/1194 1948/19/1194 1949/19/1194
f 1935/19/1195 1934/19/1195 1947/19/1195 1948/19/1195
f 1934/19/1196 1933/19/1196 1946/19/1196 1947/19/1196
f 1933/19/1197 1932/19/1197 1944/19/1197 1946/19/1197
f 1932/19/1198 1937/19/1198 1945/19/1198 1944/19/1198
f 1950/19/1199 1953/19/1199 1952/19/1199 1951/19/1199
f 1954/19/1200 1950/19/1200 1951/19/1200 1955/19/1200
f 1956/19/1201 1954/19/1201 1955/19/1201 1957/19/1201
f 1958/19/1202 1956/19/1202 1957/19/1202 1959/19/1202
f 1960/19/1203 1958/19/1203 1959/19/1203 1961/19/1203
f 1953/19/1204 1960/19/1204 1961/19/1204 1952/19/1204
f 1944/19/1205 1950/19/1205 1954/19/1205 1946/19/1205
f 1948/19/1206 1958/19/1206 1960/19/1206 1949/19/1206
f 1945/19/1207 1953/19/1207 1950/19/1207 1944/19/1207
f 1940/19/1208 1957/19/1208 1955/19/1208 1939/19/1208
f 1947/19/1209 1956/19/1209 1958/19/1209 1948/19/1209
f 1942/19/1210 1961/19/1210 1959/19/1210 1941/19/1210
f 1988/19/1134 1989/19/1134 1973/19/1134 1972/19/1134
f 1987/19/1133 1986/19/1133 1971/19/1133 1970/19/1133
f 1993/19/1136 1987/19/1136 1970/19/1136 1977/19/1136
f 1991/19/1135 1992/19/1135 1976/19/1135 1975/19/1135
f 1989/19/1130 1990/19/1130 1974/19/1130 1973/19/1130
f 1986/19/1129 1988/19/1129 1972/19/1129 1971/19/1129
f 1992/19/1132 1993/19/1132 1977/19/1132 1976/19/1132
f 1990/19/1131 1991/19/1131 1975/19/1131 1974/19/1131
f 1975/19/1140 1976/19/1140 2000/19/1140 1999/19/1140
f 1973/19/1143 1974/19/1143 1998/19/1143 1997/19/1143
f 1971/19/1142 1972/19/1142 1996/19/1142 1994/19/1142
f 1976/19/1137 1977/19/1137 2001/19/1137 2000/19/1137
f 1974/19/1144 1975/19/1144 1999/19/1144 1998/19/1144
f 1972/19/1139 1973/19/1139 1997/19/1139 1996/19/1139
f 1970/19/1138 1971/19/1138 1994/19/1138 1995/19/1138
f 1977/19/1141 1970/19/1141 1995/19/1141 2001/19/1141
f 1979/19/1149 1980/19/1149 2004/19/1149 2002/19/1149
f 1963/20/557 1962/20/557 1969/20/557 1968/20/557 1967/20/557 1966/20/557 1965/20/557 1964/20/557
f 1962/19/557 1963/19/557 1986/19/557 1987/19/557
f 1963/19/557 1964/19/557 1988/19/557 1986/19/557
f 1964/19/557 1965/19/557 1989/19/557 1988/19/557
f 1965/19/557 1966/19/557 1990/19/557 1989/19/557
f 1966/19/557 1967/19/557 1991/19/557 1990/19/557
f 1967/19/557 1968/19/557 1992/19/557 1991/19/557
f 1968/19/557 1969/19/557 1993/19/557 1992/19/557
f 1969/19/557 1962/19/557 1987/19/557 1993/19/557
f 1979/19/551 1978/19/551 1995/19/551 1994/19/551
f 1980/19/551 1979/19/551 1994/19/551 1996/19/551
f 1981/19/551 1980/19/551 1996/19/551 1997/19/551
f 1982/19/551 1981/19/551 1997/19/551 1998/19/551
f 1983/19/551 1982/19/551 1998/19/551 1999/19/551
f 1984/19/551 1983/19/551 1999/19/551 2000/19/551
f 1985/19/551 1984/19/551 2000/19/551 2001/19/551
f 1978/19/551 1985/19/551 2001/19/551 1995/19/551
f 2009/19/1158 2003/19/1158 2011/19/1158 2017/19/1158
f 1984/19/1152 1985/19/1152 2009/19/1152 2008/19/1152
f 1982/19/1151 1983/19/1151 2007/19/1151 2006/19/1151
f 1980/19/1145 1981/19/1145 2005/19/1145 2004/19/1145
f 1978/19/1153 1979/19/1153 2002/19/1153 2003/19/1153
f 1985/19/1148 1978/19/1148 2003/19/1148 2009/19/1148
f 1983/19/1147 1984/19/1147 2008/19/1147 2007/19/1147
f 1981/19/1150 1982/19/1150 2006/19/1150 2005/19/1150
f 2010/19/551 2012/19/551 2013/19/551 2014/19/551 2015/19/551 2016/19/551 2017/19/551 2011/19/551
f 2007/19/1157 2008/19/1157 2016/19/1157 2015/19/1157
f 2005/19/1160 2006/19/1160 2014/19/1160 2013/19/1160
f 2002/19/1159 2004/19/1159 2012/19/1159 2010/19/1159
f 2008/19/1154 2009/19/1154 2017/19/1154 2016/19/1154
f 2006/19/1146 2007/19/1146 2015/19/1146 2014/19/1146
f 2004/19/1156 2005/19/1156 2013/19/1156 2012/19/1156
f 2003/19/1155 2002/19/1155 2010/19/1155 2011/19/1155
f 2022/19/1211 2018/19/1211 2020/19/1211 2024/19/1211
f 2019/19/1212 2023/19/1212 2025/19/1212 2021/19/1212
f 2026/19/1213 2022/19/1213 2024/19/1213 2027/19/1213
f 2023/19/1214 2026/19/1214 2027/19/1214 2025/19/1214
f 2022/19/1215 2030/19/1215 2028/19/1215 2018/19/1215
f 2019/19/1216 2029/19/1216 2031/19/1216 2023/19/1216
f 2026/19/1217 2032/19/1217 2030/19/1217 2022/19/1217
f 2023/19/1218 2031/19/1218 2032/19/1218 2026/19/1218
f 2037/19/1219 2039/19/1219 2035/19/1219 2033/19/1219
f 2034/19/1220 2036/19/1220 2040/19/1220 2038/19/1220
f 2041/19/1221 2042/19/1221 2039/19/1221 2037/19/1221
f 2038/19/1222 2040/19/1222 2042/19/1222 2041/19/1222
f 2037/19/1223 2033/19/1223 2043/19/1223 2045/19/1223
f 2034/19/1224 2038/19/1224 2046/19/1224 2044/19/1224
f 2041/19/1225 2037/19/1225 2045/19/1225 2047/19/1225
f 2038/19/1226 2041/19/1226 2047/19/1226 2046/19/1226
f 2021/19/1227 2025/19/1227 2040/19/1227 2036/19/1227
f 2019/19/1228 2021/19/1228 2036/19/1228 2034/19/1228
f 2020/19/1229 2018/19/1229 2033/19/1229 2035/19/1229
f 2024/19/1230 2020/19/1230 2035/19/1230 2039/19/1230
f 2025/19/1231 2027/19/1231 2042/19/1231 2040/19/1231
f 2027/19/1232 2024/19/1232 2039/19/1232 2042/19/1232
f 2031/19/1233 2029/19/1233 2044/19/1233 2046/19/1233
f 2029/19/1234 2019/19/1234 2034/19/1234 2044/19/1234
f 2018/19/1235 2028/19/1235 2043/19/1235 2033/19/1235
f 2028/19/1236 2030/19/1236 2045/19/1236 2043/19/1236
f 2032/19/1237 2031/19/1237 2046/19/1237 2047/19/1237
f 2030/19/1238 2032/19/1238 2047/19/1238 2045/19/1238
f 2051/19/1239 2052/19/1239 2058/19/1239 2057/19/1239
f 2049/19/1240 2050/19/1240 2056/19/1240 2055/19/1240
f 2052/19/1241 2053/19/1241 2059/19/1241 2058/19/1241
f 2050/19/1242 2051/19/1242 2057/19/1242 2056/19/1242
f 2048/19/1243 2049/19/1243 2055/19/1243 2054/19/1243
f 2053/19/1244 2048/19/1244 2054/19/1244 2059/19/1244
f 2058/18/1245 2059/18/1245 2107/18/1245 2106/18/1245
f 2056/19/1245 2057/19/593 2105/19/593 2104/19/1245
f 2054/19/593 2055/19/1245 2102/19/1245 2103/19/593
f 2059/19/1245 2054/19/593 2103/19/593 2107/19/1245
f 2057/19/593 2058/19/1245 2106/19/1245 2105/19/593
f 2055/18/1245 2056/18/1245 2104/18/1245 2102/18/1245
f 2061/19/1246 2062/19/1246 2063/19/1246 2064/19/1246 2065/19/1246 2060/19/1246
f 2081/19/1247 2087/19/1247 2086/19/1248 2080/19/1248
f 2069/19/1249 2068/19/1250 2073/19/1250 2074/19/1251
f 2067/19/1252 2066/19/1252 2071/19/1252 2072/19/1252
f 2066/19/1253 2070/19/1253 2075/19/1253 2071/19/1253
f 2068/19/1254 2067/19/1254 2072/19/1254 2073/19/1254
f 2069/19/1249 2074/19/1251 2077/19/1255 2076/19/1255
f 2079/19/1256 2085/19/1256 2084/19/1256 2078/19/1256
f 2078/19/1257 2084/19/1257 2089/19/1257 2083/19/1257
f 2080/19/1258 2086/19/1258 2085/19/1258 2079/19/1258
f 2081/19/1247 2082/19/1259 2088/19/1259 2087/19/1247
f 2076/19/1260 2077/19/1260 2088/19/1260 2082/19/1260
f 2075/19/1261 2089/19/1261 2084/19/1261 2071/19/1261
f 2073/19/1262 2086/19/1262 2087/19/1263 2074/19/1264
f 2071/19/1265 2084/19/1265 2085/19/1265 2072/19/1265
f 2077/19/1266 2074/19/1264 2087/19/1263 2088/19/1266
f 2070/19/1267 2083/19/1267 2089/19/1267 2075/19/1267
f 2072/19/1268 2085/19/1268 2086/19/1268 2073/19/1268
f 2081/19/1247 2080/19/1248 2098/19/1248 2099/19/1247
f 2069/19/1269 2093/19/1270 2092/19/1271 2068/19/1271
f 2067/19/1272 2091/19/1272 2090/19/1272 2066/19/1272
f 2066/19/1273 2090/19/1273 2094/19/1273 2070/19/1273
f 2068/19/1274 2092/19/1274 2091/19/1274 2067/19/1274
f 2069/19/1269 2076/19/1275 2095/19/1275 2093/19/1270
f 2079/19/1256 2078/19/1256 2096/19/1256 2097/19/1256
f 2078/19/1257 2083/19/1257 2101/19/1257 2096/19/1257
f 2080/19/1258 2079/19/1258 2097/19/1258 2098/19/1258
f 2081/19/1247 2099/19/1247 2100/19/1259 2082/19/1259
f 2076/19/1276 2082/19/1276 2100/19/1276 2095/19/1276
f 2094/19/1277 2090/19/1277 2096/19/1277 2101/19/1277
f 2092/19/1278 2093/19/1279 2099/19/1280 2098/19/1278
f 2090/19/1281 2091/19/1281 2097/19/1281 2096/19/1281
f 2095/19/1282 2100/19/1282 2099/19/1280 2093/19/1279
f 2070/19/1283 2094/19/1283 2101/19/1283 2083/19/1283
f 2091/19/1284 2092/19/1284 2098/19/1284 2097/19/1284
f 2061/19/1285 2060/19/1285 2103/19/1285 2102/19/1285
f 2062/19/1286 2061/19/1286 2102/19/1286 2104/19/1286
f 2063/19/1287 2062/19/1287 2104/19/1287 2105/19/1287
f 2064/19/1288 2063/19/1288 2105/19/1288 2106/19/1288
f 2065/19/1289 2064/19/1289 2106/19/1289 2107/19/1289
f 2060/19/1290 2065/19/1290 2107/19/1290 2103/19/1290
f 2117/19/1291 2114/19/1291 2115/19/1291 2116/19/1291
f 2111/19/1293 2120/19/1293 2124/19/1293 2109/19/1293
f 2120/19/1294 2123/19/1294 2117/19/1294 2116/19/1294
f 2121/19/1295 2124/19/1295 2115/19/1295 2114/19/1295
f 2124/19/1299 2120/19/1299 2116/19/1299 2115/19/1299
f 2111/19/1300 2110/19/1300 2123/19/1300 2120/19/1300
f 2108/19/1301 2109/19/1301 2124/19/1301 2121/19/1301
f 2135/19/1306 2134/19/1306 2133/19/1306 2132/19/1306
f 2129/19/1293 2127/19/1293 2142/19/1293 2138/19/1293
f 2138/19/1308 2134/19/1308 2135/19/1308 2141/19/1308
f 2139/19/1309 2132/19/1309 2133/19/1309 2142/19/1309
f 2142/19/1299 2133/19/1299 2134/19/1299 2138/19/1299
f 2129/19/1313 2138/19/1313 2141/19/1313 2128/19/1313
f 2126/19/1314 2139/19/1314 2142/19/1314 2127/19/1314
f 2144/19/1319 2148/19/1320 2151/19/1320 2147/19/1319
f 2145/19/1321 2149/19/1322 2148/19/1322 2144/19/1321
f 2146/19/1323 2150/19/1324 2149/19/1324 2145/19/1323
f 2147/19/1325 2151/19/1326 2150/19/1326 2146/19/1325
f 2148/19/1320 2152/19/1327 2155/19/1327 2151/19/1320
f 2149/19/1322 2153/19/1328 2152/19/1328 2148/19/1322
f 2150/19/1324 2154/19/1329 2153/19/1329 2149/19/1324
f 2151/19/1326 2155/19/1330 2154/19/1330 2150/19/1326
f 2152/19/1331 2156/19/1331 2159/19/1331 2155/19/1331
f 2153/19/1332 2157/19/1332 2156/19/1332 2152/19/1332
f 2154/19/1333 2158/19/1333 2157/19/1333 2153/19/1333
f 2155/19/1334 2159/19/1334 2158/19/1334 2154/19/1334
f 2156/19/1335 2160/19/1335 2163/19/1335 2159/19/1335
f 2157/19/1336 2161/19/1336 2160/19/1336 2156/19/1336
f 2158/19/1337 2162/19/1337 2161/19/1337 2157/19/1337
f 2159/19/1338 2163/19/1338 2162/19/1338 2158/19/1338
f 2160/19/1339 2164/19/1339 2167/19/1339 2163/19/1339
f 2161/19/1340 2165/19/1340 2164/19/1340 2160/19/1340
f 2162/19/1341 2166/19/1341 2165/19/1341 2161/19/1341
f 2163/19/1342 2167/19/1342 2166/19/1342 2162/19/1342
f 2164/19/1343 2168/19/1344 2171/19/1344 2167/19/1343
f 2165/19/1345 2169/19/1346 2168/19/1346 2164/19/1345
f 2166/19/1347 2170/19/1348 2169/19/1348 2165/19/1347
f 2167/19/1349 2171/19/1350 2170/19/1350 2166/19/1349
f 2168/19/1344 2172/19/1351 2175/19/1351 2171/19/1344
f 2169/19/1346 2173/19/1352 2172/19/1352 2168/19/1346
f 2170/19/1348 2174/19/1353 2173/19/1353 2169/19/1348
f 2171/19/1350 2175/19/1354 2174/19/1354 2170/19/1350
f 2176/19/1355 2180/19/1355 2183/19/1355 2179/19/1355
f 2177/19/1356 2181/19/1356 2180/19/1356 2176/19/1356
f 2178/19/1357 2182/19/1357 2181/19/1357 2177/19/1357
f 2179/19/1358 2183/19/1358 2182/19/1358 2178/19/1358
f 2180/19/1359 2184/19/1359 2187/19/1359 2183/19/1359
f 2181/19/1360 2185/19/1360 2184/19/1360 2180/19/1360
f 2182/19/1361 2186/19/1361 2185/19/1361 2181/19/1361
f 2183/19/1362 2187/19/1362 2186/19/1362 2182/19/1362
f 2184/19/1363 2188/19/1363 2191/19/1363 2187/19/1363
f 2185/19/1364 2189/19/1364 2188/19/1364 2184/19/1364
f 2186/19/1365 2190/19/1365 2189/19/1365 2185/19/1365
f 2187/19/1366 2191/19/1366 2190/19/1366 2186/19/1366
f 2188/19/1367 2192/19/1367 2195/19/1367 2191/19/1367
f 2189/19/1368 2193/19/1368 2192/19/1368 2188/19/1368
f 2190/19/1369 2194/19/1369 2193/19/1369 2189/19/1369
f 2191/19/1370 2195/19/1370 2194/19/1370 2190/19/1370
f 2192/19/1371 2196/19/1371 2199/19/1371 2195/19/1371
f 2193/19/1372 2197/19/1372 2196/19/1372 2192/19/1372
f 2194/19/1373 2198/19/1373 2197/19/1373 2193/19/1373
f 2195/19/1374 2199/19/1374 2198/19/1374 2194/19/1374
f 2196/19/1375 2200/19/1375 2203/19/1375 2199/19/1375
f 2197/19/1376 2201/19/1376 2200/19/1376 2196/19/1376
f 2198/19/1377 2202/19/1377 2201/19/1377 2197/19/1377
f 2199/19/1378 2203/19/1379 2202/19/1379 2198/19/1378
f 2200/19/1380 2204/19/1380 2207/19/1380 2203/19/1380
f 2201/19/1381 2205/19/1381 2204/19/1381 2200/19/1381
f 2202/19/1382 2206/19/1382 2205/19/1382 2201/19/1382
f 2203/19/1379 2207/19/1383 2206/19/1383 2202/19/1379
f 2204/19/1384 2208/19/1384 2211/19/1384 2207/19/1384
f 2205/19/1385 2209/19/1385 2208/19/1385 2204/19/1385
f 2206/19/1386 2210/19/1386 2209/19/1386 2205/19/1386
f 2207/19/1387 2211/19/1387 2210/19/1387 2206/19/1387
f 2208/19/1388 2212/19/1388 2215/19/1388 2211/19/1388
f 2209/19/1389 2213/19/1389 2212/19/1389 2208/19/1389
f 2210/19/1390 2214/19/1390 2213/19/1390 2209/19/1390
f 2211/19/1391 2215/19/1391 2214/19/1391 2210/19/1391
f 2212/19/1392 2216/19/1392 2219/19/1392 2215/19/1392
f 2213/19/1393 2217/19/1393 2216/19/1393 2212/19/1393
f 2214/19/1392 2218/19/1392 2217/19/1392 2213/19/1392
f 2215/19/1393 2219/19/1393 2218/19/1393 2214/19/1393
f 2216/19/1394 2176/19/1394 2179/19/1394 2219/19/1394
f 2217/19/1395 2177/19/1395 2176/19/1395 2216/19/1395
f 2218/19/1396 2178/19/1396 2177/19/1396 2217/19/1396
f 2219/19/1397 2179/19/1397 2178/19/1397 2218/19/1397
f 2220/19/1398 2224/19/1398 2227/19/1398 2223/19/1398
f 2221/19/1399 2225/19/1399 2224/19/1399 2220/19/1399
f 2222/19/1400 2226/19/1400 2225/19/1400 2221/19/1400
f 2223/19/1401 2227/19/1401 2226/19/1401 2222/19/1401
f 2224/19/1402 2228/19/1402 2231/19/1402 2227/19/1402
f 2225/19/1403 2229/19/1403 2228/19/1403 2224/19/1403
f 2226/19/1404 2230/19/1404 2229/19/1404 2225/19/1404
f 2227/19/1405 2231/19/1405 2230/19/1405 2226/19/1405
f 2228/19/1406 2232/19/1406 2235/19/1406 2231/19/1406
f 2229/19/1407 2233/19/1407 2232/19/1407 2228/19/1407
f 2230/19/1408 2234/19/1408 2233/19/1408 2229/19/1408
f 2231/19/1409 2235/19/1409 2234/19/1409 2230/19/1409
f 2232/19/1410 2236/19/1410 2239/19/1410 2235/19/1410
f 2233/19/1411 2237/19/1411 2236/19/1411 2232/19/1411
f 2234/19/1412 2238/19/1412 2237/19/1412 2233/19/1412
f 2235/19/1413 2239/19/1413 2238/19/1413 2234/19/1413
f 2236/19/1414 2240/19/1415 2243/19/1415 2239/19/1414
f 2237/19/1416 2241/19/1416 2240/19/1416 2236/19/1416
f 2238/19/1417 2242/19/1418 2241/19/1418 2237/19/1417
f 2239/19/1419 2243/19/1419 2242/19/1419 2238/19/1419
f 2240/19/1415 2244/19/1420 2247/19/1420 2243/19/1415
f 2241/19/1421 2245/19/1421 2244/19/1421 2240/19/1421
f 2242/19/1418 2246/19/1422 2245/19/1422 2241/19/1418
f 2243/19/1423 2247/19/1423 2246/19/1423 2242/19/1423
f 2244/19/1424 2248/19/1424 2251/19/1424 2247/19/1424
f 2245/19/1425 2249/19/1425 2248/19/1425 2244/19/1425
f 2246/19/1426 2250/19/1426 2249/19/1426 2245/19/1426
f 2247/19/1427 2251/19/1427 2250/19/1427 2246/19/1427
f 2248/19/1428 2220/19/1428 2223/19/1428 2251/19/1428
f 2249/19/1429 2221/19/1429 2220/19/1429 2248/19/1429
f 2250/19/1430 2222/19/1430 2221/19/1430 2249/19/1430
f 2251/19/1431 2223/19/1431 2222/19/1431 2250/19/1431
f 2252/19/1432 2256/19/1432 2259/19/1432 2255/19/1432
f 2253/19/1433 2257/19/1433 2256/19/1433 2252/19/1433
f 2254/19/1434 2258/19/1434 2257/19/1434 2253/19/1434
f 2255/19/1435 2259/19/1435 2258/19/1435 2254/19/1435
f 2260/19/1436 2264/19/1437 2267/19/1437 2263/19/1436
f 2261/19/1438 2265/19/1439 2264/19/1439 2260/19/1438
f 2262/19/1440 2266/19/1441 2265/19/1441 2261/19/1440
f 2263/19/1442 2267/19/1443 2266/19/1443 2262/19/1442
f 2264/19/1437 2268/19/1444 2271/19/1444 2267/19/1437
f 2265/19/1439 2269/19/1445 2268/19/1445 2264/19/1439
f 2266/19/1441 2270/19/1446 2269/19/1446 2265/19/1441
f 2267/19/1443 2271/19/1447 2270/19/1447 2266/19/1443
f 2268/19/1448 2272/19/1448 2275/19/1448 2271/19/1448
f 2269/19/1449 2273/19/1449 2272/19/1449 2268/19/1449
f 2270/19/1450 2274/19/1450 2273/19/1450 2269/19/1450
f 2271/19/1451 2275/19/1451 2274/19/1451 2270/19/1451
f 2272/19/1452 2276/19/1452 2279/19/1452 2275/19/1452
f 2273/19/1453 2277/19/1453 2276/19/1453 2272/19/1453
f 2274/19/1454 2278/19/1454 2277/19/1454 2273/19/1454
f 2275/19/1455 2279/19/1455 2278/19/1455 2274/19/1455
f 2276/19/1456 2280/19/1456 2283/19/1456 2279/19/1456
f 2277/19/1457 2281/19/1457 2280/19/1457 2276/19/1457
f 2278/19/1458 2282/19/1458 2281/19/1458 2277/19/1458
f 2279/19/1459 2283/19/1459 2282/19/1459 2278/19/1459
f 2280/19/1460 2284/19/1460 2287/19/1460 2283/19/1460
f 2281/19/1461 2285/19/1461 2284/19/1461 2280/19/1461
f 2282/19/1462 2286/19/1462 2285/19/1462 2281/19/1462
f 2283/19/1463 2287/19/1463 2286/19/1463 2282/19/1463
f 2284/19/1464 2288/19/1464 2291/19/1464 2287/19/1464
f 2285/19/1465 2289/19/1466 2288/19/1466 2284/19/1465
f 2286/19/1467 2290/19/1467 2289/19/1467 2285/19/1467
f 2287/19/1468 2291/19/1469 2290/19/1469 2286/19/1468
f 2288/19/1470 2292/19/1471 2295/19/1471 2291/19/1470
f 2289/19/1466 2293/19/1472 2292/19/1472 2288/19/1466
f 2290/19/1473 2294/19/1474 2293/19/1474 2289/19/1473
f 2291/19/1469 2295/19/1475 2294/19/1475 2290/19/1469
f 2292/19/1471 2296/19/1476 2299/19/1476 2295/19/1471
f 2293/19/1472 2297/19/1477 2296/19/1477 2292/19/1472
f 2294/19/1474 2298/19/1478 2297/19/1478 2293/19/1474
f 2295/19/1475 2299/19/1479 2298/19/1479 2294/19/1475
f 2300/19/1480 2147/19/1480 2305/19/1481 2302/19/1481
f 2145/19/1482 2300/19/1482 2302/19/1483 2303/19/1483
f 2301/19/1484 2145/19/1484 2303/19/1485 2304/19/1485
f 2147/19/1486 2301/19/1486 2304/19/1487 2305/19/1487
f 2302/19/1481 2305/19/1481 2309/19/1488 2306/19/1488
f 2303/19/1483 2302/19/1483 2306/19/1489 2307/19/1489
f 2304/19/1485 2303/19/1485 2307/19/1490 2308/19/1490
f 2305/19/1487 2304/19/1487 2308/19/1491 2309/19/1491
f 2306/19/1492 2309/19/1492 2313/19/1492 2310/19/1492
f 2307/19/1493 2306/19/1493 2310/19/1493 2311/19/1493
f 2308/19/1494 2307/19/1494 2311/19/1494 2312/19/1494
f 2309/19/1495 2308/19/1495 2312/19/1495 2313/19/1495
f 2310/19/1496 2313/19/1496 2317/19/1496 2314/19/1496
f 2311/19/1497 2310/19/1497 2314/19/1497 2315/19/1497
f 2312/19/1498 2311/19/1498 2315/19/1498 2316/19/1498
f 2313/19/1499 2312/19/1499 2316/19/1499 2317/19/1499
f 2314/19/1500 2317/19/1500 2321/19/1500 2318/19/1500
f 2315/19/1501 2314/19/1501 2318/19/1501 2319/19/1501
f 2316/19/1502 2315/19/1502 2319/19/1502 2320/19/1502
f 2317/19/1503 2316/19/1503 2320/19/1503 2321/19/1503
f 2318/19/1504 2321/19/1504 2325/19/1505 2322/19/1505
f 2319/19/1506 2318/19/1506 2322/19/1507 2323/19/1507
f 2320/19/1508 2319/19/1508 2323/19/1509 2324/19/1509
f 2321/19/1510 2320/19/1510 2324/19/1511 2325/19/1511
f 2322/19/1505 2325/19/1505 2175/19/1512 2326/19/1512
f 2323/19/1507 2322/19/1507 2326/19/1513 2173/19/1513
f 2324/19/1509 2323/19/1509 2173/19/1514 2327/19/1514
f 2325/19/1511 2324/19/1511 2327/19/1515 2175/19/1515
f 2328/19/1516 2331/19/1516 2335/19/1516 2332/19/1516
f 2329/19/1517 2328/19/1517 2332/19/1517 2333/19/1517
f 2330/19/1518 2329/19/1518 2333/19/1518 2334/19/1518
f 2331/19/1519 2330/19/1519 2334/19/1519 2335/19/1519
f 2332/19/1520 2335/19/1520 2339/19/1520 2336/19/1520
f 2333/19/1521 2332/19/1521 2336/19/1521 2337/19/1521
f 2334/19/1522 2333/19/1522 2337/19/1522 2338/19/1522
f 2335/19/1523 2334/19/1523 2338/19/1523 2339/19/1523
f 2336/19/1524 2339/19/1524 2343/19/1524 2340/19/1524
f 2337/19/1525 2336/19/1525 2340/19/1525 2341/19/1525
f 2338/19/1526 2337/19/1526 2341/19/1526 2342/19/1526
f 2339/19/1527 2338/19/1527 2342/19/1527 2343/19/1527
f 2340/19/1528 2343/19/1528 2347/19/1528 2344/19/1528
f 2341/19/1529 2340/19/1529 2344/19/1529 2345/19/1529
f 2342/19/1530 2341/19/1530 2345/19/1530 2346/19/1530
f 2343/19/1531 2342/19/1531 2346/19/1531 2347/19/1531
f 2344/19/1532 2347/19/1532 2351/19/1532 2348/19/1532
f 2345/19/1533 2344/19/1533 2348/19/1533 2349/19/1533
f 2346/19/1534 2345/19/1534 2349/19/1534 2350/19/1534
f 2347/19/1535 2346/19/1535 2350/19/1535 2351/19/1535
f 2348/19/1536 2351/19/1536 2355/19/1536 2352/19/1536
f 2349/19/1537 2348/19/1537 2352/19/1537 2353/19/1537
f 2350/19/1538 2349/19/1538 2353/19/1538 2354/19/1538
f 2351/19/1539 2350/19/1539 2354/19/1540 2355/19/1540
f 2352/19/1541 2355/19/1541 2359/19/1541 2356/19/1541
f 2353/19/1542 2352/19/1542 2356/19/1542 2357/19/1542
f 2354/19/1543 2353/19/1543 2357/19/1543 2358/19/1543
f 2355/19/1540 2354/19/1540 2358/19/1544 2359/19/1544
f 2356/19/1545 2359/19/1545 2363/19/1545 2360/19/1545
f 2357/19/1546 2356/19/1546 2360/19/1546 2361/19/1546
f 2358/19/1547 2357/19/1547 2361/19/1547 2362/19/1547
f 2359/19/1548 2358/19/1548 2362/19/1548 2363/19/1548
f 2360/19/1549 2363/19/1549 2367/19/1549 2364/19/1549
f 2361/19/1550 2360/19/1550 2364/19/1550 2365/19/1550
f 2362/19/1551 2361/19/1551 2365/19/1551 2366/19/1551
f 2363/19/1552 2362/19/1552 2366/19/1552 2367/19/1552
f 2364/19/1553 2367/19/1553 2371/19/1553 2368/19/1553
f 2365/19/1554 2364/19/1554 2368/19/1554 2369/19/1554
f 2366/19/1553 2365/19/1553 2369/19/1553 2370/19/1553
f 2367/19/1555 2366/19/1555 2370/19/1555 2371/19/1555
f 2368/19/1556 2371/19/1556 2331/19/1556 2328/19/1556
f 2369/19/1557 2368/19/1557 2328/19/1557 2329/19/1557
f 2370/19/1558 2369/19/1558 2329/19/1558 2330/19/1558
f 2371/19/1559 2370/19/1559 2330/19/1559 2331/19/1559
f 2372/19/1560 2375/19/1560 2379/19/1560 2376/19/1560
f 2373/19/1561 2372/19/1561 2376/19/1561 2377/19/1561
f 2374/19/1562 2373/19/1562 2377/19/1562 2378/19/1562
f 2375/19/1563 2374/19/1563 2378/19/1563 2379/19/1563
f 2376/19/1564 2379/19/1564 2383/19/1564 2380/19/1564
f 2377/19/1565 2376/19/1565 2380/19/1565 2381/19/1565
f 2378/19/1566 2377/19/1566 2381/19/1566 2382/19/1566
f 2379/19/1567 2378/19/1567 2382/19/1567 2383/19/1567
f 2380/19/1568 2383/19/1568 2387/19/1568 2384/19/1568
f 2381/19/1569 2380/19/1569 2384/19/1569 2385/19/1569
f 2382/19/1570 2381/19/1570 2385/19/1570 2386/19/1570
f 2383/19/1571 2382/19/1571 2386/19/1571 2387/19/1571
f 2384/19/1572 2387/19/1572 2391/19/1572 2388/19/1572
f 2385/19/1573 2384/19/1573 2388/19/1573 2389/19/1573
f 2386/19/1574 2385/19/1574 2389/19/1574 2390/19/1574
f 2387/19/1575 2386/19/1575 2390/19/1575 2391/19/1575
f 2388/19/1576 2391/19/1576 2395/19/1577 2392/19/1577
f 2389/19/1578 2388/19/1578 2392/19/1578 2393/19/1578
f 2390/19/1579 2389/19/1579 2393/19/1580 2394/19/1580
f 2391/19/1581 2390/19/1581 2394/19/1581 2395/19/1581
f 2392/19/1577 2395/19/1577 2399/19/1582 2396/19/1582
f 2393/19/1583 2392/19/1583 2396/19/1583 2397/19/1583
f 2394/19/1580 2393/19/1580 2397/19/1584 2398/19/1584
f 2395/19/1585 2394/19/1585 2398/19/1585 2399/19/1585
f 2396/19/1586 2399/19/1586 2403/19/1586 2400/19/1586
f 2397/19/1587 2396/19/1587 2400/19/1587 2401/19/1587
f 2398/19/1588 2397/19/1588 2401/19/1588 2402/19/1588
f 2399/19/1589 2398/19/1589 2402/19/1589 2403/19/1589
f 2400/19/1590 2403/19/1590 2375/19/1590 2372/19/1590
f 2401/19/1591 2400/19/1591 2372/19/1591 2373/19/1591
f 2402/19/1592 2401/19/1592 2373/19/1592 2374/19/1592
f 2403/19/1593 2402/19/1593 2374/19/1593 2375/19/1593
f 2404/19/1594 2407/19/1594 2411/19/1594 2408/19/1594
f 2405/19/1595 2404/19/1595 2408/19/1595 2409/19/1595
f 2406/19/1596 2405/19/1596 2409/19/1596 2410/19/1596
f 2407/19/1597 2406/19/1597 2410/19/1597 2411/19/1597
f 2412/19/1598 2263/19/1598 2417/19/1599 2414/19/1599
f 2261/19/1600 2412/19/1600 2414/19/1601 2415/19/1601
f 2413/19/1602 2261/19/1602 2415/19/1603 2416/19/1603
f 2263/19/1604 2413/19/1604 2416/19/1605 2417/19/1605
f 2414/19/1599 2417/19/1599 2421/19/1606 2418/19/1606
f 2415/19/1601 2414/19/1601 2418/19/1607 2419/19/1607
f 2416/19/1603 2415/19/1603 2419/19/1608 2420/19/1608
f 2417/19/1605 2416/19/1605 2420/19/1609 2421/19/1609
f 2418/19/1610 2421/19/1610 2425/19/1610 2422/19/1610
f 2419/19/1611 2418/19/1611 2422/19/1611 2423/19/1611
f 2420/19/1612 2419/19/1612 2423/19/1612 2424/19/1612
f 2421/19/1613 2420/19/1613 2424/19/1613 2425/19/1613
f 2422/19/1614 2425/19/1614 2429/19/1614 2426/19/1614
f 2423/19/1615 2422/19/1615 2426/19/1615 2427/19/1615
f 2424/19/1616 2423/19/1616 2427/19/1616 2428/19/1616
f 2425/19/1617 2424/19/1617 2428/19/1617 2429/19/1617
f 2426/19/1618 2429/19/1618 2433/19/1618 2430/19/1618
f 2427/19/1619 2426/19/1619 2430/19/1619 2431/19/1619
f 2428/19/1620 2427/19/1620 2431/19/1620 2432/19/1620
f 2429/19/1621 2428/19/1621 2432/19/1621 2433/19/1621
f 2430/19/1622 2433/19/1622 2437/19/1622 2434/19/1622
f 2431/19/1623 2430/19/1623 2434/19/1623 2435/19/1623
f 2432/19/1624 2431/19/1624 2435/19/1624 2436/19/1624
f 2433/19/1625 2432/19/1625 2436/19/1625 2437/19/1625
f 2434/19/1626 2437/19/1626 2441/19/1626 2438/19/1626
f 2435/19/1627 2434/19/1627 2438/19/1628 2439/19/1628
f 2436/19/1629 2435/19/1629 2439/19/1629 2440/19/1629
f 2437/19/1630 2436/19/1630 2440/19/1631 2441/19/1631
f 2438/19/1632 2441/19/1632 2445/19/1633 2442/19/1633
f 2439/19/1628 2438/19/1628 2442/19/1634 2443/19/1634
f 2440/19/1635 2439/19/1635 2443/19/1636 2444/19/1636
f 2441/19/1631 2440/19/1631 2444/19/1637 2445/19/1637
f 2442/19/1633 2445/19/1633 2449/19/1638 2446/19/1638
f 2443/19/1634 2442/19/1634 2446/19/1639 2447/19/1639
f 2444/19/1636 2443/19/1636 2447/19/1640 2448/19/1640
f 2445/19/1637 2444/19/1637 2448/19/1641 2449/19/1641
f 2461/19/1642 2460/19/1642 2451/19/1642 2454/19/1642
f 2462/19/1643 2461/19/1643 2454/19/1643 2457/19/1643
f 2463/19/1644 2462/19/1644 2457/19/1644 2459/19/1644
f 2487/19/1645 2463/19/1645 2459/19/1645 2453/19/1645
f 2452/19/1646 2458/19/1646 2463/19/1646 2487/19/1646
f 2458/19/1647 2456/19/1647 2462/19/1647 2463/19/1647
f 2456/19/1648 2455/19/1648 2461/19/1648 2462/19/1648
f 2455/19/1649 2450/19/1649 2460/19/1649 2461/19/1649
f 2475/19/1650 2468/19/1650 2465/19/1650 2474/19/1650
f 2476/19/1651 2471/19/1651 2468/19/1651 2475/19/1651
f 2477/19/1652 2473/19/1652 2471/19/1652 2476/19/1652
f 2500/19/1653 2467/19/1653 2473/19/1653 2477/19/1653
f 2466/19/1654 2500/19/1654 2477/19/1654 2472/19/1654
f 2472/19/1655 2477/19/1655 2476/19/1655 2470/19/1655
f 2470/19/1656 2476/19/1656 2475/19/1656 2469/19/1656
f 2469/19/1657 2475/19/1657 2474/19/1657 2464/19/1657
f 2467/19/1658 2453/19/1658 2459/19/1658 2473/19/1658
f 2451/19/1659 2465/19/1659 2468/19/1659 2454/19/1659
f 2452/19/1660 2466/19/1660 2472/19/1660 2458/19/1660
f 2487/19/1661 2452/19/1661 2466/19/1661 2500/19/1661
f 2450/19/1662 2464/19/1662 2474/19/1662 2460/19/1662
f 2454/19/1663 2468/19/1663 2471/19/1663 2457/19/1663
f 2455/19/1664 2469/19/1664 2464/19/1664 2450/19/1664
f 2456/19/1665 2470/19/1665 2469/19/1665 2455/19/1665
f 2457/19/1666 2471/19/1666 2473/19/1666 2459/19/1666
f 2458/19/1667 2472/19/1667 2470/19/1667 2456/19/1667
f 2453/19/1668 2487/19/1668 2500/19/1668 2467/19/1668
f 2488/19/1669 2480/19/1669 2479/19/1669 2486/19/1669
f 2489/19/1670 2483/19/1670 2480/19/1670 2488/19/1670
f 2490/19/1671 2485/19/1671 2483/19/1671 2489/19/1671
f 2487/19/1672 2453/19/1672 2485/19/1672 2490/19/1672
f 2452/19/1673 2487/19/1673 2490/19/1673 2484/19/1673
f 2484/19/1674 2490/19/1674 2489/19/1674 2482/19/1674
f 2482/19/1675 2489/19/1675 2488/19/1675 2481/19/1675
f 2481/19/1676 2488/19/1676 2486/19/1676 2478/19/1676
f 2501/19/1677 2499/19/1677 2492/19/1677 2493/19/1677
f 2502/19/1678 2501/19/1678 2493/19/1678 2496/19/1678
f 2503/19/1679 2502/19/1679 2496/19/1679 2498/19/1679
f 2500/19/1680 2503/19/1680 2498/19/1680 2467/19/1680
f 2466/19/1681 2497/19/1681 2503/19/1681 2500/19/1681
f 2497/19/1682 2495/19/1682 2502/19/1682 2503/19/1682
f 2495/19/1683 2494/19/1683 2501/19/1683 2502/19/1683
f 2494/19/1684 2491/19/1684 2499/19/1684 2501/19/1684
f 2498/19/1685 2485/19/1685 2453/19/1685 2467/19/1685
f 2479/19/1686 2480/19/1686 2493/19/1686 2492/19/1686
f 2452/19/1687 2484/19/1687 2497/19/1687 2466/19/1687
f 2478/19/1688 2486/19/1688 2499/19/1688 2491/19/1688
f 2480/19/1689 2483/19/1689 2496/19/1689 2493/19/1689
f 2481/19/1690 2478/19/1690 2491/19/1690 2494/19/1690
f 2482/19/1691 2481/19/1691 2494/19/1691 2495/19/1691
f 2483/19/1692 2485/19/1692 2498/19/1692 2496/19/1692
f 2484/19/1693 2482/19/1693 2495/19/1693 2497/19/1693
f 2460/19/1694 2474/19/1694 2465/19/1694 2451/19/1694
f 2486/19/1695 2479/19/1695 2492/19/1695 2499/19/1695
f 2504/19/1696 2512/19/1696 2507/19/1696 2508/19/1696 2506/19/1696
f 2515/19/1697 2517/19/1697 2522/19/1697 2521/19/1697 2514/19/1697
f 2524/19/1696 2527/19/1698 2513/19/1698 2509/19/1698
f 2509/19/1698 2513/19/1698 2505/19/1696 2510/19/1696 2511/19/1696
f 2530/19/1699 2520/19/1699 2523/19/1700 2533/19/1700
f 2520/19/1701 2519/19/1701 2518/19/1701 2516/19/1701 2523/19/1701
f 2555/19/1702 2519/19/1702 2520/19/1702 2554/19/1702
f 2564/19/1703 2532/19/1703 2521/19/1703 2556/19/1703
f 2556/19/1704 2521/19/1704 2522/19/1704 2557/19/1704
f 2557/19/1705 2522/19/1705 2517/19/1705 2558/19/1705
f 2558/19/1706 2517/19/1706 2515/19/1706 2560/19/1706
f 2559/19/1707 2516/19/1707 2518/19/1707 2561/19/1707
f 2561/19/1708 2518/19/1708 2519/19/1708 2555/19/1708
f 2554/19/1703 2520/19/1703 2530/19/1703 2562/19/1703
f 2562/19/1703 2530/19/1703 2531/19/1703 2563/19/1703
f 2563/19/1703 2531/19/1703 2532/19/1703 2564/19/1703
f 2521/19/1709 2532/19/1709 2535/19/1710 2514/19/1710
f 2532/19/1711 2531/19/1711 2534/19/1712 2535/19/1712
f 2531/19/1713 2530/19/1713 2533/19/1714 2534/19/1714
f 2507/19/1715 2512/19/1715 2529/19/1715 2526/19/1715
f 2526/19/1698 2529/19/1698 2528/19/1698 2525/19/1696
f 2525/19/1696 2528/19/1698 2527/19/1698 2524/19/1696
f 2504/19/1696 2536/19/1696 2538/19/1696 2537/19/1696 2512/19/1696
f 2515/19/1697 2514/19/1697 2546/19/1697 2547/19/1697 2542/19/1697
f 2548/19/1698 2539/19/1698 2513/19/1698 2527/19/1698
f 2539/19/1698 2541/19/1696 2540/19/1696 2505/19/1696 2513/19/1698
f 2551/19/1716 2533/19/1700 2523/19/1700 2545/19/1716
f 2545/19/1717 2523/19/1717 2516/19/1717 2543/19/1717 2544/19/1717
f 2566/19/1718 2565/19/1718 2545/19/1718 2544/19/1718
f 2573/19/1719 2567/19/1719 2546/19/1720 2553/19/1720
f 2567/19/1721 2568/19/1721 2547/19/1721 2546/19/1721
f 2568/19/1722 2569/19/1722 2542/19/1722 2547/19/1722
f 2569/19/1706 2560/19/1706 2515/19/1706 2542/19/1706
f 2559/19/1707 2570/19/1707 2543/19/1707 2516/19/1707
f 2570/19/1723 2566/19/1723 2544/19/1723 2543/19/1723
f 2565/19/1719 2571/19/1719 2551/19/1719 2545/19/1719
f 2571/19/1719 2572/19/1719 2552/19/1719 2551/19/1719
f 2572/19/1719 2573/19/1719 2553/19/1720 2552/19/1719
f 2546/19/1724 2514/19/1710 2535/19/1710 2553/19/1724
f 2553/19/1725 2535/19/1712 2534/19/1712 2552/19/1725
f 2552/19/1726 2534/19/1714 2533/19/1714 2551/19/1726
f 2537/19/1715 2550/19/1715 2529/19/1715 2512/19/1715
f 2550/19/1698 2549/19/1698 2528/19/1698 2529/19/1698
f 2549/19/1698 2548/19/1698 2527/19/1698 2528/19/1698
f 2549/19/1719 2550/19/1719 2573/19/1719 2572/19/1719
f 2548/19/1719 2549/19/1719 2572/19/1719 2571/19/1719
f 2539/19/1719 2548/19/1719 2571/19/1719 2565/19/1719
f 2540/19/1727 2541/19/1727 2566/19/1727 2570/19/1727
f 2505/19/554 2540/19/554 2570/19/554 2559/19/554
f 2536/19/1728 2504/19/1728 2560/19/1728 2569/19/1728
f 2538/19/1729 2536/19/1729 2569/19/1729 2568/19/1729
f 2537/19/1730 2538/19/1730 2568/19/1730 2567/19/1730
f 2550/19/1719 2537/19/1719 2567/19/1719 2573/19/1719
f 2541/19/1731 2539/19/1731 2565/19/1731 2566/19/1731
f 2525/19/1703 2563/19/1703 2564/19/1703 2526/19/1703
f 2524/19/1703 2562/19/1703 2563/19/1703 2525/19/1703
f 2509/19/1732 2554/19/1703 2562/19/1703 2524/19/1703
f 2510/19/1733 2561/19/1733 2555/19/1733 2511/19/1733
f 2505/19/554 2559/19/554 2561/19/554 2510/19/554
f 2506/19/1728 2558/19/1728 2560/19/1728 2504/19/1728
f 2508/19/1734 2557/19/1734 2558/19/1734 2506/19/1734
f 2507/19/1735 2556/19/1735 2557/19/1735 2508/19/1735
f 2526/19/1703 2564/19/1703 2556/19/1703 2507/19/1732
f 2511/19/1736 2555/19/1736 2554/19/1736 2509/19/1736
f 2574/19/1737 2576/19/1737 2578/19/1737 2577/19/1737 2582/19/1737
f 2585/19/1738 2584/19/1738 2591/19/1739 2592/19/1739 2587/19/1739
f 2594/19/1737 2579/19/1737 2583/19/1737 2597/19/1740
f 2579/19/1737 2581/19/1737 2580/19/1737 2575/19/1737 2583/19/1737
f 2600/19/1741 2603/19/1742 2593/19/1742 2590/19/1741
f 2590/19/1743 2593/19/1743 2586/19/1743 2588/19/1743 2589/19/1743
f 2625/19/1744 2624/19/1744 2590/19/1744 2589/19/1744
f 2634/19/1745 2626/19/1745 2591/19/1745 2602/19/1745
f 2626/19/1746 2627/19/1746 2592/19/1746 2591/19/1746
f 2627/19/1747 2628/19/1747 2587/19/1747 2592/19/1747
f 2628/19/1748 2630/19/1748 2585/19/1748 2587/19/1748
f 2629/19/1749 2631/19/1749 2588/19/1749 2586/19/1749
f 2631/19/1750 2625/19/1750 2589/19/1750 2588/19/1750
f 2624/19/1751 2632/19/1751 2600/19/1745 2590/19/1745
f 2632/19/1751 2633/19/1751 2601/19/1751 2600/19/1745
f 2633/19/1751 2634/19/1745 2602/19/1745 2601/19/1751
f 2591/19/1752 2584/19/1753 2605/19/1753 2602/19/1752
f 2602/19/1754 2605/19/1755 2604/19/1755 2601/19/1754
f 2601/19/1756 2604/19/1757 2603/19/1757 2600/19/1756
f 2577/19/1758 2596/19/1758 2599/19/1758 2582/19/1758
f 2596/19/1737 2595/19/1737 2598/19/1740 2599/19/1740
f 2595/19/1737 2594/19/1737 2597/19/1740 2598/19/1740
f 2574/19/1737 2582/19/1737 2607/19/1737 2608/19/1737 2606/19/1737
f 2585/19/1738 2612/19/1738 2617/19/1738 2616/19/1738 2584/19/1738
f 2618/19/1740 2597/19/1740 2583/19/1737 2609/19/1740
f 2609/19/1740 2583/19/1737 2575/19/1737 2610/19/1737 2611/19/1737
f 2621/19/1759 2615/19/1759 2593/19/1742 2603/19/1742
f 2615/19/1760 2614/19/1760 2613/19/1760 2586/19/1760 2593/19/1760
f 2636/19/1761 2614/19/1761 2615/19/1761 2635/19/1761
f 2643/19/1762 2623/19/1762 2616/19/1762 2637/19/1762
f 2637/19/1763 2616/19/1763 2617/19/1763 2638/19/1763
f 2638/19/1764 2617/19/1764 2612/19/1764 2639/19/1764
f 2639/19/1748 2612/19/1748 2585/19/1748 2630/19/1748
f 2629/19/1749 2586/19/1749 2613/19/1749 2640/19/1749
f 2640/19/1765 2613/19/1765 2614/19/1765 2636/19/1765
f 2635/19/1766 2615/19/1762 2621/19/1762 2641/19/1762
f 2641/19/1762 2621/19/1762 2622/19/1762 2642/19/1762
f 2642/19/1762 2622/19/1762 2623/19/1762 2643/19/1762
f 2616/19/1767 2623/19/1767 2605/19/1753 2584/19/1753
f 2623/19/1768 2622/19/1768 2604/19/1755 2605/19/1755
f 2622/19/1769 2621/19/1769 2603/19/1757 2604/19/1757
f 2607/19/1758 2582/19/1758 2599/19/1758 2620/19/1758
f 2620/19/1740 2599/19/1740 2598/19/1740 2619/19/1740
f 2619/19/1740 2598/19/1740 2597/19/1740 2618/19/1740
f 2619/19/1766 2642/19/1762 2643/19/1762 2620/19/1766
f 2618/19/1766 2641/19/1762 2642/19/1762 2619/19/1766
f 2609/19/1766 2635/19/1766 2641/19/1762 2618/19/1766
f 2610/19/1770 2640/19/1770 2636/19/1770 2611/19/1770
f 2575/19/554 2629/19/554 2640/19/554 2610/19/554
f 2606/19/1771 2639/19/1771 2630/19/1771 2574/19/1771
f 2608/19/1772 2638/19/1772 2639/19/1772 2606/19/1772
f 2607/19/1773 2637/19/1773 2638/19/1773 2608/19/1773
f 2620/19/1766 2643/19/1762 2637/19/1762 2607/19/1766
f 2611/19/1774 2636/19/1774 2635/19/1774 2609/19/1774
f 2595/19/1751 2596/19/1745 2634/19/1745 2633/19/1751
f 2594/19/1751 2595/19/1751 2633/19/1751 2632/19/1751
f 2579/19/1751 2594/19/1751 2632/19/1751 2624/19/1751
f 2580/19/1775 2581/19/1775 2625/19/1775 2631/19/1775
f 2575/19/554 2580/19/554 2631/19/554 2629/19/554
f 2576/19/1771 2574/19/1771 2630/19/1771 2628/19/1771
f 2578/19/1776 2576/19/1776 2628/19/1776 2627/19/1776
f 2577/19/1777 2578/19/1777 2627/19/1777 2626/19/1777
f 2596/19/1745 2577/19/1745 2626/19/1745 2634/19/1745
f 2581/19/1778 2579/19/1778 2624/19/1778 2625/19/1778
f 2645/19/555 2646/19/555 2648/19/555 2647/19/555
f 2650/19/554 2649/19/554 2652/19/554 2651/19/554
f 2648/19/1779 2652/19/1779 2649/19/1779 2647/19/1779
f 2645/19/1780 2650/19/1780 2651/19/1780 2646/19/1780
f 2646/19/1781 2651/19/1781 2652/19/1781 2648/19/1781
f 2647/19/1782 2649/19/1782 2650/19/1782 2645/19/1782
f 2654/19/555 2656/19/555 2657/19/555 2655/19/555
f 2659/19/554 2660/19/554 2661/19/554 2658/19/554
f 2657/19/1783 2656/19/1783 2658/19/1783 2661/19/1783
f 2654/19/1784 2655/19/1784 2660/19/1784 2659/19/1784
f 2655/19/1785 2657/19/1785 2661/19/1785 2660/19/1785
f 2656/19/1786 2654/19/1786 2659/19/1786 2658/19/1786
f 2662/19/555 2665/19/555 2670/19/555 2667/19/555
f 2664/19/555 2666/19/555 2671/19/555 2669/19/555
f 2665/19/555 2664/19/555 2669/19/555 2670/19/555
f 2666/19/555 2663/19/555 2668/19/555 2671/19/555
f 2672/19/555 2676/19/555 2678/19/555 2674/19/555
f 2673/19/555 2677/19/555 2679/19/555 2675/19/555
f 2674/19/555 2678/19/555 2677/19/555 2673/19/555
f 2675/19/555 2679/19/555 2668/19/555 2663/19/555
f 2681/19/554 2686/19/554 2685/19/554 2680/19/554
f 2683/19/554 2688/19/554 2687/19/554 2682/19/554
f 2680/19/554 2685/19/554 2688/19/554 2683/19/554
f 2682/19/554 2687/19/554 2689/19/554 2684/19/554
f 2691/19/554 2690/19/554 2694/19/554 2695/19/554
f 2693/19/554 2692/19/554 2696/19/554 2697/19/554
f 2690/19/554 2693/19/554 2697/19/554 2694/19/554
f 2671/19/1787 2687/19/1787 2688/19/1787 2669/19/1787
f 2692/19/554 2684/19/554 2689/19/554 2696/19/554
f 2674/19/1788 2690/19/1788 2691/19/1788 2672/19/1788
f 2669/19/1789 2688/19/1789 2685/19/1789 2670/19/1789
f 2675/19/1790 2692/19/1790 2693/19/1790 2673/19/1790
f 2668/19/1791 2689/19/1791 2687/19/1791 2671/19/1791
f 2662/19/1792 2681/19/1792 2680/19/1792 2665/19/1792
f 2673/19/1793 2693/19/1793 2690/19/1793 2674/19/1793
f 2672/19/1794 2691/19/1794 2695/19/1794 2676/19/1794
f 2664/19/1795 2683/19/1795 2682/19/1795 2666/19/1795
f 2676/19/1796 2695/19/1796 2694/19/1796 2678/19/1796
f 2663/19/1797 2684/19/1797 2692/19/1797 2675/19/1797
f 2665/19/1798 2680/19/1798 2683/19/1798 2664/19/1798
f 2677/19/1799 2697/19/1799 2696/19/1799 2679/19/1799
f 2666/19/1800 2682/19/1800 2684/19/1800 2663/19/1800
f 2678/19/1801 2694/19/1801 2697/19/1801 2677/19/1801
f 2670/19/1802 2685/19/1802 2686/19/1802 2667/19/1802
f 2679/19/1803 2696/19/1803 2689/19/1803 2668/19/1803
f 2667/19/1804 2686/19/1804 2681/19/1804 2662/19/1804
f 2698/19/555 2700/19/555 2701/19/555 2699/19/555
f 2703/19/554 2704/19/554 2705/19/554 2702/19/554
f 2701/19/1805 2700/19/1805 2702/19/1805 2705/19/1805
f 2698/19/1806 2699/19/1806 2704/19/1806 2703/19/1806
f 2699/19/1807 2701/19/1807 2705/19/1807 2704/19/1807
f 2700/19/1808 2698/19/1808 2703/19/1808 2702/19/1808
f 2713/19/1809 2712/19/1809 2709/19/1809 2708/19/1809
f 2714/19/1810 2715/19/1810 2711/19/1810 2710/19/1810
f 2710/19/1811 2711/19/1811 2712/19/1811 2713/19/1811
f 2726/19/1812 2727/19/1812 2715/19/1812 2714/19/1812
f 2722/19/1813 2721/19/1813 2720/19/1813 2719/19/1813
f 2716/19/1814 2723/19/1814 2725/19/1814 2724/19/1814
f 2723/19/1815 2722/19/1815 2719/19/1815 2725/19/1815
f 2728/19/1816 2716/19/1816 2724/19/1816 2729/19/1816
f 2731/19/1805 2719/19/1805 2720/19/1805 2730/19/1805
f 2730/19/1817 2720/19/1817 2721/19/1817 2732/19/1817
f 2734/19/1806 2723/19/1806 2716/19/1806 2733/19/1806
f 2741/19/1806 2728/19/1806 2717/19/1806 2735/19/1806
f 2736/19/1805 2725/19/1805 2719/19/1805 2731/19/1805
f 2737/19/1806 2722/19/1806 2723/19/1806 2734/19/1806
f 2740/19/1805 2729/19/1805 2724/19/1805 2738/19/1805
f 2735/19/1818 2717/19/1818 2718/19/1818 2739/19/1818
f 2732/19/1806 2721/19/1806 2722/19/1806 2737/19/1806
f 2738/19/1805 2724/19/1805 2725/19/1805 2736/19/1805
f 2739/19/1805 2718/19/1805 2729/19/1805 2740/19/1805
f 2733/19/1806 2716/19/1806 2728/19/1806 2741/19/1806
f 2717/19/1819 2728/19/1819 2729/19/1819 2718/19/1819
f 2706/19/1820 2707/19/1820 2727/19/1820 2726/19/1820
f 2714/19/1806 2733/19/1806 2741/19/1806 2726/19/1806
f 2707/19/1805 2739/19/1805 2740/19/1805 2727/19/1805
f 2715/19/1805 2738/19/1805 2736/19/1805 2711/19/1805
f 2708/19/1806 2732/19/1806 2737/19/1806 2713/19/1806
f 2706/19/1818 2735/19/1818 2739/19/1818 2707/19/1818
f 2727/19/1805 2740/19/1805 2738/19/1805 2715/19/1805
f 2713/19/1806 2737/19/1806 2734/19/1806 2710/19/1806
f 2711/19/1805 2736/19/1805 2731/19/1805 2712/19/1805
f 2726/19/1806 2741/19/1806 2735/19/1806 2706/19/1806
f 2710/19/1806 2734/19/1806 2733/19/1806 2714/19/1806
f 2709/19/1821 2730/19/1821 2732/19/1821 2708/19/1821
f 2712/19/1805 2731/19/1805 2730/19/1805 2709/19/1805
f 2742/19/555 2743/19/555 2745/19/555 2744/19/555
f 2747/19/554 2746/19/554 2749/19/554 2748/19/554
f 2745/19/1822 2749/19/1822 2746/19/1822 2744/19/1822
f 2742/19/1823 2747/19/1823 2748/19/1823 2743/19/1823
f 2743/19/1824 2748/19/1824 2749/19/1824 2745/19/1824
f 2744/19/1825 2746/19/1825 2747/19/1825 2742/19/1825
f 2757/19/1826 2752/19/1826 2753/19/1826 2756/19/1826
f 2758/19/1827 2754/19/1827 2755/19/1827 2759/19/1827
f 2754/19/1828 2757/19/1828 2756/19/1828 2755/19/1828
f 2770/19/1829 2758/19/1829 2759/19/1829 2771/19/1829
f 2766/19/1830 2763/19/1830 2764/19/1830 2765/19/1830
f 2760/19/1831 2768/19/1831 2769/19/1831 2767/19/1831
f 2767/19/1832 2769/19/1832 2763/19/1832 2766/19/1832
f 2772/19/1833 2773/19/1833 2768/19/1833 2760/19/1833
f 2775/19/1822 2774/19/1822 2764/19/1822 2763/19/1822
f 2774/19/1834 2776/19/1834 2765/19/1834 2764/19/1834
f 2778/19/1823 2777/19/1823 2760/19/1823 2767/19/1823
f 2785/19/1823 2779/19/1823 2761/19/1823 2772/19/1823
f 2780/19/1822 2775/19/1822 2763/19/1822 2769/19/1822
f 2781/19/1823 2778/19/1823 2767/19/1823 2766/19/1823
f 2784/19/1822 2782/19/1822 2768/19/1822 2773/19/1822
f 2779/19/1835 2783/19/1835 2762/19/1835 2761/19/1835
f 2776/19/1823 2781/19/1823 2766/19/1823 2765/19/1823
f 2782/19/1822 2780/19/1822 2769/19/1822 2768/19/1822
f 2783/19/1822 2784/19/1822 2773/19/1822 2762/19/1822
f 2777/19/1823 2785/19/1823 2772/19/1823 2760/19/1823
f 2761/19/1836 2762/19/1836 2773/19/1836 2772/19/1836
f 2750/19/1837 2770/19/1837 2771/19/1837 2751/19/1837
f 2758/19/1823 2770/19/1823 2785/19/1823 2777/19/1823
f 2751/19/1822 2771/19/1822 2784/19/1822 2783/19/1822
f 2759/19/1822 2755/19/1822 2780/19/1822 2782/19/1822
f 2752/19/1823 2757/19/1823 2781/19/1823 2776/19/1823
f 2750/19/1835 2751/19/1835 2783/19/1835 2779/19/1835
f 2771/19/1822 2759/19/1822 2782/19/1822 2784/19/1822
f 2757/19/1823 2754/19/1823 2778/19/1823 2781/19/1823
f 2755/19/1822 2756/19/1822 2775/19/1822 2780/19/1822
f 2770/19/1823 2750/19/1823 2779/19/1823 2785/19/1823
f 2754/19/1823 2758/19/1823 2777/19/1823 2778/19/1823
f 2753/19/1838 2752/19/1838 2776/19/1838 2774/19/1838
f 2756/19/1822 2753/19/1822 2774/19/1822 2775/19/1822
f 2787/19/1839 2786/19/1839 2791/19/1839 2790/19/1839 2789/19/1839 2788/19/1839
f 2792/19/1840 2794/19/1840 2795/19/1840 2796/19/1840 2797/19/1840 2793/19/1840
f 2786/19/1841 2787/19/1841 2792/19/1841 2793/19/1841
f 2791/19/1842 2786/19/1842 2793/19/1842 2797/19/1842
f 2789/19/1843 2790/19/1843 2796/19/1843 2795/19/1843
f 2787/19/1844 2788/19/1844 2794/19/1844 2792/19/1844
f 2790/19/1845 2791/19/1845 2797/19/1845 2796/19/1845
f 2788/19/1846 2789/19/1846 2795/19/1846 2794/19/1846
f 2799/19/1847 2798/19/1847 2803/19/1847 2802/19/1847 2801/19/1847 2800/19/1847
f 2804/19/1840 2806/19/1840 2807/19/1840 2808/19/1840 2809/19/1840 2805/19/1840
f 2798/19/1841 2799/19/1841 2804/19/1841 2805/19/1841
f 2803/19/1842 2798/19/1842 2805/19/1842 2809/19/1842
f 2801/19/1843 2802/19/1843 2808/19/1843 2807/19/1843
f 2799/19/1848 2800/19/1848 2806/19/1848 2804/19/1848
f 2802/19/1845 2803/19/1845 2809/19/1845 2808/19/1845
f 2800/19/1846 2801/19/1846 2807/19/1846 2806/19/1846
f 2811/19/1849 2812/19/1849 2813/19/1849 2814/19/1849 2815/19/1849 2810/19/1849
f 2816/19/1850 2817/19/1850 2821/19/1850 2820/19/1850 2819/19/1850 2818/19/1850
f 2810/19/1851 2817/19/1851 2816/19/1851 2811/19/1851
f 2815/19/1852 2821/19/1852 2817/19/1852 2810/19/1852
f 2813/19/1853 2819/19/1853 2820/19/1853 2814/19/1853
f 2811/19/1854 2816/19/1854 2818/19/1854 2812/19/1854
f 2814/19/1855 2820/19/1855 2821/19/1855 2815/19/1855
f 2812/19/1856 2818/19/1856 2819/19/1856 2813/19/1856
f 2823/19/1849 2824/19/1849 2825/19/1849 2826/19/1849 2827/19/1849 2822/19/1849
f 2828/19/1850 2829/19/1850 2833/19/1850 2832/19/1850 2831/19/1850 2830/19/1850
f 2822/19/1857 2829/19/1857 2828/19/1857 2823/19/1857
f 2827/19/1852 2833/19/1852 2829/19/1852 2822/19/1852
f 2825/19/1853 2831/19/1853 2832/19/1853 2826/19/1853
f 2823/19/1854 2828/19/1854 2830/19/1854 2824/19/1854
f 2826/19/1855 2832/19/1855 2833/19/1855 2827/19/1855
f 2824/19/1856 2830/19/1856 2831/19/1856 2825/19/1856
f 2840/22/557 2842/22/557 2843/22/557 2844/22/557 2845/22/557 2841/22/557
f 2840/19/557 2841/19/557 2834/19/557 2835/19/557
f 2842/19/557 2840/19/557 2835/19/557 2836/19/557
f 2843/19/557 2842/19/557 2836/19/557 2837/19/557
f 2844/19/557 2843/19/557 2837/19/557 2838/19/557
f 2845/19/557 2844/19/557 2838/19/557 2839/19/557
f 2841/19/557 2845/19/557 2839/19/557 2834/19/557
f 2834/19/1858 2839/19/1858 2851/19/1858 2846/19/1858
f 2838/19/1859 2837/19/1859 2849/19/1859 2850/19/1859
f 2836/19/555 2835/19/555 2847/19/555 2848/19/555
f 2839/19/554 2838/19/554 2850/19/554 2851/19/554
f 2837/19/1860 2836/19/1860 2848/19/1860 2849/19/1860
f 2835/19/1861 2834/19/1861 2846/19/1861 2847/19/1861
f 2858/22/557 2859/22/557 2863/22/557 2862/22/557 2861/22/557 2860/22/557
f 2858/19/557 2853/19/557 2852/19/557 2859/19/557
f 2860/19/557 2854/19/557 2853/19/557 2858/19/557
f 2861/19/557 2855/19/557 2854/19/557 2860/19/557
f 2862/19/557 2856/19/557 2855/19/557 2861/19/557
f 2863/19/557 2857/19/557 2856/19/557 2862/19/557
f 2859/19/557 2852/19/557 2857/19/557 2863/19/557
f 2852/19/1859 2864/19/1859 2869/19/1859 2857/19/1859
f 2856/19/1858 2868/19/1858 2867/19/1858 2855/19/1858
f 2854/19/555 2866/19/555 2865/19/555 2853/19/555
f 2857/19/554 2869/19/554 2868/19/554 2856/19/554
f 2855/19/1861 2867/19/1861 2866/19/1861 2854/19/1861
f 2853/19/1860 2865/19/1860 2864/19/1860 2852/19/1860
f 2870/19/1862 2876/19/1862 2881/19/1862 2875/19/1862
f 2871/19/1863 2877/19/1863 2876/19/1863 2870/19/1863
f 2872/19/1864 2878/19/1864 2877/19/1864 2871/19/1864
f 2873/19/1865 2879/19/1865 2878/19/1865 2872/19/1865
f 2874/19/1866 2880/19/1866 2879/19/1866 2873/19/1866
f 2875/19/1867 2881/19/1867 2880/19/1867 2874/19/1867
f 2876/19/1868 2882/19/1868 2887/19/1868 2881/19/1868
f 2877/19/1869 2883/19/1869 2882/19/1869 2876/19/1869
f 2878/19/1870 2884/19/1870 2883/19/1870 2877/19/1870
f 2879/19/1871 2885/19/1871 2884/19/1871 2878/19/1871
f 2880/19/1872 2886/19/1872 2885/19/1872 2879/19/1872
f 2881/19/1873 2887/19/1873 2886/19/1873 2880/19/1873
f 2882/19/1874 2888/19/1874 2893/19/1874 2887/19/1874
f 2883/19/1875 2889/19/1875 2888/19/1875 2882/19/1875
f 2884/19/1876 2890/19/1876 2889/19/1876 2883/19/1876
f 2885/19/1877 2891/19/1877 2890/19/1877 2884/19/1877
f 2886/19/1878 2892/19/1878 2891/19/1878 2885/19/1878
f 2887/19/1879 2893/19/1879 2892/19/1879 2886/19/1879
f 2888/19/1880 2894/19/1880 2899/19/1880 2893/19/1880
f 2889/19/1881 2895/19/1881 2894/19/1881 2888/19/1881
f 2890/19/1882 2896/19/1882 2895/19/1882 2889/19/1882
f 2891/19/1883 2897/19/1883 2896/19/1883 2890/19/1883
f 2892/19/1884 2898/19/1884 2897/19/1884 2891/19/1884
f 2893/19/1885 2899/19/1885 2898/19/1885 2892/19/1885
f 2894/19/1886 2900/19/1886 2905/19/1886 2899/19/1886
f 2895/19/1887 2901/19/1887 2900/19/1887 2894/19/1887
f 2896/19/1888 2902/19/1888 2901/19/1888 2895/19/1888
f 2897/19/1889 2903/19/1889 2902/19/1889 2896/19/1889
f 2898/19/1890 2904/19/1890 2903/19/1890 2897/19/1890
f 2899/19/1891 2905/19/1891 2904/19/1891 2898/19/1891
f 2900/19/1892 2906/19/1892 2911/19/1892 2905/19/1892
f 2901/19/1893 2907/19/1893 2906/19/1893 2900/19/1893
f 2902/19/1894 2908/19/1894 2907/19/1894 2901/19/1894
f 2903/19/1895 2909/19/1895 2908/19/1895 2902/19/1895
f 2904/19/1896 2910/19/1896 2909/19/1896 2903/19/1896
f 2905/19/1897 2911/19/1897 2910/19/1897 2904/19/1897
f 2906/19/1898 2912/19/1898 2917/19/1898 2911/19/1898
f 2907/19/1899 2913/19/1899 2912/19/1899 2906/19/1899
f 2908/19/1900 2914/19/1900 2913/19/1900 2907/19/1900
f 2909/19/1901 2915/19/1901 2914/19/1901 2908/19/1901
f 2910/19/1902 2916/19/1902 2915/19/1902 2909/19/1902
f 2911/19/1903 2917/19/1903 2916/19/1903 2910/19/1903
f 2912/19/1904 2918/19/1904 2923/19/1904 2917/19/1904
f 2913/19/1905 2919/19/1905 2918/19/1905 2912/19/1905
f 2914/19/1906 2920/19/1906 2919/19/1906 2913/19/1906
f 2915/19/1907 2921/19/1907 2920/19/1907 2914/19/1907
f 2916/19/1908 2922/19/1908 2921/19/1908 2915/19/1908
f 2917/19/1909 2923/19/1909 2922/19/1909 2916/19/1909
f 2918/19/1910 2924/19/1910 2929/19/1910 2923/19/1910
f 2919/19/1911 2925/19/1911 2924/19/1911 2918/19/1911
f 2920/19/1912 2926/19/1912 2925/19/1912 2919/19/1912
f 2921/19/1913 2927/19/1913 2926/19/1913 2920/19/1913
f 2922/19/1914 2928/19/1914 2927/19/1914 2921/19/1914
f 2923/19/1915 2929/19/1915 2928/19/1915 2922/19/1915
f 2924/19/1916 2930/19/1916 2935/19/1916 2929/19/1916
f 2925/19/1917 2931/19/1917 2930/19/1917 2924/19/1917
f 2926/19/1918 2932/19/1918 2931/19/1918 2925/19/1918
f 2927/19/1919 2933/19/1919 2932/19/1919 2926/19/1919
f 2928/19/1920 2934/19/1920 2933/19/1920 2927/19/1920
f 2929/19/1921 2935/19/1921 2934/19/1921 2928/19/1921
f 2930/19/1922 2936/19/1922 2941/19/1922 2935/19/1922
f 2931/19/1923 2937/19/1923 2936/19/1923 2930/19/1923
f 2932/19/1924 2938/19/1924 2937/19/1924 2931/19/1924
f 2933/19/1925 2939/19/1925 2938/19/1925 2932/19/1925
f 2934/19/1926 2940/19/1926 2939/19/1926 2933/19/1926
f 2935/19/1927 2941/19/1927 2940/19/1927 2934/19/1927
f 2948/19/1928 2953/19/1928 2959/19/1928 2954/19/1928
f 2949/19/1929 2948/19/1929 2954/19/1929 2955/19/1929
f 2950/19/1930 2949/19/1930 2955/19/1930 2956/19/1930
f 2951/19/1931 2950/19/1931 2956/19/1931 2957/19/1931
f 2952/19/1932 2951/19/1932 2957/19/1932 2958/19/1932
f 2953/19/1933 2952/19/1933 2958/19/1933 2959/19/1933
f 2954/19/1934 2959/19/1934 2965/19/1934 2960/19/1934
f 2955/19/1935 2954/19/1935 2960/19/1935 2961/19/1935
f 2956/19/1936 2955/19/1936 2961/19/1936 2962/19/1936
f 2957/19/1937 2956/19/1937 2962/19/1937 2963/19/1937
f 2958/19/1938 2957/19/1938 2963/19/1938 2964/19/1938
f 2959/19/1939 2958/19/1939 2964/19/1939 2965/19/1939
f 2960/19/1940 2965/19/1940 2971/19/1940 2966/19/1940
f 2961/19/1941 2960/19/1941 2966/19/1941 2967/19/1941
f 2962/19/1942 2961/19/1942 2967/19/1942 2968/19/1942
f 2963/19/1943 2962/19/1943 2968/19/1943 2969/19/1943
f 2964/19/1944 2963/19/1944 2969/19/1944 2970/19/1944
f 2965/19/1945 2964/19/1945 2970/19/1945 2971/19/1945
f 2966/19/1946 2971/19/1946 2977/19/1946 2972/19/1946
f 2967/19/1947 2966/19/1947 2972/19/1947 2973/19/1947
f 2968/19/1948 2967/19/1948 2973/19/1948 2974/19/1948
f 2969/19/1949 2968/19/1949 2974/19/1949 2975/19/1949
f 2970/19/1950 2969/19/1950 2975/19/1950 2976/19/1950
f 2971/19/1951 2970/19/1951 2976/19/1951 2977/19/1951
f 2972/19/1952 2977/19/1952 2983/19/1952 2978/19/1952
f 2973/19/1953 2972/19/1953 2978/19/1953 2979/19/1953
f 2974/19/1954 2973/19/1954 2979/19/1954 2980/19/1954
f 2975/19/1955 2974/19/1955 2980/19/1955 2981/19/1955
f 2976/19/1956 2975/19/1956 2981/19/1956 2982/19/1956
f 2977/19/1957 2976/19/1957 2982/19/1957 2983/19/1957
f 2978/19/1958 2983/19/1958 2989/19/1958 2984/19/1958
f 2979/19/1959 2978/19/1959 2984/19/1959 2985/19/1959
f 2980/19/1960 2979/19/1960 2985/19/1960 2986/19/1960
f 2981/19/1961 2980/19/1961 2986/19/1961 2987/19/1961
f 2982/19/1962 2981/19/1962 2987/19/1962 2988/19/1962
f 2983/19/1963 2982/19/1963 2988/19/1963 2989/19/1963
f 2984/19/1964 2989/19/1964 2995/19/1964 2990/19/1964
f 2985/19/1965 2984/19/1965 2990/19/1965 2991/19/1965
f 2986/19/1966 2985/19/1966 2991/19/1966 2992/19/1966
f 2987/19/1967 2986/19/1967 2992/19/1967 2993/19/1967
f 2988/19/1968 2987/19/1968 2993/19/1968 2994/19/1968
f 2989/19/1969 2988/19/1969 2994/19/1969 2995/19/1969
f 2990/19/1970 2995/19/1970 3001/19/1970 2996/19/1970
f 2991/19/1971 2990/19/1971 2996/19/1971 2997/19/1971
f 2992/19/1972 2991/19/1972 2997/19/1972 2998/19/1972
f 2993/19/1973 2992/19/1973 2998/19/1973 2999/19/1973
f 2994/19/1974 2993/19/1974 2999/19/1974 3000/19/1974
f 2995/19/1975 2994/19/1975 3000/19/1975 3001/19/1975
f 2996/19/1976 3001/19/1976 3007/19/1976 3002/19/1976
f 2997/19/1977 2996/19/1977 3002/19/1977 3003/19/1977
f 2998/19/1978 2997/19/1978 3003/19/1978 3004/19/1978
f 2999/19/1979 2998/19/1979 3004/19/1979 3005/19/1979
f 3000/19/1980 2999/19/1980 3005/19/1980 3006/19/1980
f 3001/19/1981 3000/19/1981 3006/19/1981 3007/19/1981
f 3002/19/1982 3007/19/1982 3013/19/1982 3008/19/1982
f 3003/19/1983 3002/19/1983 3008/19/1983 3009/19/1983
f 3004/19/1984 3003/19/1984 3009/19/1984 3010/19/1984
f 3005/19/1985 3004/19/1985 3010/19/1985 3011/19/1985
f 3006/19/1986 3005/19/1986 3011/19/1986 3012/19/1986
f 3007/19/1987 3006/19/1987 3012/19/1987 3013/19/1987
f 3008/19/1988 3013/19/1988 3019/19/1988 3014/19/1988
f 3009/19/1989 3008/19/1989 3014/19/1989 3015/19/1989
f 3010/19/1990 3009/19/1990 3015/19/1990 3016/19/1990
f 3011/19/1991 3010/19/1991 3016/19/1991 3017/19/1991
f 3012/19/1992 3011/19/1992 3017/19/1992 3018/19/1992
f 3013/19/1993 3012/19/1993 3018/19/1993 3019/19/1993
f 3029/1/1245 3027/1/1245 3040/1/1245 3041/1/1245
f 3030/1/1994 3031/1/1994 3033/1/1994 3032/1/1994
f 3037/1/1995 3034/1/1995 3032/1/1995 3033/1/1995
f 3035/1/1996 3036/1/1996 3031/1/1996 3030/1/1996
f 3036/1/1997 3037/1/1997 3033/1/1997 3031/1/1997
f 3034/1/1998 3035/1/1998 3030/1/1998 3032/1/1998
f 3028/1/1999 3026/1/1999 3035/1/1999 3034/1/1999
f 3026/1/1999 3027/1/2000 3036/1/2000 3035/1/1999
f 3027/1/2000 3029/1/2000 3037/1/2000 3036/1/2000
f 3029/1/2000 3028/1/1999 3034/1/1999 3037/1/2000
f 3041/1/2001 3040/1/2001 3044/1/2001 3045/1/2001
f 3026/1/1245 3028/1/1245 3038/1/1245 3039/1/1245
f 3028/1/1245 3029/1/1245 3041/1/1245 3038/1/1245
f 3027/1/1245 3026/1/1245 3039/1/1245 3040/1/1245
f 3043/23/2000 3042/23/2000 3045/23/2000 3044/23/2000
f 3039/1/2002 3038/1/2002 3042/1/2002 3043/1/2002
f 3038/1/370 3041/1/370 3045/1/370 3042/1/370
f 3040/1/1245 3039/1/1245 3043/1/593 3044/1/593
f 3061/24/2003 3065/25/2003 3051/26/2003 3046/27/2003
f 3047/28/2004 3049/29/2004 3055/29/2004 3052/28/2004
f 3053/28/2005 3056/27/2005 3057/30/2005 3054/25/2005
f 3048/24/2006 3050/30/2006 3062/30/2006 3058/27/2006
f 3059/31/2007 3063/26/2007 3064/25/2007 3060/30/2007
f 3066/30/2008 3068/28/2008 3069/32/2008 3067/33/2008
f 3085/24/2009 3070/27/2009 3075/26/2009 3089/25/2009
f 3071/28/2010 3076/28/2010 3079/29/2010 3073/29/2010
f 3077/28/2011 3078/25/2011 3081/30/2011 3080/27/2011
f 3072/24/2012 3082/27/2012 3086/30/2012 3074/30/2012
f 3083/31/2013 3084/30/2013 3088/25/2013 3087/26/2013
f 3090/30/2014 3091/33/2014 3093/32/2014 3092/28/2014
f 3097/19/557 3095/19/557 3115/19/557 3116/19/557
f 3100/19/2015 3098/19/2015 3099/19/2015 3101/19/2015
f 3094/19/2016 3100/19/2016 3101/19/2016 3096/19/2016
f 3112/19/554 3104/19/554 3119/19/554 3118/19/554
f 3108/19/2017 3109/19/2017 3106/19/2017 3107/19/2017
f 3103/19/2018 3102/19/2018 3109/19/2018 3108/19/2018
f 3110/19/554 3095/19/554 3104/19/554 3112/19/554
f 3096/19/555 3101/19/555 3109/19/555 3102/19/555
f 3101/19/2019 3099/19/2019 3106/19/2019 3109/19/2019
f 3099/19/2020 3098/19/2020 3107/19/2020 3106/19/2020
f 3095/19/2021 3097/19/2021 3105/19/2021 3104/19/2021
f 3098/19/2022 3100/19/2022 3108/19/2022 3107/19/2022
f 3100/19/554 3094/19/554 3103/19/554 3108/19/554
f 3111/19/555 3096/19/555 3102/19/555 3113/19/555
f 3097/19/555 3111/19/555 3113/19/555 3105/19/555
f 3094/19/554 3110/19/554 3112/19/554 3103/19/554
f 3103/19/593 3112/19/593 3113/19/593 3102/19/593
f 3094/19/370 3096/19/370 3111/19/370 3110/19/370
f 3114/19/370 3117/19/370 3116/19/370 3115/19/370
f 3110/19/551 3111/19/551 3117/19/551 3114/19/551
f 3111/19/555 3097/19/555 3116/19/555 3117/19/555
f 3095/19/554 3110/19/554 3114/19/554 3115/19/554
f 3118/19/593 3119/19/593 3120/19/593 3121/19/593
f 3105/19/555 3113/19/555 3121/19/555 3120/19/555
f 3104/19/557 3105/19/557 3120/19/557 3119/19/557
f 3113/19/551 3112/19/551 3118/19/551 3121/19/551
f 3125/19/557 3144/19/557 3143/19/557 3123/19/557
f 3128/19/2023 3129/19/2023 3127/19/2023 3126/19/2023
f 3122/19/2024 3124/19/2024 3129/19/2024 3128/19/2024
f 3140/19/554 3146/19/554 3147/19/554 3132/19/554
f 3136/19/2025 3135/19/2025 3134/19/2025 3137/19/2025
f 3131/19/2026 3136/19/2026 3137/19/2026 3130/19/2026
f 3138/19/554 3140/19/554 3132/19/554 3123/19/554
f 3124/19/555 3130/19/555 3137/19/555 3129/19/555
f 3129/19/2027 3137/19/2027 3134/19/2027 3127/19/2027
f 3127/19/2028 3134/19/2028 3135/19/2028 3126/19/2028
f 3123/19/2029 3132/19/2029 3133/19/2029 3125/19/2029
f 3126/19/2030 3135/19/2030 3136/19/2030 3128/19/2030
f 3128/19/554 3136/19/554 3131/19/554 3122/19/554
f 3139/19/555 3141/19/555 3130/19/555 3124/19/555
f 3125/19/555 3133/19/555 3141/19/555 3139/19/555
f 3122/19/554 3131/19/554 3140/19/554 3138/19/554
f 3131/19/370 3130/19/370 3141/19/370 3140/19/370
f 3122/19/593 3138/19/593 3139/19/593 3124/19/593
f 3142/19/593 3143/19/593 3144/19/593 3145/19/593
f 3138/19/551 3142/19/551 3145/19/551 3139/19/551
f 3139/19/555 3145/19/555 3144/19/555 3125/19/555
f 3123/19/554 3143/19/554 3142/19/554 3138/19/554
f 3146/19/370 3149/19/370 3148/19/370 3147/19/370
f 3133/19/555 3148/19/555 3149/19/555 3141/19/555
f 3132/19/557 3147/19/557 3148/19/557 3133/19/557
f 3141/19/551 3149/19/551 3146/19/551 3140/19/551
f 3154/19/551 3155/19/551 3161/19/551 3160/19/551
f 3152/19/553 3153/19/553 3159/19/553 3158/19/553
f 3150/19/552 3151/19/552 3157/19/552 3156/19/552
f 3155/19/550 3150/19/550 3156/19/550 3161/19/550
f 3153/19/556 3154/19/556 3160/19/556 3159/19/556
f 3151/19/557 3152/19/557 3158/19/557 3157/19/557
f 3161/19/555 3156/19/555 3162/19/555 3167/19/555
f 3159/19/555 3160/19/555 3166/19/555 3165/19/555
f 3157/19/555 3158/19/555 3164/19/555 3163/19/555
f 3160/19/555 3161/19/555 3167/19/555 3166/19/555
f 3158/19/555 3159/19/555 3165/19/555 3164/19/555
f 3156/19/555 3157/19/555 3163/19/555 3162/19/555
f 3166/19/1245 3167/19/1245 3173/19/1245 3172/19/1245
f 3164/19/1245 3165/19/593 3171/19/593 3170/19/1245
f 3162/19/593 3163/19/1245 3169/19/1245 3168/19/593
f 3167/19/1245 3162/19/593 3168/19/593 3173/19/1245
f 3165/19/593 3166/19/1245 3172/19/1245 3171/19/593
f 3163/19/1245 3164/19/1245 3170/19/1245 3169/19/1245
f 3173/19/550 3168/19/550 3174/19/550 3179/19/550
f 3171/19/556 3172/19/556 3178/19/556 3177/19/556
f 3169/19/557 3170/19/557 3176/19/557 3175/19/557
f 3172/19/551 3173/19/551 3179/19/551 3178/19/551
f 3170/19/553 3171/19/553 3177/19/553 3176/19/553
f 3168/19/552 3169/19/552 3175/19/552 3174/19/552
f 3178/19/555 3179/19/555 3185/19/555 3184/19/555
f 3176/19/555 3177/19/555 3183/19/555 3182/19/555
f 3174/19/555 3175/19/555 3181/19/555 3180/19/555
f 3179/19/555 3174/19/555 3180/19/555 3185/19/555
f 3177/19/555 3178/19/555 3184/19/555 3183/19/555
f 3175/19/555 3176/19/555 3182/19/555 3181/19/555
f 3185/19/550 3180/19/550 3186/19/550 3191/19/550
f 3183/19/556 3184/19/556 3190/19/556 3189/19/556
f 3181/19/557 3182/19/557 3188/19/557 3187/19/557
f 3184/19/551 3185/19/551 3191/19/551 3190/19/551
f 3182/19/553 3183/19/553 3189/19/553 3188/19/553
f 3180/19/552 3181/19/552 3187/19/552 3186/19/552
f 3187/19/555 3188/19/555 3189/19/555 3190/19/555 3191/19/555 3186/19/555
f 3192/19/2031 3198/19/2031 3203/19/2031 3197/19/2031
f 3193/19/555 3199/19/2032 3198/19/2032 3192/19/555
f 3194/19/2033 3200/19/2033 3199/19/2033 3193/19/2033
f 3195/19/2034 3201/19/2034 3200/19/2034 3194/19/2034
f 3196/19/554 3202/19/2035 3201/19/2035 3195/19/554
f 3197/19/2036 3203/19/2036 3202/19/2036 3196/19/2036
f 3198/19/2037 3204/19/2037 3209/19/2037 3203/19/2037
f 3199/19/2032 3205/19/2038 3204/19/2038 3198/19/2032
f 3200/19/2039 3206/19/2039 3205/19/2039 3199/19/2039
f 3201/19/2040 3207/19/2040 3206/19/2040 3200/19/2040
f 3202/19/2035 3208/19/2041 3207/19/2041 3201/19/2035
f 3203/19/2042 3209/19/2042 3208/19/2042 3202/19/2042
f 3204/19/2043 3210/19/2043 3215/19/2043 3209/19/2043
f 3205/19/2038 3211/19/2044 3210/19/2044 3204/19/2038
f 3206/19/2045 3212/19/2045 3211/19/2045 3205/19/2045
f 3207/19/2046 3213/19/2046 3212/19/2046 3206/19/2046
f 3208/19/2041 3214/19/2047 3213/19/2047 3207/19/2041
f 3209/19/2048 3215/19/2048 3214/19/2048 3208/19/2048
f 3210/19/2049 3216/19/2049 3221/19/2049 3215/19/2049
f 3211/19/2050 3217/19/2050 3216/19/2050 3210/19/2050
f 3212/19/2051 3218/19/2051 3217/19/2051 3211/19/2051
f 3213/19/2052 3219/19/2052 3218/19/2052 3212/19/2052
f 3214/19/2053 3220/19/2053 3219/19/2053 3213/19/2053
f 3215/19/2054 3221/19/2054 3220/19/2054 3214/19/2054
f 3216/19/2055 3222/19/2055 3227/19/2055 3221/19/2055
f 3217/19/2056 3223/19/2056 3222/19/2056 3216/19/2056
f 3218/19/2057 3224/19/2057 3223/19/2057 3217/19/2057
f 3219/19/2058 3225/19/2058 3224/19/2058 3218/19/2058
f 3220/19/2059 3226/19/2059 3225/19/2059 3219/19/2059
f 3221/19/2060 3227/19/2060 3226/19/2060 3220/19/2060
f 3222/19/2061 3228/19/2061 3233/19/2061 3227/19/2061
f 3223/19/2062 3229/19/2062 3228/19/2062 3222/19/2062
f 3224/19/2063 3230/19/2063 3229/19/2063 3223/19/2063
f 3225/19/2064 3231/19/2064 3230/19/2064 3224/19/2064
f 3226/19/2065 3232/19/2065 3231/19/2065 3225/19/2065
f 3227/19/2066 3233/19/2066 3232/19/2066 3226/19/2066
f 3228/19/2067 3234/19/2067 3239/19/2067 3233/19/2067
f 3229/19/2068 3235/19/2068 3234/19/2068 3228/19/2068
f 3230/19/2069 3236/19/2069 3235/19/2069 3229/19/2069
f 3231/19/2070 3237/19/2070 3236/19/2070 3230/19/2070
f 3232/19/2071 3238/19/2071 3237/19/2071 3231/19/2071
f 3233/19/2072 3239/19/2072 3238/19/2072 3232/19/2072
f 3234/19/2073 3240/19/2073 3245/19/2073 3239/19/2073
f 3235/19/2074 3241/19/2074 3240/19/2074 3234/19/2074
f 3236/19/2075 3242/19/2075 3241/19/2075 3235/19/2075
f 3237/19/2076 3243/19/2076 3242/19/2076 3236/19/2076
f 3238/19/2077 3244/19/2077 3243/19/2077 3237/19/2077
f 3239/19/2078 3245/19/2078 3244/19/2078 3238/19/2078
f 3192/19/2079 3247/19/2079 3253/19/2079 3248/19/2079
f 3193/19/555 3192/19/555 3248/19/2080 3249/19/2080
f 3246/19/2081 3193/19/2081 3249/19/2081 3250/19/2081
f 3195/19/2082 3246/19/2082 3250/19/2082 3251/19/2082
f 3196/19/554 3195/19/554 3251/19/2083 3252/19/2083
f 3247/19/2084 3196/19/2084 3252/19/2084 3253/19/2084
f 3248/19/2085 3253/19/2085 3259/19/2085 3254/19/2085
f 3249/19/2080 3248/19/2080 3254/19/2086 3255/19/2086
f 3250/19/2087 3249/19/2087 3255/19/2087 3256/19/2087
f 3251/19/2088 3250/19/2088 3256/19/2088 3257/19/2088
f 3252/19/2083 3251/19/2083 3257/19/2089 3258/19/2089
f 3253/19/2090 3252/19/2090 3258/19/2090 3259/19/2090
f 3254/19/2091 3259/19/2091 3265/19/2091 3260/19/2091
f 3255/19/2086 3254/19/2086 3260/19/2092 3261/19/2092
f 3256/19/2093 3255/19/2093 3261/19/2093 3262/19/2093
f 3257/19/2094 3256/19/2094 3262/19/2094 3263/19/2094
f 3258/19/2089 3257/19/2089 3263/19/2095 3264/19/2095
f 3259/19/2096 3258/19/2096 3264/19/2096 3265/19/2096
f 3260/19/2097 3265/19/2097 3271/19/2097 3266/19/2097
f 3261/19/2098 3260/19/2098 3266/19/2098 3267/19/2098
f 3262/19/2099 3261/19/2099 3267/19/2099 3268/19/2099
f 3263/19/2100 3262/19/2100 3268/19/2100 3269/19/2100
f 3264/19/2101 3263/19/2101 3269/19/2101 3270/19/2101
f 3265/19/2102 3264/19/2102 3270/19/2102 3271/19/2102
f 3266/19/2103 3271/19/2103 3277/19/2103 3272/19/2103
f 3267/19/2104 3266/19/2104 3272/19/2104 3273/19/2104
f 3268/19/2105 3267/19/2105 3273/19/2105 3274/19/2105
f 3269/19/2106 3268/19/2106 3274/19/2106 3275/19/2106
f 3270/19/2107 3269/19/2107 3275/19/2107 3276/19/2107
f 3271/19/2108 3270/19/2108 3276/19/2108 3277/19/2108
f 3272/19/2109 3277/19/2109 3283/19/2109 3278/19/2109
f 3273/19/2110 3272/19/2110 3278/19/2110 3279/19/2110
f 3274/19/2111 3273/19/2111 3279/19/2111 3280/19/2111
f 3275/19/2112 3274/19/2112 3280/19/2112 3281/19/2112
f 3276/19/2113 3275/19/2113 3281/19/2113 3282/19/2113
f 3277/19/2114 3276/19/2114 3282/19/2114 3283/19/2114
f 3278/19/2115 3283/19/2115 3289/19/2115 3284/19/2115
f 3279/19/2116 3278/19/2116 3284/19/2116 3285/19/2116
f 3280/19/2117 3279/19/2117 3285/19/2117 3286/19/2117
f 3281/19/2118 3280/19/2118 3286/19/2118 3287/19/2118
f 3282/19/2119 3281/19/2119 3287/19/2119 3288/19/2119
f 3283/19/2120 3282/19/2120 3288/19/2120 3289/19/2120
f 3284/19/2121 3289/19/2121 3295/19/2121 3290/19/2121
f 3285/19/2122 3284/19/2122 3290/19/2122 3291/19/2122
f 3286/19/2123 3285/19/2123 3291/19/2123 3292/19/2123
f 3287/19/2124 3286/19/2124 3292/19/2124 3293/19/2124
f 3288/19/2125 3287/19/2125 3293/19/2125 3294/19/2125
f 3289/19/2126 3288/19/2126 3294/19/2126 3295/19/2126
f 3297/20/557 3298/20/557 3296/20/557 3300/20/557 3301/20/557 3299/20/557 3306/20/557 3307/20/557 3305/20/557 3302/20/557 3304/20/557 3303/20/557
f 3319/19/1151 3343/19/1151 3341/19/1151 3317/19/1151
f 3300/20/1148 3324/20/1148 3325/20/1148 3301/20/1148
f 3304/20/1145 3331/20/1145 3320/20/1145 3303/20/1145
f 3297/20/1149 3321/20/1149 3322/20/1149 3298/20/1149
f 3307/20/1151 3328/20/1151 3329/20/1151 3305/20/1151
f 3301/20/1152 3325/20/1152 3326/20/1152 3299/20/1152
f 3298/20/1153 3322/20/1153 3323/20/1153 3296/20/1153
f 3305/20/370 3329/20/370 3330/20/370 3302/20/370
f 3299/20/554 3326/20/554 3327/20/554 3306/20/554
f 3296/20/593 3323/20/593 3324/20/593 3300/20/593
f 3302/20/1150 3330/20/1150 3331/20/1150 3304/20/1150
f 3303/20/555 3320/20/555 3321/20/555 3297/20/555
f 3306/20/1147 3327/20/1147 3328/20/1147 3307/20/1147
f 3309/20/551 3321/20/551 3320/20/551 3315/20/551
f 3310/20/551 3322/20/551 3321/20/551 3309/20/551
f 3308/20/551 3323/20/551 3322/20/551 3310/20/551
f 3312/20/551 3324/20/551 3323/20/551 3308/20/551
f 3313/20/551 3325/20/551 3324/20/551 3312/20/551
f 3311/20/551 3326/20/551 3325/20/551 3313/20/551
f 3318/20/551 3327/20/551 3326/20/551 3311/20/551
f 3319/20/551 3328/20/551 3327/20/551 3318/20/551
f 3317/20/551 3329/20/551 3328/20/551 3319/20/551
f 3314/20/551 3330/20/551 3329/20/551 3317/20/551
f 3316/20/551 3331/20/551 3330/20/551 3314/20/551
f 3315/20/551 3320/20/551 3331/20/551 3316/20/551
f 3333/19/551 3339/19/551 3340/19/551 3338/19/551 3341/19/551 3343/19/551 3342/19/551 3335/19/551 3337/19/551 3336/19/551 3332/19/551 3334/19/551
f 3313/19/1152 3337/19/1152 3335/19/1152 3311/19/1152
f 3310/19/1153 3334/19/1153 3332/19/1153 3308/19/1153
f 3317/19/370 3341/19/370 3338/19/370 3314/19/370
f 3311/19/554 3335/19/554 3342/19/554 3318/19/554
f 3308/19/593 3332/19/593 3336/19/593 3312/19/593
f 3314/19/1150 3338/19/1150 3340/19/1150 3316/19/1150
f 3315/19/555 3339/19/555 3333/19/555 3309/19/555
f 3318/19/1147 3342/19/1147 3343/19/1147 3319/19/1147
f 3312/19/1148 3336/19/1148 3337/19/1148 3313/19/1148
f 3316/19/1145 3340/19/1145 3339/19/1145 3315/19/1145
f 3309/19/1149 3333/19/1149 3334/19/1149 3310/19/1149
f 3345/34/557 3346/34/557 3347/34/557 3348/34/557 3349/34/557 3344/34/557
f 3350/34/551 3351/34/551 3355/34/551 3354/34/551 3353/34/551 3352/34/551
f 3347/34/2127 3353/34/2127 3354/34/2127 3348/34/2127
f 3345/34/2128 3350/34/2128 3352/34/2128 3346/34/2128
f 3348/34/2129 3354/34/2129 3355/34/2129 3349/34/2129
f 3346/34/2130 3352/34/2130 3353/34/2130 3347/34/2130
f 3344/34/2131 3351/34/2131 3350/34/2131 3345/34/2131
f 3349/34/2132 3355/34/2132 3351/34/2132 3344/34/2132
f 3357/19/557 3356/19/557 3361/19/557 3360/19/557 3359/19/557 3358/19/557
f 3362/34/551 3364/34/551 3365/34/551 3366/34/551 3367/34/551 3363/34/551
f 3359/34/2132 3360/34/2132 3366/34/2132 3365/34/2132
f 3357/34/2128 3358/34/2128 3364/34/2128 3362/34/2128
f 3360/34/2129 3361/34/2129 3367/34/2129 3366/34/2129
f 3358/34/2131 3359/34/2131 3365/34/2131 3364/34/2131
f 3356/34/2130 3357/34/2130 3362/34/2130 3363/34/2130
f 3361/34/2127 3356/34/2127 3363/34/2127 3367/34/2127
f 1790/2/593 1787/2/593 1794/2/593
f 1792/2/370 1788/2/370 1796/2/370
f 1789/2/370 1791/2/370 1795/2/370
f 1786/2/593 1793/2/593 1797/2/593
f 1797/2/555 1794/2/555 1795/2/555 1796/2/555
usemtl blackGlass.007
f 380/9/465 381/10/466 1206/11/467 1198/12/468
f 372/13/469 380/9/465 1198/12/468 1199/14/470
f 366/13/471 367/13/472 380/9/465 372/13/469
f 367/13/472 1194/13/473 381/10/466 380/9/465
f 383/2/474 384/2/475 1209/2/476 370/2/477
f 384/2/475 374/2/478 1204/2/479 1209/2/476
f 370/2/477 1190/2/480 376/2/481 383/2/474
f 365/2/482 373/2/483 374/2/478 384/2/475
f 1195/2/484 365/2/482 384/2/475 383/2/474
f 376/2/481 377/2/485 1195/2/484 383/2/474
f 387/2/495 1210/2/496 1218/2/497 389/2/498
f 1210/2/496 1211/2/499 1215/2/499 1218/2/497
f 392/2/500 387/2/495 389/2/498 390/2/500
f 830/9/971 1601/12/972 1609/11/973 831/10/974
f 822/13/975 1602/14/976 1601/12/972 830/9/971
f 816/13/977 822/13/975 830/9/971 817/13/978
f 817/13/978 830/9/971 831/10/974 1597/13/979
f 833/2/980 820/2/981 1612/2/982 834/2/983
f 834/2/983 1612/2/982 1607/2/984 824/2/985
f 820/2/981 833/2/980 826/2/986 1593/2/987
f 815/2/988 834/2/983 824/2/985 823/2/989
f 1598/2/990 833/2/980 834/2/983 815/2/988
f 826/2/986 833/2/980 1598/2/990 827/2/991
f 837/2/1001 839/2/1002 1620/2/1003 1613/2/1004
f 1613/2/1004 1620/2/1003 1618/2/1005 1614/2/1005
f 392/2/500 390/2/500 839/2/1002 837/2/1001
usemtl gradientEmmisive.007
f 330/2/98 337/2/227 181/2/228 112/2/93
f 112/2/93 181/2/228 180/2/229 1015/2/230
f 357/2/142 360/2/231 183/2/232 144/2/143
f 1177/8/356 241/8/357 319/8/358 320/8/359
f 315/8/407 313/8/408 321/8/409 323/8/410
f 240/8/411 239/8/412 317/8/413 318/8/414
f 238/8/415 237/8/416 315/8/407 316/8/417
f 1170/8/418 1171/8/419 314/8/420 313/8/408
f 1171/8/419 1177/8/356 320/8/359 314/8/420
f 241/8/357 240/8/411 318/8/414 319/8/358
f 239/8/412 238/8/415 316/8/417 317/8/413
f 237/8/416 1170/8/418 313/8/408 315/8/407
f 321/8/409 322/8/421 328/8/422 327/8/423 326/8/424 325/8/425 324/8/426 323/8/410
f 320/8/359 319/8/358 327/8/423 328/8/422
f 318/8/414 317/8/413 325/8/425 326/8/424
f 316/8/417 315/8/407 323/8/410 324/8/426
f 313/8/408 314/8/420 322/8/421 321/8/409
f 314/8/420 320/8/359 328/8/422 322/8/421
f 319/8/358 318/8/414 326/8/424 327/8/423
f 317/8/413 316/8/417 324/8/426 325/8/425
f 114/2/97 182/2/430 337/2/227 330/2/98
f 361/2/433 362/2/434 159/2/435 268/2/436
f 361/2/433 363/2/437 181/2/228 337/2/227
f 360/2/231 363/2/437 157/2/438 183/2/232
f 180/2/229 181/2/228 363/2/437 360/2/231
f 268/2/436 157/2/438 363/2/437 361/2/433
f 337/2/227 182/2/430 362/2/434 361/2/433
f 1015/2/230 180/2/229 360/2/231 357/2/142
f 1335/1/574 1349/1/574 505/1/574 497/1/574
f 497/1/575 505/1/575 512/1/575 504/1/575
f 503/1/576 1354/1/576 510/1/576 1343/1/576
f 501/1/577 509/1/577 1352/1/577 1340/1/577
f 1338/1/578 1346/1/578 1350/1/578 498/1/578
f 1345/1/579 1353/1/579 511/1/579 1344/1/579
f 502/1/580 1355/1/580 509/1/580 501/1/580
f 500/1/581 1351/1/581 1347/1/581 499/1/581
f 1353/1/582 1368/1/582 1367/1/582 511/1/582
f 1355/1/583 1364/1/583 1363/1/583 509/1/583
f 508/1/584 1361/1/584 1360/1/584 1348/1/584
f 1349/1/585 1356/1/585 1358/1/585 505/1/585
f 505/1/586 1358/1/586 1369/1/586 512/1/586
f 1354/1/587 1366/1/587 1365/1/587 510/1/587
f 509/1/588 1363/1/588 1362/1/588 1352/1/588
f 507/1/589 1359/1/589 1357/1/589 506/1/589
f 514/1/590 515/1/590 516/1/590 517/1/590 518/1/590 519/1/590 520/1/590 513/1/590
f 781/2/685 585/2/682 637/2/802 788/2/803
f 585/2/682 1426/2/804 636/2/805 637/2/802
f 808/2/721 609/2/723 638/2/806 811/2/807
f 1581/8/418 771/8/408 770/8/407 693/8/416
f 766/8/358 774/8/423 772/8/422 764/8/359
f 692/8/415 769/8/417 768/8/413 691/8/412
f 690/8/411 767/8/414 766/8/358 689/8/357
f 1574/8/356 764/8/359 765/8/420 1575/8/419
f 1575/8/419 765/8/420 771/8/408 1581/8/418
f 693/8/416 770/8/407 769/8/417 692/8/415
f 691/8/412 768/8/413 767/8/414 690/8/411
f 689/8/357 766/8/358 764/8/359 1574/8/356
f 772/8/422 774/8/423 775/8/424 776/8/425 777/8/426 778/8/410 779/8/409 773/8/421
f 771/8/408 779/8/409 778/8/410 770/8/407
f 769/8/417 777/8/426 776/8/425 768/8/413
f 767/8/414 775/8/424 774/8/423 766/8/358
f 764/8/359 772/8/422 773/8/421 765/8/420
f 765/8/420 773/8/421 779/8/409 771/8/408
f 770/8/407 778/8/410 777/8/426 769/8/417
f 768/8/413 776/8/425 775/8/424 767/8/414
f 114/2/97 781/2/685 788/2/803 182/2/430
f 812/2/941 720/2/942 159/2/435 362/2/434
f 812/2/941 788/2/803 637/2/802 813/2/943
f 811/2/807 638/2/806 620/2/944 813/2/943
f 636/2/805 811/2/807 813/2/943 637/2/802
f 720/2/942 812/2/941 813/2/943 620/2/944
f 788/2/803 812/2/941 362/2/434 182/2/430
f 1426/2/804 808/2/721 811/2/807 636/2/805
f 1733/1/1050 940/1/1050 948/1/1050 1747/1/1050
f 940/1/1051 947/1/1051 955/1/1051 948/1/1051
f 946/1/1052 1741/1/1052 953/1/1052 1752/1/1052
f 944/1/1053 1738/1/1053 1750/1/1053 952/1/1053
f 1736/1/1054 941/1/1054 1748/1/1054 1744/1/1054
f 1743/1/1055 1742/1/1055 954/1/1055 1751/1/1055
f 945/1/1056 944/1/1056 952/1/1056 1753/1/1056
f 943/1/1057 942/1/1057 1745/1/1057 1749/1/1057
f 1751/1/587 954/1/587 1765/1/587 1766/1/587
f 1753/1/586 952/1/586 1761/1/586 1762/1/586
f 951/1/589 1746/1/589 1758/1/589 1759/1/589
f 1747/1/588 948/1/588 1756/1/588 1754/1/588
f 948/1/583 955/1/583 1767/1/583 1756/1/583
f 1752/1/582 953/1/582 1763/1/582 1764/1/582
f 952/1/585 1750/1/585 1760/1/585 1761/1/585
f 950/1/584 949/1/584 1755/1/584 1757/1/584
f 957/1/590 956/1/590 963/1/590 962/1/590 961/1/590 960/1/590 959/1/590 958/1/590
f 2122/21/1292 2119/21/1292 2118/21/1292 2125/21/1292
f 2123/21/1296 2125/21/1296 2118/21/1296 2117/21/1296
f 2122/21/1297 2121/21/1297 2114/21/1297 2119/21/1297
f 2108/21/1298 2112/21/1298 2113/21/1298 2110/21/1298 2111/21/1298 2109/21/1298
f 2110/21/1302 2113/21/1302 2125/21/1302 2123/21/1302
f 2112/21/1303 2108/21/1303 2121/21/1303 2122/21/1303
f 2113/21/1304 2112/21/1304 2122/21/1304 2125/21/1304
f 2118/21/1305 2119/21/1305 2114/21/1305 2117/21/1305
f 2140/21/1307 2143/21/1307 2136/21/1307 2137/21/1307
f 2141/21/1310 2135/21/1310 2136/21/1310 2143/21/1310
f 2140/21/1311 2137/21/1311 2132/21/1311 2139/21/1311
f 2126/21/1312 2127/21/1312 2129/21/1312 2128/21/1312 2131/21/1312 2130/21/1312
f 2128/21/1315 2141/21/1315 2143/21/1315 2131/21/1315
f 2130/21/1316 2140/21/1316 2139/21/1316 2126/21/1316
f 2131/21/1317 2143/21/1317 2140/21/1317 2130/21/1317
f 2136/21/1318 2135/21/1318 2132/21/1318 2137/21/1318
